nohup: ignoring input
2026-07-22 15:13:59,707 - INFO - [main.<module>] - Logging initialized.
2026-07-22 15:13:59,707 - INFO - [main.main] - Initializing climate analysis tool...
2026-07-22 15:13:59,707 - INFO - [main.run_full_analysis] - =====================================================
2026-07-22 15:13:59,707 - INFO - [main.run_full_analysis] - === STARTING FULL CLIMATE ANALYSIS WORKFLOW ===
2026-07-22 15:13:59,707 - INFO - [main.run_full_analysis] - =====================================================

2026-07-22 15:13:59,708 - INFO - [main.run_full_analysis] - 
--- Processing Reanalysis Datasets ---
2026-07-22 15:13:59,708 - INFO - [main.process_20crv3_data] - Loading and processing 20CRv3 climate data...
2026-07-22 15:13:59,708 - INFO - [data_processing.process_ncfile] - Processing 20CRv3 data from /nas/home/vlw/Desktop/STREAM/STREAM/prate.mon.mean.nc...
2026-07-22 15:14:00,281 - INFO - [data_processing.process_ncfile] - Converting 20CRv3 precipitation from 'kg/m^2/s' to 'mm/day' for prate.mon.mean.nc.
2026-07-22 15:14:00,285 - INFO - [data_processing.process_ncfile] - Processing 20CRv3 data from /nas/home/vlw/Desktop/STREAM/STREAM/air.2m.mon.mean.nc...
2026-07-22 15:14:00,329 - INFO - [data_processing.process_ncfile] - Processing 20CRv3 data from /nas/home/vlw/Desktop/STREAM/STREAM/uwnd.mon.mean.nc...
2026-07-22 15:14:03,772 - INFO - [main.process_era5_data] - All plots depending on ERA5 already exist. Skipping loading and processing of heavy ERA5 daily files to save memory and time.
2026-07-22 15:14:03,773 - INFO - [main.run_full_analysis] - 
--- Calculating SPEI for Reanalysis Datasets ---
2026-07-22 15:14:03,773 - INFO - [main.run_full_analysis] -   All plots depending on Reanalysis SPEI already exist. Skipping SPEI calculation to save time.
2026-07-22 15:14:03,773 - INFO - [main.load_historical_qobs_from_csv] - Loading DAILY historical QOBS discharge data from CSV...
2026-07-22 15:14:04,019 - INFO - [main.load_historical_qobs_from_csv] - Successfully loaded DAILY QOBS historical data from 1960-2021.
2026-07-22 15:14:04,019 - INFO - [main.load_historical_qobs_long_term] - Loading LONG-TERM MONTHLY historical QOBS discharge data from Excel...
2026-07-22 15:14:04,427 - INFO - [main.load_historical_qobs_long_term] - Successfully loaded LONG-TERM QOBS data: 1548 months (1893-2021).
2026-07-22 15:14:04,427 - INFO - [main.process_historical_discharge_data] - Processing QOBS historical data (daily and monthly) for analysis...
2026-07-22 15:14:04,560 - INFO - [main.process_historical_discharge_data] - Adding fixed low-flow thresholds: 1417 (30th), 1064 (10th), 970 (LNWL).
2026-07-22 15:14:04,561 - INFO - [main.load_amo_index] - Loading and processing AMO index from /nas/home/vlw/Desktop/STREAM/CMIP6-datasets/amo_index.csv...
2026-07-22 15:14:04,628 - INFO - [main.load_amo_index] - AMO index processing finished successfully.
2026-07-22 15:14:04,628 - INFO - [main.run_full_analysis] - 
--- Calculating Base Reanalysis Jet Indices ---
2026-07-22 15:14:04,629 - INFO - [main.run_full_analysis] -   All plots depending on Reanalysis Jet Indices already exist. Skipping Jet Indices calculation to save time.
2026-07-22 15:14:04,629 - INFO - [storyline.calculate_reanalysis_betas] - Calculating all 8 beta_obs slopes from ERA5 reanalysis...
2026-07-22 15:14:04,629 - WARNING - [storyline.calculate_reanalysis_betas] -   Could not calculate beta for 'DJF_JetSpeed_vs_tas': Missing jet or impact data.
2026-07-22 15:14:04,629 - WARNING - [storyline.calculate_reanalysis_betas] -   Could not calculate beta for 'DJF_JetSpeed_vs_pr': Missing jet or impact data.
2026-07-22 15:14:04,629 - WARNING - [storyline.calculate_reanalysis_betas] -   Could not calculate beta for 'DJF_JetLat_vs_tas': Missing jet or impact data.
2026-07-22 15:14:04,629 - WARNING - [storyline.calculate_reanalysis_betas] -   Could not calculate beta for 'DJF_JetLat_vs_pr': Missing jet or impact data.
2026-07-22 15:14:04,629 - WARNING - [storyline.calculate_reanalysis_betas] -   Could not calculate beta for 'JJA_JetSpeed_vs_tas': Missing jet or impact data.
2026-07-22 15:14:04,629 - WARNING - [storyline.calculate_reanalysis_betas] -   Could not calculate beta for 'JJA_JetSpeed_vs_pr': Missing jet or impact data.
2026-07-22 15:14:04,629 - WARNING - [storyline.calculate_reanalysis_betas] -   Could not calculate beta for 'JJA_JetLat_vs_tas': Missing jet or impact data.
2026-07-22 15:14:04,629 - WARNING - [storyline.calculate_reanalysis_betas] -   Could not calculate beta for 'JJA_JetLat_vs_pr': Missing jet or impact data.
2026-07-22 15:14:04,629 - INFO - [main.run_full_analysis] - 
--- Checking for Reanalysis Regression Maps ---
2026-07-22 15:14:04,630 - INFO - [main.run_full_analysis] - Regression plots for 20CRv3 already exist. Skipping.
2026-07-22 15:14:04,630 - INFO - [main.run_full_analysis] - Regression plots for ERA5 already exist. Skipping.
2026-07-22 15:14:04,630 - INFO - [main.run_full_analysis] - 

--- Checking for Reanalysis Jet Index Comparison Timeseries ---
2026-07-22 15:14:04,630 - INFO - [main.run_full_analysis] - Plot '/nas/home/vlw/Desktop/STREAM/paper1-plots/jet_indices_comparison_seasonal_detrended.png' already exists. Skipping.
2026-07-22 15:14:04,630 - INFO - [main.run_full_analysis] - 

--- Checking for Reanalysis Jet Impact Comparison Maps ---
2026-07-22 15:14:04,630 - INFO - [main.run_full_analysis] - Plot '/nas/home/vlw/Desktop/STREAM/paper1-plots/jet_impact_regression_maps_winter.png' already exists. Skipping.
2026-07-22 15:14:04,630 - INFO - [main.run_full_analysis] - Plot '/nas/home/vlw/Desktop/STREAM/paper1-plots/jet_impact_regression_maps_summer.png' already exists. Skipping.
2026-07-22 15:14:04,630 - INFO - [main.run_full_analysis] - 

--- Checking for Reanalysis Jet Correlation Maps ---
2026-07-22 15:14:04,630 - INFO - [main.run_full_analysis] - Plot '/nas/home/vlw/Desktop/STREAM/paper1-plots/jet_correlation_maps_winter.png' already exists. Skipping.
2026-07-22 15:14:04,630 - INFO - [main.run_full_analysis] - Plot '/nas/home/vlw/Desktop/STREAM/paper1-plots/jet_correlation_maps_summer.png' already exists. Skipping.
2026-07-22 15:14:04,630 - INFO - [main.run_full_analysis] - 

--- Checking for Correlation Timeseries & Bar Charts ---
2026-07-22 15:14:04,630 - INFO - [main.run_full_analysis] - Plot '/nas/home/vlw/Desktop/STREAM/paper1-plots/winter_correlations_comparison_detrended.png' already exists.
2026-07-22 15:14:04,630 - INFO - [main.run_full_analysis] - Plot '/nas/home/vlw/Desktop/STREAM/paper1-plots/correlation_matrix_comparison_winter_detrended_grouped.png' already exists.
2026-07-22 15:14:04,631 - INFO - [main.run_full_analysis] - Plot '/nas/home/vlw/Desktop/STREAM/paper1-plots/summer_correlations_comparison_detrended.png' already exists.
2026-07-22 15:14:04,631 - INFO - [main.run_full_analysis] - Plot '/nas/home/vlw/Desktop/STREAM/paper1-plots/correlation_matrix_comparison_summer_detrended_grouped.png' already exists.
2026-07-22 15:14:04,631 - INFO - [main.run_full_analysis] - Plot '/nas/home/vlw/Desktop/STREAM/paper1-plots/danube_box_correlation_comparison.png' already exists.
2026-07-22 15:14:04,631 - INFO - [main.run_full_analysis] - 

--- Checking for AMO-Jet Correlation Plot ---
2026-07-22 15:14:04,631 - INFO - [main.run_full_analysis] - Plot '/nas/home/vlw/Desktop/STREAM/paper1-plots/amo_jet_correlations_comparison_rolling_15yr.png' already exists.
2026-07-22 15:14:04,631 - INFO - [main.run_full_analysis] - 

--- Checking for Seasonal Drought Analysis Plot ---
2026-07-22 15:14:04,631 - INFO - [main.run_full_analysis] - Plot '/nas/home/vlw/Desktop/STREAM/paper1-plots/spei_drought_analysis_seasonal_comparison.png' already exists.
2026-07-22 15:14:04,631 - INFO - [main.run_full_analysis] - 

--- Checking for Combined Spatial SPEI & Discharge Analysis Map ---
2026-07-22 15:14:04,631 - INFO - [main.run_full_analysis] - Plot '/nas/home/vlw/Desktop/STREAM/paper1-plots/spatial_spei_discharge_analysis_era5_summer.png' already exists.
2026-07-22 15:14:04,631 - INFO - [main.run_full_analysis] - 

--- Checking for Single CMIP6 Model Regression Maps ---
2026-07-22 15:14:04,631 - INFO - [main.run_full_analysis] - Plot '/nas/home/vlw/Desktop/STREAM/paper1-plots/regression_maps_norm_CMIP6_single_models.png' already exists.
2026-07-22 15:14:04,631 - INFO - [main.process_cmip6_discharge_data] - Processing all CMIP6 discharge data...
2026-07-22 15:14:04,631 - INFO - [data_processing.process_discharge_data] - Processing Danube discharge data for specified CMIP6 models...
2026-07-22 15:14:04,900 - INFO - [data_processing.process_discharge_data] - Successfully processed discharge data for ACCESS-CM2_ssp245
2026-07-22 15:14:04,901 - INFO - [data_processing.process_discharge_data] - Successfully processed discharge data for ACCESS-ESM1-5_ssp245
2026-07-22 15:14:04,902 - INFO - [data_processing.process_discharge_data] - Successfully processed discharge data for CESM2_ssp245
2026-07-22 15:14:04,903 - INFO - [data_processing.process_discharge_data] - Successfully processed discharge data for CESM2-WACCM_ssp245
2026-07-22 15:14:04,903 - INFO - [data_processing.process_discharge_data] - Successfully processed discharge data for CMCC-CM2-SR5_ssp245
2026-07-22 15:14:04,904 - INFO - [data_processing.process_discharge_data] - Successfully processed discharge data for CMCC-ESM2_ssp245
2026-07-22 15:14:04,905 - INFO - [data_processing.process_discharge_data] - Successfully processed discharge data for CanESM5_ssp245
2026-07-22 15:14:04,906 - INFO - [data_processing.process_discharge_data] - Successfully processed discharge data for EC-Earth3-CC_ssp245
2026-07-22 15:14:04,907 - INFO - [data_processing.process_discharge_data] - Successfully processed discharge data for EC-Earth3-Veg-LR_ssp245
2026-07-22 15:14:04,907 - INFO - [data_processing.process_discharge_data] - Successfully processed discharge data for EC-Earth3_ssp245
2026-07-22 15:14:04,908 - INFO - [data_processing.process_discharge_data] - Successfully processed discharge data for GFDL-ESM4_ssp245
2026-07-22 15:14:04,909 - INFO - [data_processing.process_discharge_data] - Successfully processed discharge data for HadGEM3-GC31-LL_ssp245
2026-07-22 15:14:04,909 - INFO - [data_processing.process_discharge_data] - Successfully processed discharge data for IITM-ESM_ssp245
2026-07-22 15:14:04,910 - INFO - [data_processing.process_discharge_data] - Successfully processed discharge data for INM-CM4-8_ssp245
2026-07-22 15:14:04,911 - INFO - [data_processing.process_discharge_data] - Successfully processed discharge data for INM-CM5-0_ssp245
2026-07-22 15:14:04,913 - INFO - [data_processing.process_discharge_data] - Successfully processed discharge data for IPSL-CM6A-LR_ssp245
2026-07-22 15:14:04,914 - INFO - [data_processing.process_discharge_data] - Successfully processed discharge data for KACE-1-0-G_ssp245
2026-07-22 15:14:04,915 - INFO - [data_processing.process_discharge_data] - Successfully processed discharge data for KIOST-ESM_ssp245
2026-07-22 15:14:04,916 - INFO - [data_processing.process_discharge_data] - Successfully processed discharge data for MIROC-ES2L_ssp245
2026-07-22 15:14:04,917 - INFO - [data_processing.process_discharge_data] - Successfully processed discharge data for MIROC6_ssp245
2026-07-22 15:14:04,918 - INFO - [data_processing.process_discharge_data] - Successfully processed discharge data for MPI-ESM1-2-HR_ssp245
2026-07-22 15:14:04,919 - INFO - [data_processing.process_discharge_data] - Successfully processed discharge data for MPI-ESM1-2-LR_ssp245
2026-07-22 15:14:04,920 - INFO - [data_processing.process_discharge_data] - Successfully processed discharge data for MRI-ESM2-0_ssp245
2026-07-22 15:14:04,921 - INFO - [data_processing.process_discharge_data] - Successfully processed discharge data for NorESM2-MM_ssp245
2026-07-22 15:14:04,923 - INFO - [data_processing.process_discharge_data] - Successfully processed discharge data for UKESM1-0-LL_ssp245
2026-07-22 15:14:05,548 - INFO - [data_processing.process_discharge_data] - Successfully processed discharge data for ACCESS-CM2_ssp585
2026-07-22 15:14:05,549 - INFO - [data_processing.process_discharge_data] - Successfully processed discharge data for ACCESS-ESM1-5_ssp585
2026-07-22 15:14:05,550 - INFO - [data_processing.process_discharge_data] - Successfully processed discharge data for BCC-CSM2-MR_ssp585
2026-07-22 15:14:05,551 - INFO - [data_processing.process_discharge_data] - Successfully processed discharge data for CESM2_ssp585
2026-07-22 15:14:05,552 - INFO - [data_processing.process_discharge_data] - Successfully processed discharge data for CESM2-WACCM_ssp585
2026-07-22 15:14:05,553 - INFO - [data_processing.process_discharge_data] - Successfully processed discharge data for CMCC-CM2-SR5_ssp585
2026-07-22 15:14:05,553 - INFO - [data_processing.process_discharge_data] - Successfully processed discharge data for CMCC-ESM2_ssp585
2026-07-22 15:14:05,554 - INFO - [data_processing.process_discharge_data] - Successfully processed discharge data for CNRM-CM6-1-HR_ssp585
2026-07-22 15:14:05,555 - INFO - [data_processing.process_discharge_data] - Successfully processed discharge data for CNRM-CM6-1_ssp585
2026-07-22 15:14:05,555 - INFO - [data_processing.process_discharge_data] - Successfully processed discharge data for CNRM-ESM2-1_ssp585
2026-07-22 15:14:05,556 - INFO - [data_processing.process_discharge_data] - Successfully processed discharge data for CanESM5_ssp585
2026-07-22 15:14:05,557 - INFO - [data_processing.process_discharge_data] - Successfully processed discharge data for E3SM-1-0_ssp585
2026-07-22 15:14:05,558 - INFO - [data_processing.process_discharge_data] - Successfully processed discharge data for EC-Earth3-CC_ssp585
2026-07-22 15:14:05,559 - INFO - [data_processing.process_discharge_data] - Successfully processed discharge data for EC-Earth3-Veg-LR_ssp585
2026-07-22 15:14:05,559 - INFO - [data_processing.process_discharge_data] - Successfully processed discharge data for EC-Earth3_ssp585
2026-07-22 15:14:05,560 - INFO - [data_processing.process_discharge_data] - Successfully processed discharge data for GFDL-ESM4_ssp585
2026-07-22 15:14:05,561 - INFO - [data_processing.process_discharge_data] - Successfully processed discharge data for HadGEM3-GC31-LL_ssp585
2026-07-22 15:14:05,562 - INFO - [data_processing.process_discharge_data] - Successfully processed discharge data for HadGEM3-GC31-MM_ssp585
2026-07-22 15:14:05,563 - INFO - [data_processing.process_discharge_data] - Successfully processed discharge data for IITM-ESM_ssp585
2026-07-22 15:14:05,563 - INFO - [data_processing.process_discharge_data] - Successfully processed discharge data for INM-CM4-8_ssp585
2026-07-22 15:14:05,564 - INFO - [data_processing.process_discharge_data] - Successfully processed discharge data for INM-CM5-0_ssp585
2026-07-22 15:14:05,565 - INFO - [data_processing.process_discharge_data] - Successfully processed discharge data for IPSL-CM6A-LR_ssp585
2026-07-22 15:14:05,566 - INFO - [data_processing.process_discharge_data] - Successfully processed discharge data for KACE-1-0-G_ssp585
2026-07-22 15:14:05,566 - INFO - [data_processing.process_discharge_data] - Successfully processed discharge data for KIOST-ESM_ssp585
2026-07-22 15:14:05,567 - INFO - [data_processing.process_discharge_data] - Successfully processed discharge data for MIROC-ES2L_ssp585
2026-07-22 15:14:05,568 - INFO - [data_processing.process_discharge_data] - Successfully processed discharge data for MIROC6_ssp585
2026-07-22 15:14:05,568 - INFO - [data_processing.process_discharge_data] - Successfully processed discharge data for MPI-ESM1-2-HR_ssp585
2026-07-22 15:14:05,569 - INFO - [data_processing.process_discharge_data] - Successfully processed discharge data for MPI-ESM1-2-LR_ssp585
2026-07-22 15:14:05,570 - INFO - [data_processing.process_discharge_data] - Successfully processed discharge data for MRI-ESM2-0_ssp585
2026-07-22 15:14:05,571 - INFO - [data_processing.process_discharge_data] - Successfully processed discharge data for NorESM2-MM_ssp585
2026-07-22 15:14:05,572 - INFO - [data_processing.process_discharge_data] - Successfully processed discharge data for UKESM1-0-LL_ssp585
2026-07-22 15:14:05,572 - INFO - [main.run_full_analysis] - 

========================= STARTING CMIP6 ANALYSIS FOR SCENARIO: SSP585 =========================

2026-07-22 15:14:05,572 - INFO - [storyline.analyze_cmip6_changes_at_gwl] - 
--- Starting CMIP6 Analysis for SCENARIO: ssp585 at Global Warming Levels ---
2026-07-22 15:14:05,572 - INFO - [storyline.analyze_cmip6_changes_at_gwl] - Processing 31 models for scenario ssp585.
2026-07-22 15:14:05,572 - INFO - [storyline._load_and_preprocess_model_data] - Loading ua for ACCESS-CM2 (hist + ['ssp585']), force_regional=False...
2026-07-22 15:14:05,575 - INFO - [storyline._load_and_preprocess_model_data] - Found 10 files for ua (ua requested), ACCESS-CM2.
2026-07-22 15:14:10,192 - INFO - [storyline._load_and_preprocess_model_data] - Loading pr for ACCESS-CM2 (hist + ['ssp585']), force_regional=False...
2026-07-22 15:14:10,198 - INFO - [storyline._load_and_preprocess_model_data] - Found 3 files for pr (pr requested), ACCESS-CM2.
2026-07-22 15:14:12,957 - INFO - [storyline._load_and_preprocess_model_data] - Loading tas for ACCESS-CM2 (hist + ['ssp585']), force_regional=True...
2026-07-22 15:14:12,963 - INFO - [storyline._load_and_preprocess_model_data] - Found 3 files for tas (tas requested), ACCESS-CM2.
2026-07-22 15:14:16,433 - INFO - [storyline._load_and_preprocess_model_data] - Loading tas for ACCESS-CM2 (hist + ['ssp585']), force_regional=False...
2026-07-22 15:14:16,438 - INFO - [storyline._load_and_preprocess_model_data] - Found 3 files for tas (tas requested), ACCESS-CM2.
2026-07-22 15:14:16,801 - INFO - [storyline._load_and_preprocess_model_data] - Loading ua for ACCESS-ESM1-5 (hist + ['ssp585']), force_regional=False...
2026-07-22 15:14:16,806 - INFO - [storyline._load_and_preprocess_model_data] - Found 5 files for ua (ua requested), ACCESS-ESM1-5.
2026-07-22 15:14:20,841 - INFO - [storyline._load_and_preprocess_model_data] - Loading pr for ACCESS-ESM1-5 (hist + ['ssp585']), force_regional=False...
2026-07-22 15:14:20,846 - INFO - [storyline._load_and_preprocess_model_data] - Found 3 files for pr (pr requested), ACCESS-ESM1-5.
2026-07-22 15:14:23,876 - INFO - [storyline._load_and_preprocess_model_data] - Loading tas for ACCESS-ESM1-5 (hist + ['ssp585']), force_regional=True...
2026-07-22 15:14:23,882 - INFO - [storyline._load_and_preprocess_model_data] - Found 3 files for tas (tas requested), ACCESS-ESM1-5.
2026-07-22 15:14:26,690 - INFO - [storyline._load_and_preprocess_model_data] - Loading tas for ACCESS-ESM1-5 (hist + ['ssp585']), force_regional=False...
2026-07-22 15:14:26,695 - INFO - [storyline._load_and_preprocess_model_data] - Found 3 files for tas (tas requested), ACCESS-ESM1-5.
2026-07-22 15:14:27,154 - INFO - [storyline._load_and_preprocess_model_data] - Loading ua for BCC-CSM2-MR (hist + ['ssp585']), force_regional=False...
2026-07-22 15:14:27,159 - INFO - [storyline._load_and_preprocess_model_data] - Found 10 files for ua (ua requested), BCC-CSM2-MR.
2026-07-22 15:14:29,261 - INFO - [storyline._load_and_preprocess_model_data] - Loading pr for BCC-CSM2-MR (hist + ['ssp585']), force_regional=False...
2026-07-22 15:14:29,267 - INFO - [storyline._load_and_preprocess_model_data] - Found 2 files for pr (pr requested), BCC-CSM2-MR.
2026-07-22 15:14:29,622 - INFO - [storyline._load_and_preprocess_model_data] - Loading tas for BCC-CSM2-MR (hist + ['ssp585']), force_regional=True...
2026-07-22 15:14:29,627 - INFO - [storyline._load_and_preprocess_model_data] - Found 2 files for tas (tas requested), BCC-CSM2-MR.
2026-07-22 15:14:31,811 - INFO - [storyline._load_and_preprocess_model_data] - Loading tas for BCC-CSM2-MR (hist + ['ssp585']), force_regional=False...
2026-07-22 15:14:31,816 - INFO - [storyline._load_and_preprocess_model_data] - Found 2 files for tas (tas requested), BCC-CSM2-MR.
2026-07-22 15:14:32,112 - INFO - [storyline._load_and_preprocess_model_data] - Loading ua for CESM2 (hist + ['ssp585']), force_regional=False...
2026-07-22 15:14:32,117 - INFO - [storyline._load_and_preprocess_model_data] - Found 4 files for ua (ua requested), CESM2.
2026-07-22 15:14:35,178 - INFO - [storyline._load_and_preprocess_model_data] - Loading pr for CESM2 (hist + ['ssp585']), force_regional=False...
2026-07-22 15:14:35,184 - INFO - [storyline._load_and_preprocess_model_data] - Found 2 files for pr (pr requested), CESM2.
2026-07-22 15:14:36,851 - INFO - [storyline._load_and_preprocess_model_data] - Loading tas for CESM2 (hist + ['ssp585']), force_regional=True...
2026-07-22 15:14:36,857 - INFO - [storyline._load_and_preprocess_model_data] - Found 2 files for tas (tas requested), CESM2.
2026-07-22 15:14:38,954 - INFO - [storyline._load_and_preprocess_model_data] - Loading tas for CESM2 (hist + ['ssp585']), force_regional=False...
2026-07-22 15:14:38,959 - INFO - [storyline._load_and_preprocess_model_data] - Found 2 files for tas (tas requested), CESM2.
2026-07-22 15:14:39,218 - INFO - [storyline._load_and_preprocess_model_data] - Loading ua for CESM2-WACCM (hist + ['ssp585']), force_regional=False...
2026-07-22 15:14:39,223 - INFO - [storyline._load_and_preprocess_model_data] - Found 8 files for ua (ua requested), CESM2-WACCM.
2026-07-22 15:14:39,579 - INFO - [storyline._load_and_preprocess_model_data] - Loading pr for CESM2-WACCM (hist + ['ssp585']), force_regional=False...
2026-07-22 15:14:39,584 - INFO - [storyline._load_and_preprocess_model_data] - Found 6 files for pr (pr requested), CESM2-WACCM.
2026-07-22 15:14:39,957 - INFO - [storyline._load_and_preprocess_model_data] - Loading tas for CESM2-WACCM (hist + ['ssp585']), force_regional=True...
2026-07-22 15:14:39,962 - INFO - [storyline._load_and_preprocess_model_data] - Found 6 files for tas (tas requested), CESM2-WACCM.
2026-07-22 15:14:40,313 - INFO - [storyline._load_and_preprocess_model_data] - Loading tas for CESM2-WACCM (hist + ['ssp585']), force_regional=False...
2026-07-22 15:14:40,317 - INFO - [storyline._load_and_preprocess_model_data] - Found 6 files for tas (tas requested), CESM2-WACCM.
2026-07-22 15:14:40,678 - INFO - [storyline._load_and_preprocess_model_data] - Loading ua for CMCC-CM2-SR5 (hist + ['ssp585']), force_regional=False...
2026-07-22 15:14:40,684 - INFO - [storyline._load_and_preprocess_model_data] - Found 14 files for ua (ua requested), CMCC-CM2-SR5.
2026-07-22 15:15:08,404 - INFO - [storyline._load_and_preprocess_model_data] - Loading pr for CMCC-CM2-SR5 (hist + ['ssp585']), force_regional=False...
2026-07-22 15:15:08,410 - INFO - [storyline._load_and_preprocess_model_data] - Found 2 files for pr (pr requested), CMCC-CM2-SR5.
2026-07-22 15:15:13,277 - INFO - [storyline._load_and_preprocess_model_data] - Loading tas for CMCC-CM2-SR5 (hist + ['ssp585']), force_regional=True...
2026-07-22 15:15:13,282 - INFO - [storyline._load_and_preprocess_model_data] - Found 2 files for tas (tas requested), CMCC-CM2-SR5.
2026-07-22 15:15:18,203 - INFO - [storyline._load_and_preprocess_model_data] - Loading tas for CMCC-CM2-SR5 (hist + ['ssp585']), force_regional=False...
2026-07-22 15:15:18,208 - INFO - [storyline._load_and_preprocess_model_data] - Found 2 files for tas (tas requested), CMCC-CM2-SR5.
2026-07-22 15:15:18,607 - INFO - [storyline._load_and_preprocess_model_data] - Loading ua for CMCC-ESM2 (hist + ['ssp585']), force_regional=False...
2026-07-22 15:15:18,613 - INFO - [storyline._load_and_preprocess_model_data] - Found 15 files for ua (ua requested), CMCC-ESM2.
2026-07-22 15:15:46,058 - INFO - [storyline._load_and_preprocess_model_data] - Loading pr for CMCC-ESM2 (hist + ['ssp585']), force_regional=False...
2026-07-22 15:15:46,063 - INFO - [storyline._load_and_preprocess_model_data] - Found 2 files for pr (pr requested), CMCC-ESM2.
2026-07-22 15:15:50,054 - INFO - [storyline._load_and_preprocess_model_data] - Loading tas for CMCC-ESM2 (hist + ['ssp585']), force_regional=True...
2026-07-22 15:15:50,059 - INFO - [storyline._load_and_preprocess_model_data] - Found 2 files for tas (tas requested), CMCC-ESM2.
2026-07-22 15:15:55,542 - INFO - [storyline._load_and_preprocess_model_data] - Loading tas for CMCC-ESM2 (hist + ['ssp585']), force_regional=False...
2026-07-22 15:15:55,547 - INFO - [storyline._load_and_preprocess_model_data] - Found 2 files for tas (tas requested), CMCC-ESM2.
2026-07-22 15:15:55,899 - INFO - [storyline._load_and_preprocess_model_data] - Loading ua for CNRM-CM6-1-HR (hist + ['ssp585']), force_regional=False...
2026-07-22 15:15:55,905 - INFO - [storyline._load_and_preprocess_model_data] - Found 14 files for ua (ua requested), CNRM-CM6-1-HR.
2026-07-22 15:16:32,241 - INFO - [storyline._load_and_preprocess_model_data] - Loading pr for CNRM-CM6-1-HR (hist + ['ssp585']), force_regional=False...
2026-07-22 15:16:32,247 - INFO - [storyline._load_and_preprocess_model_data] - Found 3 files for pr (pr requested), CNRM-CM6-1-HR.
2026-07-22 15:16:35,417 - INFO - [storyline._load_and_preprocess_model_data] - Loading tas for CNRM-CM6-1-HR (hist + ['ssp585']), force_regional=True...
2026-07-22 15:16:35,423 - INFO - [storyline._load_and_preprocess_model_data] - Found 3 files for tas (tas requested), CNRM-CM6-1-HR.
2026-07-22 15:16:39,901 - INFO - [storyline._load_and_preprocess_model_data] - Loading tas for CNRM-CM6-1-HR (hist + ['ssp585']), force_regional=False...
2026-07-22 15:16:39,906 - INFO - [storyline._load_and_preprocess_model_data] - Found 3 files for tas (tas requested), CNRM-CM6-1-HR.
2026-07-22 15:16:40,168 - INFO - [storyline._load_and_preprocess_model_data] - Loading ua for CNRM-CM6-1 (hist + ['ssp585']), force_regional=False...
2026-07-22 15:16:40,173 - INFO - [storyline._load_and_preprocess_model_data] - Found 5 files for ua (ua requested), CNRM-CM6-1.
2026-07-22 15:17:18,557 - INFO - [storyline._load_and_preprocess_model_data] - Loading pr for CNRM-CM6-1 (hist + ['ssp585']), force_regional=False...
2026-07-22 15:17:18,563 - INFO - [storyline._load_and_preprocess_model_data] - Found 2 files for pr (pr requested), CNRM-CM6-1.
2026-07-22 15:17:24,340 - INFO - [storyline._load_and_preprocess_model_data] - Loading tas for CNRM-CM6-1 (hist + ['ssp585']), force_regional=True...
2026-07-22 15:17:24,346 - INFO - [storyline._load_and_preprocess_model_data] - Found 2 files for tas (tas requested), CNRM-CM6-1.
2026-07-22 15:17:30,163 - INFO - [storyline._load_and_preprocess_model_data] - Loading tas for CNRM-CM6-1 (hist + ['ssp585']), force_regional=False...
2026-07-22 15:17:30,167 - INFO - [storyline._load_and_preprocess_model_data] - Found 2 files for tas (tas requested), CNRM-CM6-1.
2026-07-22 15:17:30,430 - INFO - [storyline._load_and_preprocess_model_data] - Loading ua for CNRM-ESM2-1 (hist + ['ssp585']), force_regional=False...
2026-07-22 15:17:30,436 - INFO - [storyline._load_and_preprocess_model_data] - Found 5 files for ua (ua requested), CNRM-ESM2-1.
2026-07-22 15:18:05,670 - INFO - [storyline._load_and_preprocess_model_data] - Loading pr for CNRM-ESM2-1 (hist + ['ssp585']), force_regional=False...
2026-07-22 15:18:05,677 - INFO - [storyline._load_and_preprocess_model_data] - Found 2 files for pr (pr requested), CNRM-ESM2-1.
2026-07-22 15:18:10,863 - INFO - [storyline._load_and_preprocess_model_data] - Loading tas for CNRM-ESM2-1 (hist + ['ssp585']), force_regional=True...
2026-07-22 15:18:10,868 - INFO - [storyline._load_and_preprocess_model_data] - Found 2 files for tas (tas requested), CNRM-ESM2-1.
2026-07-22 15:18:15,691 - INFO - [storyline._load_and_preprocess_model_data] - Loading tas for CNRM-ESM2-1 (hist + ['ssp585']), force_regional=False...
2026-07-22 15:18:15,695 - INFO - [storyline._load_and_preprocess_model_data] - Found 2 files for tas (tas requested), CNRM-ESM2-1.
2026-07-22 15:18:15,949 - INFO - [storyline._load_and_preprocess_model_data] - Loading ua for CanESM5 (hist + ['ssp585']), force_regional=False...
2026-07-22 15:18:15,954 - INFO - [storyline._load_and_preprocess_model_data] - Found 2 files for ua (ua requested), CanESM5.
2026-07-22 15:18:40,411 - INFO - [storyline._load_and_preprocess_model_data] - Loading pr for CanESM5 (hist + ['ssp585']), force_regional=False...
2026-07-22 15:18:40,417 - INFO - [storyline._load_and_preprocess_model_data] - Found 2 files for pr (pr requested), CanESM5.
2026-07-22 15:18:45,748 - INFO - [storyline._load_and_preprocess_model_data] - Loading tas for CanESM5 (hist + ['ssp585']), force_regional=True...
2026-07-22 15:18:45,753 - INFO - [storyline._load_and_preprocess_model_data] - Found 2 files for tas (tas requested), CanESM5.
2026-07-22 15:18:50,892 - INFO - [storyline._load_and_preprocess_model_data] - Loading tas for CanESM5 (hist + ['ssp585']), force_regional=False...
2026-07-22 15:18:50,896 - INFO - [storyline._load_and_preprocess_model_data] - Found 2 files for tas (tas requested), CanESM5.
2026-07-22 15:18:51,342 - INFO - [storyline._load_and_preprocess_model_data] - Loading ua for E3SM-1-0 (hist + ['ssp585']), force_regional=False...
2026-07-22 15:18:51,348 - INFO - [storyline._load_and_preprocess_model_data] - Found 13 files for ua (ua requested), E3SM-1-0.
2026-07-22 15:19:33,993 - INFO - [storyline._load_and_preprocess_model_data] - Loading pr for E3SM-1-0 (hist + ['ssp585']), force_regional=False...
2026-07-22 15:19:33,999 - INFO - [storyline._load_and_preprocess_model_data] - Found 9 files for pr (pr requested), E3SM-1-0.
2026-07-22 15:19:38,481 - INFO - [storyline._load_and_preprocess_model_data] - Loading tas for E3SM-1-0 (hist + ['ssp585']), force_regional=True...
2026-07-22 15:19:38,486 - INFO - [storyline._load_and_preprocess_model_data] - Found 9 files for tas (tas requested), E3SM-1-0.
2026-07-22 15:19:44,457 - INFO - [storyline._load_and_preprocess_model_data] - Loading tas for E3SM-1-0 (hist + ['ssp585']), force_regional=False...
2026-07-22 15:19:44,462 - INFO - [storyline._load_and_preprocess_model_data] - Found 9 files for tas (tas requested), E3SM-1-0.
2026-07-22 15:19:44,827 - INFO - [storyline._load_and_preprocess_model_data] - Loading ua for EC-Earth3-CC (hist + ['ssp585']), force_regional=False...
2026-07-22 15:19:44,834 - INFO - [storyline._load_and_preprocess_model_data] - Found 261 files for ua (ua requested), EC-Earth3-CC.
2026-07-22 15:20:32,591 - INFO - [storyline._load_and_preprocess_model_data] - Loading pr for EC-Earth3-CC (hist + ['ssp585']), force_regional=False...
2026-07-22 15:20:32,598 - INFO - [storyline._load_and_preprocess_model_data] - Found 252 files for pr (pr requested), EC-Earth3-CC.
2026-07-22 15:20:48,286 - INFO - [storyline._load_and_preprocess_model_data] - Loading tas for EC-Earth3-CC (hist + ['ssp585']), force_regional=True...
2026-07-22 15:20:48,294 - INFO - [storyline._load_and_preprocess_model_data] - Found 252 files for tas (tas requested), EC-Earth3-CC.
2026-07-22 15:21:04,631 - INFO - [storyline._load_and_preprocess_model_data] - Loading tas for EC-Earth3-CC (hist + ['ssp585']), force_regional=False...
2026-07-22 15:21:04,636 - INFO - [storyline._load_and_preprocess_model_data] - Found 252 files for tas (tas requested), EC-Earth3-CC.
2026-07-22 15:21:07,906 - INFO - [storyline._load_and_preprocess_model_data] - Loading ua for EC-Earth3-Veg-LR (hist + ['ssp585']), force_regional=False...
2026-07-22 15:21:07,911 - INFO - [storyline._load_and_preprocess_model_data] - Found 255 files for ua (ua requested), EC-Earth3-Veg-LR.
2026-07-22 15:21:52,614 - INFO - [storyline._load_and_preprocess_model_data] - Loading pr for EC-Earth3-Veg-LR (hist + ['ssp585']), force_regional=False...
2026-07-22 15:21:52,624 - INFO - [storyline._load_and_preprocess_model_data] - Found 252 files for pr (pr requested), EC-Earth3-Veg-LR.
2026-07-22 15:22:08,363 - INFO - [storyline._load_and_preprocess_model_data] - Loading tas for EC-Earth3-Veg-LR (hist + ['ssp585']), force_regional=True...
2026-07-22 15:22:08,371 - INFO - [storyline._load_and_preprocess_model_data] - Found 252 files for tas (tas requested), EC-Earth3-Veg-LR.
2026-07-22 15:22:22,579 - INFO - [storyline._load_and_preprocess_model_data] - Loading tas for EC-Earth3-Veg-LR (hist + ['ssp585']), force_regional=False...
2026-07-22 15:22:22,585 - INFO - [storyline._load_and_preprocess_model_data] - Found 252 files for tas (tas requested), EC-Earth3-Veg-LR.
2026-07-22 15:22:25,965 - INFO - [storyline._load_and_preprocess_model_data] - Loading ua for EC-Earth3 (hist + ['ssp585']), force_regional=False...
2026-07-22 15:22:25,971 - INFO - [storyline._load_and_preprocess_model_data] - Found 251 files for ua (ua requested), EC-Earth3.
2026-07-22 15:23:01,700 - INFO - [storyline._load_and_preprocess_model_data] - Loading pr for EC-Earth3 (hist + ['ssp585']), force_regional=False...
2026-07-22 15:23:01,707 - INFO - [storyline._load_and_preprocess_model_data] - Found 251 files for pr (pr requested), EC-Earth3.
2026-07-22 15:23:14,926 - INFO - [storyline._load_and_preprocess_model_data] - Loading tas for EC-Earth3 (hist + ['ssp585']), force_regional=True...
2026-07-22 15:23:14,932 - INFO - [storyline._load_and_preprocess_model_data] - Found 251 files for tas (tas requested), EC-Earth3.
2026-07-22 15:23:30,147 - INFO - [storyline._load_and_preprocess_model_data] - Loading tas for EC-Earth3 (hist + ['ssp585']), force_regional=False...
2026-07-22 15:23:30,154 - INFO - [storyline._load_and_preprocess_model_data] - Found 251 files for tas (tas requested), EC-Earth3.
2026-07-22 15:23:33,842 - INFO - [storyline._load_and_preprocess_model_data] - Loading ua for GFDL-ESM4 (hist + ['ssp585']), force_regional=False...
2026-07-22 15:23:33,848 - INFO - [storyline._load_and_preprocess_model_data] - Found 6 files for ua (ua requested), GFDL-ESM4.
2026-07-22 15:24:08,130 - INFO - [storyline._load_and_preprocess_model_data] - Loading pr for GFDL-ESM4 (hist + ['ssp585']), force_regional=False...
2026-07-22 15:24:08,137 - INFO - [storyline._load_and_preprocess_model_data] - Found 2 files for pr (pr requested), GFDL-ESM4.
2026-07-22 15:24:11,186 - INFO - [storyline._load_and_preprocess_model_data] - Loading tas for GFDL-ESM4 (hist + ['ssp585']), force_regional=True...
2026-07-22 15:24:11,192 - INFO - [storyline._load_and_preprocess_model_data] - Found 4 files for tas (tas requested), GFDL-ESM4.
2026-07-22 15:24:14,483 - INFO - [storyline._load_and_preprocess_model_data] - Loading tas for GFDL-ESM4 (hist + ['ssp585']), force_regional=False...
2026-07-22 15:24:14,488 - INFO - [storyline._load_and_preprocess_model_data] - Found 4 files for tas (tas requested), GFDL-ESM4.
2026-07-22 15:24:14,786 - INFO - [storyline._load_and_preprocess_model_data] - Loading ua for HadGEM3-GC31-LL (hist + ['ssp585']), force_regional=False...
2026-07-22 15:24:14,792 - INFO - [storyline._load_and_preprocess_model_data] - Found 5 files for ua (ua requested), HadGEM3-GC31-LL.
2026-07-22 15:24:48,377 - INFO - [storyline._load_and_preprocess_model_data] - Loading pr for HadGEM3-GC31-LL (hist + ['ssp585']), force_regional=False...
2026-07-22 15:24:48,382 - INFO - [storyline._load_and_preprocess_model_data] - Found 2 files for pr (pr requested), HadGEM3-GC31-LL.
2026-07-22 15:24:51,298 - INFO - [storyline._load_and_preprocess_model_data] - Loading tas for HadGEM3-GC31-LL (hist + ['ssp585']), force_regional=True...
2026-07-22 15:24:51,305 - INFO - [storyline._load_and_preprocess_model_data] - Found 2 files for tas (tas requested), HadGEM3-GC31-LL.
2026-07-22 15:24:54,708 - INFO - [storyline._load_and_preprocess_model_data] - Loading tas for HadGEM3-GC31-LL (hist + ['ssp585']), force_regional=False...
2026-07-22 15:24:54,713 - INFO - [storyline._load_and_preprocess_model_data] - Found 2 files for tas (tas requested), HadGEM3-GC31-LL.
2026-07-22 15:24:54,981 - INFO - [storyline._load_and_preprocess_model_data] - Loading ua for HadGEM3-GC31-MM (hist + ['ssp585']), force_regional=False...
2026-07-22 15:24:54,987 - INFO - [storyline._load_and_preprocess_model_data] - Found 17 files for ua (ua requested), HadGEM3-GC31-MM.
2026-07-22 15:25:28,616 - INFO - [storyline._load_and_preprocess_model_data] - Loading pr for HadGEM3-GC31-MM (hist + ['ssp585']), force_regional=False...
2026-07-22 15:25:28,626 - INFO - [storyline._load_and_preprocess_model_data] - Found 2 files for pr (pr requested), HadGEM3-GC31-MM.
2026-07-22 15:25:32,080 - INFO - [storyline._load_and_preprocess_model_data] - Loading tas for HadGEM3-GC31-MM (hist + ['ssp585']), force_regional=True...
2026-07-22 15:25:32,085 - INFO - [storyline._load_and_preprocess_model_data] - Found 2 files for tas (tas requested), HadGEM3-GC31-MM.
2026-07-22 15:25:34,877 - INFO - [storyline._load_and_preprocess_model_data] - Loading tas for HadGEM3-GC31-MM (hist + ['ssp585']), force_regional=False...
2026-07-22 15:25:34,881 - INFO - [storyline._load_and_preprocess_model_data] - Found 2 files for tas (tas requested), HadGEM3-GC31-MM.
2026-07-22 15:25:35,140 - INFO - [storyline._load_and_preprocess_model_data] - Loading ua for IITM-ESM (hist + ['ssp585']), force_regional=False...
2026-07-22 15:25:35,146 - INFO - [storyline._load_and_preprocess_model_data] - Found 20 files for ua (ua requested), IITM-ESM.
2026-07-22 15:25:57,340 - INFO - [storyline._load_and_preprocess_model_data] - Loading pr for IITM-ESM (hist + ['ssp585']), force_regional=False...
2026-07-22 15:25:57,346 - INFO - [storyline._load_and_preprocess_model_data] - Found 26 files for pr (pr requested), IITM-ESM.
2026-07-22 15:25:59,972 - INFO - [storyline._load_and_preprocess_model_data] - Loading tas for IITM-ESM (hist + ['ssp585']), force_regional=True...
2026-07-22 15:25:59,979 - INFO - [storyline._load_and_preprocess_model_data] - Found 26 files for tas (tas requested), IITM-ESM.
2026-07-22 15:26:02,745 - INFO - [storyline._load_and_preprocess_model_data] - Loading tas for IITM-ESM (hist + ['ssp585']), force_regional=False...
2026-07-22 15:26:02,751 - INFO - [storyline._load_and_preprocess_model_data] - Found 26 files for tas (tas requested), IITM-ESM.
2026-07-22 15:26:03,254 - INFO - [storyline._load_and_preprocess_model_data] - Loading ua for INM-CM4-8 (hist + ['ssp585']), force_regional=False...
2026-07-22 15:26:03,261 - INFO - [storyline._load_and_preprocess_model_data] - Found 26 files for ua (ua requested), INM-CM4-8.
2026-07-22 15:26:32,672 - INFO - [storyline._load_and_preprocess_model_data] - Loading pr for INM-CM4-8 (hist + ['ssp585']), force_regional=False...
2026-07-22 15:26:32,681 - INFO - [storyline._load_and_preprocess_model_data] - Found 4 files for pr (pr requested), INM-CM4-8.
2026-07-22 15:26:35,529 - INFO - [storyline._load_and_preprocess_model_data] - Loading tas for INM-CM4-8 (hist + ['ssp585']), force_regional=True...
2026-07-22 15:26:35,534 - INFO - [storyline._load_and_preprocess_model_data] - Found 4 files for tas (tas requested), INM-CM4-8.
2026-07-22 15:26:38,487 - INFO - [storyline._load_and_preprocess_model_data] - Loading tas for INM-CM4-8 (hist + ['ssp585']), force_regional=False...
2026-07-22 15:26:38,491 - INFO - [storyline._load_and_preprocess_model_data] - Found 4 files for tas (tas requested), INM-CM4-8.
2026-07-22 15:26:38,788 - INFO - [storyline._load_and_preprocess_model_data] - Loading ua for INM-CM5-0 (hist + ['ssp585']), force_regional=False...
2026-07-22 15:26:38,795 - INFO - [storyline._load_and_preprocess_model_data] - Found 27 files for ua (ua requested), INM-CM5-0.
2026-07-22 15:27:09,339 - INFO - [storyline._load_and_preprocess_model_data] - Loading pr for INM-CM5-0 (hist + ['ssp585']), force_regional=False...
2026-07-22 15:27:09,346 - INFO - [storyline._load_and_preprocess_model_data] - Found 3 files for pr (pr requested), INM-CM5-0.
2026-07-22 15:27:12,020 - INFO - [storyline._load_and_preprocess_model_data] - Loading tas for INM-CM5-0 (hist + ['ssp585']), force_regional=True...
2026-07-22 15:27:12,025 - INFO - [storyline._load_and_preprocess_model_data] - Found 3 files for tas (tas requested), INM-CM5-0.
2026-07-22 15:27:14,875 - INFO - [storyline._load_and_preprocess_model_data] - Loading tas for INM-CM5-0 (hist + ['ssp585']), force_regional=False...
2026-07-22 15:27:14,879 - INFO - [storyline._load_and_preprocess_model_data] - Found 3 files for tas (tas requested), INM-CM5-0.
2026-07-22 15:27:15,170 - INFO - [storyline._load_and_preprocess_model_data] - Loading ua for IPSL-CM6A-LR (hist + ['ssp585']), force_regional=False...
2026-07-22 15:27:15,176 - INFO - [storyline._load_and_preprocess_model_data] - Found 3 files for ua (ua requested), IPSL-CM6A-LR.
2026-07-22 15:27:45,310 - INFO - [storyline._load_and_preprocess_model_data] - Loading pr for IPSL-CM6A-LR (hist + ['ssp585']), force_regional=False...
2026-07-22 15:27:45,316 - INFO - [storyline._load_and_preprocess_model_data] - Found 3 files for pr (pr requested), IPSL-CM6A-LR.
2026-07-22 15:27:49,246 - INFO - [storyline._load_and_preprocess_model_data] - Loading tas for IPSL-CM6A-LR (hist + ['ssp585']), force_regional=True...
2026-07-22 15:27:49,252 - INFO - [storyline._load_and_preprocess_model_data] - Found 3 files for tas (tas requested), IPSL-CM6A-LR.
2026-07-22 15:27:54,135 - INFO - [storyline._load_and_preprocess_model_data] - Loading tas for IPSL-CM6A-LR (hist + ['ssp585']), force_regional=False...
2026-07-22 15:27:54,140 - INFO - [storyline._load_and_preprocess_model_data] - Found 3 files for tas (tas requested), IPSL-CM6A-LR.
2026-07-22 15:27:54,475 - INFO - [storyline._load_and_preprocess_model_data] - Loading ua for KACE-1-0-G (hist + ['ssp585']), force_regional=False...
2026-07-22 15:27:54,482 - INFO - [storyline._load_and_preprocess_model_data] - Found 4 files for ua (ua requested), KACE-1-0-G.
2026-07-22 15:28:30,007 - INFO - [storyline._load_and_preprocess_model_data] - Loading pr for KACE-1-0-G (hist + ['ssp585']), force_regional=False...
2026-07-22 15:28:30,012 - INFO - [storyline._load_and_preprocess_model_data] - Found 2 files for pr (pr requested), KACE-1-0-G.
2026-07-22 15:28:34,361 - INFO - [storyline._load_and_preprocess_model_data] - Loading tas for KACE-1-0-G (hist + ['ssp585']), force_regional=True...
2026-07-22 15:28:34,366 - INFO - [storyline._load_and_preprocess_model_data] - Found 2 files for tas (tas requested), KACE-1-0-G.
2026-07-22 15:28:38,473 - INFO - [storyline._load_and_preprocess_model_data] - Loading tas for KACE-1-0-G (hist + ['ssp585']), force_regional=False...
2026-07-22 15:28:38,478 - INFO - [storyline._load_and_preprocess_model_data] - Found 2 files for tas (tas requested), KACE-1-0-G.
2026-07-22 15:28:39,037 - INFO - [storyline._load_and_preprocess_model_data] - Loading ua for KIOST-ESM (hist + ['ssp585']), force_regional=False...
2026-07-22 15:28:39,043 - INFO - [storyline._load_and_preprocess_model_data] - Found 2 files for ua (ua requested), KIOST-ESM.
2026-07-22 15:29:10,672 - INFO - [storyline._load_and_preprocess_model_data] - Loading pr for KIOST-ESM (hist + ['ssp585']), force_regional=False...
2026-07-22 15:29:10,678 - INFO - [storyline._load_and_preprocess_model_data] - Found 2 files for pr (pr requested), KIOST-ESM.
2026-07-22 15:29:14,651 - INFO - [storyline._load_and_preprocess_model_data] - Loading tas for KIOST-ESM (hist + ['ssp585']), force_regional=True...
2026-07-22 15:29:14,656 - INFO - [storyline._load_and_preprocess_model_data] - Found 3 files for tas (tas requested), KIOST-ESM.
2026-07-22 15:29:18,961 - INFO - [storyline._load_and_preprocess_model_data] - Loading tas for KIOST-ESM (hist + ['ssp585']), force_regional=False...
2026-07-22 15:29:18,966 - INFO - [storyline._load_and_preprocess_model_data] - Found 3 files for tas (tas requested), KIOST-ESM.
2026-07-22 15:29:19,562 - INFO - [storyline._load_and_preprocess_model_data] - Loading ua for MIROC-ES2L (hist + ['ssp585']), force_regional=False...
2026-07-22 15:29:19,568 - INFO - [storyline._load_and_preprocess_model_data] - Found 2 files for ua (ua requested), MIROC-ES2L.
2026-07-22 15:29:49,648 - INFO - [storyline._load_and_preprocess_model_data] - Loading pr for MIROC-ES2L (hist + ['ssp585']), force_regional=False...
2026-07-22 15:29:49,651 - INFO - [storyline._load_and_preprocess_model_data] - Found 2 files for pr (pr requested), MIROC-ES2L.
2026-07-22 15:29:53,065 - INFO - [storyline._load_and_preprocess_model_data] - Loading tas for MIROC-ES2L (hist + ['ssp585']), force_regional=True...
2026-07-22 15:29:53,070 - INFO - [storyline._load_and_preprocess_model_data] - Found 2 files for tas (tas requested), MIROC-ES2L.
2026-07-22 15:29:57,619 - INFO - [storyline._load_and_preprocess_model_data] - Loading tas for MIROC-ES2L (hist + ['ssp585']), force_regional=False...
2026-07-22 15:29:57,623 - INFO - [storyline._load_and_preprocess_model_data] - Found 2 files for tas (tas requested), MIROC-ES2L.
2026-07-22 15:29:58,018 - INFO - [storyline._load_and_preprocess_model_data] - Loading ua for MIROC6 (hist + ['ssp585']), force_regional=False...
2026-07-22 15:29:58,024 - INFO - [storyline._load_and_preprocess_model_data] - Found 25 files for ua (ua requested), MIROC6.
2026-07-22 15:30:22,860 - INFO - [storyline._load_and_preprocess_model_data] - Loading pr for MIROC6 (hist + ['ssp585']), force_regional=False...
2026-07-22 15:30:22,867 - INFO - [storyline._load_and_preprocess_model_data] - Found 3 files for pr (pr requested), MIROC6.
2026-07-22 15:30:25,839 - INFO - [storyline._load_and_preprocess_model_data] - Loading tas for MIROC6 (hist + ['ssp585']), force_regional=True...
2026-07-22 15:30:25,845 - INFO - [storyline._load_and_preprocess_model_data] - Found 3 files for tas (tas requested), MIROC6.
2026-07-22 15:30:28,973 - INFO - [storyline._load_and_preprocess_model_data] - Loading tas for MIROC6 (hist + ['ssp585']), force_regional=False...
2026-07-22 15:30:28,977 - INFO - [storyline._load_and_preprocess_model_data] - Found 3 files for tas (tas requested), MIROC6.
2026-07-22 15:30:29,260 - INFO - [storyline._load_and_preprocess_model_data] - Loading ua for MPI-ESM1-2-HR (hist + ['ssp585']), force_regional=False...
2026-07-22 15:30:29,266 - INFO - [storyline._load_and_preprocess_model_data] - Found 57 files for ua (ua requested), MPI-ESM1-2-HR.
2026-07-22 15:30:47,489 - INFO - [storyline._load_and_preprocess_model_data] - Loading pr for MPI-ESM1-2-HR (hist + ['ssp585']), force_regional=False...
2026-07-22 15:30:47,497 - INFO - [storyline._load_and_preprocess_model_data] - Found 51 files for pr (pr requested), MPI-ESM1-2-HR.
2026-07-22 15:30:50,735 - INFO - [storyline._load_and_preprocess_model_data] - Loading tas for MPI-ESM1-2-HR (hist + ['ssp585']), force_regional=True...
2026-07-22 15:30:50,744 - INFO - [storyline._load_and_preprocess_model_data] - Found 51 files for tas (tas requested), MPI-ESM1-2-HR.
2026-07-22 15:30:54,149 - INFO - [storyline._load_and_preprocess_model_data] - Loading tas for MPI-ESM1-2-HR (hist + ['ssp585']), force_regional=False...
2026-07-22 15:30:54,157 - INFO - [storyline._load_and_preprocess_model_data] - Found 51 files for tas (tas requested), MPI-ESM1-2-HR.
2026-07-22 15:30:54,898 - INFO - [storyline._load_and_preprocess_model_data] - Loading ua for MPI-ESM1-2-LR (hist + ['ssp585']), force_regional=False...
2026-07-22 15:30:54,906 - INFO - [storyline._load_and_preprocess_model_data] - Found 14 files for ua (ua requested), MPI-ESM1-2-LR.
2026-07-22 15:31:13,992 - INFO - [storyline._load_and_preprocess_model_data] - Loading pr for MPI-ESM1-2-LR (hist + ['ssp585']), force_regional=False...
2026-07-22 15:31:14,002 - INFO - [storyline._load_and_preprocess_model_data] - Found 14 files for pr (pr requested), MPI-ESM1-2-LR.
2026-07-22 15:31:18,143 - INFO - [storyline._load_and_preprocess_model_data] - Loading tas for MPI-ESM1-2-LR (hist + ['ssp585']), force_regional=True...
2026-07-22 15:31:18,149 - INFO - [storyline._load_and_preprocess_model_data] - Found 14 files for tas (tas requested), MPI-ESM1-2-LR.
2026-07-22 15:31:21,060 - INFO - [storyline._load_and_preprocess_model_data] - Loading tas for MPI-ESM1-2-LR (hist + ['ssp585']), force_regional=False...
2026-07-22 15:31:21,065 - INFO - [storyline._load_and_preprocess_model_data] - Found 14 files for tas (tas requested), MPI-ESM1-2-LR.
2026-07-22 15:31:22,028 - INFO - [storyline._load_and_preprocess_model_data] - Loading ua for MRI-ESM2-0 (hist + ['ssp585']), force_regional=False...
2026-07-22 15:31:22,033 - INFO - [storyline._load_and_preprocess_model_data] - Found 6 files for ua (ua requested), MRI-ESM2-0.
2026-07-22 15:31:40,941 - INFO - [storyline._load_and_preprocess_model_data] - Loading pr for MRI-ESM2-0 (hist + ['ssp585']), force_regional=False...
2026-07-22 15:31:40,947 - INFO - [storyline._load_and_preprocess_model_data] - Found 2 files for pr (pr requested), MRI-ESM2-0.
2026-07-22 15:31:44,461 - INFO - [storyline._load_and_preprocess_model_data] - Loading tas for MRI-ESM2-0 (hist + ['ssp585']), force_regional=True...
2026-07-22 15:31:44,466 - INFO - [storyline._load_and_preprocess_model_data] - Found 2 files for tas (tas requested), MRI-ESM2-0.
2026-07-22 15:31:48,803 - INFO - [storyline._load_and_preprocess_model_data] - Loading tas for MRI-ESM2-0 (hist + ['ssp585']), force_regional=False...
2026-07-22 15:31:48,808 - INFO - [storyline._load_and_preprocess_model_data] - Found 2 files for tas (tas requested), MRI-ESM2-0.
2026-07-22 15:31:49,094 - INFO - [storyline._load_and_preprocess_model_data] - Loading ua for NorESM2-MM (hist + ['ssp585']), force_regional=False...
2026-07-22 15:31:49,101 - INFO - [storyline._load_and_preprocess_model_data] - Found 47 files for ua (ua requested), NorESM2-MM.
2026-07-22 15:32:05,094 - INFO - [storyline._load_and_preprocess_model_data] - Loading pr for NorESM2-MM (hist + ['ssp585']), force_regional=False...
2026-07-22 15:32:05,104 - INFO - [storyline._load_and_preprocess_model_data] - Found 46 files for pr (pr requested), NorESM2-MM.
2026-07-22 15:32:12,338 - INFO - [storyline._load_and_preprocess_model_data] - Loading tas for NorESM2-MM (hist + ['ssp585']), force_regional=True...
2026-07-22 15:32:12,346 - INFO - [storyline._load_and_preprocess_model_data] - Found 46 files for tas (tas requested), NorESM2-MM.
2026-07-22 15:32:19,459 - INFO - [storyline._load_and_preprocess_model_data] - Loading tas for NorESM2-MM (hist + ['ssp585']), force_regional=False...
2026-07-22 15:32:19,466 - INFO - [storyline._load_and_preprocess_model_data] - Found 46 files for tas (tas requested), NorESM2-MM.
2026-07-22 15:32:20,226 - INFO - [storyline._load_and_preprocess_model_data] - Loading ua for UKESM1-0-LL (hist + ['ssp585']), force_regional=False...
2026-07-22 15:32:20,233 - INFO - [storyline._load_and_preprocess_model_data] - Found 5 files for ua (ua requested), UKESM1-0-LL.
2026-07-22 15:32:34,268 - INFO - [storyline._load_and_preprocess_model_data] - Loading pr for UKESM1-0-LL (hist + ['ssp585']), force_regional=False...
2026-07-22 15:32:34,274 - INFO - [storyline._load_and_preprocess_model_data] - Found 3 files for pr (pr requested), UKESM1-0-LL.
2026-07-22 15:32:38,545 - INFO - [storyline._load_and_preprocess_model_data] - Loading tas for UKESM1-0-LL (hist + ['ssp585']), force_regional=True...
2026-07-22 15:32:38,552 - INFO - [storyline._load_and_preprocess_model_data] - Found 2 files for tas (tas requested), UKESM1-0-LL.
2026-07-22 15:32:45,030 - INFO - [storyline._load_and_preprocess_model_data] - Loading tas for UKESM1-0-LL (hist + ['ssp585']), force_regional=False...
2026-07-22 15:32:45,034 - INFO - [storyline._load_and_preprocess_model_data] - Found 2 files for tas (tas requested), UKESM1-0-LL.
2026-07-22 15:32:45,314 - INFO - [storyline.analyze_cmip6_changes_at_gwl] - 
--- Loading Danube Discharge Data ---
2026-07-22 15:32:45,315 - INFO - [data_processing.process_discharge_data] - Processing Danube discharge data for specified CMIP6 models...
2026-07-22 15:32:45,621 - INFO - [data_processing.process_discharge_data] - Successfully processed discharge data for CESM2_ssp245
2026-07-22 15:32:45,621 - INFO - [data_processing.process_discharge_data] - Successfully processed discharge data for CMCC-ESM2_ssp245
2026-07-22 15:32:45,622 - INFO - [data_processing.process_discharge_data] - Successfully processed discharge data for MIROC6_ssp245
2026-07-22 15:32:45,623 - INFO - [data_processing.process_discharge_data] - Successfully processed discharge data for EC-Earth3_ssp245
2026-07-22 15:32:45,624 - INFO - [data_processing.process_discharge_data] - Successfully processed discharge data for EC-Earth3-CC_ssp245
2026-07-22 15:32:45,625 - INFO - [data_processing.process_discharge_data] - Successfully processed discharge data for CMCC-CM2-SR5_ssp245
2026-07-22 15:32:45,626 - INFO - [data_processing.process_discharge_data] - Successfully processed discharge data for INM-CM4-8_ssp245
2026-07-22 15:32:45,626 - INFO - [data_processing.process_discharge_data] - Successfully processed discharge data for EC-Earth3-Veg-LR_ssp245
2026-07-22 15:32:45,627 - INFO - [data_processing.process_discharge_data] - Successfully processed discharge data for KACE-1-0-G_ssp245
2026-07-22 15:32:45,628 - INFO - [data_processing.process_discharge_data] - Successfully processed discharge data for INM-CM5-0_ssp245
2026-07-22 15:32:45,629 - INFO - [data_processing.process_discharge_data] - Successfully processed discharge data for NorESM2-MM_ssp245
2026-07-22 15:32:45,629 - INFO - [data_processing.process_discharge_data] - Successfully processed discharge data for MPI-ESM1-2-LR_ssp245
2026-07-22 15:32:45,630 - INFO - [data_processing.process_discharge_data] - Successfully processed discharge data for GFDL-ESM4_ssp245
2026-07-22 15:32:45,631 - INFO - [data_processing.process_discharge_data] - Successfully processed discharge data for IPSL-CM6A-LR_ssp245
2026-07-22 15:32:45,631 - INFO - [data_processing.process_discharge_data] - Successfully processed discharge data for KIOST-ESM_ssp245
2026-07-22 15:32:45,632 - INFO - [data_processing.process_discharge_data] - Successfully processed discharge data for UKESM1-0-LL_ssp245
2026-07-22 15:32:45,633 - INFO - [data_processing.process_discharge_data] - Successfully processed discharge data for MIROC-ES2L_ssp245
2026-07-22 15:32:45,634 - INFO - [data_processing.process_discharge_data] - Successfully processed discharge data for MPI-ESM1-2-HR_ssp245
2026-07-22 15:32:45,634 - INFO - [data_processing.process_discharge_data] - Successfully processed discharge data for HadGEM3-GC31-LL_ssp245
2026-07-22 15:32:45,635 - INFO - [data_processing.process_discharge_data] - Successfully processed discharge data for ACCESS-ESM1-5_ssp245
2026-07-22 15:32:45,636 - INFO - [data_processing.process_discharge_data] - Successfully processed discharge data for CanESM5_ssp245
2026-07-22 15:32:45,637 - INFO - [data_processing.process_discharge_data] - Successfully processed discharge data for CESM2-WACCM_ssp245
2026-07-22 15:32:45,637 - INFO - [data_processing.process_discharge_data] - Successfully processed discharge data for MRI-ESM2-0_ssp245
2026-07-22 15:32:45,638 - INFO - [data_processing.process_discharge_data] - Successfully processed discharge data for ACCESS-CM2_ssp245
2026-07-22 15:32:45,639 - INFO - [data_processing.process_discharge_data] - Successfully processed discharge data for IITM-ESM_ssp245
2026-07-22 15:32:45,806 - INFO - [data_processing.process_discharge_data] - Successfully processed discharge data for CNRM-CM6-1_ssp585
2026-07-22 15:32:45,807 - INFO - [data_processing.process_discharge_data] - Successfully processed discharge data for HadGEM3-GC31-MM_ssp585
2026-07-22 15:32:45,808 - INFO - [data_processing.process_discharge_data] - Successfully processed discharge data for CESM2_ssp585
2026-07-22 15:32:45,809 - INFO - [data_processing.process_discharge_data] - Successfully processed discharge data for CMCC-ESM2_ssp585
2026-07-22 15:32:45,810 - INFO - [data_processing.process_discharge_data] - Successfully processed discharge data for MIROC6_ssp585
2026-07-22 15:32:45,810 - INFO - [data_processing.process_discharge_data] - Successfully processed discharge data for EC-Earth3_ssp585
2026-07-22 15:32:45,811 - INFO - [data_processing.process_discharge_data] - Successfully processed discharge data for CNRM-ESM2-1_ssp585
2026-07-22 15:32:45,812 - INFO - [data_processing.process_discharge_data] - Successfully processed discharge data for EC-Earth3-CC_ssp585
2026-07-22 15:32:45,813 - INFO - [data_processing.process_discharge_data] - Successfully processed discharge data for CMCC-CM2-SR5_ssp585
2026-07-22 15:32:45,814 - INFO - [data_processing.process_discharge_data] - Successfully processed discharge data for INM-CM4-8_ssp585
2026-07-22 15:32:45,814 - INFO - [data_processing.process_discharge_data] - Successfully processed discharge data for EC-Earth3-Veg-LR_ssp585
2026-07-22 15:32:45,815 - INFO - [data_processing.process_discharge_data] - Successfully processed discharge data for KACE-1-0-G_ssp585
2026-07-22 15:32:45,815 - INFO - [data_processing.process_discharge_data] - Successfully processed discharge data for INM-CM5-0_ssp585
2026-07-22 15:32:45,816 - INFO - [data_processing.process_discharge_data] - Successfully processed discharge data for NorESM2-MM_ssp585
2026-07-22 15:32:45,817 - INFO - [data_processing.process_discharge_data] - Successfully processed discharge data for CNRM-CM6-1-HR_ssp585
2026-07-22 15:32:45,818 - INFO - [data_processing.process_discharge_data] - Successfully processed discharge data for MPI-ESM1-2-LR_ssp585
2026-07-22 15:32:45,818 - INFO - [data_processing.process_discharge_data] - Successfully processed discharge data for GFDL-ESM4_ssp585
2026-07-22 15:32:45,819 - INFO - [data_processing.process_discharge_data] - Successfully processed discharge data for E3SM-1-0_ssp585
2026-07-22 15:32:45,820 - INFO - [data_processing.process_discharge_data] - Successfully processed discharge data for IPSL-CM6A-LR_ssp585
2026-07-22 15:32:45,821 - INFO - [data_processing.process_discharge_data] - Successfully processed discharge data for KIOST-ESM_ssp585
2026-07-22 15:32:45,822 - INFO - [data_processing.process_discharge_data] - Successfully processed discharge data for UKESM1-0-LL_ssp585
2026-07-22 15:32:45,822 - INFO - [data_processing.process_discharge_data] - Successfully processed discharge data for MIROC-ES2L_ssp585
2026-07-22 15:32:45,823 - INFO - [data_processing.process_discharge_data] - Successfully processed discharge data for MPI-ESM1-2-HR_ssp585
2026-07-22 15:32:45,824 - INFO - [data_processing.process_discharge_data] - Successfully processed discharge data for HadGEM3-GC31-LL_ssp585
2026-07-22 15:32:45,825 - INFO - [data_processing.process_discharge_data] - Successfully processed discharge data for ACCESS-ESM1-5_ssp585
2026-07-22 15:32:45,826 - INFO - [data_processing.process_discharge_data] - Successfully processed discharge data for CanESM5_ssp585
2026-07-22 15:32:45,827 - INFO - [data_processing.process_discharge_data] - Successfully processed discharge data for BCC-CSM2-MR_ssp585
2026-07-22 15:32:45,828 - INFO - [data_processing.process_discharge_data] - Successfully processed discharge data for CESM2-WACCM_ssp585
2026-07-22 15:32:45,829 - INFO - [data_processing.process_discharge_data] - Successfully processed discharge data for MRI-ESM2-0_ssp585
2026-07-22 15:32:45,830 - INFO - [data_processing.process_discharge_data] - Successfully processed discharge data for ACCESS-CM2_ssp585
2026-07-22 15:32:45,831 - INFO - [data_processing.process_discharge_data] - Successfully processed discharge data for IITM-ESM_ssp585
2026-07-22 15:32:46,848 - INFO - [storyline.analyze_cmip6_changes_at_gwl] - 
--- GWL Timing and Analysis Window Details ---
2026-07-22 15:32:46,848 - INFO - [storyline.analyze_cmip6_changes_at_gwl] - GWL 2.0°C reached in 2038 for ACCESS-CM2 (ssp585). Analysis Window: 2023-2053 (31 years)
2026-07-22 15:32:46,848 - INFO - [storyline.analyze_cmip6_changes_at_gwl] - GWL 3.0°C reached in 2056 for ACCESS-CM2 (ssp585). Analysis Window: 2041-2071 (31 years)
2026-07-22 15:32:46,848 - INFO - [storyline.analyze_cmip6_changes_at_gwl] - GWL 2.0°C reached in 2039 for ACCESS-ESM1-5 (ssp585). Analysis Window: 2024-2054 (31 years)
2026-07-22 15:32:46,849 - INFO - [storyline.analyze_cmip6_changes_at_gwl] - GWL 3.0°C reached in 2060 for ACCESS-ESM1-5 (ssp585). Analysis Window: 2045-2075 (31 years)
2026-07-22 15:32:46,849 - INFO - [storyline.analyze_cmip6_changes_at_gwl] - GWL 2.0°C reached in 2043 for BCC-CSM2-MR (ssp585). Analysis Window: 2028-2058 (31 years)
2026-07-22 15:32:46,849 - INFO - [storyline.analyze_cmip6_changes_at_gwl] - GWL 3.0°C reached in 2066 for BCC-CSM2-MR (ssp585). Analysis Window: 2051-2081 (31 years)
2026-07-22 15:32:46,849 - INFO - [storyline.analyze_cmip6_changes_at_gwl] - GWL 2.0°C reached in 2036 for CESM2 (ssp585). Analysis Window: 2021-2051 (31 years)
2026-07-22 15:32:46,849 - INFO - [storyline.analyze_cmip6_changes_at_gwl] - GWL 3.0°C reached in 2056 for CESM2 (ssp585). Analysis Window: 2041-2071 (31 years)
2026-07-22 15:32:46,849 - INFO - [storyline.analyze_cmip6_changes_at_gwl] - GWL 2.0°C reached in 2033 for CESM2-WACCM (ssp585). Analysis Window: 2018-2048 (31 years)
2026-07-22 15:32:46,849 - INFO - [storyline.analyze_cmip6_changes_at_gwl] - GWL 3.0°C reached in 2053 for CESM2-WACCM (ssp585). Analysis Window: 2038-2068 (31 years)
2026-07-22 15:32:46,849 - INFO - [storyline.analyze_cmip6_changes_at_gwl] - GWL 2.0°C reached in 2034 for CMCC-CM2-SR5 (ssp585). Analysis Window: 2019-2049 (31 years)
2026-07-22 15:32:46,849 - INFO - [storyline.analyze_cmip6_changes_at_gwl] - GWL 3.0°C reached in 2052 for CMCC-CM2-SR5 (ssp585). Analysis Window: 2037-2067 (31 years)
2026-07-22 15:32:46,849 - INFO - [storyline.analyze_cmip6_changes_at_gwl] - GWL 2.0°C reached in 2039 for CMCC-ESM2 (ssp585). Analysis Window: 2024-2054 (31 years)
2026-07-22 15:32:46,849 - INFO - [storyline.analyze_cmip6_changes_at_gwl] - GWL 3.0°C reached in 2055 for CMCC-ESM2 (ssp585). Analysis Window: 2040-2070 (31 years)
2026-07-22 15:32:46,849 - INFO - [storyline.analyze_cmip6_changes_at_gwl] - GWL 2.0°C reached in 2030 for CNRM-CM6-1-HR (ssp585). Analysis Window: 2015-2045 (31 years)
2026-07-22 15:32:46,849 - INFO - [storyline.analyze_cmip6_changes_at_gwl] - GWL 3.0°C reached in 2050 for CNRM-CM6-1-HR (ssp585). Analysis Window: 2035-2065 (31 years)
2026-07-22 15:32:46,849 - INFO - [storyline.analyze_cmip6_changes_at_gwl] - GWL 2.0°C reached in 2040 for CNRM-CM6-1 (ssp585). Analysis Window: 2025-2055 (31 years)
2026-07-22 15:32:46,849 - INFO - [storyline.analyze_cmip6_changes_at_gwl] - GWL 3.0°C reached in 2058 for CNRM-CM6-1 (ssp585). Analysis Window: 2043-2073 (31 years)
2026-07-22 15:32:46,849 - INFO - [storyline.analyze_cmip6_changes_at_gwl] - GWL 2.0°C reached in 2045 for CNRM-ESM2-1 (ssp585). Analysis Window: 2030-2060 (31 years)
2026-07-22 15:32:46,849 - INFO - [storyline.analyze_cmip6_changes_at_gwl] - GWL 3.0°C reached in 2064 for CNRM-ESM2-1 (ssp585). Analysis Window: 2049-2079 (31 years)
2026-07-22 15:32:46,849 - INFO - [storyline.analyze_cmip6_changes_at_gwl] - GWL 2.0°C reached in 2023 for CanESM5 (ssp585). Analysis Window: 2008-2038 (31 years)
2026-07-22 15:32:46,849 - INFO - [storyline.analyze_cmip6_changes_at_gwl] - GWL 3.0°C reached in 2041 for CanESM5 (ssp585). Analysis Window: 2026-2056 (31 years)
2026-07-22 15:32:46,849 - INFO - [storyline.analyze_cmip6_changes_at_gwl] - GWL 2.0°C reached in 2032 for E3SM-1-0 (ssp585). Analysis Window: 2017-2047 (31 years)
2026-07-22 15:32:46,850 - INFO - [storyline.analyze_cmip6_changes_at_gwl] - GWL 3.0°C reached in 2047 for E3SM-1-0 (ssp585). Analysis Window: 2032-2062 (31 years)
2026-07-22 15:32:46,850 - INFO - [storyline.analyze_cmip6_changes_at_gwl] - GWL 2.0°C reached in 2035 for EC-Earth3-CC (ssp585). Analysis Window: 2020-2050 (31 years)
2026-07-22 15:32:46,850 - INFO - [storyline.analyze_cmip6_changes_at_gwl] - GWL 3.0°C reached in 2056 for EC-Earth3-CC (ssp585). Analysis Window: 2041-2071 (31 years)
2026-07-22 15:32:46,850 - INFO - [storyline.analyze_cmip6_changes_at_gwl] - GWL 2.0°C reached in 2042 for EC-Earth3-Veg-LR (ssp585). Analysis Window: 2027-2057 (31 years)
2026-07-22 15:32:46,850 - INFO - [storyline.analyze_cmip6_changes_at_gwl] - GWL 3.0°C reached in 2061 for EC-Earth3-Veg-LR (ssp585). Analysis Window: 2046-2076 (31 years)
2026-07-22 15:32:46,850 - INFO - [storyline.analyze_cmip6_changes_at_gwl] - GWL 2.0°C reached in 2036 for EC-Earth3 (ssp585). Analysis Window: 2021-2051 (31 years)
2026-07-22 15:32:46,850 - INFO - [storyline.analyze_cmip6_changes_at_gwl] - GWL 3.0°C reached in 2057 for EC-Earth3 (ssp585). Analysis Window: 2042-2072 (31 years)
2026-07-22 15:32:46,850 - INFO - [storyline.analyze_cmip6_changes_at_gwl] - GWL 2.0°C reached in 2053 for GFDL-ESM4 (ssp585). Analysis Window: 2038-2068 (31 years)
2026-07-22 15:32:46,850 - INFO - [storyline.analyze_cmip6_changes_at_gwl] - GWL 3.0°C reached in 2076 for GFDL-ESM4 (ssp585). Analysis Window: 2061-2091 (31 years)
2026-07-22 15:32:46,850 - INFO - [storyline.analyze_cmip6_changes_at_gwl] - GWL 2.0°C reached in 2030 for HadGEM3-GC31-LL (ssp585). Analysis Window: 2015-2045 (31 years)
2026-07-22 15:32:46,850 - INFO - [storyline.analyze_cmip6_changes_at_gwl] - GWL 3.0°C reached in 2048 for HadGEM3-GC31-LL (ssp585). Analysis Window: 2033-2063 (31 years)
2026-07-22 15:32:46,850 - INFO - [storyline.analyze_cmip6_changes_at_gwl] - GWL 2.0°C reached in 2034 for HadGEM3-GC31-MM (ssp585). Analysis Window: 2019-2049 (31 years)
2026-07-22 15:32:46,850 - INFO - [storyline.analyze_cmip6_changes_at_gwl] - GWL 3.0°C reached in 2050 for HadGEM3-GC31-MM (ssp585). Analysis Window: 2035-2065 (31 years)
2026-07-22 15:32:46,850 - INFO - [storyline.analyze_cmip6_changes_at_gwl] - GWL 2.0°C reached in 2049 for IITM-ESM (ssp585). Analysis Window: 2034-2064 (31 years)
2026-07-22 15:32:46,850 - INFO - [storyline.analyze_cmip6_changes_at_gwl] - GWL 3.0°C reached in 2076 for IITM-ESM (ssp585). Analysis Window: 2061-2091 (31 years)
2026-07-22 15:32:46,850 - INFO - [storyline.analyze_cmip6_changes_at_gwl] - GWL 2.0°C reached in 2046 for INM-CM4-8 (ssp585). Analysis Window: 2031-2061 (31 years)
2026-07-22 15:32:46,851 - INFO - [storyline.analyze_cmip6_changes_at_gwl] - GWL 3.0°C reached in 2070 for INM-CM4-8 (ssp585). Analysis Window: 2055-2085 (31 years)
2026-07-22 15:32:46,851 - INFO - [storyline.analyze_cmip6_changes_at_gwl] - GWL 2.0°C reached in 2046 for INM-CM5-0 (ssp585). Analysis Window: 2031-2061 (31 years)
2026-07-22 15:32:46,851 - INFO - [storyline.analyze_cmip6_changes_at_gwl] - GWL 3.0°C reached in 2074 for INM-CM5-0 (ssp585). Analysis Window: 2059-2089 (31 years)
2026-07-22 15:32:46,851 - INFO - [storyline.analyze_cmip6_changes_at_gwl] - GWL 2.0°C reached in 2033 for IPSL-CM6A-LR (ssp585). Analysis Window: 2018-2048 (31 years)
2026-07-22 15:32:46,851 - INFO - [storyline.analyze_cmip6_changes_at_gwl] - GWL 3.0°C reached in 2051 for IPSL-CM6A-LR (ssp585). Analysis Window: 2036-2066 (31 years)
2026-07-22 15:32:46,851 - INFO - [storyline.analyze_cmip6_changes_at_gwl] - GWL 2.0°C reached in 2024 for KACE-1-0-G (ssp585). Analysis Window: 2009-2039 (31 years)
2026-07-22 15:32:46,851 - INFO - [storyline.analyze_cmip6_changes_at_gwl] - GWL 3.0°C reached in 2043 for KACE-1-0-G (ssp585). Analysis Window: 2028-2058 (31 years)
2026-07-22 15:32:46,851 - INFO - [storyline.analyze_cmip6_changes_at_gwl] - GWL 2.0°C reached in 2037 for KIOST-ESM (ssp585). Analysis Window: 2022-2052 (31 years)
2026-07-22 15:32:46,851 - INFO - [storyline.analyze_cmip6_changes_at_gwl] - GWL 3.0°C reached in 2065 for KIOST-ESM (ssp585). Analysis Window: 2050-2080 (31 years)
2026-07-22 15:32:46,851 - INFO - [storyline.analyze_cmip6_changes_at_gwl] - GWL 2.0°C reached in 2047 for MIROC-ES2L (ssp585). Analysis Window: 2032-2062 (31 years)
2026-07-22 15:32:46,851 - INFO - [storyline.analyze_cmip6_changes_at_gwl] - GWL 3.0°C reached in 2070 for MIROC-ES2L (ssp585). Analysis Window: 2055-2085 (31 years)
2026-07-22 15:32:46,851 - INFO - [storyline.analyze_cmip6_changes_at_gwl] - GWL 2.0°C reached in 2053 for MIROC6 (ssp585). Analysis Window: 2038-2068 (31 years)
2026-07-22 15:32:46,851 - INFO - [storyline.analyze_cmip6_changes_at_gwl] - GWL 3.0°C reached in 2076 for MIROC6 (ssp585). Analysis Window: 2061-2091 (31 years)
2026-07-22 15:32:46,851 - INFO - [storyline.analyze_cmip6_changes_at_gwl] - GWL 2.0°C reached in 2049 for MPI-ESM1-2-HR (ssp585). Analysis Window: 2034-2064 (31 years)
2026-07-22 15:32:46,851 - INFO - [storyline.analyze_cmip6_changes_at_gwl] - GWL 3.0°C reached in 2073 for MPI-ESM1-2-HR (ssp585). Analysis Window: 2058-2088 (31 years)
2026-07-22 15:32:46,851 - INFO - [storyline.analyze_cmip6_changes_at_gwl] - GWL 2.0°C reached in 2049 for MPI-ESM1-2-LR (ssp585). Analysis Window: 2034-2064 (31 years)
2026-07-22 15:32:46,851 - INFO - [storyline.analyze_cmip6_changes_at_gwl] - GWL 3.0°C reached in 2072 for MPI-ESM1-2-LR (ssp585). Analysis Window: 2057-2087 (31 years)
2026-07-22 15:32:46,851 - INFO - [storyline.analyze_cmip6_changes_at_gwl] - GWL 2.0°C reached in 2038 for MRI-ESM2-0 (ssp585). Analysis Window: 2023-2053 (31 years)
2026-07-22 15:32:46,851 - INFO - [storyline.analyze_cmip6_changes_at_gwl] - GWL 3.0°C reached in 2064 for MRI-ESM2-0 (ssp585). Analysis Window: 2049-2079 (31 years)
2026-07-22 15:32:46,851 - INFO - [storyline.analyze_cmip6_changes_at_gwl] - GWL 2.0°C reached in 2054 for NorESM2-MM (ssp585). Analysis Window: 2039-2069 (31 years)
2026-07-22 15:32:46,851 - INFO - [storyline.analyze_cmip6_changes_at_gwl] - GWL 3.0°C reached in 2076 for NorESM2-MM (ssp585). Analysis Window: 2061-2091 (31 years)
2026-07-22 15:32:46,851 - INFO - [storyline.analyze_cmip6_changes_at_gwl] - GWL 2.0°C reached in 2032 for UKESM1-0-LL (ssp585). Analysis Window: 2017-2047 (31 years)
2026-07-22 15:32:46,852 - INFO - [storyline.analyze_cmip6_changes_at_gwl] - GWL 3.0°C reached in 2047 for UKESM1-0-LL (ssp585). Analysis Window: 2032-2062 (31 years)
2026-07-22 15:32:53,571 - INFO - [data_processing.calculate_spei] - Calculating SPEI with a 4-month scale (Spatial: False)...
2026-07-22 15:33:02,389 - INFO - [data_processing.calculate_spei] - Calculating SPEI with a 4-month scale (Spatial: False)...
2026-07-22 15:33:08,980 - INFO - [data_processing.calculate_spei] - Calculating SPEI with a 4-month scale (Spatial: False)...
2026-07-22 15:33:15,584 - INFO - [data_processing.calculate_spei] - Calculating SPEI with a 4-month scale (Spatial: False)...
2026-07-22 15:33:21,757 - INFO - [data_processing.calculate_spei] - Calculating SPEI with a 4-month scale (Spatial: False)...
2026-07-22 15:33:28,484 - INFO - [data_processing.calculate_spei] - Calculating SPEI with a 4-month scale (Spatial: False)...
2026-07-22 15:33:32,675 - INFO - [data_processing.calculate_spei] - Calculating SPEI with a 4-month scale (Spatial: False)...
2026-07-22 15:33:37,435 - INFO - [data_processing.calculate_spei] - Calculating SPEI with a 4-month scale (Spatial: False)...
2026-07-22 15:33:41,403 - INFO - [data_processing.calculate_spei] - Calculating SPEI with a 4-month scale (Spatial: False)...
2026-07-22 15:33:45,209 - INFO - [data_processing.calculate_spei] - Calculating SPEI with a 4-month scale (Spatial: False)...
2026-07-22 15:33:49,274 - INFO - [data_processing.calculate_spei] - Calculating SPEI with a 4-month scale (Spatial: False)...
2026-07-22 15:33:52,516 - INFO - [data_processing.calculate_spei] - Calculating SPEI with a 4-month scale (Spatial: False)...
2026-07-22 15:33:56,544 - INFO - [data_processing.calculate_spei] - Calculating SPEI with a 4-month scale (Spatial: False)...
2026-07-22 15:33:59,119 - INFO - [data_processing.calculate_spei] - Calculating SPEI with a 4-month scale (Spatial: False)...
2026-07-22 15:34:03,543 - INFO - [data_processing.calculate_spei] - Calculating SPEI with a 4-month scale (Spatial: False)...
2026-07-22 15:34:06,763 - INFO - [data_processing.calculate_spei] - Calculating SPEI with a 4-month scale (Spatial: False)...
2026-07-22 15:34:12,819 - INFO - [data_processing.calculate_spei] - Calculating SPEI with a 4-month scale (Spatial: False)...
2026-07-22 15:34:17,945 - INFO - [data_processing.calculate_spei] - Calculating SPEI with a 4-month scale (Spatial: False)...
2026-07-22 15:34:23,220 - INFO - [data_processing.calculate_spei] - Calculating SPEI with a 4-month scale (Spatial: False)...
2026-07-22 15:34:28,420 - INFO - [data_processing.calculate_spei] - Calculating SPEI with a 4-month scale (Spatial: False)...
2026-07-22 15:34:34,718 - INFO - [data_processing.calculate_spei] - Calculating SPEI with a 4-month scale (Spatial: False)...
2026-07-22 15:34:41,062 - INFO - [data_processing.calculate_spei] - Calculating SPEI with a 4-month scale (Spatial: False)...
2026-07-22 15:34:47,269 - INFO - [data_processing.calculate_spei] - Calculating SPEI with a 4-month scale (Spatial: False)...
2026-07-22 15:34:53,000 - INFO - [data_processing.calculate_spei] - Calculating SPEI with a 4-month scale (Spatial: False)...
2026-07-22 15:34:58,796 - INFO - [data_processing.calculate_spei] - Calculating SPEI with a 4-month scale (Spatial: False)...
2026-07-22 15:35:04,190 - INFO - [data_processing.calculate_spei] - Calculating SPEI with a 4-month scale (Spatial: False)...
2026-07-22 15:35:10,856 - INFO - [data_processing.calculate_spei] - Calculating SPEI with a 4-month scale (Spatial: False)...
2026-07-22 15:35:16,165 - INFO - [data_processing.calculate_spei] - Calculating SPEI with a 4-month scale (Spatial: False)...
2026-07-22 15:35:22,214 - INFO - [data_processing.calculate_spei] - Calculating SPEI with a 4-month scale (Spatial: False)...
2026-07-22 15:35:28,062 - INFO - [data_processing.calculate_spei] - Calculating SPEI with a 4-month scale (Spatial: False)...
2026-07-22 15:35:34,550 - INFO - [data_processing.calculate_spei] - Calculating SPEI with a 4-month scale (Spatial: False)...
2026-07-22 15:35:36,378 - INFO - [storyline.analyze_cmip6_changes_at_gwl] - --- DEBUG: CHECKING MMM_CHANGES ---
2026-07-22 15:35:36,378 - INFO - [storyline.analyze_cmip6_changes_at_gwl] -   GWL 2.0°C -> DJF_pr: 3.896946065052878, JJA_pr: -4.322400804346251
2026-07-22 15:35:36,378 - INFO - [storyline.analyze_cmip6_changes_at_gwl] -   GWL 3.0°C -> DJF_pr: 8.109190664582915, JJA_pr: -10.164216475982139
2026-07-22 15:35:36,378 - INFO - [storyline.analyze_cmip6_changes_at_gwl] - --- END DEBUG ---
2026-07-22 15:35:36,378 - INFO - [storyline.classify_models_into_storylines_2d] - Classifying models into 2D, Axial, and Extreme storylines (Inner Radius for Axial: 0.5 std. dev.)...
2026-07-22 15:35:36,402 - INFO - [main.run_full_analysis] - Plot '/nas/home/vlw/Desktop/STREAM/paper1-plots/cmip6_jet_changes_vs_gwl_ssp585.png' already exists.
2026-07-22 15:35:36,402 - INFO - [main.run_full_analysis] - Plot '/nas/home/vlw/Desktop/STREAM/paper1-plots/cmip6_jet_inter_relationship_scatter_quadrants_ssp585.png' already exists.
2026-07-22 15:35:36,403 - INFO - [main.run_full_analysis] - Plot '/nas/home/vlw/Desktop/STREAM/paper1-plots/cmip6_jet_cross_season_relationship_ssp585.png' already exists.
2026-07-22 15:35:36,405 - INFO - [main.run_full_analysis] - Climate evolution plots and final fig 3 base for ssp585 already exist. Skipping.
2026-07-22 15:35:36,405 - INFO - [main.run_full_analysis] - Plot '/nas/home/vlw/Desktop/STREAM/paper1-plots/storyline_u850_change_maps_ssp585.png' already exists.
2026-07-22 15:35:36,432 - INFO - [main.run_full_analysis] - Injected 10 Extreme and 10 Non-Extreme models for DJF GWL 2.0.
2026-07-22 15:35:36,465 - INFO - [main.run_full_analysis] - Injected 10 Extreme and 10 Non-Extreme models for JJA GWL 2.0.
2026-07-22 15:35:36,492 - INFO - [main.run_full_analysis] - Injected 10 Extreme and 10 Non-Extreme models for DJF GWL 3.0.
2026-07-22 15:35:36,517 - INFO - [main.run_full_analysis] - Injected 10 Extreme and 10 Non-Extreme models for JJA GWL 3.0.
2026-07-22 15:35:36,517 - INFO - [main.run_full_analysis] - Calculating half-year EVA return period data for ssp585...
2026-07-22 15:35:36,518 - INFO - [storyline.analyze_storyline_discharge_extremes] - Analyzing storyline discharge... mit GEPPOOLTER GEV-Logik (v4.3) + BOOTSTRAPPING (Median) + Long-Term Data Support...
2026-07-22 15:35:36,518 - INFO - [storyline.analyze_storyline_discharge_extremes] - Calculating historical EVA thresholds and return periods based on ANNUAL peaks (for all seasons)...
2026-07-22 15:35:36,535 - INFO - [storyline.analyze_storyline_discharge_extremes] -   -> Annual LNWL Return Period: 1.22 years
2026-07-22 15:35:36,536 - INFO - [storyline.analyze_storyline_discharge_extremes] - Calculating REFERENCE historical thresholds (Obs only)...
2026-07-22 15:35:36,536 - INFO - [stats_analyzer.calculate_eva_thresholds] - Calculating EVA thresholds for FULL YEAR...
2026-07-22 15:35:36,546 - INFO - [stats_analyzer.calculate_eva_thresholds] - Calculating EVA thresholds for 1Q (low, full_year) using Empirical Quantiles...
2026-07-22 15:35:36,561 - INFO - [stats_analyzer.calculate_eva_thresholds] - Calculating EVA thresholds for 7Q (low, full_year) using Empirical Quantiles...
2026-07-22 15:35:36,576 - INFO - [stats_analyzer.calculate_eva_thresholds] - Calculating EVA thresholds for 30Q (low, full_year) using Empirical Quantiles...
2026-07-22 15:35:36,576 - INFO - [stats_analyzer.calculate_eva_thresholds] - Calculating EVA thresholds for FULL YEAR...
2026-07-22 15:35:36,586 - INFO - [stats_analyzer.calculate_eva_thresholds] - Calculating EVA thresholds for 1Q (high, full_year) using Empirical Quantiles...
2026-07-22 15:35:36,601 - INFO - [stats_analyzer.calculate_eva_thresholds] - Calculating EVA thresholds for 7Q (high, full_year) using Empirical Quantiles...
2026-07-22 15:35:36,616 - INFO - [stats_analyzer.calculate_eva_thresholds] - Calculating EVA thresholds for 30Q (high, full_year) using Empirical Quantiles...
2026-07-22 15:35:36,617 - INFO - [storyline.analyze_storyline_discharge_extremes] - Calculating historical seasonal breakdown for verification (Hydrological Half-Years: Nov-Apr, May-Oct)...
2026-07-22 15:35:54,457 - INFO - [storyline.analyze_storyline_discharge_extremes] -   Analyzing 7Q10_low for MMM (winter, GWL 2.0)...
2026-07-22 15:35:54,476 - INFO - [storyline.analyze_storyline_discharge_extremes] -     -> Result 7Q10_low: Median T = 9.0 (N=24)
2026-07-22 15:35:54,476 - INFO - [storyline.analyze_storyline_discharge_extremes] -   Analyzing 7Q30_low for MMM (winter, GWL 2.0)...
2026-07-22 15:35:54,493 - INFO - [storyline.analyze_storyline_discharge_extremes] -     -> Result 7Q30_low: Median T = 12.9 (N=16)
2026-07-22 15:35:54,493 - INFO - [storyline.analyze_storyline_discharge_extremes] -   Analyzing 7Q10_high for MMM (winter, GWL 2.0)...
2026-07-22 15:35:54,511 - INFO - [storyline.analyze_storyline_discharge_extremes] -     -> Result 7Q10_high: Median T = 15.5 (N=20)
2026-07-22 15:35:54,511 - INFO - [storyline.analyze_storyline_discharge_extremes] -   Analyzing 7Q30_high for MMM (winter, GWL 2.0)...
2026-07-22 15:35:54,528 - INFO - [storyline.analyze_storyline_discharge_extremes] -     -> Result 7Q30_high: Median T = 15.5 (N=13)
2026-07-22 15:35:54,528 - INFO - [storyline.analyze_storyline_discharge_extremes] -   Analyzing 30Q10_low for MMM (winter, GWL 2.0)...
2026-07-22 15:35:54,547 - INFO - [storyline.analyze_storyline_discharge_extremes] -     -> Result 30Q10_low: Median T = 10.3 (N=25)
2026-07-22 15:35:54,547 - INFO - [storyline.analyze_storyline_discharge_extremes] -   Analyzing 30Q30_low for MMM (winter, GWL 2.0)...
2026-07-22 15:35:54,564 - INFO - [storyline.analyze_storyline_discharge_extremes] -     -> Result 30Q30_low: Median T = 15.5 (N=17)
2026-07-22 15:35:54,564 - INFO - [storyline.analyze_storyline_discharge_extremes] -   Analyzing 30Q10_high for MMM (winter, GWL 2.0)...
2026-07-22 15:35:54,584 - INFO - [storyline.analyze_storyline_discharge_extremes] -     -> Result 30Q10_high: Median T = 15.5 (N=21)
2026-07-22 15:35:54,584 - INFO - [storyline.analyze_storyline_discharge_extremes] -   Analyzing 30Q30_high for MMM (winter, GWL 2.0)...
2026-07-22 15:35:54,601 - INFO - [storyline.analyze_storyline_discharge_extremes] -     -> Result 30Q30_high: Median T = 15.5 (N=9)
2026-07-22 15:35:54,601 - INFO - [storyline.analyze_storyline_discharge_extremes] -   Analyzing 7Q10_low for Fast Jet & Northward Shift (winter, GWL 2.0)...
2026-07-22 15:35:54,605 - INFO - [storyline.analyze_storyline_discharge_extremes] -     -> Result 7Q10_low: Median T = 3.4 (N=3)
2026-07-22 15:35:54,605 - INFO - [storyline.analyze_storyline_discharge_extremes] -   Analyzing 7Q30_low for Fast Jet & Northward Shift (winter, GWL 2.0)...
2026-07-22 15:35:54,608 - INFO - [storyline.analyze_storyline_discharge_extremes] -     -> Result 7Q30_low: Median T = 6.1 (N=2)
2026-07-22 15:35:54,608 - INFO - [storyline.analyze_storyline_discharge_extremes] -   Analyzing 7Q10_high for Fast Jet & Northward Shift (winter, GWL 2.0)...
2026-07-22 15:35:54,611 - INFO - [storyline.analyze_storyline_discharge_extremes] -     -> Result 7Q10_high: Median T = 23.2 (N=2)
2026-07-22 15:35:54,611 - INFO - [storyline.analyze_storyline_discharge_extremes] -   Analyzing 7Q30_high for Fast Jet & Northward Shift (winter, GWL 2.0)...
2026-07-22 15:35:54,614 - INFO - [storyline.analyze_storyline_discharge_extremes] -     -> Result 7Q30_high: Median T = 31.0 (N=1)
2026-07-22 15:35:54,614 - INFO - [storyline.analyze_storyline_discharge_extremes] -   Analyzing 30Q10_low for Fast Jet & Northward Shift (winter, GWL 2.0)...
2026-07-22 15:35:54,617 - INFO - [storyline.analyze_storyline_discharge_extremes] -     -> Result 30Q10_low: Median T = 3.9 (N=3)
2026-07-22 15:35:54,617 - INFO - [storyline.analyze_storyline_discharge_extremes] -   Analyzing 30Q30_low for Fast Jet & Northward Shift (winter, GWL 2.0)...
2026-07-22 15:35:54,620 - INFO - [storyline.analyze_storyline_discharge_extremes] -     -> Result 30Q30_low: Median T = 6.5 (N=2)
2026-07-22 15:35:54,620 - INFO - [storyline.analyze_storyline_discharge_extremes] -   Analyzing 30Q10_high for Fast Jet & Northward Shift (winter, GWL 2.0)...
2026-07-22 15:35:54,623 - INFO - [storyline.analyze_storyline_discharge_extremes] -     -> Result 30Q10_high: Median T = 10.3 (N=1)
2026-07-22 15:35:54,623 - INFO - [storyline.analyze_storyline_discharge_extremes] -   Analyzing 30Q30_high for Fast Jet & Northward Shift (winter, GWL 2.0)...
2026-07-22 15:35:54,626 - INFO - [storyline.analyze_storyline_discharge_extremes] -     -> Result 30Q30_high: Median T = nan (N=0)
2026-07-22 15:35:54,626 - INFO - [storyline.analyze_storyline_discharge_extremes] -   Analyzing 7Q10_low for Slow Jet & Northward Shift (winter, GWL 2.0)...
2026-07-22 15:35:54,629 - INFO - [storyline.analyze_storyline_discharge_extremes] -     -> Result 7Q10_low: Median T = 15.5 (N=3)
2026-07-22 15:35:54,629 - INFO - [storyline.analyze_storyline_discharge_extremes] -   Analyzing 7Q30_low for Slow Jet & Northward Shift (winter, GWL 2.0)...
2026-07-22 15:35:54,631 - INFO - [storyline.analyze_storyline_discharge_extremes] -     -> Result 7Q30_low: Median T = nan (N=0)
2026-07-22 15:35:54,631 - INFO - [storyline.analyze_storyline_discharge_extremes] -   Analyzing 7Q10_high for Slow Jet & Northward Shift (winter, GWL 2.0)...
2026-07-22 15:35:54,633 - INFO - [storyline.analyze_storyline_discharge_extremes] -     -> Result 7Q10_high: Median T = 7.8 (N=4)
2026-07-22 15:35:54,633 - INFO - [storyline.analyze_storyline_discharge_extremes] -   Analyzing 7Q30_high for Slow Jet & Northward Shift (winter, GWL 2.0)...
2026-07-22 15:35:54,636 - INFO - [storyline.analyze_storyline_discharge_extremes] -     -> Result 7Q30_high: Median T = 31.0 (N=3)
2026-07-22 15:35:54,636 - INFO - [storyline.analyze_storyline_discharge_extremes] -   Analyzing 30Q10_low for Slow Jet & Northward Shift (winter, GWL 2.0)...
2026-07-22 15:35:54,638 - INFO - [storyline.analyze_storyline_discharge_extremes] -     -> Result 30Q10_low: Median T = 7.8 (N=3)
2026-07-22 15:35:54,638 - INFO - [storyline.analyze_storyline_discharge_extremes] -   Analyzing 30Q30_low for Slow Jet & Northward Shift (winter, GWL 2.0)...
2026-07-22 15:35:54,641 - INFO - [storyline.analyze_storyline_discharge_extremes] -     -> Result 30Q30_low: Median T = nan (N=0)
2026-07-22 15:35:54,641 - INFO - [storyline.analyze_storyline_discharge_extremes] -   Analyzing 30Q10_high for Slow Jet & Northward Shift (winter, GWL 2.0)...
2026-07-22 15:35:54,643 - INFO - [storyline.analyze_storyline_discharge_extremes] -     -> Result 30Q10_high: Median T = 6.2 (N=3)
2026-07-22 15:35:54,643 - INFO - [storyline.analyze_storyline_discharge_extremes] -   Analyzing 30Q30_high for Slow Jet & Northward Shift (winter, GWL 2.0)...
2026-07-22 15:35:54,645 - INFO - [storyline.analyze_storyline_discharge_extremes] -     -> Result 30Q30_high: Median T = 9.0 (N=2)
2026-07-22 15:35:54,645 - INFO - [storyline.analyze_storyline_discharge_extremes] -   Analyzing 7Q10_low for Slow Jet & Southward Shift (winter, GWL 2.0)...
2026-07-22 15:35:54,650 - INFO - [storyline.analyze_storyline_discharge_extremes] -     -> Result 7Q10_low: Median T = 15.5 (N=5)
2026-07-22 15:35:54,650 - INFO - [storyline.analyze_storyline_discharge_extremes] -   Analyzing 7Q30_low for Slow Jet & Southward Shift (winter, GWL 2.0)...
2026-07-22 15:35:54,654 - INFO - [storyline.analyze_storyline_discharge_extremes] -     -> Result 7Q30_low: Median T = 15.5 (N=2)
2026-07-22 15:35:54,654 - INFO - [storyline.analyze_storyline_discharge_extremes] -   Analyzing 7Q10_high for Slow Jet & Southward Shift (winter, GWL 2.0)...
2026-07-22 15:35:54,658 - INFO - [storyline.analyze_storyline_discharge_extremes] -     -> Result 7Q10_high: Median T = 15.5 (N=5)
2026-07-22 15:35:54,658 - INFO - [storyline.analyze_storyline_discharge_extremes] -   Analyzing 7Q30_high for Slow Jet & Southward Shift (winter, GWL 2.0)...
2026-07-22 15:35:54,662 - INFO - [storyline.analyze_storyline_discharge_extremes] -     -> Result 7Q30_high: Median T = 15.5 (N=3)
2026-07-22 15:35:54,662 - INFO - [storyline.analyze_storyline_discharge_extremes] -   Analyzing 30Q10_low for Slow Jet & Southward Shift (winter, GWL 2.0)...
2026-07-22 15:35:54,666 - INFO - [storyline.analyze_storyline_discharge_extremes] -     -> Result 30Q10_low: Median T = 23.2 (N=6)
2026-07-22 15:35:54,666 - INFO - [storyline.analyze_storyline_discharge_extremes] -   Analyzing 30Q30_low for Slow Jet & Southward Shift (winter, GWL 2.0)...
2026-07-22 15:35:54,670 - INFO - [storyline.analyze_storyline_discharge_extremes] -     -> Result 30Q30_low: Median T = 23.2 (N=2)
2026-07-22 15:35:54,670 - INFO - [storyline.analyze_storyline_discharge_extremes] -   Analyzing 30Q10_high for Slow Jet & Southward Shift (winter, GWL 2.0)...
2026-07-22 15:35:54,674 - INFO - [storyline.analyze_storyline_discharge_extremes] -     -> Result 30Q10_high: Median T = 15.5 (N=5)
2026-07-22 15:35:54,674 - INFO - [storyline.analyze_storyline_discharge_extremes] -   Analyzing 30Q30_high for Slow Jet & Southward Shift (winter, GWL 2.0)...
2026-07-22 15:35:54,678 - INFO - [storyline.analyze_storyline_discharge_extremes] -     -> Result 30Q30_high: Median T = 23.2 (N=2)
2026-07-22 15:35:54,678 - INFO - [storyline.analyze_storyline_discharge_extremes] -   Analyzing 7Q10_low for Fast Jet & Southward Shift (winter, GWL 2.0)...
2026-07-22 15:35:54,681 - INFO - [storyline.analyze_storyline_discharge_extremes] -     -> Result 7Q10_low: Median T = 4.4 (N=5)
2026-07-22 15:35:54,681 - INFO - [storyline.analyze_storyline_discharge_extremes] -   Analyzing 7Q30_low for Fast Jet & Southward Shift (winter, GWL 2.0)...
2026-07-22 15:35:54,684 - INFO - [storyline.analyze_storyline_discharge_extremes] -     -> Result 7Q30_low: Median T = 10.3 (N=5)
2026-07-22 15:35:54,684 - INFO - [storyline.analyze_storyline_discharge_extremes] -   Analyzing 7Q10_high for Fast Jet & Southward Shift (winter, GWL 2.0)...
2026-07-22 15:35:54,687 - INFO - [storyline.analyze_storyline_discharge_extremes] -     -> Result 7Q10_high: Median T = 15.5 (N=3)
2026-07-22 15:35:54,688 - INFO - [storyline.analyze_storyline_discharge_extremes] -   Analyzing 7Q30_high for Fast Jet & Southward Shift (winter, GWL 2.0)...
2026-07-22 15:35:54,690 - INFO - [storyline.analyze_storyline_discharge_extremes] -     -> Result 7Q30_high: Median T = 31.0 (N=3)
2026-07-22 15:35:54,690 - INFO - [storyline.analyze_storyline_discharge_extremes] -   Analyzing 30Q10_low for Fast Jet & Southward Shift (winter, GWL 2.0)...
2026-07-22 15:35:54,694 - INFO - [storyline.analyze_storyline_discharge_extremes] -     -> Result 30Q10_low: Median T = 5.2 (N=5)
2026-07-22 15:35:54,694 - INFO - [storyline.analyze_storyline_discharge_extremes] -   Analyzing 30Q30_low for Fast Jet & Southward Shift (winter, GWL 2.0)...
2026-07-22 15:35:54,697 - INFO - [storyline.analyze_storyline_discharge_extremes] -     -> Result 30Q30_low: Median T = 10.3 (N=5)
2026-07-22 15:35:54,697 - INFO - [storyline.analyze_storyline_discharge_extremes] -   Analyzing 30Q10_high for Fast Jet & Southward Shift (winter, GWL 2.0)...
2026-07-22 15:35:54,699 - INFO - [storyline.analyze_storyline_discharge_extremes] -     -> Result 30Q10_high: Median T = 23.2 (N=4)
2026-07-22 15:35:54,700 - INFO - [storyline.analyze_storyline_discharge_extremes] -   Analyzing 30Q30_high for Fast Jet & Southward Shift (winter, GWL 2.0)...
2026-07-22 15:35:54,702 - INFO - [storyline.analyze_storyline_discharge_extremes] -     -> Result 30Q30_high: Median T = 31.0 (N=1)
2026-07-22 15:35:54,702 - INFO - [storyline.analyze_storyline_discharge_extremes] -   Analyzing 7Q10_low for Extreme Models (winter, GWL 2.0)...
2026-07-22 15:35:54,708 - INFO - [storyline.analyze_storyline_discharge_extremes] -     -> Result 7Q10_low: Median T = 4.4 (N=10)
2026-07-22 15:35:54,708 - INFO - [storyline.analyze_storyline_discharge_extremes] -   Analyzing 7Q30_low for Extreme Models (winter, GWL 2.0)...
2026-07-22 15:35:54,714 - INFO - [storyline.analyze_storyline_discharge_extremes] -     -> Result 7Q30_low: Median T = 10.3 (N=9)
2026-07-22 15:35:54,714 - INFO - [storyline.analyze_storyline_discharge_extremes] -   Analyzing 7Q10_high for Extreme Models (winter, GWL 2.0)...
2026-07-22 15:35:54,720 - INFO - [storyline.analyze_storyline_discharge_extremes] -     -> Result 7Q10_high: Median T = 23.2 (N=6)
2026-07-22 15:35:54,720 - INFO - [storyline.analyze_storyline_discharge_extremes] -   Analyzing 7Q30_high for Extreme Models (winter, GWL 2.0)...
2026-07-22 15:35:54,726 - INFO - [storyline.analyze_storyline_discharge_extremes] -     -> Result 7Q30_high: Median T = 10.3 (N=4)
2026-07-22 15:35:54,726 - INFO - [storyline.analyze_storyline_discharge_extremes] -   Analyzing 30Q10_low for Extreme Models (winter, GWL 2.0)...
2026-07-22 15:35:54,731 - INFO - [storyline.analyze_storyline_discharge_extremes] -     -> Result 30Q10_low: Median T = 5.2 (N=10)
2026-07-22 15:35:54,732 - INFO - [storyline.analyze_storyline_discharge_extremes] -   Analyzing 30Q30_low for Extreme Models (winter, GWL 2.0)...
2026-07-22 15:35:54,737 - INFO - [storyline.analyze_storyline_discharge_extremes] -     -> Result 30Q30_low: Median T = 10.3 (N=9)
2026-07-22 15:35:54,737 - INFO - [storyline.analyze_storyline_discharge_extremes] -   Analyzing 30Q10_high for Extreme Models (winter, GWL 2.0)...
2026-07-22 15:35:54,743 - INFO - [storyline.analyze_storyline_discharge_extremes] -     -> Result 30Q10_high: Median T = 15.5 (N=8)
2026-07-22 15:35:54,743 - INFO - [storyline.analyze_storyline_discharge_extremes] -   Analyzing 30Q30_high for Extreme Models (winter, GWL 2.0)...
2026-07-22 15:35:54,748 - INFO - [storyline.analyze_storyline_discharge_extremes] -     -> Result 30Q30_high: Median T = 31.0 (N=3)
2026-07-22 15:35:54,749 - INFO - [storyline.analyze_storyline_discharge_extremes] -   Analyzing 7Q10_low for Non-Extreme Models (winter, GWL 2.0)...
2026-07-22 15:35:54,754 - INFO - [storyline.analyze_storyline_discharge_extremes] -     -> Result 7Q10_low: Median T = 31.0 (N=3)
2026-07-22 15:35:54,754 - INFO - [storyline.analyze_storyline_discharge_extremes] -   Analyzing 7Q30_low for Non-Extreme Models (winter, GWL 2.0)...
2026-07-22 15:35:54,760 - INFO - [storyline.analyze_storyline_discharge_extremes] -     -> Result 7Q30_low: Median T = 31.0 (N=1)
2026-07-22 15:35:54,760 - INFO - [storyline.analyze_storyline_discharge_extremes] -   Analyzing 7Q10_high for Non-Extreme Models (winter, GWL 2.0)...
2026-07-22 15:35:54,766 - INFO - [storyline.analyze_storyline_discharge_extremes] -     -> Result 7Q10_high: Median T = 15.5 (N=5)
2026-07-22 15:35:54,766 - INFO - [storyline.analyze_storyline_discharge_extremes] -   Analyzing 7Q30_high for Non-Extreme Models (winter, GWL 2.0)...
2026-07-22 15:35:54,771 - INFO - [storyline.analyze_storyline_discharge_extremes] -     -> Result 7Q30_high: Median T = 15.5 (N=5)
2026-07-22 15:35:54,771 - INFO - [storyline.analyze_storyline_discharge_extremes] -   Analyzing 30Q10_low for Non-Extreme Models (winter, GWL 2.0)...
2026-07-22 15:35:54,777 - INFO - [storyline.analyze_storyline_discharge_extremes] -     -> Result 30Q10_low: Median T = 31.0 (N=4)
2026-07-22 15:35:54,777 - INFO - [storyline.analyze_storyline_discharge_extremes] -   Analyzing 30Q30_low for Non-Extreme Models (winter, GWL 2.0)...
2026-07-22 15:35:54,783 - INFO - [storyline.analyze_storyline_discharge_extremes] -     -> Result 30Q30_low: Median T = 31.0 (N=1)
2026-07-22 15:35:54,783 - INFO - [storyline.analyze_storyline_discharge_extremes] -   Analyzing 30Q10_high for Non-Extreme Models (winter, GWL 2.0)...
2026-07-22 15:35:54,788 - INFO - [storyline.analyze_storyline_discharge_extremes] -     -> Result 30Q10_high: Median T = 15.5 (N=6)
2026-07-22 15:35:54,788 - INFO - [storyline.analyze_storyline_discharge_extremes] -   Analyzing 30Q30_high for Non-Extreme Models (winter, GWL 2.0)...
2026-07-22 15:35:54,794 - INFO - [storyline.analyze_storyline_discharge_extremes] -     -> Result 30Q30_high: Median T = 15.5 (N=4)
2026-07-22 15:35:54,794 - INFO - [storyline.analyze_storyline_discharge_extremes] -   Analyzing 7Q10_low for MMM (summer, GWL 2.0)...
2026-07-22 15:35:54,812 - INFO - [storyline.analyze_storyline_discharge_extremes] -     -> Result 7Q10_low: Median T = 15.5 (N=18)
2026-07-22 15:35:54,813 - INFO - [storyline.analyze_storyline_discharge_extremes] -   Analyzing 7Q30_low for MMM (summer, GWL 2.0)...
2026-07-22 15:35:54,829 - INFO - [storyline.analyze_storyline_discharge_extremes] -     -> Result 7Q30_low: Median T = 31.0 (N=12)
2026-07-22 15:35:54,829 - INFO - [storyline.analyze_storyline_discharge_extremes] -   Analyzing 7Q10_high for MMM (summer, GWL 2.0)...
2026-07-22 15:35:54,847 - INFO - [storyline.analyze_storyline_discharge_extremes] -     -> Result 7Q10_high: Median T = 10.3 (N=28)
2026-07-22 15:35:54,847 - INFO - [storyline.analyze_storyline_discharge_extremes] -   Analyzing 7Q30_high for MMM (summer, GWL 2.0)...
2026-07-22 15:35:54,864 - INFO - [storyline.analyze_storyline_discharge_extremes] -     -> Result 7Q30_high: Median T = 31.0 (N=22)
2026-07-22 15:35:54,864 - INFO - [storyline.analyze_storyline_discharge_extremes] -   Analyzing 30Q10_low for MMM (summer, GWL 2.0)...
2026-07-22 15:35:54,881 - INFO - [storyline.analyze_storyline_discharge_extremes] -     -> Result 30Q10_low: Median T = 12.9 (N=20)
2026-07-22 15:35:54,881 - INFO - [storyline.analyze_storyline_discharge_extremes] -   Analyzing 30Q30_low for MMM (summer, GWL 2.0)...
2026-07-22 15:35:54,898 - INFO - [storyline.analyze_storyline_discharge_extremes] -     -> Result 30Q30_low: Median T = 23.2 (N=12)
2026-07-22 15:35:54,898 - INFO - [storyline.analyze_storyline_discharge_extremes] -   Analyzing 30Q10_high for MMM (summer, GWL 2.0)...
2026-07-22 15:35:54,916 - INFO - [storyline.analyze_storyline_discharge_extremes] -     -> Result 30Q10_high: Median T = 15.5 (N=29)
2026-07-22 15:35:54,916 - INFO - [storyline.analyze_storyline_discharge_extremes] -   Analyzing 30Q30_high for MMM (summer, GWL 2.0)...
2026-07-22 15:35:54,933 - INFO - [storyline.analyze_storyline_discharge_extremes] -     -> Result 30Q30_high: Median T = 23.2 (N=20)
2026-07-22 15:35:54,933 - INFO - [storyline.analyze_storyline_discharge_extremes] -   Analyzing 7Q10_low for Fast Jet & Northward Shift (summer, GWL 2.0)...
2026-07-22 15:35:54,937 - INFO - [storyline.analyze_storyline_discharge_extremes] -     -> Result 7Q10_low: Median T = 15.5 (N=5)
2026-07-22 15:35:54,938 - INFO - [storyline.analyze_storyline_discharge_extremes] -   Analyzing 7Q30_low for Fast Jet & Northward Shift (summer, GWL 2.0)...
2026-07-22 15:35:54,942 - INFO - [storyline.analyze_storyline_discharge_extremes] -     -> Result 7Q30_low: Median T = 31.0 (N=5)
2026-07-22 15:35:54,942 - INFO - [storyline.analyze_storyline_discharge_extremes] -   Analyzing 7Q10_high for Fast Jet & Northward Shift (summer, GWL 2.0)...
2026-07-22 15:35:54,946 - INFO - [storyline.analyze_storyline_discharge_extremes] -     -> Result 7Q10_high: Median T = 12.9 (N=6)
2026-07-22 15:35:54,947 - INFO - [storyline.analyze_storyline_discharge_extremes] -   Analyzing 7Q30_high for Fast Jet & Northward Shift (summer, GWL 2.0)...
2026-07-22 15:35:54,951 - INFO - [storyline.analyze_storyline_discharge_extremes] -     -> Result 7Q30_high: Median T = 31.0 (N=4)
2026-07-22 15:35:54,951 - INFO - [storyline.analyze_storyline_discharge_extremes] -   Analyzing 30Q10_low for Fast Jet & Northward Shift (summer, GWL 2.0)...
2026-07-22 15:35:54,956 - INFO - [storyline.analyze_storyline_discharge_extremes] -     -> Result 30Q10_low: Median T = 7.8 (N=5)
2026-07-22 15:35:54,956 - INFO - [storyline.analyze_storyline_discharge_extremes] -   Analyzing 30Q30_low for Fast Jet & Northward Shift (summer, GWL 2.0)...
2026-07-22 15:35:54,960 - INFO - [storyline.analyze_storyline_discharge_extremes] -     -> Result 30Q30_low: Median T = 15.5 (N=5)
2026-07-22 15:35:54,960 - INFO - [storyline.analyze_storyline_discharge_extremes] -   Analyzing 30Q10_high for Fast Jet & Northward Shift (summer, GWL 2.0)...
2026-07-22 15:35:54,965 - INFO - [storyline.analyze_storyline_discharge_extremes] -     -> Result 30Q10_high: Median T = 15.5 (N=7)
2026-07-22 15:35:54,965 - INFO - [storyline.analyze_storyline_discharge_extremes] -   Analyzing 30Q30_high for Fast Jet & Northward Shift (summer, GWL 2.0)...
2026-07-22 15:35:54,969 - INFO - [storyline.analyze_storyline_discharge_extremes] -     -> Result 30Q30_high: Median T = 31.0 (N=5)
2026-07-22 15:35:54,969 - INFO - [storyline.analyze_storyline_discharge_extremes] -   Analyzing 7Q10_low for Slow Jet & Northward Shift (summer, GWL 2.0)...
2026-07-22 15:35:54,972 - INFO - [storyline.analyze_storyline_discharge_extremes] -     -> Result 7Q10_low: Median T = 20.7 (N=4)
2026-07-22 15:35:54,973 - INFO - [storyline.analyze_storyline_discharge_extremes] -   Analyzing 7Q30_low for Slow Jet & Northward Shift (summer, GWL 2.0)...
2026-07-22 15:35:54,975 - INFO - [storyline.analyze_storyline_discharge_extremes] -     -> Result 7Q30_low: Median T = 31.0 (N=3)
2026-07-22 15:35:54,975 - INFO - [storyline.analyze_storyline_discharge_extremes] -   Analyzing 7Q10_high for Slow Jet & Northward Shift (summer, GWL 2.0)...
2026-07-22 15:35:54,978 - INFO - [storyline.analyze_storyline_discharge_extremes] -     -> Result 7Q10_high: Median T = 15.5 (N=5)
2026-07-22 15:35:54,978 - INFO - [storyline.analyze_storyline_discharge_extremes] -   Analyzing 7Q30_high for Slow Jet & Northward Shift (summer, GWL 2.0)...
2026-07-22 15:35:54,981 - INFO - [storyline.analyze_storyline_discharge_extremes] -     -> Result 7Q30_high: Median T = 31.0 (N=5)
2026-07-22 15:35:54,981 - INFO - [storyline.analyze_storyline_discharge_extremes] -   Analyzing 30Q10_low for Slow Jet & Northward Shift (summer, GWL 2.0)...
2026-07-22 15:35:54,984 - INFO - [storyline.analyze_storyline_discharge_extremes] -     -> Result 30Q10_low: Median T = 15.5 (N=5)
2026-07-22 15:35:54,984 - INFO - [storyline.analyze_storyline_discharge_extremes] -   Analyzing 30Q30_low for Slow Jet & Northward Shift (summer, GWL 2.0)...
2026-07-22 15:35:54,987 - INFO - [storyline.analyze_storyline_discharge_extremes] -     -> Result 30Q30_low: Median T = 31.0 (N=3)
2026-07-22 15:35:54,987 - INFO - [storyline.analyze_storyline_discharge_extremes] -   Analyzing 30Q10_high for Slow Jet & Northward Shift (summer, GWL 2.0)...
2026-07-22 15:35:54,990 - INFO - [storyline.analyze_storyline_discharge_extremes] -     -> Result 30Q10_high: Median T = 10.3 (N=5)
2026-07-22 15:35:54,990 - INFO - [storyline.analyze_storyline_discharge_extremes] -   Analyzing 30Q30_high for Slow Jet & Northward Shift (summer, GWL 2.0)...
2026-07-22 15:35:54,993 - INFO - [storyline.analyze_storyline_discharge_extremes] -     -> Result 30Q30_high: Median T = 15.5 (N=4)
2026-07-22 15:35:54,993 - INFO - [storyline.analyze_storyline_discharge_extremes] -   Analyzing 7Q10_low for Slow Jet & Southward Shift (summer, GWL 2.0)...
2026-07-22 15:35:54,996 - INFO - [storyline.analyze_storyline_discharge_extremes] -     -> Result 7Q10_low: Median T = 31.0 (N=2)
2026-07-22 15:35:54,996 - INFO - [storyline.analyze_storyline_discharge_extremes] -   Analyzing 7Q30_low for Slow Jet & Southward Shift (summer, GWL 2.0)...
2026-07-22 15:35:54,999 - INFO - [storyline.analyze_storyline_discharge_extremes] -     -> Result 7Q30_low: Median T = nan (N=0)
2026-07-22 15:35:54,999 - INFO - [storyline.analyze_storyline_discharge_extremes] -   Analyzing 7Q10_high for Slow Jet & Southward Shift (summer, GWL 2.0)...
2026-07-22 15:35:55,002 - INFO - [storyline.analyze_storyline_discharge_extremes] -     -> Result 7Q10_high: Median T = 10.3 (N=5)
2026-07-22 15:35:55,002 - INFO - [storyline.analyze_storyline_discharge_extremes] -   Analyzing 7Q30_high for Slow Jet & Southward Shift (summer, GWL 2.0)...
2026-07-22 15:35:55,005 - INFO - [storyline.analyze_storyline_discharge_extremes] -     -> Result 7Q30_high: Median T = 31.0 (N=5)
2026-07-22 15:35:55,005 - INFO - [storyline.analyze_storyline_discharge_extremes] -   Analyzing 30Q10_low for Slow Jet & Southward Shift (summer, GWL 2.0)...
2026-07-22 15:35:55,008 - INFO - [storyline.analyze_storyline_discharge_extremes] -     -> Result 30Q10_low: Median T = 31.0 (N=2)
2026-07-22 15:35:55,008 - INFO - [storyline.analyze_storyline_discharge_extremes] -   Analyzing 30Q30_low for Slow Jet & Southward Shift (summer, GWL 2.0)...
2026-07-22 15:35:55,011 - INFO - [storyline.analyze_storyline_discharge_extremes] -     -> Result 30Q30_low: Median T = nan (N=0)
2026-07-22 15:35:55,011 - INFO - [storyline.analyze_storyline_discharge_extremes] -   Analyzing 30Q10_high for Slow Jet & Southward Shift (summer, GWL 2.0)...
2026-07-22 15:35:55,014 - INFO - [storyline.analyze_storyline_discharge_extremes] -     -> Result 30Q10_high: Median T = 10.3 (N=5)
2026-07-22 15:35:55,014 - INFO - [storyline.analyze_storyline_discharge_extremes] -   Analyzing 30Q30_high for Slow Jet & Southward Shift (summer, GWL 2.0)...
2026-07-22 15:35:55,017 - INFO - [storyline.analyze_storyline_discharge_extremes] -     -> Result 30Q30_high: Median T = 15.5 (N=4)
2026-07-22 15:35:55,017 - INFO - [storyline.analyze_storyline_discharge_extremes] -   Analyzing 7Q10_low for Fast Jet & Southward Shift (summer, GWL 2.0)...
2026-07-22 15:35:55,020 - INFO - [storyline.analyze_storyline_discharge_extremes] -     -> Result 7Q10_low: Median T = 31.0 (N=2)
2026-07-22 15:35:55,020 - INFO - [storyline.analyze_storyline_discharge_extremes] -   Analyzing 7Q30_low for Fast Jet & Southward Shift (summer, GWL 2.0)...
2026-07-22 15:35:55,024 - INFO - [storyline.analyze_storyline_discharge_extremes] -     -> Result 7Q30_low: Median T = nan (N=0)
2026-07-22 15:35:55,024 - INFO - [storyline.analyze_storyline_discharge_extremes] -   Analyzing 7Q10_high for Fast Jet & Southward Shift (summer, GWL 2.0)...
2026-07-22 15:35:55,027 - INFO - [storyline.analyze_storyline_discharge_extremes] -     -> Result 7Q10_high: Median T = 10.3 (N=6)
2026-07-22 15:35:55,027 - INFO - [storyline.analyze_storyline_discharge_extremes] -   Analyzing 7Q30_high for Fast Jet & Southward Shift (summer, GWL 2.0)...
2026-07-22 15:35:55,031 - INFO - [storyline.analyze_storyline_discharge_extremes] -     -> Result 7Q30_high: Median T = 15.5 (N=3)
2026-07-22 15:35:55,031 - INFO - [storyline.analyze_storyline_discharge_extremes] -   Analyzing 30Q10_low for Fast Jet & Southward Shift (summer, GWL 2.0)...
2026-07-22 15:35:55,034 - INFO - [storyline.analyze_storyline_discharge_extremes] -     -> Result 30Q10_low: Median T = 31.0 (N=3)
2026-07-22 15:35:55,034 - INFO - [storyline.analyze_storyline_discharge_extremes] -   Analyzing 30Q30_low for Fast Jet & Southward Shift (summer, GWL 2.0)...
2026-07-22 15:35:55,037 - INFO - [storyline.analyze_storyline_discharge_extremes] -     -> Result 30Q30_low: Median T = nan (N=0)
2026-07-22 15:35:55,038 - INFO - [storyline.analyze_storyline_discharge_extremes] -   Analyzing 30Q10_high for Fast Jet & Southward Shift (summer, GWL 2.0)...
2026-07-22 15:35:55,041 - INFO - [storyline.analyze_storyline_discharge_extremes] -     -> Result 30Q10_high: Median T = 15.5 (N=6)
2026-07-22 15:35:55,041 - INFO - [storyline.analyze_storyline_discharge_extremes] -   Analyzing 30Q30_high for Fast Jet & Southward Shift (summer, GWL 2.0)...
2026-07-22 15:35:55,044 - INFO - [storyline.analyze_storyline_discharge_extremes] -     -> Result 30Q30_high: Median T = 31.0 (N=3)
2026-07-22 15:35:55,044 - INFO - [storyline.analyze_storyline_discharge_extremes] -   Analyzing 7Q10_low for Extreme Models (summer, GWL 2.0)...
2026-07-22 15:35:55,050 - INFO - [storyline.analyze_storyline_discharge_extremes] -     -> Result 7Q10_low: Median T = 7.8 (N=10)
2026-07-22 15:35:55,050 - INFO - [storyline.analyze_storyline_discharge_extremes] -   Analyzing 7Q30_low for Extreme Models (summer, GWL 2.0)...
2026-07-22 15:35:55,056 - INFO - [storyline.analyze_storyline_discharge_extremes] -     -> Result 7Q30_low: Median T = 15.5 (N=9)
2026-07-22 15:35:55,056 - INFO - [storyline.analyze_storyline_discharge_extremes] -   Analyzing 7Q10_high for Extreme Models (summer, GWL 2.0)...
2026-07-22 15:35:55,061 - INFO - [storyline.analyze_storyline_discharge_extremes] -     -> Result 7Q10_high: Median T = 10.3 (N=10)
2026-07-22 15:35:55,061 - INFO - [storyline.analyze_storyline_discharge_extremes] -   Analyzing 7Q30_high for Extreme Models (summer, GWL 2.0)...
2026-07-22 15:35:55,067 - INFO - [storyline.analyze_storyline_discharge_extremes] -     -> Result 7Q30_high: Median T = 31.0 (N=9)
2026-07-22 15:35:55,067 - INFO - [storyline.analyze_storyline_discharge_extremes] -   Analyzing 30Q10_low for Extreme Models (summer, GWL 2.0)...
2026-07-22 15:35:55,072 - INFO - [storyline.analyze_storyline_discharge_extremes] -     -> Result 30Q10_low: Median T = 6.2 (N=10)
2026-07-22 15:35:55,072 - INFO - [storyline.analyze_storyline_discharge_extremes] -   Analyzing 30Q30_low for Extreme Models (summer, GWL 2.0)...
2026-07-22 15:35:55,078 - INFO - [storyline.analyze_storyline_discharge_extremes] -     -> Result 30Q30_low: Median T = 15.5 (N=9)
2026-07-22 15:35:55,078 - INFO - [storyline.analyze_storyline_discharge_extremes] -   Analyzing 30Q10_high for Extreme Models (summer, GWL 2.0)...
2026-07-22 15:35:55,084 - INFO - [storyline.analyze_storyline_discharge_extremes] -     -> Result 30Q10_high: Median T = 12.9 (N=10)
2026-07-22 15:35:55,084 - INFO - [storyline.analyze_storyline_discharge_extremes] -   Analyzing 30Q30_high for Extreme Models (summer, GWL 2.0)...
2026-07-22 15:35:55,089 - INFO - [storyline.analyze_storyline_discharge_extremes] -     -> Result 30Q30_high: Median T = 31.0 (N=7)
2026-07-22 15:35:55,089 - INFO - [storyline.analyze_storyline_discharge_extremes] -   Analyzing 7Q10_low for Non-Extreme Models (summer, GWL 2.0)...
2026-07-22 15:35:55,095 - INFO - [storyline.analyze_storyline_discharge_extremes] -     -> Result 7Q10_low: Median T = nan (N=0)
2026-07-22 15:35:55,095 - INFO - [storyline.analyze_storyline_discharge_extremes] -   Analyzing 7Q30_low for Non-Extreme Models (summer, GWL 2.0)...
2026-07-22 15:35:55,101 - INFO - [storyline.analyze_storyline_discharge_extremes] -     -> Result 7Q30_low: Median T = nan (N=0)
2026-07-22 15:35:55,101 - INFO - [storyline.analyze_storyline_discharge_extremes] -   Analyzing 7Q10_high for Non-Extreme Models (summer, GWL 2.0)...
2026-07-22 15:35:55,106 - INFO - [storyline.analyze_storyline_discharge_extremes] -     -> Result 7Q10_high: Median T = 10.3 (N=7)
2026-07-22 15:35:55,106 - INFO - [storyline.analyze_storyline_discharge_extremes] -   Analyzing 7Q30_high for Non-Extreme Models (summer, GWL 2.0)...
2026-07-22 15:35:55,112 - INFO - [storyline.analyze_storyline_discharge_extremes] -     -> Result 7Q30_high: Median T = 23.2 (N=6)
2026-07-22 15:35:55,112 - INFO - [storyline.analyze_storyline_discharge_extremes] -   Analyzing 30Q10_low for Non-Extreme Models (summer, GWL 2.0)...
2026-07-22 15:35:55,117 - INFO - [storyline.analyze_storyline_discharge_extremes] -     -> Result 30Q10_low: Median T = nan (N=0)
2026-07-22 15:35:55,117 - INFO - [storyline.analyze_storyline_discharge_extremes] -   Analyzing 30Q30_low for Non-Extreme Models (summer, GWL 2.0)...
2026-07-22 15:35:55,123 - INFO - [storyline.analyze_storyline_discharge_extremes] -     -> Result 30Q30_low: Median T = nan (N=0)
2026-07-22 15:35:55,123 - INFO - [storyline.analyze_storyline_discharge_extremes] -   Analyzing 30Q10_high for Non-Extreme Models (summer, GWL 2.0)...
2026-07-22 15:35:55,128 - INFO - [storyline.analyze_storyline_discharge_extremes] -     -> Result 30Q10_high: Median T = 10.3 (N=9)
2026-07-22 15:35:55,128 - INFO - [storyline.analyze_storyline_discharge_extremes] -   Analyzing 30Q30_high for Non-Extreme Models (summer, GWL 2.0)...
2026-07-22 15:35:55,134 - INFO - [storyline.analyze_storyline_discharge_extremes] -     -> Result 30Q30_high: Median T = 31.0 (N=7)
2026-07-22 15:35:55,134 - INFO - [storyline.analyze_storyline_discharge_extremes] -   Analyzing 7Q10_low for MMM (full_year, GWL 2.0)...
2026-07-22 15:35:55,151 - INFO - [storyline.analyze_storyline_discharge_extremes] -     -> Result 7Q10_low: Median T = 9.0 (N=26)
2026-07-22 15:35:55,151 - INFO - [storyline.analyze_storyline_discharge_extremes] -   Analyzing 7Q30_low for MMM (full_year, GWL 2.0)...
2026-07-22 15:35:55,167 - INFO - [storyline.analyze_storyline_discharge_extremes] -     -> Result 7Q30_low: Median T = 12.9 (N=16)
2026-07-22 15:35:55,168 - INFO - [storyline.analyze_storyline_discharge_extremes] -   Analyzing 7Q10_high for MMM (full_year, GWL 2.0)...
2026-07-22 15:35:55,185 - INFO - [storyline.analyze_storyline_discharge_extremes] -     -> Result 7Q10_high: Median T = 10.3 (N=30)
2026-07-22 15:35:55,185 - INFO - [storyline.analyze_storyline_discharge_extremes] -   Analyzing 7Q30_high for MMM (full_year, GWL 2.0)...
2026-07-22 15:35:55,202 - INFO - [storyline.analyze_storyline_discharge_extremes] -     -> Result 7Q30_high: Median T = 31.0 (N=25)
2026-07-22 15:35:55,202 - INFO - [storyline.analyze_storyline_discharge_extremes] -   Analyzing 30Q10_low for MMM (full_year, GWL 2.0)...
2026-07-22 15:35:55,218 - INFO - [storyline.analyze_storyline_discharge_extremes] -     -> Result 30Q10_low: Median T = 7.8 (N=27)
2026-07-22 15:35:55,218 - INFO - [storyline.analyze_storyline_discharge_extremes] -   Analyzing 30Q30_low for MMM (full_year, GWL 2.0)...
2026-07-22 15:35:55,235 - INFO - [storyline.analyze_storyline_discharge_extremes] -     -> Result 30Q30_low: Median T = 15.5 (N=17)
2026-07-22 15:35:55,235 - INFO - [storyline.analyze_storyline_discharge_extremes] -   Analyzing 30Q10_high for MMM (full_year, GWL 2.0)...
2026-07-22 15:35:55,252 - INFO - [storyline.analyze_storyline_discharge_extremes] -     -> Result 30Q10_high: Median T = 9.0 (N=30)
2026-07-22 15:35:55,252 - INFO - [storyline.analyze_storyline_discharge_extremes] -   Analyzing 30Q30_high for MMM (full_year, GWL 2.0)...
2026-07-22 15:35:55,273 - INFO - [storyline.analyze_storyline_discharge_extremes] -     -> Result 30Q30_high: Median T = 23.2 (N=22)
2026-07-22 15:35:55,273 - INFO - [storyline.analyze_storyline_discharge_extremes] -   Analyzing 7Q10_low for Fast Jet & Northward Shift (full_year, GWL 2.0)...
2026-07-22 15:35:55,276 - INFO - [storyline.analyze_storyline_discharge_extremes] -     -> Result 7Q10_low: Median T = 17.1 (N=4)
2026-07-22 15:35:55,276 - INFO - [storyline.analyze_storyline_discharge_extremes] -   Analyzing 7Q30_low for Fast Jet & Northward Shift (full_year, GWL 2.0)...
2026-07-22 15:35:55,279 - INFO - [storyline.analyze_storyline_discharge_extremes] -     -> Result 7Q30_low: Median T = 6.1 (N=2)
2026-07-22 15:35:55,279 - INFO - [storyline.analyze_storyline_discharge_extremes] -   Analyzing 7Q10_high for Fast Jet & Northward Shift (full_year, GWL 2.0)...
2026-07-22 15:35:55,282 - INFO - [storyline.analyze_storyline_discharge_extremes] -     -> Result 7Q10_high: Median T = 8.3 (N=4)
2026-07-22 15:35:55,282 - INFO - [storyline.analyze_storyline_discharge_extremes] -   Analyzing 7Q30_high for Fast Jet & Northward Shift (full_year, GWL 2.0)...
2026-07-22 15:35:55,285 - INFO - [storyline.analyze_storyline_discharge_extremes] -     -> Result 7Q30_high: Median T = 31.0 (N=3)
2026-07-22 15:35:55,285 - INFO - [storyline.analyze_storyline_discharge_extremes] -   Analyzing 30Q10_low for Fast Jet & Northward Shift (full_year, GWL 2.0)...
2026-07-22 15:35:55,288 - INFO - [storyline.analyze_storyline_discharge_extremes] -     -> Result 30Q10_low: Median T = 16.9 (N=4)
2026-07-22 15:35:55,288 - INFO - [storyline.analyze_storyline_discharge_extremes] -   Analyzing 30Q30_low for Fast Jet & Northward Shift (full_year, GWL 2.0)...
2026-07-22 15:35:55,291 - INFO - [storyline.analyze_storyline_discharge_extremes] -     -> Result 30Q30_low: Median T = 6.5 (N=2)
2026-07-22 15:35:55,291 - INFO - [storyline.analyze_storyline_discharge_extremes] -   Analyzing 30Q10_high for Fast Jet & Northward Shift (full_year, GWL 2.0)...
2026-07-22 15:35:55,294 - INFO - [storyline.analyze_storyline_discharge_extremes] -     -> Result 30Q10_high: Median T = 15.5 (N=5)
2026-07-22 15:35:55,294 - INFO - [storyline.analyze_storyline_discharge_extremes] -   Analyzing 30Q30_high for Fast Jet & Northward Shift (full_year, GWL 2.0)...
2026-07-22 15:35:55,297 - INFO - [storyline.analyze_storyline_discharge_extremes] -     -> Result 30Q30_high: Median T = 23.2 (N=2)
2026-07-22 15:35:55,297 - INFO - [storyline.analyze_storyline_discharge_extremes] -   Analyzing 7Q10_low for Slow Jet & Northward Shift (full_year, GWL 2.0)...
2026-07-22 15:35:55,299 - INFO - [storyline.analyze_storyline_discharge_extremes] -     -> Result 7Q10_low: Median T = 23.2 (N=4)
2026-07-22 15:35:55,299 - INFO - [storyline.analyze_storyline_discharge_extremes] -   Analyzing 7Q30_low for Slow Jet & Northward Shift (full_year, GWL 2.0)...
2026-07-22 15:35:55,301 - INFO - [storyline.analyze_storyline_discharge_extremes] -     -> Result 7Q30_low: Median T = nan (N=0)
2026-07-22 15:35:55,301 - INFO - [storyline.analyze_storyline_discharge_extremes] -   Analyzing 7Q10_high for Slow Jet & Northward Shift (full_year, GWL 2.0)...
2026-07-22 15:35:55,304 - INFO - [storyline.analyze_storyline_discharge_extremes] -     -> Result 7Q10_high: Median T = 4.5 (N=4)
2026-07-22 15:35:55,304 - INFO - [storyline.analyze_storyline_discharge_extremes] -   Analyzing 7Q30_high for Slow Jet & Northward Shift (full_year, GWL 2.0)...
2026-07-22 15:35:55,306 - INFO - [storyline.analyze_storyline_discharge_extremes] -     -> Result 7Q30_high: Median T = 11.6 (N=4)
2026-07-22 15:35:55,307 - INFO - [storyline.analyze_storyline_discharge_extremes] -   Analyzing 30Q10_low for Slow Jet & Northward Shift (full_year, GWL 2.0)...
2026-07-22 15:35:55,309 - INFO - [storyline.analyze_storyline_discharge_extremes] -     -> Result 30Q10_low: Median T = 11.6 (N=4)
2026-07-22 15:35:55,309 - INFO - [storyline.analyze_storyline_discharge_extremes] -   Analyzing 30Q30_low for Slow Jet & Northward Shift (full_year, GWL 2.0)...
2026-07-22 15:35:55,311 - INFO - [storyline.analyze_storyline_discharge_extremes] -     -> Result 30Q30_low: Median T = nan (N=0)
2026-07-22 15:35:55,311 - INFO - [storyline.analyze_storyline_discharge_extremes] -   Analyzing 30Q10_high for Slow Jet & Northward Shift (full_year, GWL 2.0)...
2026-07-22 15:35:55,314 - INFO - [storyline.analyze_storyline_discharge_extremes] -     -> Result 30Q10_high: Median T = 8.3 (N=4)
2026-07-22 15:35:55,314 - INFO - [storyline.analyze_storyline_discharge_extremes] -   Analyzing 30Q30_high for Slow Jet & Northward Shift (full_year, GWL 2.0)...
2026-07-22 15:35:55,316 - INFO - [storyline.analyze_storyline_discharge_extremes] -     -> Result 30Q30_high: Median T = 7.8 (N=3)
2026-07-22 15:35:55,316 - INFO - [storyline.analyze_storyline_discharge_extremes] -   Analyzing 7Q10_low for Slow Jet & Southward Shift (full_year, GWL 2.0)...
2026-07-22 15:35:55,320 - INFO - [storyline.analyze_storyline_discharge_extremes] -     -> Result 7Q10_low: Median T = 10.3 (N=5)
2026-07-22 15:35:55,320 - INFO - [storyline.analyze_storyline_discharge_extremes] -   Analyzing 7Q30_low for Slow Jet & Southward Shift (full_year, GWL 2.0)...
2026-07-22 15:35:55,324 - INFO - [storyline.analyze_storyline_discharge_extremes] -     -> Result 7Q30_low: Median T = 15.5 (N=2)
2026-07-22 15:35:55,324 - INFO - [storyline.analyze_storyline_discharge_extremes] -   Analyzing 7Q10_high for Slow Jet & Southward Shift (full_year, GWL 2.0)...
2026-07-22 15:35:55,328 - INFO - [storyline.analyze_storyline_discharge_extremes] -     -> Result 7Q10_high: Median T = 10.3 (N=7)
2026-07-22 15:35:55,328 - INFO - [storyline.analyze_storyline_discharge_extremes] -   Analyzing 7Q30_high for Slow Jet & Southward Shift (full_year, GWL 2.0)...
2026-07-22 15:35:55,332 - INFO - [storyline.analyze_storyline_discharge_extremes] -     -> Result 7Q30_high: Median T = 23.2 (N=6)
2026-07-22 15:35:55,332 - INFO - [storyline.analyze_storyline_discharge_extremes] -   Analyzing 30Q10_low for Slow Jet & Southward Shift (full_year, GWL 2.0)...
2026-07-22 15:35:55,336 - INFO - [storyline.analyze_storyline_discharge_extremes] -     -> Result 30Q10_low: Median T = 15.5 (N=6)
2026-07-22 15:35:55,336 - INFO - [storyline.analyze_storyline_discharge_extremes] -   Analyzing 30Q30_low for Slow Jet & Southward Shift (full_year, GWL 2.0)...
2026-07-22 15:35:55,340 - INFO - [storyline.analyze_storyline_discharge_extremes] -     -> Result 30Q30_low: Median T = 23.2 (N=2)
2026-07-22 15:35:55,340 - INFO - [storyline.analyze_storyline_discharge_extremes] -   Analyzing 30Q10_high for Slow Jet & Southward Shift (full_year, GWL 2.0)...
2026-07-22 15:35:55,344 - INFO - [storyline.analyze_storyline_discharge_extremes] -     -> Result 30Q10_high: Median T = 10.3 (N=7)
2026-07-22 15:35:55,344 - INFO - [storyline.analyze_storyline_discharge_extremes] -   Analyzing 30Q30_high for Slow Jet & Southward Shift (full_year, GWL 2.0)...
2026-07-22 15:35:55,348 - INFO - [storyline.analyze_storyline_discharge_extremes] -     -> Result 30Q30_high: Median T = 31.0 (N=6)
2026-07-22 15:35:55,348 - INFO - [storyline.analyze_storyline_discharge_extremes] -   Analyzing 7Q10_low for Fast Jet & Southward Shift (full_year, GWL 2.0)...
2026-07-22 15:35:55,351 - INFO - [storyline.analyze_storyline_discharge_extremes] -     -> Result 7Q10_low: Median T = 3.9 (N=5)
2026-07-22 15:35:55,352 - INFO - [storyline.analyze_storyline_discharge_extremes] -   Analyzing 7Q30_low for Fast Jet & Southward Shift (full_year, GWL 2.0)...
2026-07-22 15:35:55,355 - INFO - [storyline.analyze_storyline_discharge_extremes] -     -> Result 7Q30_low: Median T = 10.3 (N=5)
2026-07-22 15:35:55,355 - INFO - [storyline.analyze_storyline_discharge_extremes] -   Analyzing 7Q10_high for Fast Jet & Southward Shift (full_year, GWL 2.0)...
2026-07-22 15:35:55,358 - INFO - [storyline.analyze_storyline_discharge_extremes] -     -> Result 7Q10_high: Median T = 10.3 (N=5)
2026-07-22 15:35:55,358 - INFO - [storyline.analyze_storyline_discharge_extremes] -   Analyzing 7Q30_high for Fast Jet & Southward Shift (full_year, GWL 2.0)...
2026-07-22 15:35:55,361 - INFO - [storyline.analyze_storyline_discharge_extremes] -     -> Result 7Q30_high: Median T = 31.0 (N=5)
2026-07-22 15:35:55,361 - INFO - [storyline.analyze_storyline_discharge_extremes] -   Analyzing 30Q10_low for Fast Jet & Southward Shift (full_year, GWL 2.0)...
2026-07-22 15:35:55,364 - INFO - [storyline.analyze_storyline_discharge_extremes] -     -> Result 30Q10_low: Median T = 4.4 (N=5)
2026-07-22 15:35:55,364 - INFO - [storyline.analyze_storyline_discharge_extremes] -   Analyzing 30Q30_low for Fast Jet & Southward Shift (full_year, GWL 2.0)...
2026-07-22 15:35:55,367 - INFO - [storyline.analyze_storyline_discharge_extremes] -     -> Result 30Q30_low: Median T = 10.3 (N=5)
2026-07-22 15:35:55,367 - INFO - [storyline.analyze_storyline_discharge_extremes] -   Analyzing 30Q10_high for Fast Jet & Southward Shift (full_year, GWL 2.0)...
2026-07-22 15:35:55,370 - INFO - [storyline.analyze_storyline_discharge_extremes] -     -> Result 30Q10_high: Median T = 7.8 (N=5)
2026-07-22 15:35:55,370 - INFO - [storyline.analyze_storyline_discharge_extremes] -   Analyzing 30Q30_high for Fast Jet & Southward Shift (full_year, GWL 2.0)...
2026-07-22 15:35:55,373 - INFO - [storyline.analyze_storyline_discharge_extremes] -     -> Result 30Q30_high: Median T = 15.5 (N=5)
2026-07-22 15:35:55,373 - INFO - [storyline.analyze_storyline_discharge_extremes] -   Analyzing 7Q10_low for Extreme Models (full_year, GWL 2.0)...
2026-07-22 15:35:55,378 - INFO - [storyline.analyze_storyline_discharge_extremes] -     -> Result 7Q10_low: Median T = 4.2 (N=10)
2026-07-22 15:35:55,378 - INFO - [storyline.analyze_storyline_discharge_extremes] -   Analyzing 7Q30_low for Extreme Models (full_year, GWL 2.0)...
2026-07-22 15:35:55,384 - INFO - [storyline.analyze_storyline_discharge_extremes] -     -> Result 7Q30_low: Median T = 7.8 (N=9)
2026-07-22 15:35:55,384 - INFO - [storyline.analyze_storyline_discharge_extremes] -   Analyzing 7Q10_high for Extreme Models (full_year, GWL 2.0)...
2026-07-22 15:35:55,389 - INFO - [storyline.analyze_storyline_discharge_extremes] -     -> Result 7Q10_high: Median T = 10.3 (N=10)
2026-07-22 15:35:55,389 - INFO - [storyline.analyze_storyline_discharge_extremes] -   Analyzing 7Q30_high for Extreme Models (full_year, GWL 2.0)...
2026-07-22 15:35:55,395 - INFO - [storyline.analyze_storyline_discharge_extremes] -     -> Result 7Q30_high: Median T = 31.0 (N=9)
2026-07-22 15:35:55,395 - INFO - [storyline.analyze_storyline_discharge_extremes] -   Analyzing 30Q10_low for Extreme Models (full_year, GWL 2.0)...
2026-07-22 15:35:55,400 - INFO - [storyline.analyze_storyline_discharge_extremes] -     -> Result 30Q10_low: Median T = 4.4 (N=10)
2026-07-22 15:35:55,400 - INFO - [storyline.analyze_storyline_discharge_extremes] -   Analyzing 30Q30_low for Extreme Models (full_year, GWL 2.0)...
2026-07-22 15:35:55,406 - INFO - [storyline.analyze_storyline_discharge_extremes] -     -> Result 30Q30_low: Median T = 7.8 (N=9)
2026-07-22 15:35:55,406 - INFO - [storyline.analyze_storyline_discharge_extremes] -   Analyzing 30Q10_high for Extreme Models (full_year, GWL 2.0)...
2026-07-22 15:35:55,411 - INFO - [storyline.analyze_storyline_discharge_extremes] -     -> Result 30Q10_high: Median T = 7.8 (N=10)
2026-07-22 15:35:55,412 - INFO - [storyline.analyze_storyline_discharge_extremes] -   Analyzing 30Q30_high for Extreme Models (full_year, GWL 2.0)...
2026-07-22 15:35:55,417 - INFO - [storyline.analyze_storyline_discharge_extremes] -     -> Result 30Q30_high: Median T = 31.0 (N=7)
2026-07-22 15:35:55,417 - INFO - [storyline.analyze_storyline_discharge_extremes] -   Analyzing 7Q10_low for Non-Extreme Models (full_year, GWL 2.0)...
2026-07-22 15:35:55,423 - INFO - [storyline.analyze_storyline_discharge_extremes] -     -> Result 7Q10_low: Median T = 31.0 (N=5)
2026-07-22 15:35:55,423 - INFO - [storyline.analyze_storyline_discharge_extremes] -   Analyzing 7Q30_low for Non-Extreme Models (full_year, GWL 2.0)...
2026-07-22 15:35:55,428 - INFO - [storyline.analyze_storyline_discharge_extremes] -     -> Result 7Q30_low: Median T = 31.0 (N=1)
2026-07-22 15:35:55,428 - INFO - [storyline.analyze_storyline_discharge_extremes] -   Analyzing 7Q10_high for Non-Extreme Models (full_year, GWL 2.0)...
2026-07-22 15:35:55,434 - INFO - [storyline.analyze_storyline_discharge_extremes] -     -> Result 7Q10_high: Median T = 6.2 (N=9)
2026-07-22 15:35:55,434 - INFO - [storyline.analyze_storyline_discharge_extremes] -   Analyzing 7Q30_high for Non-Extreme Models (full_year, GWL 2.0)...
2026-07-22 15:35:55,439 - INFO - [storyline.analyze_storyline_discharge_extremes] -     -> Result 7Q30_high: Median T = 15.5 (N=9)
2026-07-22 15:35:55,439 - INFO - [storyline.analyze_storyline_discharge_extremes] -   Analyzing 30Q10_low for Non-Extreme Models (full_year, GWL 2.0)...
2026-07-22 15:35:55,445 - INFO - [storyline.analyze_storyline_discharge_extremes] -     -> Result 30Q10_low: Median T = 31.0 (N=6)
2026-07-22 15:35:55,445 - INFO - [storyline.analyze_storyline_discharge_extremes] -   Analyzing 30Q30_low for Non-Extreme Models (full_year, GWL 2.0)...
2026-07-22 15:35:55,450 - INFO - [storyline.analyze_storyline_discharge_extremes] -     -> Result 30Q30_low: Median T = 31.0 (N=1)
2026-07-22 15:35:55,451 - INFO - [storyline.analyze_storyline_discharge_extremes] -   Analyzing 30Q10_high for Non-Extreme Models (full_year, GWL 2.0)...
2026-07-22 15:35:55,456 - INFO - [storyline.analyze_storyline_discharge_extremes] -     -> Result 30Q10_high: Median T = 9.0 (N=10)
2026-07-22 15:35:55,456 - INFO - [storyline.analyze_storyline_discharge_extremes] -   Analyzing 30Q30_high for Non-Extreme Models (full_year, GWL 2.0)...
2026-07-22 15:35:55,462 - INFO - [storyline.analyze_storyline_discharge_extremes] -     -> Result 30Q30_high: Median T = 15.5 (N=9)
2026-07-22 15:35:55,462 - INFO - [storyline.analyze_storyline_discharge_extremes] -   Analyzing 7Q10_low for MMM (winter, GWL 3.0)...
2026-07-22 15:35:55,480 - INFO - [storyline.analyze_storyline_discharge_extremes] -     -> Result 7Q10_low: Median T = 5.2 (N=24)
2026-07-22 15:35:55,480 - INFO - [storyline.analyze_storyline_discharge_extremes] -   Analyzing 7Q30_low for MMM (winter, GWL 3.0)...
2026-07-22 15:35:55,497 - INFO - [storyline.analyze_storyline_discharge_extremes] -     -> Result 7Q30_low: Median T = 15.5 (N=17)
2026-07-22 15:35:55,497 - INFO - [storyline.analyze_storyline_discharge_extremes] -   Analyzing 7Q10_high for MMM (winter, GWL 3.0)...
2026-07-22 15:35:55,514 - INFO - [storyline.analyze_storyline_discharge_extremes] -     -> Result 7Q10_high: Median T = 15.5 (N=21)
2026-07-22 15:35:55,514 - INFO - [storyline.analyze_storyline_discharge_extremes] -   Analyzing 7Q30_high for MMM (winter, GWL 3.0)...
2026-07-22 15:35:55,531 - INFO - [storyline.analyze_storyline_discharge_extremes] -     -> Result 7Q30_high: Median T = 31.0 (N=13)
2026-07-22 15:35:55,531 - INFO - [storyline.analyze_storyline_discharge_extremes] -   Analyzing 30Q10_low for MMM (winter, GWL 3.0)...
2026-07-22 15:35:55,548 - INFO - [storyline.analyze_storyline_discharge_extremes] -     -> Result 30Q10_low: Median T = 5.2 (N=24)
2026-07-22 15:35:55,548 - INFO - [storyline.analyze_storyline_discharge_extremes] -   Analyzing 30Q30_low for MMM (winter, GWL 3.0)...
2026-07-22 15:35:55,565 - INFO - [storyline.analyze_storyline_discharge_extremes] -     -> Result 30Q30_low: Median T = 15.5 (N=19)
2026-07-22 15:35:55,565 - INFO - [storyline.analyze_storyline_discharge_extremes] -   Analyzing 30Q10_high for MMM (winter, GWL 3.0)...
2026-07-22 15:35:55,582 - INFO - [storyline.analyze_storyline_discharge_extremes] -     -> Result 30Q10_high: Median T = 15.5 (N=20)
2026-07-22 15:35:55,582 - INFO - [storyline.analyze_storyline_discharge_extremes] -   Analyzing 30Q30_high for MMM (winter, GWL 3.0)...
2026-07-22 15:35:55,599 - INFO - [storyline.analyze_storyline_discharge_extremes] -     -> Result 30Q30_high: Median T = 15.5 (N=11)
2026-07-22 15:35:55,599 - INFO - [storyline.analyze_storyline_discharge_extremes] -   Analyzing 7Q10_low for Fast Jet & Northward Shift (winter, GWL 3.0)...
2026-07-22 15:35:55,603 - INFO - [storyline.analyze_storyline_discharge_extremes] -     -> Result 7Q10_low: Median T = 4.5 (N=6)
2026-07-22 15:35:55,603 - INFO - [storyline.analyze_storyline_discharge_extremes] -   Analyzing 7Q30_low for Fast Jet & Northward Shift (winter, GWL 3.0)...
2026-07-22 15:35:55,607 - INFO - [storyline.analyze_storyline_discharge_extremes] -     -> Result 7Q30_low: Median T = 10.8 (N=6)
2026-07-22 15:35:55,607 - INFO - [storyline.analyze_storyline_discharge_extremes] -   Analyzing 7Q10_high for Fast Jet & Northward Shift (winter, GWL 3.0)...
2026-07-22 15:35:55,611 - INFO - [storyline.analyze_storyline_discharge_extremes] -     -> Result 7Q10_high: Median T = 31.0 (N=4)
2026-07-22 15:35:55,611 - INFO - [storyline.analyze_storyline_discharge_extremes] -   Analyzing 7Q30_high for Fast Jet & Northward Shift (winter, GWL 3.0)...
2026-07-22 15:35:55,615 - INFO - [storyline.analyze_storyline_discharge_extremes] -     -> Result 7Q30_high: Median T = 31.0 (N=2)
2026-07-22 15:35:55,615 - INFO - [storyline.analyze_storyline_discharge_extremes] -   Analyzing 30Q10_low for Fast Jet & Northward Shift (winter, GWL 3.0)...
2026-07-22 15:35:55,619 - INFO - [storyline.analyze_storyline_discharge_extremes] -     -> Result 30Q10_low: Median T = 4.8 (N=6)
2026-07-22 15:35:55,619 - INFO - [storyline.analyze_storyline_discharge_extremes] -   Analyzing 30Q30_low for Fast Jet & Northward Shift (winter, GWL 3.0)...
2026-07-22 15:35:55,623 - INFO - [storyline.analyze_storyline_discharge_extremes] -     -> Result 30Q30_low: Median T = 5.2 (N=5)
2026-07-22 15:35:55,623 - INFO - [storyline.analyze_storyline_discharge_extremes] -   Analyzing 30Q10_high for Fast Jet & Northward Shift (winter, GWL 3.0)...
2026-07-22 15:35:55,627 - INFO - [storyline.analyze_storyline_discharge_extremes] -     -> Result 30Q10_high: Median T = 23.2 (N=4)
2026-07-22 15:35:55,627 - INFO - [storyline.analyze_storyline_discharge_extremes] -   Analyzing 30Q30_high for Fast Jet & Northward Shift (winter, GWL 3.0)...
2026-07-22 15:35:55,631 - INFO - [storyline.analyze_storyline_discharge_extremes] -     -> Result 30Q30_high: Median T = 31.0 (N=1)
2026-07-22 15:35:55,631 - INFO - [storyline.analyze_storyline_discharge_extremes] -   Analyzing 7Q10_low for Slow Jet & Northward Shift (winter, GWL 3.0)...
2026-07-22 15:35:55,632 - INFO - [storyline.analyze_storyline_discharge_extremes] -     -> Result 7Q10_low: Median T = 6.2 (N=1)
2026-07-22 15:35:55,632 - INFO - [storyline.analyze_storyline_discharge_extremes] -   Analyzing 7Q30_low for Slow Jet & Northward Shift (winter, GWL 3.0)...
2026-07-22 15:35:55,633 - INFO - [storyline.analyze_storyline_discharge_extremes] -     -> Result 7Q30_low: Median T = 31.0 (N=1)
2026-07-22 15:35:55,634 - INFO - [storyline.analyze_storyline_discharge_extremes] -   Analyzing 7Q10_high for Slow Jet & Northward Shift (winter, GWL 3.0)...
2026-07-22 15:35:55,635 - INFO - [storyline.analyze_storyline_discharge_extremes] -     -> Result 7Q10_high: Median T = 5.7 (N=2)
2026-07-22 15:35:55,635 - INFO - [storyline.analyze_storyline_discharge_extremes] -   Analyzing 7Q30_high for Slow Jet & Northward Shift (winter, GWL 3.0)...
2026-07-22 15:35:55,637 - INFO - [storyline.analyze_storyline_discharge_extremes] -     -> Result 7Q30_high: Median T = 18.1 (N=2)
2026-07-22 15:35:55,637 - INFO - [storyline.analyze_storyline_discharge_extremes] -   Analyzing 30Q10_low for Slow Jet & Northward Shift (winter, GWL 3.0)...
2026-07-22 15:35:55,638 - INFO - [storyline.analyze_storyline_discharge_extremes] -     -> Result 30Q10_low: Median T = 4.4 (N=1)
2026-07-22 15:35:55,638 - INFO - [storyline.analyze_storyline_discharge_extremes] -   Analyzing 30Q30_low for Slow Jet & Northward Shift (winter, GWL 3.0)...
2026-07-22 15:35:55,640 - INFO - [storyline.analyze_storyline_discharge_extremes] -     -> Result 30Q30_low: Median T = 15.5 (N=1)
2026-07-22 15:35:55,640 - INFO - [storyline.analyze_storyline_discharge_extremes] -   Analyzing 30Q10_high for Slow Jet & Northward Shift (winter, GWL 3.0)...
2026-07-22 15:35:55,641 - INFO - [storyline.analyze_storyline_discharge_extremes] -     -> Result 30Q10_high: Median T = 5.7 (N=2)
2026-07-22 15:35:55,641 - INFO - [storyline.analyze_storyline_discharge_extremes] -   Analyzing 30Q30_high for Slow Jet & Northward Shift (winter, GWL 3.0)...
2026-07-22 15:35:55,643 - INFO - [storyline.analyze_storyline_discharge_extremes] -     -> Result 30Q30_high: Median T = 10.3 (N=2)
2026-07-22 15:35:55,643 - INFO - [storyline.analyze_storyline_discharge_extremes] -   Analyzing 7Q10_low for Slow Jet & Southward Shift (winter, GWL 3.0)...
2026-07-22 15:35:55,648 - INFO - [storyline.analyze_storyline_discharge_extremes] -     -> Result 7Q10_low: Median T = 7.8 (N=7)
2026-07-22 15:35:55,648 - INFO - [storyline.analyze_storyline_discharge_extremes] -   Analyzing 7Q30_low for Slow Jet & Southward Shift (winter, GWL 3.0)...
2026-07-22 15:35:55,653 - INFO - [storyline.analyze_storyline_discharge_extremes] -     -> Result 7Q30_low: Median T = 31.0 (N=4)
2026-07-22 15:35:55,654 - INFO - [storyline.analyze_storyline_discharge_extremes] -   Analyzing 7Q10_high for Slow Jet & Southward Shift (winter, GWL 3.0)...
2026-07-22 15:35:55,659 - INFO - [storyline.analyze_storyline_discharge_extremes] -     -> Result 7Q10_high: Median T = 10.3 (N=7)
2026-07-22 15:35:55,659 - INFO - [storyline.analyze_storyline_discharge_extremes] -   Analyzing 7Q30_high for Slow Jet & Southward Shift (winter, GWL 3.0)...
2026-07-22 15:35:55,664 - INFO - [storyline.analyze_storyline_discharge_extremes] -     -> Result 7Q30_high: Median T = 31.0 (N=4)
2026-07-22 15:35:55,664 - INFO - [storyline.analyze_storyline_discharge_extremes] -   Analyzing 30Q10_low for Slow Jet & Southward Shift (winter, GWL 3.0)...
2026-07-22 15:35:55,669 - INFO - [storyline.analyze_storyline_discharge_extremes] -     -> Result 30Q10_low: Median T = 7.8 (N=7)
2026-07-22 15:35:55,669 - INFO - [storyline.analyze_storyline_discharge_extremes] -   Analyzing 30Q30_low for Slow Jet & Southward Shift (winter, GWL 3.0)...
2026-07-22 15:35:55,674 - INFO - [storyline.analyze_storyline_discharge_extremes] -     -> Result 30Q30_low: Median T = 31.0 (N=6)
2026-07-22 15:35:55,674 - INFO - [storyline.analyze_storyline_discharge_extremes] -   Analyzing 30Q10_high for Slow Jet & Southward Shift (winter, GWL 3.0)...
2026-07-22 15:35:55,679 - INFO - [storyline.analyze_storyline_discharge_extremes] -     -> Result 30Q10_high: Median T = 31.0 (N=7)
2026-07-22 15:35:55,679 - INFO - [storyline.analyze_storyline_discharge_extremes] -   Analyzing 30Q30_high for Slow Jet & Southward Shift (winter, GWL 3.0)...
2026-07-22 15:35:55,684 - INFO - [storyline.analyze_storyline_discharge_extremes] -     -> Result 30Q30_high: Median T = 23.2 (N=4)
2026-07-22 15:35:55,684 - INFO - [storyline.analyze_storyline_discharge_extremes] -   Analyzing 7Q10_low for Fast Jet & Southward Shift (winter, GWL 3.0)...
2026-07-22 15:35:55,686 - INFO - [storyline.analyze_storyline_discharge_extremes] -     -> Result 7Q10_low: Median T = 3.9 (N=4)
2026-07-22 15:35:55,686 - INFO - [storyline.analyze_storyline_discharge_extremes] -   Analyzing 7Q30_low for Fast Jet & Southward Shift (winter, GWL 3.0)...
2026-07-22 15:35:55,689 - INFO - [storyline.analyze_storyline_discharge_extremes] -     -> Result 7Q30_low: Median T = 8.3 (N=4)
2026-07-22 15:35:55,689 - INFO - [storyline.analyze_storyline_discharge_extremes] -   Analyzing 7Q10_high for Fast Jet & Southward Shift (winter, GWL 3.0)...
2026-07-22 15:35:55,691 - INFO - [storyline.analyze_storyline_discharge_extremes] -     -> Result 7Q10_high: Median T = 7.8 (N=1)
2026-07-22 15:35:55,691 - INFO - [storyline.analyze_storyline_discharge_extremes] -   Analyzing 7Q30_high for Fast Jet & Southward Shift (winter, GWL 3.0)...
2026-07-22 15:35:55,693 - INFO - [storyline.analyze_storyline_discharge_extremes] -     -> Result 7Q30_high: Median T = 10.3 (N=1)
2026-07-22 15:35:55,693 - INFO - [storyline.analyze_storyline_discharge_extremes] -   Analyzing 30Q10_low for Fast Jet & Southward Shift (winter, GWL 3.0)...
2026-07-22 15:35:55,696 - INFO - [storyline.analyze_storyline_discharge_extremes] -     -> Result 30Q10_low: Median T = 4.2 (N=4)
2026-07-22 15:35:55,696 - INFO - [storyline.analyze_storyline_discharge_extremes] -   Analyzing 30Q30_low for Fast Jet & Southward Shift (winter, GWL 3.0)...
2026-07-22 15:35:55,698 - INFO - [storyline.analyze_storyline_discharge_extremes] -     -> Result 30Q30_low: Median T = 12.9 (N=4)
2026-07-22 15:35:55,698 - INFO - [storyline.analyze_storyline_discharge_extremes] -   Analyzing 30Q10_high for Fast Jet & Southward Shift (winter, GWL 3.0)...
2026-07-22 15:35:55,700 - INFO - [storyline.analyze_storyline_discharge_extremes] -     -> Result 30Q10_high: Median T = 20.7 (N=2)
2026-07-22 15:35:55,700 - INFO - [storyline.analyze_storyline_discharge_extremes] -   Analyzing 30Q30_high for Fast Jet & Southward Shift (winter, GWL 3.0)...
2026-07-22 15:35:55,703 - INFO - [storyline.analyze_storyline_discharge_extremes] -     -> Result 30Q30_high: Median T = nan (N=0)
2026-07-22 15:35:55,703 - INFO - [storyline.analyze_storyline_discharge_extremes] -   Analyzing 7Q10_low for Extreme Models (winter, GWL 3.0)...
2026-07-22 15:35:55,708 - INFO - [storyline.analyze_storyline_discharge_extremes] -     -> Result 7Q10_low: Median T = 3.7 (N=10)
2026-07-22 15:35:55,708 - INFO - [storyline.analyze_storyline_discharge_extremes] -   Analyzing 7Q30_low for Extreme Models (winter, GWL 3.0)...
2026-07-22 15:35:55,714 - INFO - [storyline.analyze_storyline_discharge_extremes] -     -> Result 7Q30_low: Median T = 6.2 (N=10)
2026-07-22 15:35:55,714 - INFO - [storyline.analyze_storyline_discharge_extremes] -   Analyzing 7Q10_high for Extreme Models (winter, GWL 3.0)...
2026-07-22 15:35:55,720 - INFO - [storyline.analyze_storyline_discharge_extremes] -     -> Result 7Q10_high: Median T = 31.0 (N=5)
2026-07-22 15:35:55,720 - INFO - [storyline.analyze_storyline_discharge_extremes] -   Analyzing 7Q30_high for Extreme Models (winter, GWL 3.0)...
2026-07-22 15:35:55,725 - INFO - [storyline.analyze_storyline_discharge_extremes] -     -> Result 7Q30_high: Median T = 10.3 (N=3)
2026-07-22 15:35:55,725 - INFO - [storyline.analyze_storyline_discharge_extremes] -   Analyzing 30Q10_low for Extreme Models (winter, GWL 3.0)...
2026-07-22 15:35:55,731 - INFO - [storyline.analyze_storyline_discharge_extremes] -     -> Result 30Q10_low: Median T = 3.7 (N=10)
2026-07-22 15:35:55,731 - INFO - [storyline.analyze_storyline_discharge_extremes] -   Analyzing 30Q30_low for Extreme Models (winter, GWL 3.0)...
2026-07-22 15:35:55,737 - INFO - [storyline.analyze_storyline_discharge_extremes] -     -> Result 30Q30_low: Median T = 9.0 (N=10)
2026-07-22 15:35:55,737 - INFO - [storyline.analyze_storyline_discharge_extremes] -   Analyzing 30Q10_high for Extreme Models (winter, GWL 3.0)...
2026-07-22 15:35:55,742 - INFO - [storyline.analyze_storyline_discharge_extremes] -     -> Result 30Q10_high: Median T = 23.2 (N=6)
2026-07-22 15:35:55,742 - INFO - [storyline.analyze_storyline_discharge_extremes] -   Analyzing 30Q30_high for Extreme Models (winter, GWL 3.0)...
2026-07-22 15:35:55,748 - INFO - [storyline.analyze_storyline_discharge_extremes] -     -> Result 30Q30_high: Median T = 18.1 (N=2)
2026-07-22 15:35:55,748 - INFO - [storyline.analyze_storyline_discharge_extremes] -   Analyzing 7Q10_low for Non-Extreme Models (winter, GWL 3.0)...
2026-07-22 15:35:55,753 - INFO - [storyline.analyze_storyline_discharge_extremes] -     -> Result 7Q10_low: Median T = 31.0 (N=3)
2026-07-22 15:35:55,754 - INFO - [storyline.analyze_storyline_discharge_extremes] -   Analyzing 7Q30_low for Non-Extreme Models (winter, GWL 3.0)...
2026-07-22 15:35:55,759 - INFO - [storyline.analyze_storyline_discharge_extremes] -     -> Result 7Q30_low: Median T = 31.0 (N=2)
2026-07-22 15:35:55,759 - INFO - [storyline.analyze_storyline_discharge_extremes] -   Analyzing 7Q10_high for Non-Extreme Models (winter, GWL 3.0)...
2026-07-22 15:35:55,765 - INFO - [storyline.analyze_storyline_discharge_extremes] -     -> Result 7Q10_high: Median T = 10.3 (N=8)
2026-07-22 15:35:55,765 - INFO - [storyline.analyze_storyline_discharge_extremes] -   Analyzing 7Q30_high for Non-Extreme Models (winter, GWL 3.0)...
2026-07-22 15:35:55,771 - INFO - [storyline.analyze_storyline_discharge_extremes] -     -> Result 7Q30_high: Median T = 31.0 (N=3)
2026-07-22 15:35:55,771 - INFO - [storyline.analyze_storyline_discharge_extremes] -   Analyzing 30Q10_low for Non-Extreme Models (winter, GWL 3.0)...
2026-07-22 15:35:55,776 - INFO - [storyline.analyze_storyline_discharge_extremes] -     -> Result 30Q10_low: Median T = 31.0 (N=3)
2026-07-22 15:35:55,776 - INFO - [storyline.analyze_storyline_discharge_extremes] -   Analyzing 30Q30_low for Non-Extreme Models (winter, GWL 3.0)...
2026-07-22 15:35:55,782 - INFO - [storyline.analyze_storyline_discharge_extremes] -     -> Result 30Q30_low: Median T = 31.0 (N=2)
2026-07-22 15:35:55,782 - INFO - [storyline.analyze_storyline_discharge_extremes] -   Analyzing 30Q10_high for Non-Extreme Models (winter, GWL 3.0)...
2026-07-22 15:35:55,788 - INFO - [storyline.analyze_storyline_discharge_extremes] -     -> Result 30Q10_high: Median T = 10.3 (N=7)
2026-07-22 15:35:55,788 - INFO - [storyline.analyze_storyline_discharge_extremes] -   Analyzing 30Q30_high for Non-Extreme Models (winter, GWL 3.0)...
2026-07-22 15:35:55,793 - INFO - [storyline.analyze_storyline_discharge_extremes] -     -> Result 30Q30_high: Median T = 15.5 (N=5)
2026-07-22 15:35:55,793 - INFO - [storyline.analyze_storyline_discharge_extremes] -   Analyzing 7Q10_low for MMM (summer, GWL 3.0)...
2026-07-22 15:35:55,810 - INFO - [storyline.analyze_storyline_discharge_extremes] -     -> Result 7Q10_low: Median T = 10.3 (N=22)
2026-07-22 15:35:55,810 - INFO - [storyline.analyze_storyline_discharge_extremes] -   Analyzing 7Q30_low for MMM (summer, GWL 3.0)...
2026-07-22 15:35:55,827 - INFO - [storyline.analyze_storyline_discharge_extremes] -     -> Result 7Q30_low: Median T = 15.5 (N=13)
2026-07-22 15:35:55,827 - INFO - [storyline.analyze_storyline_discharge_extremes] -   Analyzing 7Q10_high for MMM (summer, GWL 3.0)...
2026-07-22 15:35:55,844 - INFO - [storyline.analyze_storyline_discharge_extremes] -     -> Result 7Q10_high: Median T = 15.5 (N=27)
2026-07-22 15:35:55,844 - INFO - [storyline.analyze_storyline_discharge_extremes] -   Analyzing 7Q30_high for MMM (summer, GWL 3.0)...
2026-07-22 15:35:55,860 - INFO - [storyline.analyze_storyline_discharge_extremes] -     -> Result 7Q30_high: Median T = 23.2 (N=20)
2026-07-22 15:35:55,860 - INFO - [storyline.analyze_storyline_discharge_extremes] -   Analyzing 30Q10_low for MMM (summer, GWL 3.0)...
2026-07-22 15:35:55,877 - INFO - [storyline.analyze_storyline_discharge_extremes] -     -> Result 30Q10_low: Median T = 7.8 (N=25)
2026-07-22 15:35:55,877 - INFO - [storyline.analyze_storyline_discharge_extremes] -   Analyzing 30Q30_low for MMM (summer, GWL 3.0)...
2026-07-22 15:35:55,894 - INFO - [storyline.analyze_storyline_discharge_extremes] -     -> Result 30Q30_low: Median T = 12.9 (N=16)
2026-07-22 15:35:55,894 - INFO - [storyline.analyze_storyline_discharge_extremes] -   Analyzing 30Q10_high for MMM (summer, GWL 3.0)...
2026-07-22 15:35:55,911 - INFO - [storyline.analyze_storyline_discharge_extremes] -     -> Result 30Q10_high: Median T = 12.9 (N=26)
2026-07-22 15:35:55,911 - INFO - [storyline.analyze_storyline_discharge_extremes] -   Analyzing 30Q30_high for MMM (summer, GWL 3.0)...
2026-07-22 15:35:55,928 - INFO - [storyline.analyze_storyline_discharge_extremes] -     -> Result 30Q30_high: Median T = 31.0 (N=21)
2026-07-22 15:35:55,928 - INFO - [storyline.analyze_storyline_discharge_extremes] -   Analyzing 7Q10_low for Fast Jet & Northward Shift (summer, GWL 3.0)...
2026-07-22 15:35:55,932 - INFO - [storyline.analyze_storyline_discharge_extremes] -     -> Result 7Q10_low: Median T = 15.5 (N=3)
2026-07-22 15:35:55,932 - INFO - [storyline.analyze_storyline_discharge_extremes] -   Analyzing 7Q30_low for Fast Jet & Northward Shift (summer, GWL 3.0)...
2026-07-22 15:35:55,935 - INFO - [storyline.analyze_storyline_discharge_extremes] -     -> Result 7Q30_low: Median T = 23.2 (N=2)
2026-07-22 15:35:55,935 - INFO - [storyline.analyze_storyline_discharge_extremes] -   Analyzing 7Q10_high for Fast Jet & Northward Shift (summer, GWL 3.0)...
2026-07-22 15:35:55,939 - INFO - [storyline.analyze_storyline_discharge_extremes] -     -> Result 7Q10_high: Median T = 15.5 (N=5)
2026-07-22 15:35:55,939 - INFO - [storyline.analyze_storyline_discharge_extremes] -   Analyzing 7Q30_high for Fast Jet & Northward Shift (summer, GWL 3.0)...
2026-07-22 15:35:55,942 - INFO - [storyline.analyze_storyline_discharge_extremes] -     -> Result 7Q30_high: Median T = 23.2 (N=4)
2026-07-22 15:35:55,942 - INFO - [storyline.analyze_storyline_discharge_extremes] -   Analyzing 30Q10_low for Fast Jet & Northward Shift (summer, GWL 3.0)...
2026-07-22 15:35:55,946 - INFO - [storyline.analyze_storyline_discharge_extremes] -     -> Result 30Q10_low: Median T = 4.4 (N=3)
2026-07-22 15:35:55,946 - INFO - [storyline.analyze_storyline_discharge_extremes] -   Analyzing 30Q30_low for Fast Jet & Northward Shift (summer, GWL 3.0)...
2026-07-22 15:35:55,950 - INFO - [storyline.analyze_storyline_discharge_extremes] -     -> Result 30Q30_low: Median T = 31.0 (N=3)
2026-07-22 15:35:55,950 - INFO - [storyline.analyze_storyline_discharge_extremes] -   Analyzing 30Q10_high for Fast Jet & Northward Shift (summer, GWL 3.0)...
2026-07-22 15:35:55,953 - INFO - [storyline.analyze_storyline_discharge_extremes] -     -> Result 30Q10_high: Median T = 10.3 (N=5)
2026-07-22 15:35:55,953 - INFO - [storyline.analyze_storyline_discharge_extremes] -   Analyzing 30Q30_high for Fast Jet & Northward Shift (summer, GWL 3.0)...
2026-07-22 15:35:55,957 - INFO - [storyline.analyze_storyline_discharge_extremes] -     -> Result 30Q30_high: Median T = 31.0 (N=5)
2026-07-22 15:35:55,957 - INFO - [storyline.analyze_storyline_discharge_extremes] -   Analyzing 7Q10_low for Slow Jet & Northward Shift (summer, GWL 3.0)...
2026-07-22 15:35:55,961 - INFO - [storyline.analyze_storyline_discharge_extremes] -     -> Result 7Q10_low: Median T = 10.3 (N=3)
2026-07-22 15:35:55,961 - INFO - [storyline.analyze_storyline_discharge_extremes] -   Analyzing 7Q30_low for Slow Jet & Northward Shift (summer, GWL 3.0)...
2026-07-22 15:35:55,964 - INFO - [storyline.analyze_storyline_discharge_extremes] -     -> Result 7Q30_low: Median T = 18.6 (N=2)
2026-07-22 15:35:55,964 - INFO - [storyline.analyze_storyline_discharge_extremes] -   Analyzing 7Q10_high for Slow Jet & Northward Shift (summer, GWL 3.0)...
2026-07-22 15:35:55,968 - INFO - [storyline.analyze_storyline_discharge_extremes] -     -> Result 7Q10_high: Median T = 12.9 (N=6)
2026-07-22 15:35:55,968 - INFO - [storyline.analyze_storyline_discharge_extremes] -   Analyzing 7Q30_high for Slow Jet & Northward Shift (summer, GWL 3.0)...
2026-07-22 15:35:55,971 - INFO - [storyline.analyze_storyline_discharge_extremes] -     -> Result 7Q30_high: Median T = 31.0 (N=5)
2026-07-22 15:35:55,971 - INFO - [storyline.analyze_storyline_discharge_extremes] -   Analyzing 30Q10_low for Slow Jet & Northward Shift (summer, GWL 3.0)...
2026-07-22 15:35:55,974 - INFO - [storyline.analyze_storyline_discharge_extremes] -     -> Result 30Q10_low: Median T = 10.3 (N=6)
2026-07-22 15:35:55,975 - INFO - [storyline.analyze_storyline_discharge_extremes] -   Analyzing 30Q30_low for Slow Jet & Northward Shift (summer, GWL 3.0)...
2026-07-22 15:35:55,978 - INFO - [storyline.analyze_storyline_discharge_extremes] -     -> Result 30Q30_low: Median T = 18.6 (N=2)
2026-07-22 15:35:55,978 - INFO - [storyline.analyze_storyline_discharge_extremes] -   Analyzing 30Q10_high for Slow Jet & Northward Shift (summer, GWL 3.0)...
2026-07-22 15:35:55,981 - INFO - [storyline.analyze_storyline_discharge_extremes] -     -> Result 30Q10_high: Median T = 12.9 (N=6)
2026-07-22 15:35:55,981 - INFO - [storyline.analyze_storyline_discharge_extremes] -   Analyzing 30Q30_high for Slow Jet & Northward Shift (summer, GWL 3.0)...
2026-07-22 15:35:55,985 - INFO - [storyline.analyze_storyline_discharge_extremes] -     -> Result 30Q30_high: Median T = 31.0 (N=4)
2026-07-22 15:35:55,985 - INFO - [storyline.analyze_storyline_discharge_extremes] -   Analyzing 7Q10_low for Slow Jet & Southward Shift (summer, GWL 3.0)...
2026-07-22 15:35:55,989 - INFO - [storyline.analyze_storyline_discharge_extremes] -     -> Result 7Q10_low: Median T = 31.0 (N=4)
2026-07-22 15:35:55,989 - INFO - [storyline.analyze_storyline_discharge_extremes] -   Analyzing 7Q30_low for Slow Jet & Southward Shift (summer, GWL 3.0)...
2026-07-22 15:35:55,993 - INFO - [storyline.analyze_storyline_discharge_extremes] -     -> Result 7Q30_low: Median T = 15.5 (N=1)
2026-07-22 15:35:55,993 - INFO - [storyline.analyze_storyline_discharge_extremes] -   Analyzing 7Q10_high for Slow Jet & Southward Shift (summer, GWL 3.0)...
2026-07-22 15:35:55,997 - INFO - [storyline.analyze_storyline_discharge_extremes] -     -> Result 7Q10_high: Median T = 15.5 (N=7)
2026-07-22 15:35:55,997 - INFO - [storyline.analyze_storyline_discharge_extremes] -   Analyzing 7Q30_high for Slow Jet & Southward Shift (summer, GWL 3.0)...
2026-07-22 15:35:56,001 - INFO - [storyline.analyze_storyline_discharge_extremes] -     -> Result 7Q30_high: Median T = 15.5 (N=5)
2026-07-22 15:35:56,001 - INFO - [storyline.analyze_storyline_discharge_extremes] -   Analyzing 30Q10_low for Slow Jet & Southward Shift (summer, GWL 3.0)...
2026-07-22 15:35:56,005 - INFO - [storyline.analyze_storyline_discharge_extremes] -     -> Result 30Q10_low: Median T = 23.2 (N=4)
2026-07-22 15:35:56,005 - INFO - [storyline.analyze_storyline_discharge_extremes] -   Analyzing 30Q30_low for Slow Jet & Southward Shift (summer, GWL 3.0)...
2026-07-22 15:35:56,008 - INFO - [storyline.analyze_storyline_discharge_extremes] -     -> Result 30Q30_low: Median T = 23.2 (N=2)
2026-07-22 15:35:56,008 - INFO - [storyline.analyze_storyline_discharge_extremes] -   Analyzing 30Q10_high for Slow Jet & Southward Shift (summer, GWL 3.0)...
2026-07-22 15:35:56,012 - INFO - [storyline.analyze_storyline_discharge_extremes] -     -> Result 30Q10_high: Median T = 10.3 (N=7)
2026-07-22 15:35:56,012 - INFO - [storyline.analyze_storyline_discharge_extremes] -   Analyzing 30Q30_high for Slow Jet & Southward Shift (summer, GWL 3.0)...
2026-07-22 15:35:56,016 - INFO - [storyline.analyze_storyline_discharge_extremes] -     -> Result 30Q30_high: Median T = 15.5 (N=6)
2026-07-22 15:35:56,016 - INFO - [storyline.analyze_storyline_discharge_extremes] -   Analyzing 7Q10_low for Fast Jet & Southward Shift (summer, GWL 3.0)...
2026-07-22 15:35:56,019 - INFO - [storyline.analyze_storyline_discharge_extremes] -     -> Result 7Q10_low: Median T = 15.5 (N=5)
2026-07-22 15:35:56,019 - INFO - [storyline.analyze_storyline_discharge_extremes] -   Analyzing 7Q30_low for Fast Jet & Southward Shift (summer, GWL 3.0)...
2026-07-22 15:35:56,022 - INFO - [storyline.analyze_storyline_discharge_extremes] -     -> Result 7Q30_low: Median T = 10.8 (N=2)
2026-07-22 15:35:56,022 - INFO - [storyline.analyze_storyline_discharge_extremes] -   Analyzing 7Q10_high for Fast Jet & Southward Shift (summer, GWL 3.0)...
2026-07-22 15:35:56,025 - INFO - [storyline.analyze_storyline_discharge_extremes] -     -> Result 7Q10_high: Median T = 15.5 (N=5)
2026-07-22 15:35:56,025 - INFO - [storyline.analyze_storyline_discharge_extremes] -   Analyzing 7Q30_high for Fast Jet & Southward Shift (summer, GWL 3.0)...
2026-07-22 15:35:56,028 - INFO - [storyline.analyze_storyline_discharge_extremes] -     -> Result 7Q30_high: Median T = 31.0 (N=3)
2026-07-22 15:35:56,028 - INFO - [storyline.analyze_storyline_discharge_extremes] -   Analyzing 30Q10_low for Fast Jet & Southward Shift (summer, GWL 3.0)...
2026-07-22 15:35:56,031 - INFO - [storyline.analyze_storyline_discharge_extremes] -     -> Result 30Q10_low: Median T = 15.5 (N=5)
2026-07-22 15:35:56,031 - INFO - [storyline.analyze_storyline_discharge_extremes] -   Analyzing 30Q30_low for Fast Jet & Southward Shift (summer, GWL 3.0)...
2026-07-22 15:35:56,034 - INFO - [storyline.analyze_storyline_discharge_extremes] -     -> Result 30Q30_low: Median T = 31.0 (N=3)
2026-07-22 15:35:56,034 - INFO - [storyline.analyze_storyline_discharge_extremes] -   Analyzing 30Q10_high for Fast Jet & Southward Shift (summer, GWL 3.0)...
2026-07-22 15:35:56,037 - INFO - [storyline.analyze_storyline_discharge_extremes] -     -> Result 30Q10_high: Median T = 15.5 (N=5)
2026-07-22 15:35:56,037 - INFO - [storyline.analyze_storyline_discharge_extremes] -   Analyzing 30Q30_high for Fast Jet & Southward Shift (summer, GWL 3.0)...
2026-07-22 15:35:56,040 - INFO - [storyline.analyze_storyline_discharge_extremes] -     -> Result 30Q30_high: Median T = 31.0 (N=4)
2026-07-22 15:35:56,040 - INFO - [storyline.analyze_storyline_discharge_extremes] -   Analyzing 7Q10_low for Extreme Models (summer, GWL 3.0)...
2026-07-22 15:35:56,046 - INFO - [storyline.analyze_storyline_discharge_extremes] -     -> Result 7Q10_low: Median T = 4.5 (N=10)
2026-07-22 15:35:56,046 - INFO - [storyline.analyze_storyline_discharge_extremes] -   Analyzing 7Q30_low for Extreme Models (summer, GWL 3.0)...
2026-07-22 15:35:56,052 - INFO - [storyline.analyze_storyline_discharge_extremes] -     -> Result 7Q30_low: Median T = 6.2 (N=9)
2026-07-22 15:35:56,052 - INFO - [storyline.analyze_storyline_discharge_extremes] -   Analyzing 7Q10_high for Extreme Models (summer, GWL 3.0)...
2026-07-22 15:35:56,057 - INFO - [storyline.analyze_storyline_discharge_extremes] -     -> Result 7Q10_high: Median T = 15.5 (N=7)
2026-07-22 15:35:56,057 - INFO - [storyline.analyze_storyline_discharge_extremes] -   Analyzing 7Q30_high for Extreme Models (summer, GWL 3.0)...
2026-07-22 15:35:56,063 - INFO - [storyline.analyze_storyline_discharge_extremes] -     -> Result 7Q30_high: Median T = 23.2 (N=6)
2026-07-22 15:35:56,063 - INFO - [storyline.analyze_storyline_discharge_extremes] -   Analyzing 30Q10_low for Extreme Models (summer, GWL 3.0)...
2026-07-22 15:35:56,068 - INFO - [storyline.analyze_storyline_discharge_extremes] -     -> Result 30Q10_low: Median T = 3.4 (N=10)
2026-07-22 15:35:56,069 - INFO - [storyline.analyze_storyline_discharge_extremes] -   Analyzing 30Q30_low for Extreme Models (summer, GWL 3.0)...
2026-07-22 15:35:56,074 - INFO - [storyline.analyze_storyline_discharge_extremes] -     -> Result 30Q30_low: Median T = 6.2 (N=10)
2026-07-22 15:35:56,074 - INFO - [storyline.analyze_storyline_discharge_extremes] -   Analyzing 30Q10_high for Extreme Models (summer, GWL 3.0)...
2026-07-22 15:35:56,080 - INFO - [storyline.analyze_storyline_discharge_extremes] -     -> Result 30Q10_high: Median T = 15.5 (N=6)
2026-07-22 15:35:56,080 - INFO - [storyline.analyze_storyline_discharge_extremes] -   Analyzing 30Q30_high for Extreme Models (summer, GWL 3.0)...
2026-07-22 15:35:56,085 - INFO - [storyline.analyze_storyline_discharge_extremes] -     -> Result 30Q30_high: Median T = 31.0 (N=5)
2026-07-22 15:35:56,086 - INFO - [storyline.analyze_storyline_discharge_extremes] -   Analyzing 7Q10_low for Non-Extreme Models (summer, GWL 3.0)...
2026-07-22 15:35:56,091 - INFO - [storyline.analyze_storyline_discharge_extremes] -     -> Result 7Q10_low: Median T = 31.0 (N=2)
2026-07-22 15:35:56,091 - INFO - [storyline.analyze_storyline_discharge_extremes] -   Analyzing 7Q30_low for Non-Extreme Models (summer, GWL 3.0)...
2026-07-22 15:35:56,096 - INFO - [storyline.analyze_storyline_discharge_extremes] -     -> Result 7Q30_low: Median T = nan (N=0)
2026-07-22 15:35:56,097 - INFO - [storyline.analyze_storyline_discharge_extremes] -   Analyzing 7Q10_high for Non-Extreme Models (summer, GWL 3.0)...
2026-07-22 15:35:56,102 - INFO - [storyline.analyze_storyline_discharge_extremes] -     -> Result 7Q10_high: Median T = 15.5 (N=10)
2026-07-22 15:35:56,102 - INFO - [storyline.analyze_storyline_discharge_extremes] -   Analyzing 7Q30_high for Non-Extreme Models (summer, GWL 3.0)...
2026-07-22 15:35:56,108 - INFO - [storyline.analyze_storyline_discharge_extremes] -     -> Result 7Q30_high: Median T = 15.5 (N=8)
2026-07-22 15:35:56,108 - INFO - [storyline.analyze_storyline_discharge_extremes] -   Analyzing 30Q10_low for Non-Extreme Models (summer, GWL 3.0)...
2026-07-22 15:35:56,113 - INFO - [storyline.analyze_storyline_discharge_extremes] -     -> Result 30Q10_low: Median T = 31.0 (N=4)
2026-07-22 15:35:56,113 - INFO - [storyline.analyze_storyline_discharge_extremes] -   Analyzing 30Q30_low for Non-Extreme Models (summer, GWL 3.0)...
2026-07-22 15:35:56,119 - INFO - [storyline.analyze_storyline_discharge_extremes] -     -> Result 30Q30_low: Median T = 31.0 (N=1)
2026-07-22 15:35:56,119 - INFO - [storyline.analyze_storyline_discharge_extremes] -   Analyzing 30Q10_high for Non-Extreme Models (summer, GWL 3.0)...
2026-07-22 15:35:56,124 - INFO - [storyline.analyze_storyline_discharge_extremes] -     -> Result 30Q10_high: Median T = 12.9 (N=10)
2026-07-22 15:35:56,124 - INFO - [storyline.analyze_storyline_discharge_extremes] -   Analyzing 30Q30_high for Non-Extreme Models (summer, GWL 3.0)...
2026-07-22 15:35:56,130 - INFO - [storyline.analyze_storyline_discharge_extremes] -     -> Result 30Q30_high: Median T = 15.5 (N=9)
2026-07-22 15:35:56,130 - INFO - [storyline.analyze_storyline_discharge_extremes] -   Analyzing 7Q10_low for MMM (full_year, GWL 3.0)...
2026-07-22 15:35:56,147 - INFO - [storyline.analyze_storyline_discharge_extremes] -     -> Result 7Q10_low: Median T = 5.3 (N=26)
2026-07-22 15:35:56,147 - INFO - [storyline.analyze_storyline_discharge_extremes] -   Analyzing 7Q30_low for MMM (full_year, GWL 3.0)...
2026-07-22 15:35:56,164 - INFO - [storyline.analyze_storyline_discharge_extremes] -     -> Result 7Q30_low: Median T = 15.5 (N=18)
2026-07-22 15:35:56,164 - INFO - [storyline.analyze_storyline_discharge_extremes] -   Analyzing 7Q10_high for MMM (full_year, GWL 3.0)...
2026-07-22 15:35:56,181 - INFO - [storyline.analyze_storyline_discharge_extremes] -     -> Result 7Q10_high: Median T = 10.3 (N=29)
2026-07-22 15:35:56,181 - INFO - [storyline.analyze_storyline_discharge_extremes] -   Analyzing 7Q30_high for MMM (full_year, GWL 3.0)...
2026-07-22 15:35:56,198 - INFO - [storyline.analyze_storyline_discharge_extremes] -     -> Result 7Q30_high: Median T = 15.5 (N=22)
2026-07-22 15:35:56,199 - INFO - [storyline.analyze_storyline_discharge_extremes] -   Analyzing 30Q10_low for MMM (full_year, GWL 3.0)...
2026-07-22 15:35:56,215 - INFO - [storyline.analyze_storyline_discharge_extremes] -     -> Result 30Q10_low: Median T = 4.4 (N=27)
2026-07-22 15:35:56,215 - INFO - [storyline.analyze_storyline_discharge_extremes] -   Analyzing 30Q30_low for MMM (full_year, GWL 3.0)...
2026-07-22 15:35:56,232 - INFO - [storyline.analyze_storyline_discharge_extremes] -     -> Result 30Q30_low: Median T = 15.5 (N=19)
2026-07-22 15:35:56,232 - INFO - [storyline.analyze_storyline_discharge_extremes] -   Analyzing 30Q10_high for MMM (full_year, GWL 3.0)...
2026-07-22 15:35:56,249 - INFO - [storyline.analyze_storyline_discharge_extremes] -     -> Result 30Q10_high: Median T = 7.8 (N=28)
2026-07-22 15:35:56,249 - INFO - [storyline.analyze_storyline_discharge_extremes] -   Analyzing 30Q30_high for MMM (full_year, GWL 3.0)...
2026-07-22 15:35:56,265 - INFO - [storyline.analyze_storyline_discharge_extremes] -     -> Result 30Q30_high: Median T = 15.5 (N=22)
2026-07-22 15:35:56,265 - INFO - [storyline.analyze_storyline_discharge_extremes] -   Analyzing 7Q10_low for Fast Jet & Northward Shift (full_year, GWL 3.0)...
2026-07-22 15:35:56,270 - INFO - [storyline.analyze_storyline_discharge_extremes] -     -> Result 7Q10_low: Median T = 3.9 (N=7)
2026-07-22 15:35:56,270 - INFO - [storyline.analyze_storyline_discharge_extremes] -   Analyzing 7Q30_low for Fast Jet & Northward Shift (full_year, GWL 3.0)...
2026-07-22 15:35:56,274 - INFO - [storyline.analyze_storyline_discharge_extremes] -     -> Result 7Q30_low: Median T = 10.3 (N=6)
2026-07-22 15:35:56,274 - INFO - [storyline.analyze_storyline_discharge_extremes] -   Analyzing 7Q10_high for Fast Jet & Northward Shift (full_year, GWL 3.0)...
2026-07-22 15:35:56,278 - INFO - [storyline.analyze_storyline_discharge_extremes] -     -> Result 7Q10_high: Median T = 10.3 (N=5)
2026-07-22 15:35:56,278 - INFO - [storyline.analyze_storyline_discharge_extremes] -   Analyzing 7Q30_high for Fast Jet & Northward Shift (full_year, GWL 3.0)...
2026-07-22 15:35:56,282 - INFO - [storyline.analyze_storyline_discharge_extremes] -     -> Result 7Q30_high: Median T = 15.5 (N=3)
2026-07-22 15:35:56,282 - INFO - [storyline.analyze_storyline_discharge_extremes] -   Analyzing 30Q10_low for Fast Jet & Northward Shift (full_year, GWL 3.0)...
2026-07-22 15:35:56,286 - INFO - [storyline.analyze_storyline_discharge_extremes] -     -> Result 30Q10_low: Median T = 4.4 (N=7)
2026-07-22 15:35:56,286 - INFO - [storyline.analyze_storyline_discharge_extremes] -   Analyzing 30Q30_low for Fast Jet & Northward Shift (full_year, GWL 3.0)...
2026-07-22 15:35:56,290 - INFO - [storyline.analyze_storyline_discharge_extremes] -     -> Result 30Q30_low: Median T = 4.4 (N=5)
2026-07-22 15:35:56,290 - INFO - [storyline.analyze_storyline_discharge_extremes] -   Analyzing 30Q10_high for Fast Jet & Northward Shift (full_year, GWL 3.0)...
2026-07-22 15:35:56,294 - INFO - [storyline.analyze_storyline_discharge_extremes] -     -> Result 30Q10_high: Median T = 15.5 (N=5)
2026-07-22 15:35:56,294 - INFO - [storyline.analyze_storyline_discharge_extremes] -   Analyzing 30Q30_high for Fast Jet & Northward Shift (full_year, GWL 3.0)...
2026-07-22 15:35:56,298 - INFO - [storyline.analyze_storyline_discharge_extremes] -     -> Result 30Q30_high: Median T = 31.0 (N=1)
2026-07-22 15:35:56,298 - INFO - [storyline.analyze_storyline_discharge_extremes] -   Analyzing 7Q10_low for Slow Jet & Northward Shift (full_year, GWL 3.0)...
2026-07-22 15:35:56,299 - INFO - [storyline.analyze_storyline_discharge_extremes] -     -> Result 7Q10_low: Median T = 18.6 (N=2)
2026-07-22 15:35:56,299 - INFO - [storyline.analyze_storyline_discharge_extremes] -   Analyzing 7Q30_low for Slow Jet & Northward Shift (full_year, GWL 3.0)...
2026-07-22 15:35:56,300 - INFO - [storyline.analyze_storyline_discharge_extremes] -     -> Result 7Q30_low: Median T = 31.0 (N=1)
2026-07-22 15:35:56,301 - INFO - [storyline.analyze_storyline_discharge_extremes] -   Analyzing 7Q10_high for Slow Jet & Northward Shift (full_year, GWL 3.0)...
2026-07-22 15:35:56,302 - INFO - [storyline.analyze_storyline_discharge_extremes] -     -> Result 7Q10_high: Median T = 4.8 (N=2)
2026-07-22 15:35:56,302 - INFO - [storyline.analyze_storyline_discharge_extremes] -   Analyzing 7Q30_high for Slow Jet & Northward Shift (full_year, GWL 3.0)...
2026-07-22 15:35:56,303 - INFO - [storyline.analyze_storyline_discharge_extremes] -     -> Result 7Q30_high: Median T = 7.4 (N=2)
2026-07-22 15:35:56,303 - INFO - [storyline.analyze_storyline_discharge_extremes] -   Analyzing 30Q10_low for Slow Jet & Northward Shift (full_year, GWL 3.0)...
2026-07-22 15:35:56,305 - INFO - [storyline.analyze_storyline_discharge_extremes] -     -> Result 30Q10_low: Median T = 17.7 (N=2)
2026-07-22 15:35:56,305 - INFO - [storyline.analyze_storyline_discharge_extremes] -   Analyzing 30Q30_low for Slow Jet & Northward Shift (full_year, GWL 3.0)...
2026-07-22 15:35:56,306 - INFO - [storyline.analyze_storyline_discharge_extremes] -     -> Result 30Q30_low: Median T = 15.5 (N=1)
2026-07-22 15:35:56,306 - INFO - [storyline.analyze_storyline_discharge_extremes] -   Analyzing 30Q10_high for Slow Jet & Northward Shift (full_year, GWL 3.0)...
2026-07-22 15:35:56,307 - INFO - [storyline.analyze_storyline_discharge_extremes] -     -> Result 30Q10_high: Median T = 4.5 (N=2)
2026-07-22 15:35:56,308 - INFO - [storyline.analyze_storyline_discharge_extremes] -   Analyzing 30Q30_high for Slow Jet & Northward Shift (full_year, GWL 3.0)...
2026-07-22 15:35:56,309 - INFO - [storyline.analyze_storyline_discharge_extremes] -     -> Result 30Q30_high: Median T = 6.5 (N=2)
2026-07-22 15:35:56,309 - INFO - [storyline.analyze_storyline_discharge_extremes] -   Analyzing 7Q10_low for Slow Jet & Southward Shift (full_year, GWL 3.0)...
2026-07-22 15:35:56,314 - INFO - [storyline.analyze_storyline_discharge_extremes] -     -> Result 7Q10_low: Median T = 7.8 (N=7)
2026-07-22 15:35:56,314 - INFO - [storyline.analyze_storyline_discharge_extremes] -   Analyzing 7Q30_low for Slow Jet & Southward Shift (full_year, GWL 3.0)...
2026-07-22 15:35:56,320 - INFO - [storyline.analyze_storyline_discharge_extremes] -     -> Result 7Q30_low: Median T = 31.0 (N=5)
2026-07-22 15:35:56,320 - INFO - [storyline.analyze_storyline_discharge_extremes] -   Analyzing 7Q10_high for Slow Jet & Southward Shift (full_year, GWL 3.0)...
2026-07-22 15:35:56,325 - INFO - [storyline.analyze_storyline_discharge_extremes] -     -> Result 7Q10_high: Median T = 10.3 (N=9)
2026-07-22 15:35:56,325 - INFO - [storyline.analyze_storyline_discharge_extremes] -   Analyzing 7Q30_high for Slow Jet & Southward Shift (full_year, GWL 3.0)...
2026-07-22 15:35:56,330 - INFO - [storyline.analyze_storyline_discharge_extremes] -     -> Result 7Q30_high: Median T = 15.5 (N=7)
2026-07-22 15:35:56,331 - INFO - [storyline.analyze_storyline_discharge_extremes] -   Analyzing 30Q10_low for Slow Jet & Southward Shift (full_year, GWL 3.0)...
2026-07-22 15:35:56,336 - INFO - [storyline.analyze_storyline_discharge_extremes] -     -> Result 30Q10_low: Median T = 7.8 (N=7)
2026-07-22 15:35:56,336 - INFO - [storyline.analyze_storyline_discharge_extremes] -   Analyzing 30Q30_low for Slow Jet & Southward Shift (full_year, GWL 3.0)...
2026-07-22 15:35:56,341 - INFO - [storyline.analyze_storyline_discharge_extremes] -     -> Result 30Q30_low: Median T = 31.0 (N=6)
2026-07-22 15:35:56,341 - INFO - [storyline.analyze_storyline_discharge_extremes] -   Analyzing 30Q10_high for Slow Jet & Southward Shift (full_year, GWL 3.0)...
2026-07-22 15:35:56,346 - INFO - [storyline.analyze_storyline_discharge_extremes] -     -> Result 30Q10_high: Median T = 7.8 (N=9)
2026-07-22 15:35:56,346 - INFO - [storyline.analyze_storyline_discharge_extremes] -   Analyzing 30Q30_high for Slow Jet & Southward Shift (full_year, GWL 3.0)...
2026-07-22 15:35:56,351 - INFO - [storyline.analyze_storyline_discharge_extremes] -     -> Result 30Q30_high: Median T = 15.5 (N=8)
2026-07-22 15:35:56,351 - INFO - [storyline.analyze_storyline_discharge_extremes] -   Analyzing 7Q10_low for Fast Jet & Southward Shift (full_year, GWL 3.0)...
2026-07-22 15:35:56,353 - INFO - [storyline.analyze_storyline_discharge_extremes] -     -> Result 7Q10_low: Median T = 3.3 (N=4)
2026-07-22 15:35:56,353 - INFO - [storyline.analyze_storyline_discharge_extremes] -   Analyzing 7Q30_low for Fast Jet & Southward Shift (full_year, GWL 3.0)...
2026-07-22 15:35:56,356 - INFO - [storyline.analyze_storyline_discharge_extremes] -     -> Result 7Q30_low: Median T = 8.3 (N=4)
2026-07-22 15:35:56,356 - INFO - [storyline.analyze_storyline_discharge_extremes] -   Analyzing 7Q10_high for Fast Jet & Southward Shift (full_year, GWL 3.0)...
2026-07-22 15:35:56,358 - INFO - [storyline.analyze_storyline_discharge_extremes] -     -> Result 7Q10_high: Median T = 12.9 (N=4)
2026-07-22 15:35:56,358 - INFO - [storyline.analyze_storyline_discharge_extremes] -   Analyzing 7Q30_high for Fast Jet & Southward Shift (full_year, GWL 3.0)...
2026-07-22 15:35:56,361 - INFO - [storyline.analyze_storyline_discharge_extremes] -     -> Result 7Q30_high: Median T = 15.5 (N=3)
2026-07-22 15:35:56,361 - INFO - [storyline.analyze_storyline_discharge_extremes] -   Analyzing 30Q10_low for Fast Jet & Southward Shift (full_year, GWL 3.0)...
2026-07-22 15:35:56,363 - INFO - [storyline.analyze_storyline_discharge_extremes] -     -> Result 30Q10_low: Median T = 3.4 (N=4)
2026-07-22 15:35:56,363 - INFO - [storyline.analyze_storyline_discharge_extremes] -   Analyzing 30Q30_low for Fast Jet & Southward Shift (full_year, GWL 3.0)...
2026-07-22 15:35:56,365 - INFO - [storyline.analyze_storyline_discharge_extremes] -     -> Result 30Q30_low: Median T = 9.0 (N=4)
2026-07-22 15:35:56,366 - INFO - [storyline.analyze_storyline_discharge_extremes] -   Analyzing 30Q10_high for Fast Jet & Southward Shift (full_year, GWL 3.0)...
2026-07-22 15:35:56,368 - INFO - [storyline.analyze_storyline_discharge_extremes] -     -> Result 30Q10_high: Median T = 19.4 (N=4)
2026-07-22 15:35:56,368 - INFO - [storyline.analyze_storyline_discharge_extremes] -   Analyzing 30Q30_high for Fast Jet & Southward Shift (full_year, GWL 3.0)...
2026-07-22 15:35:56,370 - INFO - [storyline.analyze_storyline_discharge_extremes] -     -> Result 30Q30_high: Median T = 31.0 (N=3)
2026-07-22 15:35:56,370 - INFO - [storyline.analyze_storyline_discharge_extremes] -   Analyzing 7Q10_low for Extreme Models (full_year, GWL 3.0)...
2026-07-22 15:35:56,376 - INFO - [storyline.analyze_storyline_discharge_extremes] -     -> Result 7Q10_low: Median T = 3.0 (N=10)
2026-07-22 15:35:56,376 - INFO - [storyline.analyze_storyline_discharge_extremes] -   Analyzing 7Q30_low for Extreme Models (full_year, GWL 3.0)...
2026-07-22 15:35:56,382 - INFO - [storyline.analyze_storyline_discharge_extremes] -     -> Result 7Q30_low: Median T = 5.7 (N=10)
2026-07-22 15:35:56,382 - INFO - [storyline.analyze_storyline_discharge_extremes] -   Analyzing 7Q10_high for Extreme Models (full_year, GWL 3.0)...
2026-07-22 15:35:56,387 - INFO - [storyline.analyze_storyline_discharge_extremes] -     -> Result 7Q10_high: Median T = 10.3 (N=9)
2026-07-22 15:35:56,387 - INFO - [storyline.analyze_storyline_discharge_extremes] -   Analyzing 7Q30_high for Extreme Models (full_year, GWL 3.0)...
2026-07-22 15:35:56,393 - INFO - [storyline.analyze_storyline_discharge_extremes] -     -> Result 7Q30_high: Median T = 15.5 (N=6)
2026-07-22 15:35:56,393 - INFO - [storyline.analyze_storyline_discharge_extremes] -   Analyzing 30Q10_low for Extreme Models (full_year, GWL 3.0)...
2026-07-22 15:35:56,398 - INFO - [storyline.analyze_storyline_discharge_extremes] -     -> Result 30Q10_low: Median T = 2.7 (N=10)
2026-07-22 15:35:56,398 - INFO - [storyline.analyze_storyline_discharge_extremes] -   Analyzing 30Q30_low for Extreme Models (full_year, GWL 3.0)...
2026-07-22 15:35:56,404 - INFO - [storyline.analyze_storyline_discharge_extremes] -     -> Result 30Q30_low: Median T = 6.5 (N=10)
2026-07-22 15:35:56,404 - INFO - [storyline.analyze_storyline_discharge_extremes] -   Analyzing 30Q10_high for Extreme Models (full_year, GWL 3.0)...
2026-07-22 15:35:56,409 - INFO - [storyline.analyze_storyline_discharge_extremes] -     -> Result 30Q10_high: Median T = 15.5 (N=9)
2026-07-22 15:35:56,409 - INFO - [storyline.analyze_storyline_discharge_extremes] -   Analyzing 30Q30_high for Extreme Models (full_year, GWL 3.0)...
2026-07-22 15:35:56,415 - INFO - [storyline.analyze_storyline_discharge_extremes] -     -> Result 30Q30_high: Median T = 23.2 (N=6)
2026-07-22 15:35:56,415 - INFO - [storyline.analyze_storyline_discharge_extremes] -   Analyzing 7Q10_low for Non-Extreme Models (full_year, GWL 3.0)...
2026-07-22 15:35:56,420 - INFO - [storyline.analyze_storyline_discharge_extremes] -     -> Result 7Q10_low: Median T = 31.0 (N=5)
2026-07-22 15:35:56,421 - INFO - [storyline.analyze_storyline_discharge_extremes] -   Analyzing 7Q30_low for Non-Extreme Models (full_year, GWL 3.0)...
2026-07-22 15:35:56,426 - INFO - [storyline.analyze_storyline_discharge_extremes] -     -> Result 7Q30_low: Median T = 31.0 (N=2)
2026-07-22 15:35:56,426 - INFO - [storyline.analyze_storyline_discharge_extremes] -   Analyzing 7Q10_high for Non-Extreme Models (full_year, GWL 3.0)...
2026-07-22 15:35:56,432 - INFO - [storyline.analyze_storyline_discharge_extremes] -     -> Result 7Q10_high: Median T = 5.7 (N=10)
2026-07-22 15:35:56,432 - INFO - [storyline.analyze_storyline_discharge_extremes] -   Analyzing 7Q30_high for Non-Extreme Models (full_year, GWL 3.0)...
2026-07-22 15:35:56,437 - INFO - [storyline.analyze_storyline_discharge_extremes] -     -> Result 7Q30_high: Median T = 15.5 (N=8)
2026-07-22 15:35:56,437 - INFO - [storyline.analyze_storyline_discharge_extremes] -   Analyzing 30Q10_low for Non-Extreme Models (full_year, GWL 3.0)...
2026-07-22 15:35:56,443 - INFO - [storyline.analyze_storyline_discharge_extremes] -     -> Result 30Q10_low: Median T = 31.0 (N=6)
2026-07-22 15:35:56,443 - INFO - [storyline.analyze_storyline_discharge_extremes] -   Analyzing 30Q30_low for Non-Extreme Models (full_year, GWL 3.0)...
2026-07-22 15:35:56,448 - INFO - [storyline.analyze_storyline_discharge_extremes] -     -> Result 30Q30_low: Median T = 31.0 (N=2)
2026-07-22 15:35:56,449 - INFO - [storyline.analyze_storyline_discharge_extremes] -   Analyzing 30Q10_high for Non-Extreme Models (full_year, GWL 3.0)...
2026-07-22 15:35:56,454 - INFO - [storyline.analyze_storyline_discharge_extremes] -     -> Result 30Q10_high: Median T = 7.0 (N=10)
2026-07-22 15:35:56,454 - INFO - [storyline.analyze_storyline_discharge_extremes] -   Analyzing 30Q30_high for Non-Extreme Models (full_year, GWL 3.0)...
2026-07-22 15:35:56,460 - INFO - [storyline.analyze_storyline_discharge_extremes] -     -> Result 30Q30_high: Median T = 15.5 (N=9)
2026-07-22 15:35:56,460 - INFO - [visualization.plot_storyline_return_period_half_year] - Plotting POOLED GEV return period (6-row, 9-col, Full-Year-MMM) for ssp585...
2026-07-22 15:35:58,254 - INFO - [visualization.plot_storyline_return_period_half_year] - Applying shared column X-limits (Low-Flow and High-Flow separately)...
2026-07-22 15:36:02,272 - INFO - [visualization.plot_storyline_return_period_half_year] - Saved REORGANIZED return period plot (6-row, Empirical, Full-Year-MMM) to /nas/home/vlw/Desktop/STREAM/paper1-plots/storyline_discharge_return_period_BY_EVENT_ssp585.png
2026-07-22 15:36:02,273 - INFO - [visualization.plot_historical_seasonal_verification] - Plotting seasonal verification bar chart (Historical + Future GWLs)...
2026-07-22 15:36:03,003 - INFO - [visualization.plot_historical_seasonal_verification] - Saved seasonal verification plot to /nas/home/vlw/Desktop/STREAM/paper1-plots/historical_seasonal_verification_ssp585.png
2026-07-22 15:36:03,003 - INFO - [visualization.plot_core_finding_gev_panel] - Plotting Figure 3 (Core Finding Empirical Panel) with BROKEN AXIS for ssp585...
2026-07-22 15:36:03,495 - INFO - [visualization.plot_core_finding_gev_panel] - Saved Figure 3 to /nas/home/vlw/Desktop/STREAM/paper1-plots/Figure3_core_finding_regime_shift_ssp585.png
2026-07-22 15:36:03,495 - INFO - [visualization.plot_final_figure_2_shift_and_verification] - Plotting Final Figure 2 (Combined Shift and Verification) for ssp585...
2026-07-22 15:36:05,349 - INFO - [visualization.plot_final_figure_2_shift_and_verification] - Saved Final Figure 2 to /nas/home/vlw/Desktop/STREAM/paper1-plots/final_figure_2_regime_shift_and_verification_ssp585.png and /nas/home/vlw/Desktop/STREAM/paper1-plots/final_figure_2_regime_shift_and_verification_ssp585.pdf
2026-07-22 15:36:05,349 - INFO - [main.run_full_analysis] - Discharge extreme events plot not found or requested to recreate. Creating...
2026-07-22 15:36:05,350 - INFO - [visualization.plot_discharge_events_extreme_timeseries] - Plotting extreme discharge events timeseries for ssp585...
2026-07-22 15:36:05,906 - INFO - [visualization.plot_discharge_events_extreme_timeseries] - Saved extreme discharge events timeseries plot to /nas/home/vlw/Desktop/STREAM/paper1-plots/storyline_discharge_events_extremes_ssp585.png
2026-07-22 15:36:05,907 - INFO - [main.run_full_analysis] - Z500 composite plot for GWL 2.0, Winter already exists.
2026-07-22 15:36:05,907 - INFO - [main.run_full_analysis] - Z500 composite plot for GWL 2.0, Summer already exists.
2026-07-22 15:36:05,908 - INFO - [main.run_full_analysis] - Z500 composite plot for GWL 3.0, Winter already exists.
2026-07-22 15:36:05,908 - INFO - [main.run_full_analysis] - Z500 composite plot for GWL 3.0, Summer already exists.
2026-07-22 15:36:05,909 - INFO - [main.run_full_analysis] - PSL composite plot for GWL 2.0, Winter already exists.
2026-07-22 15:36:05,909 - INFO - [main.run_full_analysis] - PSL composite plot for GWL 2.0, Summer already exists.
2026-07-22 15:36:05,910 - INFO - [main.run_full_analysis] - PSL composite plot for GWL 3.0, Winter already exists.
2026-07-22 15:36:05,910 - INFO - [main.run_full_analysis] - PSL composite plot for GWL 3.0, Summer already exists.
2026-07-22 15:36:05,911 - INFO - [main.run_full_analysis] - PR composite plots already exist, but calculating data for missing Final Figure 4...
2026-07-22 15:36:05,911 - INFO - [storyline.calculate_pr_composites_for_extremes] - Calculating PR composites for event '30Q10_low' at GWL +2.0°C, Season=Winter (Top/Bottom 12 models)...
2026-07-22 15:36:05,911 - INFO - [storyline.calculate_pr_composites_for_extremes] - [PR DEBUG] Keys for ACCESS-CM2_ssp585: ['1Q_low_winter', '1Q_high_winter', '7Q_low_winter', '7Q_high_winter', '30Q_low_winter', '30Q_high_winter', '1Q_low_summer', '1Q_high_summer', '7Q_low_summer', '7Q_high_summer', '30Q_low_summer', '30Q_high_summer', '1Q_low_full_year', '1Q_high_full_year', '7Q_low_full_year', '7Q_high_full_year', '30Q_low_full_year', '30Q_high_full_year', 'Mar_discharge', 'Apr_discharge', 'May_discharge', 'Sep_discharge', 'Oct_discharge', 'Nov_discharge', 'DJF_JetSpeed', 'DJF_JetLat', 'DJF_pr', 'DJF_tas', 'DJF_discharge', 'JJA_JetSpeed', 'JJA_JetLat', 'JJA_pr', 'JJA_tas', 'JJA_discharge', 'Hydro_Winter_JetSpeed', 'Hydro_Winter_JetLat', 'Hydro_Summer_JetSpeed', 'Hydro_Summer_JetLat', 'Annual_tas', 'Annual_pr', 'Annual_discharge', 'Annual_spei']
2026-07-22 15:36:05,931 - INFO - [storyline.calculate_pr_composites_for_extremes] -   Calculated Return Periods for 31 models.
2026-07-22 15:36:05,954 - INFO - [storyline.calculate_pr_composites_for_extremes] -   PR Extreme Models (Shortest T): ['BCC-CSM2-MR_ssp585', 'CESM2_ssp585', 'CNRM-CM6-1_ssp585', 'CNRM-CM6-1-HR_ssp585', 'ACCESS-ESM1-5_ssp585', 'CMCC-ESM2_ssp585', 'MPI-ESM1-2-HR_ssp585', 'HadGEM3-GC31-LL_ssp585', 'HadGEM3-GC31-MM_ssp585', 'INM-CM5-0_ssp585']
2026-07-22 15:36:05,954 - INFO - [storyline.calculate_pr_composites_for_extremes] -   PR Non-Extreme Models (Longest T): ['EC-Earth3-CC_ssp585', 'IPSL-CM6A-LR_ssp585', 'MRI-ESM2-0_ssp585', 'UKESM1-0-LL_ssp585', 'E3SM-1-0_ssp585', 'EC-Earth3-Veg-LR_ssp585', 'GFDL-ESM4_ssp585', 'INM-CM4-8_ssp585', 'MIROC-ES2L_ssp585', 'MIROC6_ssp585']
2026-07-22 15:36:06,102 - INFO - [storyline.find_cmip6_pr_file] - Including non-standard file to fill gap: pr_Amon_CESM2_ssp585_r4i1p1f1_gn_20150115-21001215_regridded.nc
2026-07-22 15:36:06,251 - INFO - [storyline.find_cmip6_pr_file] - Including non-standard file to fill gap: pr_Amon_CNRM-CM6-1_ssp585_r1i1p1f2_gr_20150116-21001216_regridded.nc
2026-07-22 15:36:06,401 - INFO - [storyline.find_cmip6_pr_file] - Including non-standard file to fill gap: pr_Amon_CNRM-CM6-1-HR_ssp585_r1i1p1f2_gr_20150116-21001216_regridded.nc
2026-07-22 15:36:07,188 - INFO - [storyline.find_cmip6_pr_file] - Including non-standard file to fill gap: pr_Amon_HadGEM3-GC31-LL_ssp585_r1i1p1f3_gn_20150116-21001216_regridded.nc
2026-07-22 15:36:07,305 - INFO - [storyline.find_cmip6_pr_file] - Including non-standard file to fill gap: pr_Amon_HadGEM3-GC31-MM_ssp585_r1i1p1f3_gn_20150116-21001216_regridded.nc
2026-07-22 15:36:07,592 - WARNING - [storyline.find_cmip6_pr_file] - Excluding overlapping non-standard file: pr_Amon_EC-Earth3-CC_ssp585_r1i1p1f1_gr_20260116-21001216_regridded.nc
2026-07-22 15:36:08,578 - INFO - [storyline.find_cmip6_pr_file] - Including non-standard file to fill gap: pr_Amon_MRI-ESM2-0_ssp585_r1i1p1f1_gn_20150116-23001216_regridded.nc
2026-07-22 15:36:08,720 - INFO - [storyline.find_cmip6_pr_file] - Including non-standard file to fill gap: pr_Amon_UKESM1-0-LL_ssp585_r1i1p1f2_gn_20150116-21001216_regridded.nc
2026-07-22 15:36:09,037 - WARNING - [storyline.find_cmip6_pr_file] - Excluding overlapping non-standard file: pr_Amon_EC-Earth3-Veg-LR_ssp585_r1i1p1f1_gr_20420116-21001216_regridded.nc
2026-07-22 15:36:10,045 - INFO - [storyline.find_cmip6_pr_file] - Including non-standard file to fill gap: pr_Amon_MIROC-ES2L_ssp585_r1i1p1f2_gn_20150116-21001216_regridded.nc
2026-07-22 15:36:10,351 - INFO - [storyline.find_cmip6_pr_historical_file] - Selected historical PR member 'r1i1p1f1' for BCC-CSM2-MR from available: ['r1i1p1f1']
2026-07-22 15:36:10,585 - INFO - [storyline.find_cmip6_pr_historical_file] - Selected historical PR member 'r1i1p1f1' for CESM2 from available: ['r1i1p1f1']
2026-07-22 15:36:10,817 - INFO - [storyline.find_cmip6_pr_historical_file] - Selected historical PR member 'r1i1p1f2' for CNRM-CM6-1 from available: ['r1i1p1f2']
2026-07-22 15:36:10,817 - INFO - [storyline.find_cmip6_pr_historical_file] - Including non-standard historical PR file to fill gap: pr_Amon_CNRM-CM6-1_historical_r1i1p1f2_gr_18500116-20141216_regridded.nc
2026-07-22 15:36:11,052 - INFO - [storyline.find_cmip6_pr_historical_file] - Selected historical PR member 'r1i1p1f2' for CNRM-CM6-1-HR from available: ['r1i1p1f2']
2026-07-22 15:36:11,052 - INFO - [storyline.find_cmip6_pr_historical_file] - Including non-standard historical PR file to fill gap: pr_Amon_CNRM-CM6-1-HR_historical_r1i1p1f2_gr_18500116-20100916_regridded.nc
2026-07-22 15:36:11,052 - INFO - [storyline.find_cmip6_pr_historical_file] - Including non-standard historical PR file to fill gap: pr_Amon_CNRM-CM6-1-HR_historical_r1i1p1f2_gr_20101016-20141216_regridded.nc
2026-07-22 15:36:11,327 - INFO - [storyline.find_cmip6_pr_historical_file] - Selected historical PR member 'r1i1p1f1' for ACCESS-ESM1-5 from available: ['r1i1p1f1']
2026-07-22 15:36:11,547 - INFO - [storyline.find_cmip6_pr_historical_file] - Selected historical PR member 'r1i1p1f1' for CMCC-ESM2 from available: ['r1i1p1f1']
2026-07-22 15:36:11,769 - INFO - [storyline.find_cmip6_pr_historical_file] - Selected historical PR member 'r1i1p1f1' for MPI-ESM1-2-HR from available: ['r1i1p1f1']
2026-07-22 15:36:11,769 - INFO - [storyline.find_cmip6_pr_historical_file] - Including non-standard historical PR file to fill gap: pr_Amon_MPI-ESM1-2-HR_historical_r1i1p1f1_gn_19000116-19041216_regridded.nc
2026-07-22 15:36:12,297 - INFO - [storyline.find_cmip6_pr_historical_file] - Selected historical PR member 'r1i1p1f3' for HadGEM3-GC31-LL from available: ['r1i1p1f3']
2026-07-22 15:36:12,298 - INFO - [storyline.find_cmip6_pr_historical_file] - Including non-standard historical PR file to fill gap: pr_Amon_HadGEM3-GC31-LL_historical_r1i1p1f3_gn_18500116-20141216_regridded.nc
2026-07-22 15:36:12,519 - INFO - [storyline.find_cmip6_pr_historical_file] - Selected historical PR member 'r1i1p1f3' for HadGEM3-GC31-MM from available: ['r1i1p1f3']
2026-07-22 15:36:12,519 - INFO - [storyline.find_cmip6_pr_historical_file] - Including non-standard historical PR file to fill gap: pr_Amon_HadGEM3-GC31-MM_historical_r1i1p1f3_gn_18500116-20141216_regridded.nc
2026-07-22 15:36:12,742 - INFO - [storyline.find_cmip6_pr_historical_file] - Selected historical PR member 'r1i1p1f1' for INM-CM5-0 from available: ['r1i1p1f1']
2026-07-22 15:36:13,774 - INFO - [storyline.find_cmip6_pr_historical_file] - Selected historical PR member 'r1i1p1f1' for EC-Earth3-CC from available: ['r1i1p1f1']
2026-07-22 15:36:15,191 - INFO - [storyline.find_cmip6_pr_historical_file] - Selected historical PR member 'r1i1p1f1' for IPSL-CM6A-LR from available: ['r1i1p1f1']
2026-07-22 15:36:15,390 - INFO - [storyline.find_cmip6_pr_historical_file] - Selected historical PR member 'r1i1p1f1' for MRI-ESM2-0 from available: ['r1i1p1f1']
2026-07-22 15:36:15,390 - INFO - [storyline.find_cmip6_pr_historical_file] - Including non-standard historical PR file to fill gap: pr_Amon_MRI-ESM2-0_historical_r1i1p1f1_gn_18500116-20141216_regridded.nc
2026-07-22 15:36:15,633 - INFO - [storyline.find_cmip6_pr_historical_file] - Selected historical PR member 'r1i1p1f2' for UKESM1-0-LL from available: ['r13i1p1f2', 'r1i1p1f2']
2026-07-22 15:36:15,633 - INFO - [storyline.find_cmip6_pr_historical_file] - Including non-standard historical PR file to fill gap: pr_Amon_UKESM1-0-LL_historical_r1i1p1f2_gn_18500116-20141216_regridded.nc
2026-07-22 15:36:16,156 - INFO - [storyline.find_cmip6_pr_historical_file] - Selected historical PR member 'r1i1p1f1' for E3SM-1-0 from available: ['r1i1p1f1']
2026-07-22 15:36:16,468 - INFO - [storyline.find_cmip6_pr_historical_file] - Selected historical PR member 'r1i1p1f1' for EC-Earth3-Veg-LR from available: ['r1i1p1f1']
2026-07-22 15:36:17,855 - INFO - [storyline.find_cmip6_pr_historical_file] - Selected historical PR member 'r1i1p1f1' for GFDL-ESM4 from available: ['r1i1p1f1']
2026-07-22 15:36:17,855 - INFO - [storyline.find_cmip6_pr_historical_file] - Including non-standard historical PR file to fill gap: pr_Amon_GFDL-ESM4_historical_r1i1p1f1_gr1_18500116-20141216_regridded.nc
2026-07-22 15:36:18,051 - INFO - [storyline.find_cmip6_pr_historical_file] - Selected historical PR member 'r1i1p1f1' for INM-CM4-8 from available: ['r1i1p1f1']
2026-07-22 15:36:18,314 - INFO - [storyline.find_cmip6_pr_historical_file] - Selected historical PR member 'r1i1p1f2' for MIROC-ES2L from available: ['r1i1p1f2']
2026-07-22 15:36:18,314 - INFO - [storyline.find_cmip6_pr_historical_file] - Including non-standard historical PR file to fill gap: pr_Amon_MIROC-ES2L_historical_r1i1p1f2_gn_18500116-20141216_regridded.nc
2026-07-22 15:36:18,545 - INFO - [storyline.find_cmip6_pr_historical_file] - Selected historical PR member 'r1i1p1f1' for MIROC6 from available: ['r1i1p1f1']
2026-07-22 15:36:18,819 - INFO - [storyline.find_cmip6_pr_historical_file] - Selected historical PR member 'r1i1p1f1' for ACCESS-CM2 from available: ['r1i1p1f1']
2026-07-22 15:36:19,044 - INFO - [storyline.find_cmip6_pr_historical_file] - Selected historical PR member 'r1i1p1f1' for ACCESS-ESM1-5 from available: ['r1i1p1f1']
2026-07-22 15:36:19,267 - INFO - [storyline.find_cmip6_pr_historical_file] - Selected historical PR member 'r1i1p1f1' for BCC-CSM2-MR from available: ['r1i1p1f1']
2026-07-22 15:36:19,837 - INFO - [storyline.find_cmip6_pr_historical_file] - Selected historical PR member 'r1i1p1f1' for CESM2 from available: ['r1i1p1f1']
2026-07-22 15:36:20,053 - INFO - [storyline.find_cmip6_pr_historical_file] - Selected historical PR member 'r1i1p1f1' for CESM2-WACCM from available: ['r1i1p1f1']
2026-07-22 15:36:20,274 - INFO - [storyline.find_cmip6_pr_historical_file] - Selected historical PR member 'r1i1p1f1' for CMCC-CM2-SR5 from available: ['r1i1p1f1']
2026-07-22 15:36:20,494 - INFO - [storyline.find_cmip6_pr_historical_file] - Selected historical PR member 'r1i1p1f1' for CMCC-ESM2 from available: ['r1i1p1f1']
2026-07-22 15:36:20,717 - INFO - [storyline.find_cmip6_pr_historical_file] - Selected historical PR member 'r1i1p1f2' for CNRM-CM6-1-HR from available: ['r1i1p1f2']
2026-07-22 15:36:20,717 - INFO - [storyline.find_cmip6_pr_historical_file] - Including non-standard historical PR file to fill gap: pr_Amon_CNRM-CM6-1-HR_historical_r1i1p1f2_gr_18500116-20100916_regridded.nc
2026-07-22 15:36:20,717 - INFO - [storyline.find_cmip6_pr_historical_file] - Including non-standard historical PR file to fill gap: pr_Amon_CNRM-CM6-1-HR_historical_r1i1p1f2_gr_20101016-20141216_regridded.nc
2026-07-22 15:36:20,992 - INFO - [storyline.find_cmip6_pr_historical_file] - Selected historical PR member 'r1i1p1f2' for CNRM-CM6-1 from available: ['r1i1p1f2']
2026-07-22 15:36:20,992 - INFO - [storyline.find_cmip6_pr_historical_file] - Including non-standard historical PR file to fill gap: pr_Amon_CNRM-CM6-1_historical_r1i1p1f2_gr_18500116-20141216_regridded.nc
2026-07-22 15:36:21,225 - INFO - [storyline.find_cmip6_pr_historical_file] - Selected historical PR member 'r1i1p1f2' for CNRM-ESM2-1 from available: ['r1i1p1f2']
2026-07-22 15:36:21,225 - INFO - [storyline.find_cmip6_pr_historical_file] - Including non-standard historical PR file to fill gap: pr_Amon_CNRM-ESM2-1_historical_r1i1p1f2_gr_18500116-20141216_regridded.nc
2026-07-22 15:36:21,438 - INFO - [storyline.find_cmip6_pr_historical_file] - Selected historical PR member 'r1i1p1f1' for CanESM5 from available: ['r1i1p1f1']
2026-07-22 15:36:21,634 - INFO - [storyline.find_cmip6_pr_historical_file] - Selected historical PR member 'r1i1p1f1' for E3SM-1-0 from available: ['r1i1p1f1']
2026-07-22 15:36:21,920 - INFO - [storyline.find_cmip6_pr_historical_file] - Selected historical PR member 'r1i1p1f1' for EC-Earth3-CC from available: ['r1i1p1f1']
2026-07-22 15:36:23,370 - INFO - [storyline.find_cmip6_pr_historical_file] - Selected historical PR member 'r1i1p1f1' for EC-Earth3-Veg-LR from available: ['r1i1p1f1']
2026-07-22 15:36:24,727 - INFO - [storyline.find_cmip6_pr_historical_file] - Selected historical PR member 'r1i1p1f1' for EC-Earth3 from available: ['r1i1p1f1']
2026-07-22 15:36:26,471 - INFO - [storyline.find_cmip6_pr_historical_file] - Selected historical PR member 'r1i1p1f1' for GFDL-ESM4 from available: ['r1i1p1f1']
2026-07-22 15:36:26,472 - INFO - [storyline.find_cmip6_pr_historical_file] - Including non-standard historical PR file to fill gap: pr_Amon_GFDL-ESM4_historical_r1i1p1f1_gr1_18500116-20141216_regridded.nc
2026-07-22 15:36:26,670 - INFO - [storyline.find_cmip6_pr_historical_file] - Selected historical PR member 'r1i1p1f3' for HadGEM3-GC31-LL from available: ['r1i1p1f3']
2026-07-22 15:36:26,670 - INFO - [storyline.find_cmip6_pr_historical_file] - Including non-standard historical PR file to fill gap: pr_Amon_HadGEM3-GC31-LL_historical_r1i1p1f3_gn_18500116-20141216_regridded.nc
2026-07-22 15:36:26,889 - INFO - [storyline.find_cmip6_pr_historical_file] - Selected historical PR member 'r1i1p1f3' for HadGEM3-GC31-MM from available: ['r1i1p1f3']
2026-07-22 15:36:26,889 - INFO - [storyline.find_cmip6_pr_historical_file] - Including non-standard historical PR file to fill gap: pr_Amon_HadGEM3-GC31-MM_historical_r1i1p1f3_gn_18500116-20141216_regridded.nc
2026-07-22 15:36:27,104 - INFO - [storyline.find_cmip6_pr_historical_file] - Selected historical PR member 'r1i1p1f1' for IITM-ESM from available: ['r1i1p1f1']
2026-07-22 15:36:27,450 - INFO - [storyline.find_cmip6_pr_historical_file] - Selected historical PR member 'r1i1p1f1' for INM-CM4-8 from available: ['r1i1p1f1']
2026-07-22 15:36:27,728 - INFO - [storyline.find_cmip6_pr_historical_file] - Selected historical PR member 'r1i1p1f1' for INM-CM5-0 from available: ['r1i1p1f1']
2026-07-22 15:36:27,968 - INFO - [storyline.find_cmip6_pr_historical_file] - Selected historical PR member 'r1i1p1f1' for IPSL-CM6A-LR from available: ['r1i1p1f1']
2026-07-22 15:36:28,188 - INFO - [storyline.find_cmip6_pr_historical_file] - Selected historical PR member 'r1i1p1f1' for KACE-1-0-G from available: ['r1i1p1f1']
2026-07-22 15:36:28,411 - INFO - [storyline.find_cmip6_pr_historical_file] - Selected historical PR member 'r1i1p1f1' for KIOST-ESM from available: ['r1i1p1f1']
2026-07-22 15:36:28,628 - INFO - [storyline.find_cmip6_pr_historical_file] - Selected historical PR member 'r1i1p1f2' for MIROC-ES2L from available: ['r1i1p1f2']
2026-07-22 15:36:28,628 - INFO - [storyline.find_cmip6_pr_historical_file] - Including non-standard historical PR file to fill gap: pr_Amon_MIROC-ES2L_historical_r1i1p1f2_gn_18500116-20141216_regridded.nc
2026-07-22 15:36:28,842 - INFO - [storyline.find_cmip6_pr_historical_file] - Selected historical PR member 'r1i1p1f1' for MIROC6 from available: ['r1i1p1f1']
2026-07-22 15:36:29,081 - INFO - [storyline.find_cmip6_pr_historical_file] - Selected historical PR member 'r1i1p1f1' for MPI-ESM1-2-HR from available: ['r1i1p1f1']
2026-07-22 15:36:29,081 - INFO - [storyline.find_cmip6_pr_historical_file] - Including non-standard historical PR file to fill gap: pr_Amon_MPI-ESM1-2-HR_historical_r1i1p1f1_gn_19000116-19041216_regridded.nc
2026-07-22 15:36:29,563 - INFO - [storyline.find_cmip6_pr_historical_file] - Selected historical PR member 'r1i1p1f1' for MPI-ESM1-2-LR from available: ['r1i1p1f1']
2026-07-22 15:36:29,838 - INFO - [storyline.find_cmip6_pr_historical_file] - Selected historical PR member 'r1i1p1f1' for MRI-ESM2-0 from available: ['r1i1p1f1']
2026-07-22 15:36:29,839 - INFO - [storyline.find_cmip6_pr_historical_file] - Including non-standard historical PR file to fill gap: pr_Amon_MRI-ESM2-0_historical_r1i1p1f1_gn_18500116-20141216_regridded.nc
2026-07-22 15:36:30,028 - INFO - [storyline.find_cmip6_pr_historical_file] - Selected historical PR member 'r1i1p1f1' for NorESM2-MM from available: ['r1i1p1f1']
2026-07-22 15:36:30,386 - INFO - [storyline.find_cmip6_pr_historical_file] - Selected historical PR member 'r1i1p1f2' for UKESM1-0-LL from available: ['r13i1p1f2', 'r1i1p1f2']
2026-07-22 15:36:30,386 - INFO - [storyline.find_cmip6_pr_historical_file] - Including non-standard historical PR file to fill gap: pr_Amon_UKESM1-0-LL_historical_r1i1p1f2_gn_18500116-20141216_regridded.nc
2026-07-22 15:36:30,609 - INFO - [storyline.calculate_pr_composites_for_extremes] -   PR Future Extreme Models (N=10): ['BCC-CSM2-MR_ssp585', 'CESM2_ssp585', 'CNRM-CM6-1_ssp585', 'CNRM-CM6-1-HR_ssp585', 'ACCESS-ESM1-5_ssp585', 'CMCC-ESM2_ssp585', 'MPI-ESM1-2-HR_ssp585', 'HadGEM3-GC31-LL_ssp585', 'HadGEM3-GC31-MM_ssp585', 'INM-CM5-0_ssp585']
2026-07-22 15:36:30,609 - INFO - [storyline.calculate_pr_composites_for_extremes] -   PR Future Non-Extreme Models (N=10): ['EC-Earth3-CC_ssp585', 'IPSL-CM6A-LR_ssp585', 'MRI-ESM2-0_ssp585', 'UKESM1-0-LL_ssp585', 'E3SM-1-0_ssp585', 'EC-Earth3-Veg-LR_ssp585', 'GFDL-ESM4_ssp585', 'INM-CM4-8_ssp585', 'MIROC-ES2L_ssp585', 'MIROC6_ssp585']
2026-07-22 15:36:30,609 - INFO - [storyline.calculate_pr_composites_for_extremes] -   PR Historical Extreme Models (N=10): ['BCC-CSM2-MR_ssp585', 'CESM2_ssp585', 'CNRM-CM6-1_ssp585', 'CNRM-CM6-1-HR_ssp585', 'ACCESS-ESM1-5_ssp585', 'CMCC-ESM2_ssp585', 'MPI-ESM1-2-HR_ssp585', 'HadGEM3-GC31-LL_ssp585', 'HadGEM3-GC31-MM_ssp585', 'INM-CM5-0_ssp585']
2026-07-22 15:36:30,609 - INFO - [storyline.calculate_pr_composites_for_extremes] -   PR Historical Non-Extreme Models (N=10): ['EC-Earth3-CC_ssp585', 'IPSL-CM6A-LR_ssp585', 'MRI-ESM2-0_ssp585', 'UKESM1-0-LL_ssp585', 'E3SM-1-0_ssp585', 'EC-Earth3-Veg-LR_ssp585', 'GFDL-ESM4_ssp585', 'INM-CM4-8_ssp585', 'MIROC-ES2L_ssp585', 'MIROC6_ssp585']
2026-07-22 15:36:31,190 - INFO - [main.run_full_analysis] - TAS composite plot already exists, but calculating data for missing Final Figure 4...
2026-07-22 15:36:31,190 - INFO - [storyline.calculate_tas_composites_for_extremes] - Calculating TAS composites for event '30Q10_low' at GWL +2.0°C, Season=Winter...
2026-07-22 15:36:31,233 - INFO - [storyline.calculate_tas_composites_for_extremes] -   TAS Extreme Models (N=10): ['BCC-CSM2-MR_ssp585', 'CESM2_ssp585', 'CNRM-CM6-1_ssp585', 'CNRM-CM6-1-HR_ssp585', 'ACCESS-ESM1-5_ssp585', 'CMCC-ESM2_ssp585', 'MPI-ESM1-2-HR_ssp585', 'HadGEM3-GC31-LL_ssp585', 'HadGEM3-GC31-MM_ssp585', 'INM-CM5-0_ssp585']
2026-07-22 15:36:31,235 - INFO - [storyline.find_cmip6_tas_file] - Selected TAS file member 'r1i1p1f1' for BCC-CSM2-MR (ssp585) from available: ['r1i1p1f1']
2026-07-22 15:36:31,380 - INFO - [storyline.find_cmip6_tas_file] - Selected TAS file member 'r4i1p1f1' for CESM2 (ssp585) from available: ['r4i1p1f1']
2026-07-22 15:36:31,380 - INFO - [storyline.find_cmip6_tas_file] - Including non-standard TAS file to fill gap: tas_Amon_CESM2_ssp585_r4i1p1f1_gn_20150115-21001215_regridded.nc
2026-07-22 15:36:31,530 - INFO - [storyline.find_cmip6_tas_file] - Selected TAS file member 'r1i1p1f2' for CNRM-CM6-1 (ssp585) from available: ['r1i1p1f2']
2026-07-22 15:36:31,531 - INFO - [storyline.find_cmip6_tas_file] - Including non-standard TAS file to fill gap: tas_Amon_CNRM-CM6-1_ssp585_r1i1p1f2_gr_20150116-21001216_regridded.nc
2026-07-22 15:36:32,005 - INFO - [storyline.find_cmip6_tas_file] - Selected TAS file member 'r1i1p1f2' for CNRM-CM6-1-HR (ssp585) from available: ['r1i1p1f2']
2026-07-22 15:36:32,006 - INFO - [storyline.find_cmip6_tas_file] - Including non-standard TAS file to fill gap: tas_Amon_CNRM-CM6-1-HR_ssp585_r1i1p1f2_gr_20150116-21001216_regridded.nc
2026-07-22 15:36:32,154 - INFO - [storyline.find_cmip6_tas_file] - Selected TAS file member 'r1i1p1f1' for ACCESS-ESM1-5 (ssp585) from available: ['r1i1p1f1']
2026-07-22 15:36:32,316 - INFO - [storyline.find_cmip6_tas_file] - Selected TAS file member 'r1i1p1f1' for CMCC-ESM2 (ssp585) from available: ['r1i1p1f1']
2026-07-22 15:36:32,461 - INFO - [storyline.find_cmip6_tas_file] - Selected TAS file member 'r1i1p1f1' for MPI-ESM1-2-HR (ssp585) from available: ['r1i1p1f1']
2026-07-22 15:36:32,778 - INFO - [storyline.find_cmip6_tas_file] - Selected TAS file member 'r1i1p1f3' for HadGEM3-GC31-LL (ssp585) from available: ['r1i1p1f3']
2026-07-22 15:36:32,778 - INFO - [storyline.find_cmip6_tas_file] - Including non-standard TAS file to fill gap: tas_Amon_HadGEM3-GC31-LL_ssp585_r1i1p1f3_gn_20150116-21001216_regridded.nc
2026-07-22 15:36:32,920 - INFO - [storyline.find_cmip6_tas_file] - Selected TAS file member 'r1i1p1f3' for HadGEM3-GC31-MM (ssp585) from available: ['r1i1p1f3']
2026-07-22 15:36:32,920 - INFO - [storyline.find_cmip6_tas_file] - Including non-standard TAS file to fill gap: tas_Amon_HadGEM3-GC31-MM_ssp585_r1i1p1f3_gn_20150116-21001216_regridded.nc
2026-07-22 15:36:33,075 - INFO - [storyline.find_cmip6_tas_file] - Selected TAS file member 'r1i1p1f1' for INM-CM5-0 (ssp585) from available: ['r1i1p1f1']
2026-07-22 15:36:33,237 - INFO - [storyline.find_cmip6_tas_file] - Selected TAS file member 'r1i1p1f1' for EC-Earth3-CC (ssp585) from available: ['r1i1p1f1']
2026-07-22 15:36:33,237 - WARNING - [storyline.find_cmip6_tas_file] - Excluding overlapping non-standard TAS file: tas_Amon_EC-Earth3-CC_ssp585_r1i1p1f1_gr_20280116-21001216_regridded.nc
2026-07-22 15:36:34,005 - INFO - [storyline.find_cmip6_tas_file] - Selected TAS file member 'r1i1p1f1' for IPSL-CM6A-LR (ssp585) from available: ['r1i1p1f1']
2026-07-22 15:36:34,149 - INFO - [storyline.find_cmip6_tas_file] - Selected TAS file member 'r1i1p1f1' for MRI-ESM2-0 (ssp585) from available: ['r1i1p1f1']
2026-07-22 15:36:34,290 - INFO - [storyline.find_cmip6_tas_file] - Selected TAS file member 'r1i1p1f2' for UKESM1-0-LL (ssp585) from available: ['r1i1p1f2']
2026-07-22 15:36:34,290 - INFO - [storyline.find_cmip6_tas_file] - Including non-standard TAS file to fill gap: tas_Amon_UKESM1-0-LL_ssp585_r1i1p1f2_gn_20150116-21001216_regridded.nc
2026-07-22 15:36:34,444 - INFO - [storyline.find_cmip6_tas_file] - Selected TAS file member 'r1i1p1f1' for E3SM-1-0 (ssp585) from available: ['r1i1p1f1']
2026-07-22 15:36:34,616 - INFO - [storyline.find_cmip6_tas_file] - Selected TAS file member 'r1i1p1f1' for EC-Earth3-Veg-LR (ssp585) from available: ['r1i1p1f1']
2026-07-22 15:36:34,617 - WARNING - [storyline.find_cmip6_tas_file] - Excluding overlapping non-standard TAS file: tas_Amon_EC-Earth3-Veg-LR_ssp585_r1i1p1f1_gr_20480116-21001216_regridded.nc
2026-07-22 15:36:35,403 - INFO - [storyline.find_cmip6_tas_file] - Selected TAS file member 'r1i1p1f1' for GFDL-ESM4 (ssp585) from available: ['r1i1p1f1']
2026-07-22 15:36:35,531 - INFO - [storyline.find_cmip6_tas_file] - Selected TAS file member 'r1i1p1f1' for INM-CM4-8 (ssp585) from available: ['r1i1p1f1']
2026-07-22 15:36:35,676 - INFO - [storyline.find_cmip6_tas_file] - Selected TAS file member 'r1i1p1f2' for MIROC-ES2L (ssp585) from available: ['r1i1p1f2']
2026-07-22 15:36:35,677 - INFO - [storyline.find_cmip6_tas_file] - Including non-standard TAS file to fill gap: tas_Amon_MIROC-ES2L_ssp585_r1i1p1f2_gn_20150116-21001216_regridded.nc
2026-07-22 15:36:35,832 - INFO - [storyline.find_cmip6_tas_file] - Selected TAS file member 'r1i1p1f1' for MIROC6 (ssp585) from available: ['r1i1p1f1']
2026-07-22 15:36:35,832 - INFO - [storyline.find_cmip6_tas_file] - Including non-standard TAS file to fill gap: tas_Amon_MIROC6_ssp585_r1i1p1f1_gn_20150116-21001216_regridded.nc
2026-07-22 15:36:35,994 - INFO - [storyline.find_cmip6_tas_historical_file] - Selected historical TAS member 'r1i1p1f1' for BCC-CSM2-MR from available: ['r1i1p1f1']
2026-07-22 15:36:36,209 - INFO - [storyline.find_cmip6_tas_historical_file] - Selected historical TAS member 'r1i1p1f1' for CESM2 from available: ['r1i1p1f1']
2026-07-22 15:36:36,433 - INFO - [storyline.find_cmip6_tas_historical_file] - Selected historical TAS member 'r1i1p1f2' for CNRM-CM6-1 from available: ['r1i1p1f2']
2026-07-22 15:36:36,433 - INFO - [storyline.find_cmip6_tas_historical_file] - Including non-standard historical TAS file to fill gap: tas_Amon_CNRM-CM6-1_historical_r1i1p1f2_gr_18500116-20141216_regridded.nc
2026-07-22 15:36:36,656 - INFO - [storyline.find_cmip6_tas_historical_file] - Selected historical TAS member 'r1i1p1f2' for CNRM-CM6-1-HR from available: ['r1i1p1f2']
2026-07-22 15:36:36,657 - INFO - [storyline.find_cmip6_tas_historical_file] - Including non-standard historical TAS file to fill gap: tas_Amon_CNRM-CM6-1-HR_historical_r1i1p1f2_gr_18500116-20100916_regridded.nc
2026-07-22 15:36:36,657 - INFO - [storyline.find_cmip6_tas_historical_file] - Including non-standard historical TAS file to fill gap: tas_Amon_CNRM-CM6-1-HR_historical_r1i1p1f2_gr_20101016-20141216_regridded.nc
2026-07-22 15:36:36,918 - INFO - [storyline.find_cmip6_tas_historical_file] - Selected historical TAS member 'r1i1p1f1' for ACCESS-ESM1-5 from available: ['r1i1p1f1']
2026-07-22 15:36:37,145 - INFO - [storyline.find_cmip6_tas_historical_file] - Selected historical TAS member 'r1i1p1f1' for CMCC-ESM2 from available: ['r1i1p1f1']
2026-07-22 15:36:37,705 - INFO - [storyline.find_cmip6_tas_historical_file] - Selected historical TAS member 'r1i1p1f1' for MPI-ESM1-2-HR from available: ['r1i1p1f1']
2026-07-22 15:36:38,174 - INFO - [storyline.find_cmip6_tas_historical_file] - Selected historical TAS member 'r1i1p1f3' for HadGEM3-GC31-LL from available: ['r1i1p1f3']
2026-07-22 15:36:38,174 - INFO - [storyline.find_cmip6_tas_historical_file] - Including non-standard historical TAS file to fill gap: tas_Amon_HadGEM3-GC31-LL_historical_r1i1p1f3_gn_18500116-20141216_regridded.nc
2026-07-22 15:36:38,391 - INFO - [storyline.find_cmip6_tas_historical_file] - Selected historical TAS member 'r1i1p1f3' for HadGEM3-GC31-MM from available: ['r1i1p1f3']
2026-07-22 15:36:38,391 - INFO - [storyline.find_cmip6_tas_historical_file] - Including non-standard historical TAS file to fill gap: tas_Amon_HadGEM3-GC31-MM_historical_r1i1p1f3_gn_18500116-20141216_regridded.nc
2026-07-22 15:36:38,618 - INFO - [storyline.find_cmip6_tas_historical_file] - Selected historical TAS member 'r1i1p1f1' for INM-CM5-0 from available: ['r1i1p1f1']
2026-07-22 15:36:38,879 - INFO - [storyline.find_cmip6_tas_historical_file] - Selected historical TAS member 'r1i1p1f1' for EC-Earth3-CC from available: ['r1i1p1f1']
2026-07-22 15:36:40,253 - INFO - [storyline.find_cmip6_tas_historical_file] - Selected historical TAS member 'r1i1p1f1' for IPSL-CM6A-LR from available: ['r1i1p1f1']
2026-07-22 15:36:40,455 - INFO - [storyline.find_cmip6_tas_historical_file] - Selected historical TAS member 'r1i1p1f1' for MRI-ESM2-0 from available: ['r1i1p1f1']
2026-07-22 15:36:40,455 - INFO - [storyline.find_cmip6_tas_historical_file] - Including non-standard historical TAS file to fill gap: tas_Amon_MRI-ESM2-0_historical_r1i1p1f1_gn_18500116-20141216_regridded.nc
2026-07-22 15:36:40,681 - INFO - [storyline.find_cmip6_tas_historical_file] - Selected historical TAS member 'r1i1p1f2' for UKESM1-0-LL from available: ['r1i1p1f2']
2026-07-22 15:36:40,682 - INFO - [storyline.find_cmip6_tas_historical_file] - Including non-standard historical TAS file to fill gap: tas_Amon_UKESM1-0-LL_historical_r1i1p1f2_gn_18500116-20141216_regridded.nc
2026-07-22 15:36:40,909 - INFO - [storyline.find_cmip6_tas_historical_file] - Selected historical TAS member 'r1i1p1f1' for E3SM-1-0 from available: ['r1i1p1f1']
2026-07-22 15:36:41,209 - INFO - [storyline.find_cmip6_tas_historical_file] - Selected historical TAS member 'r1i1p1f1' for EC-Earth3-Veg-LR from available: ['r1i1p1f1']
2026-07-22 15:36:42,869 - INFO - [storyline.find_cmip6_tas_historical_file] - Selected historical TAS member 'r1i1p1f1' for GFDL-ESM4 from available: ['r1i1p1f1']
2026-07-22 15:36:42,869 - WARNING - [storyline.find_cmip6_tas_historical_file] - Excluding overlapping non-standard historical TAS file: tas_Amon_GFDL-ESM4_historical_r1i1p1f1_gr1_18500116-20141216_regridded.nc
2026-07-22 15:36:43,842 - INFO - [storyline.find_cmip6_tas_historical_file] - Selected historical TAS member 'r1i1p1f1' for INM-CM4-8 from available: ['r1i1p1f1']
2026-07-22 15:36:44,102 - INFO - [storyline.find_cmip6_tas_historical_file] - Selected historical TAS member 'r1i1p1f2' for MIROC-ES2L from available: ['r1i1p1f2']
2026-07-22 15:36:44,102 - INFO - [storyline.find_cmip6_tas_historical_file] - Including non-standard historical TAS file to fill gap: tas_Amon_MIROC-ES2L_historical_r1i1p1f2_gn_18500116-20141216_regridded.nc
2026-07-22 15:36:44,328 - INFO - [storyline.find_cmip6_tas_historical_file] - Selected historical TAS member 'r1i1p1f1' for MIROC6 from available: ['r1i1p1f1']
2026-07-22 15:36:45,121 - INFO - [main.run_full_analysis] - PR composite plots already exist, but calculating data for missing Final Figure 4...
2026-07-22 15:36:45,122 - INFO - [storyline.calculate_pr_composites_for_extremes] - Calculating PR composites for event '30Q10_low' at GWL +2.0°C, Season=Summer (Top/Bottom 12 models)...
2026-07-22 15:36:45,122 - INFO - [storyline.calculate_pr_composites_for_extremes] - [PR DEBUG] Keys for ACCESS-CM2_ssp585: ['1Q_low_winter', '1Q_high_winter', '7Q_low_winter', '7Q_high_winter', '30Q_low_winter', '30Q_high_winter', '1Q_low_summer', '1Q_high_summer', '7Q_low_summer', '7Q_high_summer', '30Q_low_summer', '30Q_high_summer', '1Q_low_full_year', '1Q_high_full_year', '7Q_low_full_year', '7Q_high_full_year', '30Q_low_full_year', '30Q_high_full_year', 'Mar_discharge', 'Apr_discharge', 'May_discharge', 'Sep_discharge', 'Oct_discharge', 'Nov_discharge', 'DJF_JetSpeed', 'DJF_JetLat', 'DJF_pr', 'DJF_tas', 'DJF_discharge', 'JJA_JetSpeed', 'JJA_JetLat', 'JJA_pr', 'JJA_tas', 'JJA_discharge', 'Hydro_Winter_JetSpeed', 'Hydro_Winter_JetLat', 'Hydro_Summer_JetSpeed', 'Hydro_Summer_JetLat', 'Annual_tas', 'Annual_pr', 'Annual_discharge', 'Annual_spei']
2026-07-22 15:36:45,141 - INFO - [storyline.calculate_pr_composites_for_extremes] -   Calculated Return Periods for 31 models.
2026-07-22 15:36:45,166 - INFO - [storyline.calculate_pr_composites_for_extremes] -   PR Extreme Models (Shortest T): ['BCC-CSM2-MR_ssp585', 'CNRM-CM6-1_ssp585', 'CESM2_ssp585', 'CNRM-CM6-1-HR_ssp585', 'MPI-ESM1-2-HR_ssp585', 'NorESM2-MM_ssp585', 'ACCESS-ESM1-5_ssp585', 'CMCC-ESM2_ssp585', 'CMCC-CM2-SR5_ssp585', 'INM-CM5-0_ssp585']
2026-07-22 15:36:45,166 - INFO - [storyline.calculate_pr_composites_for_extremes] -   PR Non-Extreme Models (Longest T): ['E3SM-1-0_ssp585', 'EC-Earth3_ssp585', 'GFDL-ESM4_ssp585', 'HadGEM3-GC31-LL_ssp585', 'IITM-ESM_ssp585', 'IPSL-CM6A-LR_ssp585', 'MIROC-ES2L_ssp585', 'MIROC6_ssp585', 'MPI-ESM1-2-LR_ssp585', 'MRI-ESM2-0_ssp585']
2026-07-22 15:36:45,287 - INFO - [storyline.find_cmip6_pr_file] - Including non-standard file to fill gap: pr_Amon_CNRM-CM6-1_ssp585_r1i1p1f2_gr_20150116-21001216_regridded.nc
2026-07-22 15:36:45,413 - INFO - [storyline.find_cmip6_pr_file] - Including non-standard file to fill gap: pr_Amon_CESM2_ssp585_r4i1p1f1_gn_20150115-21001215_regridded.nc
2026-07-22 15:36:45,548 - INFO - [storyline.find_cmip6_pr_file] - Including non-standard file to fill gap: pr_Amon_CNRM-CM6-1-HR_ssp585_r1i1p1f2_gr_20150116-21001216_regridded.nc
2026-07-22 15:36:47,888 - INFO - [storyline.find_cmip6_pr_file] - Including non-standard file to fill gap: pr_Amon_HadGEM3-GC31-LL_ssp585_r1i1p1f3_gn_20150116-21001216_regridded.nc
2026-07-22 15:36:48,413 - INFO - [storyline.find_cmip6_pr_file] - Including non-standard file to fill gap: pr_Amon_MIROC-ES2L_ssp585_r1i1p1f2_gn_20150116-21001216_regridded.nc
2026-07-22 15:36:48,881 - INFO - [storyline.find_cmip6_pr_file] - Including non-standard file to fill gap: pr_Amon_MRI-ESM2-0_ssp585_r1i1p1f1_gn_20150116-23001216_regridded.nc
2026-07-22 15:36:49,029 - INFO - [storyline.find_cmip6_pr_historical_file] - Selected historical PR member 'r1i1p1f1' for BCC-CSM2-MR from available: ['r1i1p1f1']
2026-07-22 15:36:49,231 - INFO - [storyline.find_cmip6_pr_historical_file] - Selected historical PR member 'r1i1p1f2' for CNRM-CM6-1 from available: ['r1i1p1f2']
2026-07-22 15:36:49,231 - INFO - [storyline.find_cmip6_pr_historical_file] - Including non-standard historical PR file to fill gap: pr_Amon_CNRM-CM6-1_historical_r1i1p1f2_gr_18500116-20141216_regridded.nc
2026-07-22 15:36:49,438 - INFO - [storyline.find_cmip6_pr_historical_file] - Selected historical PR member 'r1i1p1f1' for CESM2 from available: ['r1i1p1f1']
2026-07-22 15:36:49,647 - INFO - [storyline.find_cmip6_pr_historical_file] - Selected historical PR member 'r1i1p1f2' for CNRM-CM6-1-HR from available: ['r1i1p1f2']
2026-07-22 15:36:49,647 - INFO - [storyline.find_cmip6_pr_historical_file] - Including non-standard historical PR file to fill gap: pr_Amon_CNRM-CM6-1-HR_historical_r1i1p1f2_gr_18500116-20100916_regridded.nc
2026-07-22 15:36:49,647 - INFO - [storyline.find_cmip6_pr_historical_file] - Including non-standard historical PR file to fill gap: pr_Amon_CNRM-CM6-1-HR_historical_r1i1p1f2_gr_20101016-20141216_regridded.nc
2026-07-22 15:36:49,901 - INFO - [storyline.find_cmip6_pr_historical_file] - Selected historical PR member 'r1i1p1f1' for MPI-ESM1-2-HR from available: ['r1i1p1f1']
2026-07-22 15:36:49,901 - INFO - [storyline.find_cmip6_pr_historical_file] - Including non-standard historical PR file to fill gap: pr_Amon_MPI-ESM1-2-HR_historical_r1i1p1f1_gn_19000116-19041216_regridded.nc
2026-07-22 15:36:50,333 - INFO - [storyline.find_cmip6_pr_historical_file] - Selected historical PR member 'r1i1p1f1' for NorESM2-MM from available: ['r1i1p1f1']
2026-07-22 15:36:50,984 - INFO - [storyline.find_cmip6_pr_historical_file] - Selected historical PR member 'r1i1p1f1' for ACCESS-ESM1-5 from available: ['r1i1p1f1']
2026-07-22 15:36:51,191 - INFO - [storyline.find_cmip6_pr_historical_file] - Selected historical PR member 'r1i1p1f1' for CMCC-ESM2 from available: ['r1i1p1f1']
2026-07-22 15:36:51,401 - INFO - [storyline.find_cmip6_pr_historical_file] - Selected historical PR member 'r1i1p1f1' for CMCC-CM2-SR5 from available: ['r1i1p1f1']
2026-07-22 15:36:51,617 - INFO - [storyline.find_cmip6_pr_historical_file] - Selected historical PR member 'r1i1p1f1' for INM-CM5-0 from available: ['r1i1p1f1']
2026-07-22 15:36:51,869 - INFO - [storyline.find_cmip6_pr_historical_file] - Selected historical PR member 'r1i1p1f1' for E3SM-1-0 from available: ['r1i1p1f1']
2026-07-22 15:36:52,155 - INFO - [storyline.find_cmip6_pr_historical_file] - Selected historical PR member 'r1i1p1f1' for EC-Earth3 from available: ['r1i1p1f1']
2026-07-22 15:36:53,408 - INFO - [storyline.find_cmip6_pr_historical_file] - Selected historical PR member 'r1i1p1f1' for GFDL-ESM4 from available: ['r1i1p1f1']
2026-07-22 15:36:53,408 - INFO - [storyline.find_cmip6_pr_historical_file] - Including non-standard historical PR file to fill gap: pr_Amon_GFDL-ESM4_historical_r1i1p1f1_gr1_18500116-20141216_regridded.nc
2026-07-22 15:36:53,603 - INFO - [storyline.find_cmip6_pr_historical_file] - Selected historical PR member 'r1i1p1f3' for HadGEM3-GC31-LL from available: ['r1i1p1f3']
2026-07-22 15:36:53,603 - INFO - [storyline.find_cmip6_pr_historical_file] - Including non-standard historical PR file to fill gap: pr_Amon_HadGEM3-GC31-LL_historical_r1i1p1f3_gn_18500116-20141216_regridded.nc
2026-07-22 15:36:53,818 - INFO - [storyline.find_cmip6_pr_historical_file] - Selected historical PR member 'r1i1p1f1' for IITM-ESM from available: ['r1i1p1f1']
2026-07-22 15:36:54,181 - INFO - [storyline.find_cmip6_pr_historical_file] - Selected historical PR member 'r1i1p1f1' for IPSL-CM6A-LR from available: ['r1i1p1f1']
2026-07-22 15:36:54,393 - INFO - [storyline.find_cmip6_pr_historical_file] - Selected historical PR member 'r1i1p1f2' for MIROC-ES2L from available: ['r1i1p1f2']
2026-07-22 15:36:54,393 - INFO - [storyline.find_cmip6_pr_historical_file] - Including non-standard historical PR file to fill gap: pr_Amon_MIROC-ES2L_historical_r1i1p1f2_gn_18500116-20141216_regridded.nc
2026-07-22 15:36:54,610 - INFO - [storyline.find_cmip6_pr_historical_file] - Selected historical PR member 'r1i1p1f1' for MIROC6 from available: ['r1i1p1f1']
2026-07-22 15:36:54,886 - INFO - [storyline.find_cmip6_pr_historical_file] - Selected historical PR member 'r1i1p1f1' for MPI-ESM1-2-LR from available: ['r1i1p1f1']
2026-07-22 15:36:55,196 - INFO - [storyline.find_cmip6_pr_historical_file] - Selected historical PR member 'r1i1p1f1' for MRI-ESM2-0 from available: ['r1i1p1f1']
2026-07-22 15:36:55,196 - INFO - [storyline.find_cmip6_pr_historical_file] - Including non-standard historical PR file to fill gap: pr_Amon_MRI-ESM2-0_historical_r1i1p1f1_gn_18500116-20141216_regridded.nc
2026-07-22 15:36:55,414 - INFO - [storyline.find_cmip6_pr_historical_file] - Selected historical PR member 'r1i1p1f1' for ACCESS-CM2 from available: ['r1i1p1f1']
2026-07-22 15:36:55,624 - INFO - [storyline.find_cmip6_pr_historical_file] - Selected historical PR member 'r1i1p1f1' for ACCESS-ESM1-5 from available: ['r1i1p1f1']
2026-07-22 15:36:55,834 - INFO - [storyline.find_cmip6_pr_historical_file] - Selected historical PR member 'r1i1p1f1' for BCC-CSM2-MR from available: ['r1i1p1f1']
2026-07-22 15:36:56,049 - INFO - [storyline.find_cmip6_pr_historical_file] - Selected historical PR member 'r1i1p1f1' for CESM2 from available: ['r1i1p1f1']
2026-07-22 15:36:56,578 - INFO - [storyline.find_cmip6_pr_historical_file] - Selected historical PR member 'r1i1p1f1' for CESM2-WACCM from available: ['r1i1p1f1']
2026-07-22 15:36:56,798 - INFO - [storyline.find_cmip6_pr_historical_file] - Selected historical PR member 'r1i1p1f1' for CMCC-CM2-SR5 from available: ['r1i1p1f1']
2026-07-22 15:36:57,007 - INFO - [storyline.find_cmip6_pr_historical_file] - Selected historical PR member 'r1i1p1f1' for CMCC-ESM2 from available: ['r1i1p1f1']
2026-07-22 15:36:57,223 - INFO - [storyline.find_cmip6_pr_historical_file] - Selected historical PR member 'r1i1p1f2' for CNRM-CM6-1-HR from available: ['r1i1p1f2']
2026-07-22 15:36:57,224 - INFO - [storyline.find_cmip6_pr_historical_file] - Including non-standard historical PR file to fill gap: pr_Amon_CNRM-CM6-1-HR_historical_r1i1p1f2_gr_18500116-20100916_regridded.nc
2026-07-22 15:36:57,224 - INFO - [storyline.find_cmip6_pr_historical_file] - Including non-standard historical PR file to fill gap: pr_Amon_CNRM-CM6-1-HR_historical_r1i1p1f2_gr_20101016-20141216_regridded.nc
2026-07-22 15:36:57,477 - INFO - [storyline.find_cmip6_pr_historical_file] - Selected historical PR member 'r1i1p1f2' for CNRM-CM6-1 from available: ['r1i1p1f2']
2026-07-22 15:36:57,477 - INFO - [storyline.find_cmip6_pr_historical_file] - Including non-standard historical PR file to fill gap: pr_Amon_CNRM-CM6-1_historical_r1i1p1f2_gr_18500116-20141216_regridded.nc
2026-07-22 15:36:57,686 - INFO - [storyline.find_cmip6_pr_historical_file] - Selected historical PR member 'r1i1p1f2' for CNRM-ESM2-1 from available: ['r1i1p1f2']
2026-07-22 15:36:57,686 - INFO - [storyline.find_cmip6_pr_historical_file] - Including non-standard historical PR file to fill gap: pr_Amon_CNRM-ESM2-1_historical_r1i1p1f2_gr_18500116-20141216_regridded.nc
2026-07-22 15:36:57,895 - INFO - [storyline.find_cmip6_pr_historical_file] - Selected historical PR member 'r1i1p1f1' for CanESM5 from available: ['r1i1p1f1']
2026-07-22 15:36:58,102 - INFO - [storyline.find_cmip6_pr_historical_file] - Selected historical PR member 'r1i1p1f1' for E3SM-1-0 from available: ['r1i1p1f1']
2026-07-22 15:36:58,405 - INFO - [storyline.find_cmip6_pr_historical_file] - Selected historical PR member 'r1i1p1f1' for EC-Earth3-CC from available: ['r1i1p1f1']
2026-07-22 15:36:59,658 - INFO - [storyline.find_cmip6_pr_historical_file] - Selected historical PR member 'r1i1p1f1' for EC-Earth3-Veg-LR from available: ['r1i1p1f1']
2026-07-22 15:37:00,865 - INFO - [storyline.find_cmip6_pr_historical_file] - Selected historical PR member 'r1i1p1f1' for EC-Earth3 from available: ['r1i1p1f1']
2026-07-22 15:37:02,465 - INFO - [storyline.find_cmip6_pr_historical_file] - Selected historical PR member 'r1i1p1f1' for GFDL-ESM4 from available: ['r1i1p1f1']
2026-07-22 15:37:02,465 - INFO - [storyline.find_cmip6_pr_historical_file] - Including non-standard historical PR file to fill gap: pr_Amon_GFDL-ESM4_historical_r1i1p1f1_gr1_18500116-20141216_regridded.nc
2026-07-22 15:37:02,653 - INFO - [storyline.find_cmip6_pr_historical_file] - Selected historical PR member 'r1i1p1f3' for HadGEM3-GC31-LL from available: ['r1i1p1f3']
2026-07-22 15:37:02,653 - INFO - [storyline.find_cmip6_pr_historical_file] - Including non-standard historical PR file to fill gap: pr_Amon_HadGEM3-GC31-LL_historical_r1i1p1f3_gn_18500116-20141216_regridded.nc
2026-07-22 15:37:02,858 - INFO - [storyline.find_cmip6_pr_historical_file] - Selected historical PR member 'r1i1p1f3' for HadGEM3-GC31-MM from available: ['r1i1p1f3']
2026-07-22 15:37:02,858 - INFO - [storyline.find_cmip6_pr_historical_file] - Including non-standard historical PR file to fill gap: pr_Amon_HadGEM3-GC31-MM_historical_r1i1p1f3_gn_18500116-20141216_regridded.nc
2026-07-22 15:37:03,077 - INFO - [storyline.find_cmip6_pr_historical_file] - Selected historical PR member 'r1i1p1f1' for IITM-ESM from available: ['r1i1p1f1']
2026-07-22 15:37:03,436 - INFO - [storyline.find_cmip6_pr_historical_file] - Selected historical PR member 'r1i1p1f1' for INM-CM4-8 from available: ['r1i1p1f1']
2026-07-22 15:37:03,682 - INFO - [storyline.find_cmip6_pr_historical_file] - Selected historical PR member 'r1i1p1f1' for INM-CM5-0 from available: ['r1i1p1f1']
2026-07-22 15:37:03,938 - INFO - [storyline.find_cmip6_pr_historical_file] - Selected historical PR member 'r1i1p1f1' for IPSL-CM6A-LR from available: ['r1i1p1f1']
2026-07-22 15:37:04,155 - INFO - [storyline.find_cmip6_pr_historical_file] - Selected historical PR member 'r1i1p1f1' for KACE-1-0-G from available: ['r1i1p1f1']
2026-07-22 15:37:04,362 - INFO - [storyline.find_cmip6_pr_historical_file] - Selected historical PR member 'r1i1p1f1' for KIOST-ESM from available: ['r1i1p1f1']
2026-07-22 15:37:04,580 - INFO - [storyline.find_cmip6_pr_historical_file] - Selected historical PR member 'r1i1p1f2' for MIROC-ES2L from available: ['r1i1p1f2']
2026-07-22 15:37:04,580 - INFO - [storyline.find_cmip6_pr_historical_file] - Including non-standard historical PR file to fill gap: pr_Amon_MIROC-ES2L_historical_r1i1p1f2_gn_18500116-20141216_regridded.nc
2026-07-22 15:37:04,788 - INFO - [storyline.find_cmip6_pr_historical_file] - Selected historical PR member 'r1i1p1f1' for MIROC6 from available: ['r1i1p1f1']
2026-07-22 15:37:05,034 - INFO - [storyline.find_cmip6_pr_historical_file] - Selected historical PR member 'r1i1p1f1' for MPI-ESM1-2-HR from available: ['r1i1p1f1']
2026-07-22 15:37:05,035 - INFO - [storyline.find_cmip6_pr_historical_file] - Including non-standard historical PR file to fill gap: pr_Amon_MPI-ESM1-2-HR_historical_r1i1p1f1_gn_19000116-19041216_regridded.nc
2026-07-22 15:37:05,505 - INFO - [storyline.find_cmip6_pr_historical_file] - Selected historical PR member 'r1i1p1f1' for MPI-ESM1-2-LR from available: ['r1i1p1f1']
2026-07-22 15:37:05,788 - INFO - [storyline.find_cmip6_pr_historical_file] - Selected historical PR member 'r1i1p1f1' for MRI-ESM2-0 from available: ['r1i1p1f1']
2026-07-22 15:37:05,788 - INFO - [storyline.find_cmip6_pr_historical_file] - Including non-standard historical PR file to fill gap: pr_Amon_MRI-ESM2-0_historical_r1i1p1f1_gn_18500116-20141216_regridded.nc
2026-07-22 15:37:05,997 - INFO - [storyline.find_cmip6_pr_historical_file] - Selected historical PR member 'r1i1p1f1' for NorESM2-MM from available: ['r1i1p1f1']
2026-07-22 15:37:06,353 - INFO - [storyline.find_cmip6_pr_historical_file] - Selected historical PR member 'r1i1p1f2' for UKESM1-0-LL from available: ['r13i1p1f2', 'r1i1p1f2']
2026-07-22 15:37:06,353 - INFO - [storyline.find_cmip6_pr_historical_file] - Including non-standard historical PR file to fill gap: pr_Amon_UKESM1-0-LL_historical_r1i1p1f2_gn_18500116-20141216_regridded.nc
2026-07-22 15:37:06,581 - INFO - [storyline.calculate_pr_composites_for_extremes] -   PR Future Extreme Models (N=10): ['BCC-CSM2-MR_ssp585', 'CNRM-CM6-1_ssp585', 'CESM2_ssp585', 'CNRM-CM6-1-HR_ssp585', 'MPI-ESM1-2-HR_ssp585', 'NorESM2-MM_ssp585', 'ACCESS-ESM1-5_ssp585', 'CMCC-ESM2_ssp585', 'CMCC-CM2-SR5_ssp585', 'INM-CM5-0_ssp585']
2026-07-22 15:37:06,581 - INFO - [storyline.calculate_pr_composites_for_extremes] -   PR Future Non-Extreme Models (N=10): ['E3SM-1-0_ssp585', 'EC-Earth3_ssp585', 'GFDL-ESM4_ssp585', 'HadGEM3-GC31-LL_ssp585', 'IITM-ESM_ssp585', 'IPSL-CM6A-LR_ssp585', 'MIROC-ES2L_ssp585', 'MIROC6_ssp585', 'MPI-ESM1-2-LR_ssp585', 'MRI-ESM2-0_ssp585']
2026-07-22 15:37:06,581 - INFO - [storyline.calculate_pr_composites_for_extremes] -   PR Historical Extreme Models (N=10): ['BCC-CSM2-MR_ssp585', 'CNRM-CM6-1_ssp585', 'CESM2_ssp585', 'CNRM-CM6-1-HR_ssp585', 'MPI-ESM1-2-HR_ssp585', 'NorESM2-MM_ssp585', 'ACCESS-ESM1-5_ssp585', 'CMCC-ESM2_ssp585', 'CMCC-CM2-SR5_ssp585', 'INM-CM5-0_ssp585']
2026-07-22 15:37:06,581 - INFO - [storyline.calculate_pr_composites_for_extremes] -   PR Historical Non-Extreme Models (N=10): ['E3SM-1-0_ssp585', 'EC-Earth3_ssp585', 'GFDL-ESM4_ssp585', 'HadGEM3-GC31-LL_ssp585', 'IITM-ESM_ssp585', 'IPSL-CM6A-LR_ssp585', 'MIROC-ES2L_ssp585', 'MIROC6_ssp585', 'MPI-ESM1-2-LR_ssp585', 'MRI-ESM2-0_ssp585']
2026-07-22 15:37:07,166 - INFO - [main.run_full_analysis] - TAS composite plot already exists, but calculating data for missing Final Figure 4...
2026-07-22 15:37:07,166 - INFO - [storyline.calculate_tas_composites_for_extremes] - Calculating TAS composites for event '30Q10_low' at GWL +2.0°C, Season=Summer...
2026-07-22 15:37:07,209 - INFO - [storyline.calculate_tas_composites_for_extremes] -   TAS Extreme Models (N=10): ['BCC-CSM2-MR_ssp585', 'CNRM-CM6-1_ssp585', 'CESM2_ssp585', 'CNRM-CM6-1-HR_ssp585', 'MPI-ESM1-2-HR_ssp585', 'NorESM2-MM_ssp585', 'ACCESS-ESM1-5_ssp585', 'CMCC-ESM2_ssp585', 'CMCC-CM2-SR5_ssp585', 'INM-CM5-0_ssp585']
2026-07-22 15:37:07,211 - INFO - [storyline.find_cmip6_tas_file] - Selected TAS file member 'r1i1p1f1' for BCC-CSM2-MR (ssp585) from available: ['r1i1p1f1']
2026-07-22 15:37:07,335 - INFO - [storyline.find_cmip6_tas_file] - Selected TAS file member 'r1i1p1f2' for CNRM-CM6-1 (ssp585) from available: ['r1i1p1f2']
2026-07-22 15:37:07,335 - INFO - [storyline.find_cmip6_tas_file] - Including non-standard TAS file to fill gap: tas_Amon_CNRM-CM6-1_ssp585_r1i1p1f2_gr_20150116-21001216_regridded.nc
2026-07-22 15:37:07,478 - INFO - [storyline.find_cmip6_tas_file] - Selected TAS file member 'r4i1p1f1' for CESM2 (ssp585) from available: ['r4i1p1f1']
2026-07-22 15:37:07,478 - INFO - [storyline.find_cmip6_tas_file] - Including non-standard TAS file to fill gap: tas_Amon_CESM2_ssp585_r4i1p1f1_gn_20150115-21001215_regridded.nc
2026-07-22 15:37:07,951 - INFO - [storyline.find_cmip6_tas_file] - Selected TAS file member 'r1i1p1f2' for CNRM-CM6-1-HR (ssp585) from available: ['r1i1p1f2']
2026-07-22 15:37:07,951 - INFO - [storyline.find_cmip6_tas_file] - Including non-standard TAS file to fill gap: tas_Amon_CNRM-CM6-1-HR_ssp585_r1i1p1f2_gr_20150116-21001216_regridded.nc
2026-07-22 15:37:08,114 - INFO - [storyline.find_cmip6_tas_file] - Selected TAS file member 'r1i1p1f1' for MPI-ESM1-2-HR (ssp585) from available: ['r1i1p1f1']
2026-07-22 15:37:08,406 - INFO - [storyline.find_cmip6_tas_file] - Selected TAS file member 'r1i1p1f1' for NorESM2-MM (ssp585) from available: ['r1i1p1f1']
2026-07-22 15:37:08,781 - INFO - [storyline.find_cmip6_tas_file] - Selected TAS file member 'r1i1p1f1' for ACCESS-ESM1-5 (ssp585) from available: ['r1i1p1f1']
2026-07-22 15:37:08,937 - INFO - [storyline.find_cmip6_tas_file] - Selected TAS file member 'r1i1p1f1' for CMCC-ESM2 (ssp585) from available: ['r1i1p1f1']
2026-07-22 15:37:09,084 - INFO - [storyline.find_cmip6_tas_file] - Selected TAS file member 'r1i1p1f1' for CMCC-CM2-SR5 (ssp585) from available: ['r1i1p1f1']
2026-07-22 15:37:09,237 - INFO - [storyline.find_cmip6_tas_file] - Selected TAS file member 'r1i1p1f1' for INM-CM5-0 (ssp585) from available: ['r1i1p1f1']
2026-07-22 15:37:09,400 - INFO - [storyline.find_cmip6_tas_file] - Selected TAS file member 'r1i1p1f1' for E3SM-1-0 (ssp585) from available: ['r1i1p1f1']
2026-07-22 15:37:09,572 - INFO - [storyline.find_cmip6_tas_file] - Selected TAS file member 'r1i1p1f1' for EC-Earth3 (ssp585) from available: ['r1i1p1f1']
2026-07-22 15:37:10,344 - INFO - [storyline.find_cmip6_tas_file] - Selected TAS file member 'r1i1p1f1' for GFDL-ESM4 (ssp585) from available: ['r1i1p1f1']
2026-07-22 15:37:10,469 - INFO - [storyline.find_cmip6_tas_file] - Selected TAS file member 'r1i1p1f3' for HadGEM3-GC31-LL (ssp585) from available: ['r1i1p1f3']
2026-07-22 15:37:10,469 - INFO - [storyline.find_cmip6_tas_file] - Including non-standard TAS file to fill gap: tas_Amon_HadGEM3-GC31-LL_ssp585_r1i1p1f3_gn_20150116-21001216_regridded.nc
2026-07-22 15:37:10,615 - INFO - [storyline.find_cmip6_tas_file] - Selected TAS file member 'r1i1p1f1' for IITM-ESM (ssp585) from available: ['r1i1p1f1']
2026-07-22 15:37:10,810 - INFO - [storyline.find_cmip6_tas_file] - Selected TAS file member 'r1i1p1f1' for IPSL-CM6A-LR (ssp585) from available: ['r1i1p1f1']
2026-07-22 15:37:10,976 - INFO - [storyline.find_cmip6_tas_file] - Selected TAS file member 'r1i1p1f2' for MIROC-ES2L (ssp585) from available: ['r1i1p1f2']
2026-07-22 15:37:10,976 - INFO - [storyline.find_cmip6_tas_file] - Including non-standard TAS file to fill gap: tas_Amon_MIROC-ES2L_ssp585_r1i1p1f2_gn_20150116-21001216_regridded.nc
2026-07-22 15:37:11,128 - INFO - [storyline.find_cmip6_tas_file] - Selected TAS file member 'r1i1p1f1' for MIROC6 (ssp585) from available: ['r1i1p1f1']
2026-07-22 15:37:11,128 - INFO - [storyline.find_cmip6_tas_file] - Including non-standard TAS file to fill gap: tas_Amon_MIROC6_ssp585_r1i1p1f1_gn_20150116-21001216_regridded.nc
2026-07-22 15:37:11,281 - INFO - [storyline.find_cmip6_tas_file] - Selected TAS file member 'r1i1p1f1' for MPI-ESM1-2-LR (ssp585) from available: ['r1i1p1f1']
2026-07-22 15:37:11,481 - INFO - [storyline.find_cmip6_tas_file] - Selected TAS file member 'r1i1p1f1' for MRI-ESM2-0 (ssp585) from available: ['r1i1p1f1']
2026-07-22 15:37:11,638 - INFO - [storyline.find_cmip6_tas_historical_file] - Selected historical TAS member 'r1i1p1f1' for BCC-CSM2-MR from available: ['r1i1p1f1']
2026-07-22 15:37:11,856 - INFO - [storyline.find_cmip6_tas_historical_file] - Selected historical TAS member 'r1i1p1f2' for CNRM-CM6-1 from available: ['r1i1p1f2']
2026-07-22 15:37:11,857 - INFO - [storyline.find_cmip6_tas_historical_file] - Including non-standard historical TAS file to fill gap: tas_Amon_CNRM-CM6-1_historical_r1i1p1f2_gr_18500116-20141216_regridded.nc
2026-07-22 15:37:12,088 - INFO - [storyline.find_cmip6_tas_historical_file] - Selected historical TAS member 'r1i1p1f1' for CESM2 from available: ['r1i1p1f1']
2026-07-22 15:37:12,314 - INFO - [storyline.find_cmip6_tas_historical_file] - Selected historical TAS member 'r1i1p1f2' for CNRM-CM6-1-HR from available: ['r1i1p1f2']
2026-07-22 15:37:12,314 - INFO - [storyline.find_cmip6_tas_historical_file] - Including non-standard historical TAS file to fill gap: tas_Amon_CNRM-CM6-1-HR_historical_r1i1p1f2_gr_18500116-20100916_regridded.nc
2026-07-22 15:37:12,314 - INFO - [storyline.find_cmip6_tas_historical_file] - Including non-standard historical TAS file to fill gap: tas_Amon_CNRM-CM6-1-HR_historical_r1i1p1f2_gr_20101016-20141216_regridded.nc
2026-07-22 15:37:12,583 - INFO - [storyline.find_cmip6_tas_historical_file] - Selected historical TAS member 'r1i1p1f1' for MPI-ESM1-2-HR from available: ['r1i1p1f1']
2026-07-22 15:37:13,059 - INFO - [storyline.find_cmip6_tas_historical_file] - Selected historical TAS member 'r1i1p1f1' for NorESM2-MM from available: ['r1i1p1f1']
2026-07-22 15:37:13,432 - INFO - [storyline.find_cmip6_tas_historical_file] - Selected historical TAS member 'r1i1p1f1' for ACCESS-ESM1-5 from available: ['r1i1p1f1']
2026-07-22 15:37:13,659 - INFO - [storyline.find_cmip6_tas_historical_file] - Selected historical TAS member 'r1i1p1f1' for CMCC-ESM2 from available: ['r1i1p1f1']
2026-07-22 15:37:13,883 - INFO - [storyline.find_cmip6_tas_historical_file] - Selected historical TAS member 'r1i1p1f1' for CMCC-CM2-SR5 from available: ['r1i1p1f1']
2026-07-22 15:37:14,113 - INFO - [storyline.find_cmip6_tas_historical_file] - Selected historical TAS member 'r1i1p1f1' for INM-CM5-0 from available: ['r1i1p1f1']
2026-07-22 15:37:14,690 - INFO - [storyline.find_cmip6_tas_historical_file] - Selected historical TAS member 'r1i1p1f1' for E3SM-1-0 from available: ['r1i1p1f1']
2026-07-22 15:37:14,978 - INFO - [storyline.find_cmip6_tas_historical_file] - Selected historical TAS member 'r1i1p1f1' for EC-Earth3 from available: ['r1i1p1f1']
2026-07-22 15:37:16,345 - INFO - [storyline.find_cmip6_tas_historical_file] - Selected historical TAS member 'r1i1p1f1' for GFDL-ESM4 from available: ['r1i1p1f1']
2026-07-22 15:37:16,345 - WARNING - [storyline.find_cmip6_tas_historical_file] - Excluding overlapping non-standard historical TAS file: tas_Amon_GFDL-ESM4_historical_r1i1p1f1_gr1_18500116-20141216_regridded.nc
2026-07-22 15:37:16,560 - INFO - [storyline.find_cmip6_tas_historical_file] - Selected historical TAS member 'r1i1p1f3' for HadGEM3-GC31-LL from available: ['r1i1p1f3']
2026-07-22 15:37:16,561 - INFO - [storyline.find_cmip6_tas_historical_file] - Including non-standard historical TAS file to fill gap: tas_Amon_HadGEM3-GC31-LL_historical_r1i1p1f3_gn_18500116-20141216_regridded.nc
2026-07-22 15:37:16,785 - INFO - [storyline.find_cmip6_tas_historical_file] - Selected historical TAS member 'r1i1p1f1' for IITM-ESM from available: ['r1i1p1f1']
2026-07-22 15:37:17,192 - INFO - [storyline.find_cmip6_tas_historical_file] - Selected historical TAS member 'r1i1p1f1' for IPSL-CM6A-LR from available: ['r1i1p1f1']
2026-07-22 15:37:17,413 - INFO - [storyline.find_cmip6_tas_historical_file] - Selected historical TAS member 'r1i1p1f2' for MIROC-ES2L from available: ['r1i1p1f2']
2026-07-22 15:37:17,413 - INFO - [storyline.find_cmip6_tas_historical_file] - Including non-standard historical TAS file to fill gap: tas_Amon_MIROC-ES2L_historical_r1i1p1f2_gn_18500116-20141216_regridded.nc
2026-07-22 15:37:17,639 - INFO - [storyline.find_cmip6_tas_historical_file] - Selected historical TAS member 'r1i1p1f1' for MIROC6 from available: ['r1i1p1f1']
2026-07-22 15:37:17,895 - INFO - [storyline.find_cmip6_tas_historical_file] - Selected historical TAS member 'r1i1p1f1' for MPI-ESM1-2-LR from available: ['r1i1p1f1']
2026-07-22 15:37:18,202 - INFO - [storyline.find_cmip6_tas_historical_file] - Selected historical TAS member 'r1i1p1f1' for MRI-ESM2-0 from available: ['r1i1p1f1']
2026-07-22 15:37:18,202 - INFO - [storyline.find_cmip6_tas_historical_file] - Including non-standard historical TAS file to fill gap: tas_Amon_MRI-ESM2-0_historical_r1i1p1f1_gn_18500116-20141216_regridded.nc
2026-07-22 15:37:18,974 - INFO - [main.run_full_analysis] - PR composite plots already exist, but calculating data for missing Final Figure 4...
2026-07-22 15:37:18,974 - INFO - [storyline.calculate_pr_composites_for_extremes] - Calculating PR composites for event '30Q10_low' at GWL +3.0°C, Season=Winter (Top/Bottom 12 models)...
2026-07-22 15:37:18,974 - INFO - [storyline.calculate_pr_composites_for_extremes] - [PR DEBUG] Keys for ACCESS-CM2_ssp585: ['1Q_low_winter', '1Q_high_winter', '7Q_low_winter', '7Q_high_winter', '30Q_low_winter', '30Q_high_winter', '1Q_low_summer', '1Q_high_summer', '7Q_low_summer', '7Q_high_summer', '30Q_low_summer', '30Q_high_summer', '1Q_low_full_year', '1Q_high_full_year', '7Q_low_full_year', '7Q_high_full_year', '30Q_low_full_year', '30Q_high_full_year', 'Mar_discharge', 'Apr_discharge', 'May_discharge', 'Sep_discharge', 'Oct_discharge', 'Nov_discharge', 'DJF_JetSpeed', 'DJF_JetLat', 'DJF_pr', 'DJF_tas', 'DJF_discharge', 'JJA_JetSpeed', 'JJA_JetLat', 'JJA_pr', 'JJA_tas', 'JJA_discharge', 'Hydro_Winter_JetSpeed', 'Hydro_Winter_JetLat', 'Hydro_Summer_JetSpeed', 'Hydro_Summer_JetLat', 'Annual_tas', 'Annual_pr', 'Annual_discharge', 'Annual_spei']
2026-07-22 15:37:18,993 - INFO - [storyline.calculate_pr_composites_for_extremes] -   Calculated Return Periods for 31 models.
2026-07-22 15:37:19,018 - INFO - [storyline.calculate_pr_composites_for_extremes] -   PR Extreme Models (Shortest T): ['BCC-CSM2-MR_ssp585', 'CNRM-CM6-1_ssp585', 'CESM2_ssp585', 'KIOST-ESM_ssp585', 'MPI-ESM1-2-LR_ssp585', 'ACCESS-ESM1-5_ssp585', 'CESM2-WACCM_ssp585', 'CMCC-ESM2_ssp585', 'HadGEM3-GC31-LL_ssp585', 'KACE-1-0-G_ssp585']
2026-07-22 15:37:19,018 - INFO - [storyline.calculate_pr_composites_for_extremes] -   PR Non-Extreme Models (Longest T): ['CMCC-CM2-SR5_ssp585', 'E3SM-1-0_ssp585', 'IITM-ESM_ssp585', 'CNRM-ESM2-1_ssp585', 'CanESM5_ssp585', 'EC-Earth3-Veg-LR_ssp585', 'GFDL-ESM4_ssp585', 'MIROC-ES2L_ssp585', 'MIROC6_ssp585', 'MRI-ESM2-0_ssp585']
2026-07-22 15:37:19,133 - INFO - [storyline.find_cmip6_pr_file] - Including non-standard file to fill gap: pr_Amon_CNRM-CM6-1_ssp585_r1i1p1f2_gr_20150116-21001216_regridded.nc
2026-07-22 15:37:19,253 - INFO - [storyline.find_cmip6_pr_file] - Including non-standard file to fill gap: pr_Amon_CESM2_ssp585_r4i1p1f1_gn_20150115-21001215_regridded.nc
2026-07-22 15:37:19,871 - WARNING - [storyline.find_cmip6_pr_file] - Excluding overlapping non-standard file: pr_Amon_CESM2-WACCM_ssp585_r1i1p1f1_gn_22500115-22991215_regridded.nc
2026-07-22 15:37:20,181 - INFO - [storyline.find_cmip6_pr_file] - Including non-standard file to fill gap: pr_Amon_HadGEM3-GC31-LL_ssp585_r1i1p1f3_gn_20150116-21001216_regridded.nc
2026-07-22 15:37:20,966 - INFO - [storyline.find_cmip6_pr_file] - Including non-standard file to fill gap: pr_Amon_CNRM-ESM2-1_ssp585_r1i1p1f2_gr_20150116-21001216_regridded.nc
2026-07-22 15:37:21,524 - WARNING - [storyline.find_cmip6_pr_file] - Excluding overlapping non-standard file: pr_Amon_EC-Earth3-Veg-LR_ssp585_r1i1p1f1_gr_20420116-21001216_regridded.nc
2026-07-22 15:37:22,459 - INFO - [storyline.find_cmip6_pr_file] - Including non-standard file to fill gap: pr_Amon_MIROC-ES2L_ssp585_r1i1p1f2_gn_20150116-21001216_regridded.nc
2026-07-22 15:37:22,712 - INFO - [storyline.find_cmip6_pr_file] - Including non-standard file to fill gap: pr_Amon_MRI-ESM2-0_ssp585_r1i1p1f1_gn_20150116-23001216_regridded.nc
2026-07-22 15:37:22,863 - INFO - [storyline.find_cmip6_pr_historical_file] - Selected historical PR member 'r1i1p1f1' for BCC-CSM2-MR from available: ['r1i1p1f1']
2026-07-22 15:37:23,058 - INFO - [storyline.find_cmip6_pr_historical_file] - Selected historical PR member 'r1i1p1f2' for CNRM-CM6-1 from available: ['r1i1p1f2']
2026-07-22 15:37:23,058 - INFO - [storyline.find_cmip6_pr_historical_file] - Including non-standard historical PR file to fill gap: pr_Amon_CNRM-CM6-1_historical_r1i1p1f2_gr_18500116-20141216_regridded.nc
2026-07-22 15:37:23,256 - INFO - [storyline.find_cmip6_pr_historical_file] - Selected historical PR member 'r1i1p1f1' for CESM2 from available: ['r1i1p1f1']
2026-07-22 15:37:23,462 - INFO - [storyline.find_cmip6_pr_historical_file] - Selected historical PR member 'r1i1p1f1' for KIOST-ESM from available: ['r1i1p1f1']
2026-07-22 15:37:23,664 - INFO - [storyline.find_cmip6_pr_historical_file] - Selected historical PR member 'r1i1p1f1' for MPI-ESM1-2-LR from available: ['r1i1p1f1']
2026-07-22 15:37:23,959 - INFO - [storyline.find_cmip6_pr_historical_file] - Selected historical PR member 'r1i1p1f1' for ACCESS-ESM1-5 from available: ['r1i1p1f1']
2026-07-22 15:37:24,158 - INFO - [storyline.find_cmip6_pr_historical_file] - Selected historical PR member 'r1i1p1f1' for CESM2-WACCM from available: ['r1i1p1f1']
2026-07-22 15:37:24,345 - INFO - [storyline.find_cmip6_pr_historical_file] - Selected historical PR member 'r1i1p1f1' for CMCC-ESM2 from available: ['r1i1p1f1']
2026-07-22 15:37:24,564 - INFO - [storyline.find_cmip6_pr_historical_file] - Selected historical PR member 'r1i1p1f3' for HadGEM3-GC31-LL from available: ['r1i1p1f3']
2026-07-22 15:37:24,564 - INFO - [storyline.find_cmip6_pr_historical_file] - Including non-standard historical PR file to fill gap: pr_Amon_HadGEM3-GC31-LL_historical_r1i1p1f3_gn_18500116-20141216_regridded.nc
2026-07-22 15:37:24,773 - INFO - [storyline.find_cmip6_pr_historical_file] - Selected historical PR member 'r1i1p1f1' for KACE-1-0-G from available: ['r1i1p1f1']
2026-07-22 15:37:24,980 - INFO - [storyline.find_cmip6_pr_historical_file] - Selected historical PR member 'r1i1p1f1' for CMCC-CM2-SR5 from available: ['r1i1p1f1']
2026-07-22 15:37:25,181 - INFO - [storyline.find_cmip6_pr_historical_file] - Selected historical PR member 'r1i1p1f1' for E3SM-1-0 from available: ['r1i1p1f1']
2026-07-22 15:37:25,469 - INFO - [storyline.find_cmip6_pr_historical_file] - Selected historical PR member 'r1i1p1f1' for IITM-ESM from available: ['r1i1p1f1']
2026-07-22 15:37:25,824 - INFO - [storyline.find_cmip6_pr_historical_file] - Selected historical PR member 'r1i1p1f2' for CNRM-ESM2-1 from available: ['r1i1p1f2']
2026-07-22 15:37:25,824 - INFO - [storyline.find_cmip6_pr_historical_file] - Including non-standard historical PR file to fill gap: pr_Amon_CNRM-ESM2-1_historical_r1i1p1f2_gr_18500116-20141216_regridded.nc
2026-07-22 15:37:26,022 - INFO - [storyline.find_cmip6_pr_historical_file] - Selected historical PR member 'r1i1p1f1' for CanESM5 from available: ['r1i1p1f1']
2026-07-22 15:37:26,226 - INFO - [storyline.find_cmip6_pr_historical_file] - Selected historical PR member 'r1i1p1f1' for EC-Earth3-Veg-LR from available: ['r1i1p1f1']
2026-07-22 15:37:27,839 - INFO - [storyline.find_cmip6_pr_historical_file] - Selected historical PR member 'r1i1p1f1' for GFDL-ESM4 from available: ['r1i1p1f1']
2026-07-22 15:37:27,839 - INFO - [storyline.find_cmip6_pr_historical_file] - Including non-standard historical PR file to fill gap: pr_Amon_GFDL-ESM4_historical_r1i1p1f1_gr1_18500116-20141216_regridded.nc
2026-07-22 15:37:28,029 - INFO - [storyline.find_cmip6_pr_historical_file] - Selected historical PR member 'r1i1p1f2' for MIROC-ES2L from available: ['r1i1p1f2']
2026-07-22 15:37:28,029 - INFO - [storyline.find_cmip6_pr_historical_file] - Including non-standard historical PR file to fill gap: pr_Amon_MIROC-ES2L_historical_r1i1p1f2_gn_18500116-20141216_regridded.nc
2026-07-22 15:37:28,231 - INFO - [storyline.find_cmip6_pr_historical_file] - Selected historical PR member 'r1i1p1f1' for MIROC6 from available: ['r1i1p1f1']
2026-07-22 15:37:28,474 - INFO - [storyline.find_cmip6_pr_historical_file] - Selected historical PR member 'r1i1p1f1' for MRI-ESM2-0 from available: ['r1i1p1f1']
2026-07-22 15:37:28,474 - INFO - [storyline.find_cmip6_pr_historical_file] - Including non-standard historical PR file to fill gap: pr_Amon_MRI-ESM2-0_historical_r1i1p1f1_gn_18500116-20141216_regridded.nc
2026-07-22 15:37:28,700 - INFO - [storyline.find_cmip6_pr_historical_file] - Selected historical PR member 'r1i1p1f1' for ACCESS-CM2 from available: ['r1i1p1f1']
2026-07-22 15:37:28,906 - INFO - [storyline.find_cmip6_pr_historical_file] - Selected historical PR member 'r1i1p1f1' for ACCESS-ESM1-5 from available: ['r1i1p1f1']
2026-07-22 15:37:29,109 - INFO - [storyline.find_cmip6_pr_historical_file] - Selected historical PR member 'r1i1p1f1' for BCC-CSM2-MR from available: ['r1i1p1f1']
2026-07-22 15:37:29,317 - INFO - [storyline.find_cmip6_pr_historical_file] - Selected historical PR member 'r1i1p1f1' for CESM2 from available: ['r1i1p1f1']
2026-07-22 15:37:29,528 - INFO - [storyline.find_cmip6_pr_historical_file] - Selected historical PR member 'r1i1p1f1' for CESM2-WACCM from available: ['r1i1p1f1']
2026-07-22 15:37:29,733 - INFO - [storyline.find_cmip6_pr_historical_file] - Selected historical PR member 'r1i1p1f1' for CMCC-CM2-SR5 from available: ['r1i1p1f1']
2026-07-22 15:37:29,936 - INFO - [storyline.find_cmip6_pr_historical_file] - Selected historical PR member 'r1i1p1f1' for CMCC-ESM2 from available: ['r1i1p1f1']
2026-07-22 15:37:30,143 - INFO - [storyline.find_cmip6_pr_historical_file] - Selected historical PR member 'r1i1p1f2' for CNRM-CM6-1-HR from available: ['r1i1p1f2']
2026-07-22 15:37:30,143 - INFO - [storyline.find_cmip6_pr_historical_file] - Including non-standard historical PR file to fill gap: pr_Amon_CNRM-CM6-1-HR_historical_r1i1p1f2_gr_18500116-20100916_regridded.nc
2026-07-22 15:37:30,143 - INFO - [storyline.find_cmip6_pr_historical_file] - Including non-standard historical PR file to fill gap: pr_Amon_CNRM-CM6-1-HR_historical_r1i1p1f2_gr_20101016-20141216_regridded.nc
2026-07-22 15:37:30,403 - INFO - [storyline.find_cmip6_pr_historical_file] - Selected historical PR member 'r1i1p1f2' for CNRM-CM6-1 from available: ['r1i1p1f2']
2026-07-22 15:37:30,404 - INFO - [storyline.find_cmip6_pr_historical_file] - Including non-standard historical PR file to fill gap: pr_Amon_CNRM-CM6-1_historical_r1i1p1f2_gr_18500116-20141216_regridded.nc
2026-07-22 15:37:30,600 - INFO - [storyline.find_cmip6_pr_historical_file] - Selected historical PR member 'r1i1p1f2' for CNRM-ESM2-1 from available: ['r1i1p1f2']
2026-07-22 15:37:30,600 - INFO - [storyline.find_cmip6_pr_historical_file] - Including non-standard historical PR file to fill gap: pr_Amon_CNRM-ESM2-1_historical_r1i1p1f2_gr_18500116-20141216_regridded.nc
2026-07-22 15:37:30,805 - INFO - [storyline.find_cmip6_pr_historical_file] - Selected historical PR member 'r1i1p1f1' for CanESM5 from available: ['r1i1p1f1']
2026-07-22 15:37:31,010 - INFO - [storyline.find_cmip6_pr_historical_file] - Selected historical PR member 'r1i1p1f1' for E3SM-1-0 from available: ['r1i1p1f1']
2026-07-22 15:37:31,293 - INFO - [storyline.find_cmip6_pr_historical_file] - Selected historical PR member 'r1i1p1f1' for EC-Earth3-CC from available: ['r1i1p1f1']
2026-07-22 15:37:32,584 - INFO - [storyline.find_cmip6_pr_historical_file] - Selected historical PR member 'r1i1p1f1' for EC-Earth3-Veg-LR from available: ['r1i1p1f1']
2026-07-22 15:37:34,117 - INFO - [storyline.find_cmip6_pr_historical_file] - Selected historical PR member 'r1i1p1f1' for EC-Earth3 from available: ['r1i1p1f1']
2026-07-22 15:37:35,320 - INFO - [storyline.find_cmip6_pr_historical_file] - Selected historical PR member 'r1i1p1f1' for GFDL-ESM4 from available: ['r1i1p1f1']
2026-07-22 15:37:35,321 - INFO - [storyline.find_cmip6_pr_historical_file] - Including non-standard historical PR file to fill gap: pr_Amon_GFDL-ESM4_historical_r1i1p1f1_gr1_18500116-20141216_regridded.nc
2026-07-22 15:37:35,495 - INFO - [storyline.find_cmip6_pr_historical_file] - Selected historical PR member 'r1i1p1f3' for HadGEM3-GC31-LL from available: ['r1i1p1f3']
2026-07-22 15:37:35,495 - INFO - [storyline.find_cmip6_pr_historical_file] - Including non-standard historical PR file to fill gap: pr_Amon_HadGEM3-GC31-LL_historical_r1i1p1f3_gn_18500116-20141216_regridded.nc
2026-07-22 15:37:35,688 - INFO - [storyline.find_cmip6_pr_historical_file] - Selected historical PR member 'r1i1p1f3' for HadGEM3-GC31-MM from available: ['r1i1p1f3']
2026-07-22 15:37:35,688 - INFO - [storyline.find_cmip6_pr_historical_file] - Including non-standard historical PR file to fill gap: pr_Amon_HadGEM3-GC31-MM_historical_r1i1p1f3_gn_18500116-20141216_regridded.nc
2026-07-22 15:37:35,886 - INFO - [storyline.find_cmip6_pr_historical_file] - Selected historical PR member 'r1i1p1f1' for IITM-ESM from available: ['r1i1p1f1']
2026-07-22 15:37:36,196 - INFO - [storyline.find_cmip6_pr_historical_file] - Selected historical PR member 'r1i1p1f1' for INM-CM4-8 from available: ['r1i1p1f1']
2026-07-22 15:37:36,428 - INFO - [storyline.find_cmip6_pr_historical_file] - Selected historical PR member 'r1i1p1f1' for INM-CM5-0 from available: ['r1i1p1f1']
2026-07-22 15:37:36,663 - INFO - [storyline.find_cmip6_pr_historical_file] - Selected historical PR member 'r1i1p1f1' for IPSL-CM6A-LR from available: ['r1i1p1f1']
2026-07-22 15:37:36,875 - INFO - [storyline.find_cmip6_pr_historical_file] - Selected historical PR member 'r1i1p1f1' for KACE-1-0-G from available: ['r1i1p1f1']
2026-07-22 15:37:37,078 - INFO - [storyline.find_cmip6_pr_historical_file] - Selected historical PR member 'r1i1p1f1' for KIOST-ESM from available: ['r1i1p1f1']
2026-07-22 15:37:37,279 - INFO - [storyline.find_cmip6_pr_historical_file] - Selected historical PR member 'r1i1p1f2' for MIROC-ES2L from available: ['r1i1p1f2']
2026-07-22 15:37:37,279 - INFO - [storyline.find_cmip6_pr_historical_file] - Including non-standard historical PR file to fill gap: pr_Amon_MIROC-ES2L_historical_r1i1p1f2_gn_18500116-20141216_regridded.nc
2026-07-22 15:37:37,484 - INFO - [storyline.find_cmip6_pr_historical_file] - Selected historical PR member 'r1i1p1f1' for MIROC6 from available: ['r1i1p1f1']
2026-07-22 15:37:37,723 - INFO - [storyline.find_cmip6_pr_historical_file] - Selected historical PR member 'r1i1p1f1' for MPI-ESM1-2-HR from available: ['r1i1p1f1']
2026-07-22 15:37:37,724 - INFO - [storyline.find_cmip6_pr_historical_file] - Including non-standard historical PR file to fill gap: pr_Amon_MPI-ESM1-2-HR_historical_r1i1p1f1_gn_19000116-19041216_regridded.nc
2026-07-22 15:37:38,503 - INFO - [storyline.find_cmip6_pr_historical_file] - Selected historical PR member 'r1i1p1f1' for MPI-ESM1-2-LR from available: ['r1i1p1f1']
2026-07-22 15:37:38,783 - INFO - [storyline.find_cmip6_pr_historical_file] - Selected historical PR member 'r1i1p1f1' for MRI-ESM2-0 from available: ['r1i1p1f1']
2026-07-22 15:37:38,783 - INFO - [storyline.find_cmip6_pr_historical_file] - Including non-standard historical PR file to fill gap: pr_Amon_MRI-ESM2-0_historical_r1i1p1f1_gn_18500116-20141216_regridded.nc
2026-07-22 15:37:38,988 - INFO - [storyline.find_cmip6_pr_historical_file] - Selected historical PR member 'r1i1p1f1' for NorESM2-MM from available: ['r1i1p1f1']
2026-07-22 15:37:39,338 - INFO - [storyline.find_cmip6_pr_historical_file] - Selected historical PR member 'r1i1p1f2' for UKESM1-0-LL from available: ['r13i1p1f2', 'r1i1p1f2']
2026-07-22 15:37:39,338 - INFO - [storyline.find_cmip6_pr_historical_file] - Including non-standard historical PR file to fill gap: pr_Amon_UKESM1-0-LL_historical_r1i1p1f2_gn_18500116-20141216_regridded.nc
2026-07-22 15:37:39,560 - INFO - [storyline.calculate_pr_composites_for_extremes] -   PR Future Extreme Models (N=10): ['BCC-CSM2-MR_ssp585', 'CNRM-CM6-1_ssp585', 'CESM2_ssp585', 'KIOST-ESM_ssp585', 'MPI-ESM1-2-LR_ssp585', 'ACCESS-ESM1-5_ssp585', 'CESM2-WACCM_ssp585', 'CMCC-ESM2_ssp585', 'HadGEM3-GC31-LL_ssp585', 'KACE-1-0-G_ssp585']
2026-07-22 15:37:39,561 - INFO - [storyline.calculate_pr_composites_for_extremes] -   PR Future Non-Extreme Models (N=10): ['CMCC-CM2-SR5_ssp585', 'E3SM-1-0_ssp585', 'IITM-ESM_ssp585', 'CNRM-ESM2-1_ssp585', 'CanESM5_ssp585', 'EC-Earth3-Veg-LR_ssp585', 'GFDL-ESM4_ssp585', 'MIROC-ES2L_ssp585', 'MIROC6_ssp585', 'MRI-ESM2-0_ssp585']
2026-07-22 15:37:39,561 - INFO - [storyline.calculate_pr_composites_for_extremes] -   PR Historical Extreme Models (N=10): ['BCC-CSM2-MR_ssp585', 'CNRM-CM6-1_ssp585', 'CESM2_ssp585', 'KIOST-ESM_ssp585', 'MPI-ESM1-2-LR_ssp585', 'ACCESS-ESM1-5_ssp585', 'CESM2-WACCM_ssp585', 'CMCC-ESM2_ssp585', 'HadGEM3-GC31-LL_ssp585', 'KACE-1-0-G_ssp585']
2026-07-22 15:37:39,561 - INFO - [storyline.calculate_pr_composites_for_extremes] -   PR Historical Non-Extreme Models (N=10): ['CMCC-CM2-SR5_ssp585', 'E3SM-1-0_ssp585', 'IITM-ESM_ssp585', 'CNRM-ESM2-1_ssp585', 'CanESM5_ssp585', 'EC-Earth3-Veg-LR_ssp585', 'GFDL-ESM4_ssp585', 'MIROC-ES2L_ssp585', 'MIROC6_ssp585', 'MRI-ESM2-0_ssp585']
2026-07-22 15:37:40,143 - INFO - [main.run_full_analysis] - TAS composite plot already exists, but calculating data for missing Final Figure 4...
2026-07-22 15:37:40,143 - INFO - [storyline.calculate_tas_composites_for_extremes] - Calculating TAS composites for event '30Q10_low' at GWL +3.0°C, Season=Winter...
2026-07-22 15:37:40,186 - INFO - [storyline.calculate_tas_composites_for_extremes] -   TAS Extreme Models (N=10): ['BCC-CSM2-MR_ssp585', 'CNRM-CM6-1_ssp585', 'CESM2_ssp585', 'KIOST-ESM_ssp585', 'MPI-ESM1-2-LR_ssp585', 'ACCESS-ESM1-5_ssp585', 'CESM2-WACCM_ssp585', 'CMCC-ESM2_ssp585', 'HadGEM3-GC31-LL_ssp585', 'KACE-1-0-G_ssp585']
2026-07-22 15:37:40,187 - INFO - [storyline.find_cmip6_tas_file] - Selected TAS file member 'r1i1p1f1' for BCC-CSM2-MR (ssp585) from available: ['r1i1p1f1']
2026-07-22 15:37:40,317 - INFO - [storyline.find_cmip6_tas_file] - Selected TAS file member 'r1i1p1f2' for CNRM-CM6-1 (ssp585) from available: ['r1i1p1f2']
2026-07-22 15:37:40,317 - INFO - [storyline.find_cmip6_tas_file] - Including non-standard TAS file to fill gap: tas_Amon_CNRM-CM6-1_ssp585_r1i1p1f2_gr_20150116-21001216_regridded.nc
2026-07-22 15:37:40,456 - INFO - [storyline.find_cmip6_tas_file] - Selected TAS file member 'r4i1p1f1' for CESM2 (ssp585) from available: ['r4i1p1f1']
2026-07-22 15:37:40,457 - INFO - [storyline.find_cmip6_tas_file] - Including non-standard TAS file to fill gap: tas_Amon_CESM2_ssp585_r4i1p1f1_gn_20150115-21001215_regridded.nc
2026-07-22 15:37:40,604 - INFO - [storyline.find_cmip6_tas_file] - Selected TAS file member 'r1i1p1f1' for KIOST-ESM (ssp585) from available: ['r1i1p1f1']
2026-07-22 15:37:40,750 - INFO - [storyline.find_cmip6_tas_file] - Selected TAS file member 'r1i1p1f1' for MPI-ESM1-2-LR (ssp585) from available: ['r1i1p1f1']
2026-07-22 15:37:40,946 - INFO - [storyline.find_cmip6_tas_file] - Selected TAS file member 'r1i1p1f1' for ACCESS-ESM1-5 (ssp585) from available: ['r1i1p1f1']
2026-07-22 15:37:41,116 - INFO - [storyline.find_cmip6_tas_file] - Selected TAS file member 'r1i1p1f1' for CESM2-WACCM (ssp585) from available: ['r1i1p1f1']
2026-07-22 15:37:41,117 - WARNING - [storyline.find_cmip6_tas_file] - Excluding overlapping non-standard TAS file: tas_Amon_CESM2-WACCM_ssp585_r1i1p1f1_gn_20150115-22991215_regridded.nc
2026-07-22 15:37:41,301 - INFO - [storyline.find_cmip6_tas_file] - Selected TAS file member 'r1i1p1f1' for CMCC-ESM2 (ssp585) from available: ['r1i1p1f1']
2026-07-22 15:37:41,442 - INFO - [storyline.find_cmip6_tas_file] - Selected TAS file member 'r1i1p1f3' for HadGEM3-GC31-LL (ssp585) from available: ['r1i1p1f3']
2026-07-22 15:37:41,443 - INFO - [storyline.find_cmip6_tas_file] - Including non-standard TAS file to fill gap: tas_Amon_HadGEM3-GC31-LL_ssp585_r1i1p1f3_gn_20150116-21001216_regridded.nc
2026-07-22 15:37:41,594 - INFO - [storyline.find_cmip6_tas_file] - Selected TAS file member 'r1i1p1f1' for KACE-1-0-G (ssp585) from available: ['r1i1p1f1']
2026-07-22 15:37:41,750 - INFO - [storyline.find_cmip6_tas_file] - Selected TAS file member 'r1i1p1f1' for CMCC-CM2-SR5 (ssp585) from available: ['r1i1p1f1']
2026-07-22 15:37:41,894 - INFO - [storyline.find_cmip6_tas_file] - Selected TAS file member 'r1i1p1f1' for E3SM-1-0 (ssp585) from available: ['r1i1p1f1']
2026-07-22 15:37:42,064 - INFO - [storyline.find_cmip6_tas_file] - Selected TAS file member 'r1i1p1f1' for IITM-ESM (ssp585) from available: ['r1i1p1f1']
2026-07-22 15:37:42,290 - INFO - [storyline.find_cmip6_tas_file] - Selected TAS file member 'r1i1p1f2' for CNRM-ESM2-1 (ssp585) from available: ['r1i1p1f2']
2026-07-22 15:37:42,290 - INFO - [storyline.find_cmip6_tas_file] - Including non-standard TAS file to fill gap: tas_Amon_CNRM-ESM2-1_ssp585_r1i1p1f2_gr_20150116-21001216_regridded.nc
2026-07-22 15:37:42,433 - INFO - [storyline.find_cmip6_tas_file] - Selected TAS file member 'r1i1p1f1' for CanESM5 (ssp585) from available: ['r1i1p1f1']
2026-07-22 15:37:42,579 - INFO - [storyline.find_cmip6_tas_file] - Selected TAS file member 'r1i1p1f1' for EC-Earth3-Veg-LR (ssp585) from available: ['r1i1p1f1']
2026-07-22 15:37:42,579 - WARNING - [storyline.find_cmip6_tas_file] - Excluding overlapping non-standard TAS file: tas_Amon_EC-Earth3-Veg-LR_ssp585_r1i1p1f1_gr_20480116-21001216_regridded.nc
2026-07-22 15:37:43,280 - INFO - [storyline.find_cmip6_tas_file] - Selected TAS file member 'r1i1p1f1' for GFDL-ESM4 (ssp585) from available: ['r1i1p1f1']
2026-07-22 15:37:43,400 - INFO - [storyline.find_cmip6_tas_file] - Selected TAS file member 'r1i1p1f2' for MIROC-ES2L (ssp585) from available: ['r1i1p1f2']
2026-07-22 15:37:43,400 - INFO - [storyline.find_cmip6_tas_file] - Including non-standard TAS file to fill gap: tas_Amon_MIROC-ES2L_ssp585_r1i1p1f2_gn_20150116-21001216_regridded.nc
2026-07-22 15:37:43,540 - INFO - [storyline.find_cmip6_tas_file] - Selected TAS file member 'r1i1p1f1' for MIROC6 (ssp585) from available: ['r1i1p1f1']
2026-07-22 15:37:43,540 - INFO - [storyline.find_cmip6_tas_file] - Including non-standard TAS file to fill gap: tas_Amon_MIROC6_ssp585_r1i1p1f1_gn_20150116-21001216_regridded.nc
2026-07-22 15:37:43,686 - INFO - [storyline.find_cmip6_tas_file] - Selected TAS file member 'r1i1p1f1' for MRI-ESM2-0 (ssp585) from available: ['r1i1p1f1']
2026-07-22 15:37:43,841 - INFO - [storyline.find_cmip6_tas_historical_file] - Selected historical TAS member 'r1i1p1f1' for BCC-CSM2-MR from available: ['r1i1p1f1']
2026-07-22 15:37:44,050 - INFO - [storyline.find_cmip6_tas_historical_file] - Selected historical TAS member 'r1i1p1f2' for CNRM-CM6-1 from available: ['r1i1p1f2']
2026-07-22 15:37:44,051 - INFO - [storyline.find_cmip6_tas_historical_file] - Including non-standard historical TAS file to fill gap: tas_Amon_CNRM-CM6-1_historical_r1i1p1f2_gr_18500116-20141216_regridded.nc
2026-07-22 15:37:44,267 - INFO - [storyline.find_cmip6_tas_historical_file] - Selected historical TAS member 'r1i1p1f1' for CESM2 from available: ['r1i1p1f1']
2026-07-22 15:37:44,490 - INFO - [storyline.find_cmip6_tas_historical_file] - Selected historical TAS member 'r1i1p1f1' for KIOST-ESM from available: ['r1i1p1f1']
2026-07-22 15:37:44,491 - WARNING - [storyline.find_cmip6_tas_historical_file] - Excluding overlapping non-standard historical TAS file: tas_Amon_KIOST-ESM_historical_r1i1p1f1_gr1_18500117-20141217_regridded.nc
2026-07-22 15:37:44,708 - INFO - [storyline.find_cmip6_tas_historical_file] - Selected historical TAS member 'r1i1p1f1' for MPI-ESM1-2-LR from available: ['r1i1p1f1']
2026-07-22 15:37:45,011 - INFO - [storyline.find_cmip6_tas_historical_file] - Selected historical TAS member 'r1i1p1f1' for ACCESS-ESM1-5 from available: ['r1i1p1f1']
2026-07-22 15:37:45,229 - INFO - [storyline.find_cmip6_tas_historical_file] - Selected historical TAS member 'r1i1p1f1' for CESM2-WACCM from available: ['r1i1p1f1']
2026-07-22 15:37:45,745 - INFO - [storyline.find_cmip6_tas_historical_file] - Selected historical TAS member 'r1i1p1f1' for CMCC-ESM2 from available: ['r1i1p1f1']
2026-07-22 15:37:45,962 - INFO - [storyline.find_cmip6_tas_historical_file] - Selected historical TAS member 'r1i1p1f3' for HadGEM3-GC31-LL from available: ['r1i1p1f3']
2026-07-22 15:37:45,962 - INFO - [storyline.find_cmip6_tas_historical_file] - Including non-standard historical TAS file to fill gap: tas_Amon_HadGEM3-GC31-LL_historical_r1i1p1f3_gn_18500116-20141216_regridded.nc
2026-07-22 15:37:46,175 - INFO - [storyline.find_cmip6_tas_historical_file] - Selected historical TAS member 'r1i1p1f1' for KACE-1-0-G from available: ['r1i1p1f1']
2026-07-22 15:37:46,396 - INFO - [storyline.find_cmip6_tas_historical_file] - Selected historical TAS member 'r1i1p1f1' for CMCC-CM2-SR5 from available: ['r1i1p1f1']
2026-07-22 15:37:46,611 - INFO - [storyline.find_cmip6_tas_historical_file] - Selected historical TAS member 'r1i1p1f1' for E3SM-1-0 from available: ['r1i1p1f1']
2026-07-22 15:37:46,893 - INFO - [storyline.find_cmip6_tas_historical_file] - Selected historical TAS member 'r1i1p1f1' for IITM-ESM from available: ['r1i1p1f1']
2026-07-22 15:37:47,227 - INFO - [storyline.find_cmip6_tas_historical_file] - Selected historical TAS member 'r1i1p1f2' for CNRM-ESM2-1 from available: ['r1i1p1f2']
2026-07-22 15:37:47,228 - INFO - [storyline.find_cmip6_tas_historical_file] - Including non-standard historical TAS file to fill gap: tas_Amon_CNRM-ESM2-1_historical_r1i1p1f2_gr_18500116-20141216_regridded.nc
2026-07-22 15:37:47,446 - INFO - [storyline.find_cmip6_tas_historical_file] - Selected historical TAS member 'r1i1p1f1' for CanESM5 from available: ['r1i1p1f1']
2026-07-22 15:37:47,666 - INFO - [storyline.find_cmip6_tas_historical_file] - Selected historical TAS member 'r1i1p1f1' for EC-Earth3-Veg-LR from available: ['r1i1p1f1']
2026-07-22 15:37:48,932 - INFO - [storyline.find_cmip6_tas_historical_file] - Selected historical TAS member 'r1i1p1f1' for GFDL-ESM4 from available: ['r1i1p1f1']
2026-07-22 15:37:48,932 - WARNING - [storyline.find_cmip6_tas_historical_file] - Excluding overlapping non-standard historical TAS file: tas_Amon_GFDL-ESM4_historical_r1i1p1f1_gr1_18500116-20141216_regridded.nc
2026-07-22 15:37:49,142 - INFO - [storyline.find_cmip6_tas_historical_file] - Selected historical TAS member 'r1i1p1f2' for MIROC-ES2L from available: ['r1i1p1f2']
2026-07-22 15:37:49,143 - INFO - [storyline.find_cmip6_tas_historical_file] - Including non-standard historical TAS file to fill gap: tas_Amon_MIROC-ES2L_historical_r1i1p1f2_gn_18500116-20141216_regridded.nc
2026-07-22 15:37:49,365 - INFO - [storyline.find_cmip6_tas_historical_file] - Selected historical TAS member 'r1i1p1f1' for MIROC6 from available: ['r1i1p1f1']
2026-07-22 15:37:49,615 - INFO - [storyline.find_cmip6_tas_historical_file] - Selected historical TAS member 'r1i1p1f1' for MRI-ESM2-0 from available: ['r1i1p1f1']
2026-07-22 15:37:49,615 - INFO - [storyline.find_cmip6_tas_historical_file] - Including non-standard historical TAS file to fill gap: tas_Amon_MRI-ESM2-0_historical_r1i1p1f1_gn_18500116-20141216_regridded.nc
2026-07-22 15:37:50,383 - INFO - [main.run_full_analysis] - PR composite plots already exist, but calculating data for missing Final Figure 4...
2026-07-22 15:37:50,383 - INFO - [storyline.calculate_pr_composites_for_extremes] - Calculating PR composites for event '30Q10_low' at GWL +3.0°C, Season=Summer (Top/Bottom 12 models)...
2026-07-22 15:37:50,383 - INFO - [storyline.calculate_pr_composites_for_extremes] - [PR DEBUG] Keys for ACCESS-CM2_ssp585: ['1Q_low_winter', '1Q_high_winter', '7Q_low_winter', '7Q_high_winter', '30Q_low_winter', '30Q_high_winter', '1Q_low_summer', '1Q_high_summer', '7Q_low_summer', '7Q_high_summer', '30Q_low_summer', '30Q_high_summer', '1Q_low_full_year', '1Q_high_full_year', '7Q_low_full_year', '7Q_high_full_year', '30Q_low_full_year', '30Q_high_full_year', 'Mar_discharge', 'Apr_discharge', 'May_discharge', 'Sep_discharge', 'Oct_discharge', 'Nov_discharge', 'DJF_JetSpeed', 'DJF_JetLat', 'DJF_pr', 'DJF_tas', 'DJF_discharge', 'JJA_JetSpeed', 'JJA_JetLat', 'JJA_pr', 'JJA_tas', 'JJA_discharge', 'Hydro_Winter_JetSpeed', 'Hydro_Winter_JetLat', 'Hydro_Summer_JetSpeed', 'Hydro_Summer_JetLat', 'Annual_tas', 'Annual_pr', 'Annual_discharge', 'Annual_spei']
2026-07-22 15:37:50,401 - INFO - [storyline.calculate_pr_composites_for_extremes] -   Calculated Return Periods for 31 models.
2026-07-22 15:37:50,426 - INFO - [storyline.calculate_pr_composites_for_extremes] -   PR Extreme Models (Shortest T): ['KACE-1-0-G_ssp585', 'BCC-CSM2-MR_ssp585', 'CNRM-CM6-1_ssp585', 'CESM2_ssp585', 'CMCC-ESM2_ssp585', 'MPI-ESM1-2-LR_ssp585', 'INM-CM5-0_ssp585', 'KIOST-ESM_ssp585', 'MPI-ESM1-2-HR_ssp585', 'ACCESS-ESM1-5_ssp585']
2026-07-22 15:37:50,426 - INFO - [storyline.calculate_pr_composites_for_extremes] -   PR Non-Extreme Models (Longest T): ['EC-Earth3-Veg-LR_ssp585', 'GFDL-ESM4_ssp585', 'HadGEM3-GC31-LL_ssp585', 'IPSL-CM6A-LR_ssp585', 'CNRM-ESM2-1_ssp585', 'CanESM5_ssp585', 'EC-Earth3_ssp585', 'IITM-ESM_ssp585', 'MIROC-ES2L_ssp585', 'MRI-ESM2-0_ssp585']
2026-07-22 15:37:50,993 - INFO - [storyline.find_cmip6_pr_file] - Including non-standard file to fill gap: pr_Amon_CNRM-CM6-1_ssp585_r1i1p1f2_gr_20150116-21001216_regridded.nc
2026-07-22 15:37:51,141 - INFO - [storyline.find_cmip6_pr_file] - Including non-standard file to fill gap: pr_Amon_CESM2_ssp585_r4i1p1f1_gn_20150115-21001215_regridded.nc
2026-07-22 15:37:52,297 - WARNING - [storyline.find_cmip6_pr_file] - Excluding overlapping non-standard file: pr_Amon_EC-Earth3-Veg-LR_ssp585_r1i1p1f1_gr_20420116-21001216_regridded.nc
2026-07-22 15:37:53,094 - INFO - [storyline.find_cmip6_pr_file] - Including non-standard file to fill gap: pr_Amon_HadGEM3-GC31-LL_ssp585_r1i1p1f3_gn_20150116-21001216_regridded.nc
2026-07-22 15:37:53,396 - INFO - [storyline.find_cmip6_pr_file] - Including non-standard file to fill gap: pr_Amon_CNRM-ESM2-1_ssp585_r1i1p1f2_gr_20150116-21001216_regridded.nc
2026-07-22 15:37:54,529 - INFO - [storyline.find_cmip6_pr_file] - Including non-standard file to fill gap: pr_Amon_MIROC-ES2L_ssp585_r1i1p1f2_gn_20150116-21001216_regridded.nc
2026-07-22 15:37:54,660 - INFO - [storyline.find_cmip6_pr_file] - Including non-standard file to fill gap: pr_Amon_MRI-ESM2-0_ssp585_r1i1p1f1_gn_20150116-23001216_regridded.nc
2026-07-22 15:37:54,802 - INFO - [storyline.find_cmip6_pr_historical_file] - Selected historical PR member 'r1i1p1f1' for KACE-1-0-G from available: ['r1i1p1f1']
2026-07-22 15:37:54,983 - INFO - [storyline.find_cmip6_pr_historical_file] - Selected historical PR member 'r1i1p1f1' for BCC-CSM2-MR from available: ['r1i1p1f1']
2026-07-22 15:37:55,187 - INFO - [storyline.find_cmip6_pr_historical_file] - Selected historical PR member 'r1i1p1f2' for CNRM-CM6-1 from available: ['r1i1p1f2']
2026-07-22 15:37:55,187 - INFO - [storyline.find_cmip6_pr_historical_file] - Including non-standard historical PR file to fill gap: pr_Amon_CNRM-CM6-1_historical_r1i1p1f2_gr_18500116-20141216_regridded.nc
2026-07-22 15:37:55,394 - INFO - [storyline.find_cmip6_pr_historical_file] - Selected historical PR member 'r1i1p1f1' for CESM2 from available: ['r1i1p1f1']
2026-07-22 15:37:55,598 - INFO - [storyline.find_cmip6_pr_historical_file] - Selected historical PR member 'r1i1p1f1' for CMCC-ESM2 from available: ['r1i1p1f1']
2026-07-22 15:37:55,811 - INFO - [storyline.find_cmip6_pr_historical_file] - Selected historical PR member 'r1i1p1f1' for MPI-ESM1-2-LR from available: ['r1i1p1f1']
2026-07-22 15:37:56,108 - INFO - [storyline.find_cmip6_pr_historical_file] - Selected historical PR member 'r1i1p1f1' for INM-CM5-0 from available: ['r1i1p1f1']
2026-07-22 15:37:56,337 - INFO - [storyline.find_cmip6_pr_historical_file] - Selected historical PR member 'r1i1p1f1' for KIOST-ESM from available: ['r1i1p1f1']
2026-07-22 15:37:56,546 - INFO - [storyline.find_cmip6_pr_historical_file] - Selected historical PR member 'r1i1p1f1' for MPI-ESM1-2-HR from available: ['r1i1p1f1']
2026-07-22 15:37:56,547 - INFO - [storyline.find_cmip6_pr_historical_file] - Including non-standard historical PR file to fill gap: pr_Amon_MPI-ESM1-2-HR_historical_r1i1p1f1_gn_19000116-19041216_regridded.nc
2026-07-22 15:37:57,346 - INFO - [storyline.find_cmip6_pr_historical_file] - Selected historical PR member 'r1i1p1f1' for ACCESS-ESM1-5 from available: ['r1i1p1f1']
2026-07-22 15:37:57,536 - INFO - [storyline.find_cmip6_pr_historical_file] - Selected historical PR member 'r1i1p1f1' for EC-Earth3-Veg-LR from available: ['r1i1p1f1']
2026-07-22 15:37:58,788 - INFO - [storyline.find_cmip6_pr_historical_file] - Selected historical PR member 'r1i1p1f1' for GFDL-ESM4 from available: ['r1i1p1f1']
2026-07-22 15:37:58,789 - INFO - [storyline.find_cmip6_pr_historical_file] - Including non-standard historical PR file to fill gap: pr_Amon_GFDL-ESM4_historical_r1i1p1f1_gr1_18500116-20141216_regridded.nc
2026-07-22 15:37:58,972 - INFO - [storyline.find_cmip6_pr_historical_file] - Selected historical PR member 'r1i1p1f3' for HadGEM3-GC31-LL from available: ['r1i1p1f3']
2026-07-22 15:37:58,972 - INFO - [storyline.find_cmip6_pr_historical_file] - Including non-standard historical PR file to fill gap: pr_Amon_HadGEM3-GC31-LL_historical_r1i1p1f3_gn_18500116-20141216_regridded.nc
2026-07-22 15:37:59,179 - INFO - [storyline.find_cmip6_pr_historical_file] - Selected historical PR member 'r1i1p1f1' for IPSL-CM6A-LR from available: ['r1i1p1f1']
2026-07-22 15:37:59,387 - INFO - [storyline.find_cmip6_pr_historical_file] - Selected historical PR member 'r1i1p1f2' for CNRM-ESM2-1 from available: ['r1i1p1f2']
2026-07-22 15:37:59,387 - INFO - [storyline.find_cmip6_pr_historical_file] - Including non-standard historical PR file to fill gap: pr_Amon_CNRM-ESM2-1_historical_r1i1p1f2_gr_18500116-20141216_regridded.nc
2026-07-22 15:37:59,599 - INFO - [storyline.find_cmip6_pr_historical_file] - Selected historical PR member 'r1i1p1f1' for CanESM5 from available: ['r1i1p1f1']
2026-07-22 15:37:59,811 - INFO - [storyline.find_cmip6_pr_historical_file] - Selected historical PR member 'r1i1p1f1' for EC-Earth3 from available: ['r1i1p1f1']
2026-07-22 15:38:01,082 - INFO - [storyline.find_cmip6_pr_historical_file] - Selected historical PR member 'r1i1p1f1' for IITM-ESM from available: ['r1i1p1f1']
2026-07-22 15:38:01,390 - INFO - [storyline.find_cmip6_pr_historical_file] - Selected historical PR member 'r1i1p1f2' for MIROC-ES2L from available: ['r1i1p1f2']
2026-07-22 15:38:01,390 - INFO - [storyline.find_cmip6_pr_historical_file] - Including non-standard historical PR file to fill gap: pr_Amon_MIROC-ES2L_historical_r1i1p1f2_gn_18500116-20141216_regridded.nc
2026-07-22 15:38:01,587 - INFO - [storyline.find_cmip6_pr_historical_file] - Selected historical PR member 'r1i1p1f1' for MRI-ESM2-0 from available: ['r1i1p1f1']
2026-07-22 15:38:01,587 - INFO - [storyline.find_cmip6_pr_historical_file] - Including non-standard historical PR file to fill gap: pr_Amon_MRI-ESM2-0_historical_r1i1p1f1_gn_18500116-20141216_regridded.nc
2026-07-22 15:38:01,797 - INFO - [storyline.find_cmip6_pr_historical_file] - Selected historical PR member 'r1i1p1f1' for ACCESS-CM2 from available: ['r1i1p1f1']
2026-07-22 15:38:01,997 - INFO - [storyline.find_cmip6_pr_historical_file] - Selected historical PR member 'r1i1p1f1' for ACCESS-ESM1-5 from available: ['r1i1p1f1']
2026-07-22 15:38:02,518 - INFO - [storyline.find_cmip6_pr_historical_file] - Selected historical PR member 'r1i1p1f1' for BCC-CSM2-MR from available: ['r1i1p1f1']
2026-07-22 15:38:02,726 - INFO - [storyline.find_cmip6_pr_historical_file] - Selected historical PR member 'r1i1p1f1' for CESM2 from available: ['r1i1p1f1']
2026-07-22 15:38:02,936 - INFO - [storyline.find_cmip6_pr_historical_file] - Selected historical PR member 'r1i1p1f1' for CESM2-WACCM from available: ['r1i1p1f1']
2026-07-22 15:38:03,150 - INFO - [storyline.find_cmip6_pr_historical_file] - Selected historical PR member 'r1i1p1f1' for CMCC-CM2-SR5 from available: ['r1i1p1f1']
2026-07-22 15:38:03,356 - INFO - [storyline.find_cmip6_pr_historical_file] - Selected historical PR member 'r1i1p1f1' for CMCC-ESM2 from available: ['r1i1p1f1']
2026-07-22 15:38:03,564 - INFO - [storyline.find_cmip6_pr_historical_file] - Selected historical PR member 'r1i1p1f2' for CNRM-CM6-1-HR from available: ['r1i1p1f2']
2026-07-22 15:38:03,564 - INFO - [storyline.find_cmip6_pr_historical_file] - Including non-standard historical PR file to fill gap: pr_Amon_CNRM-CM6-1-HR_historical_r1i1p1f2_gr_18500116-20100916_regridded.nc
2026-07-22 15:38:03,564 - INFO - [storyline.find_cmip6_pr_historical_file] - Including non-standard historical PR file to fill gap: pr_Amon_CNRM-CM6-1-HR_historical_r1i1p1f2_gr_20101016-20141216_regridded.nc
2026-07-22 15:38:03,815 - INFO - [storyline.find_cmip6_pr_historical_file] - Selected historical PR member 'r1i1p1f2' for CNRM-CM6-1 from available: ['r1i1p1f2']
2026-07-22 15:38:03,815 - INFO - [storyline.find_cmip6_pr_historical_file] - Including non-standard historical PR file to fill gap: pr_Amon_CNRM-CM6-1_historical_r1i1p1f2_gr_18500116-20141216_regridded.nc
2026-07-22 15:38:04,026 - INFO - [storyline.find_cmip6_pr_historical_file] - Selected historical PR member 'r1i1p1f2' for CNRM-ESM2-1 from available: ['r1i1p1f2']
2026-07-22 15:38:04,026 - INFO - [storyline.find_cmip6_pr_historical_file] - Including non-standard historical PR file to fill gap: pr_Amon_CNRM-ESM2-1_historical_r1i1p1f2_gr_18500116-20141216_regridded.nc
2026-07-22 15:38:04,233 - INFO - [storyline.find_cmip6_pr_historical_file] - Selected historical PR member 'r1i1p1f1' for CanESM5 from available: ['r1i1p1f1']
2026-07-22 15:38:04,445 - INFO - [storyline.find_cmip6_pr_historical_file] - Selected historical PR member 'r1i1p1f1' for E3SM-1-0 from available: ['r1i1p1f1']
2026-07-22 15:38:04,730 - INFO - [storyline.find_cmip6_pr_historical_file] - Selected historical PR member 'r1i1p1f1' for EC-Earth3-CC from available: ['r1i1p1f1']
2026-07-22 15:38:06,018 - INFO - [storyline.find_cmip6_pr_historical_file] - Selected historical PR member 'r1i1p1f1' for EC-Earth3-Veg-LR from available: ['r1i1p1f1']
2026-07-22 15:38:07,199 - INFO - [storyline.find_cmip6_pr_historical_file] - Selected historical PR member 'r1i1p1f1' for EC-Earth3 from available: ['r1i1p1f1']
2026-07-22 15:38:08,745 - INFO - [storyline.find_cmip6_pr_historical_file] - Selected historical PR member 'r1i1p1f1' for GFDL-ESM4 from available: ['r1i1p1f1']
2026-07-22 15:38:08,745 - INFO - [storyline.find_cmip6_pr_historical_file] - Including non-standard historical PR file to fill gap: pr_Amon_GFDL-ESM4_historical_r1i1p1f1_gr1_18500116-20141216_regridded.nc
2026-07-22 15:38:08,927 - INFO - [storyline.find_cmip6_pr_historical_file] - Selected historical PR member 'r1i1p1f3' for HadGEM3-GC31-LL from available: ['r1i1p1f3']
2026-07-22 15:38:08,928 - INFO - [storyline.find_cmip6_pr_historical_file] - Including non-standard historical PR file to fill gap: pr_Amon_HadGEM3-GC31-LL_historical_r1i1p1f3_gn_18500116-20141216_regridded.nc
2026-07-22 15:38:09,132 - INFO - [storyline.find_cmip6_pr_historical_file] - Selected historical PR member 'r1i1p1f3' for HadGEM3-GC31-MM from available: ['r1i1p1f3']
2026-07-22 15:38:09,132 - INFO - [storyline.find_cmip6_pr_historical_file] - Including non-standard historical PR file to fill gap: pr_Amon_HadGEM3-GC31-MM_historical_r1i1p1f3_gn_18500116-20141216_regridded.nc
2026-07-22 15:38:09,342 - INFO - [storyline.find_cmip6_pr_historical_file] - Selected historical PR member 'r1i1p1f1' for IITM-ESM from available: ['r1i1p1f1']
2026-07-22 15:38:09,695 - INFO - [storyline.find_cmip6_pr_historical_file] - Selected historical PR member 'r1i1p1f1' for INM-CM4-8 from available: ['r1i1p1f1']
2026-07-22 15:38:09,939 - INFO - [storyline.find_cmip6_pr_historical_file] - Selected historical PR member 'r1i1p1f1' for INM-CM5-0 from available: ['r1i1p1f1']
2026-07-22 15:38:10,183 - INFO - [storyline.find_cmip6_pr_historical_file] - Selected historical PR member 'r1i1p1f1' for IPSL-CM6A-LR from available: ['r1i1p1f1']
2026-07-22 15:38:10,395 - INFO - [storyline.find_cmip6_pr_historical_file] - Selected historical PR member 'r1i1p1f1' for KACE-1-0-G from available: ['r1i1p1f1']
2026-07-22 15:38:10,602 - INFO - [storyline.find_cmip6_pr_historical_file] - Selected historical PR member 'r1i1p1f1' for KIOST-ESM from available: ['r1i1p1f1']
2026-07-22 15:38:10,811 - INFO - [storyline.find_cmip6_pr_historical_file] - Selected historical PR member 'r1i1p1f2' for MIROC-ES2L from available: ['r1i1p1f2']
2026-07-22 15:38:10,811 - INFO - [storyline.find_cmip6_pr_historical_file] - Including non-standard historical PR file to fill gap: pr_Amon_MIROC-ES2L_historical_r1i1p1f2_gn_18500116-20141216_regridded.nc
2026-07-22 15:38:11,022 - INFO - [storyline.find_cmip6_pr_historical_file] - Selected historical PR member 'r1i1p1f1' for MIROC6 from available: ['r1i1p1f1']
2026-07-22 15:38:11,263 - INFO - [storyline.find_cmip6_pr_historical_file] - Selected historical PR member 'r1i1p1f1' for MPI-ESM1-2-HR from available: ['r1i1p1f1']
2026-07-22 15:38:11,264 - INFO - [storyline.find_cmip6_pr_historical_file] - Including non-standard historical PR file to fill gap: pr_Amon_MPI-ESM1-2-HR_historical_r1i1p1f1_gn_19000116-19041216_regridded.nc
2026-07-22 15:38:11,720 - INFO - [storyline.find_cmip6_pr_historical_file] - Selected historical PR member 'r1i1p1f1' for MPI-ESM1-2-LR from available: ['r1i1p1f1']
2026-07-22 15:38:12,004 - INFO - [storyline.find_cmip6_pr_historical_file] - Selected historical PR member 'r1i1p1f1' for MRI-ESM2-0 from available: ['r1i1p1f1']
2026-07-22 15:38:12,005 - INFO - [storyline.find_cmip6_pr_historical_file] - Including non-standard historical PR file to fill gap: pr_Amon_MRI-ESM2-0_historical_r1i1p1f1_gn_18500116-20141216_regridded.nc
2026-07-22 15:38:12,210 - INFO - [storyline.find_cmip6_pr_historical_file] - Selected historical PR member 'r1i1p1f1' for NorESM2-MM from available: ['r1i1p1f1']
2026-07-22 15:38:12,908 - INFO - [storyline.find_cmip6_pr_historical_file] - Selected historical PR member 'r1i1p1f2' for UKESM1-0-LL from available: ['r13i1p1f2', 'r1i1p1f2']
2026-07-22 15:38:12,908 - INFO - [storyline.find_cmip6_pr_historical_file] - Including non-standard historical PR file to fill gap: pr_Amon_UKESM1-0-LL_historical_r1i1p1f2_gn_18500116-20141216_regridded.nc
2026-07-22 15:38:13,119 - INFO - [storyline.calculate_pr_composites_for_extremes] -   PR Future Extreme Models (N=10): ['KACE-1-0-G_ssp585', 'BCC-CSM2-MR_ssp585', 'CNRM-CM6-1_ssp585', 'CESM2_ssp585', 'CMCC-ESM2_ssp585', 'MPI-ESM1-2-LR_ssp585', 'INM-CM5-0_ssp585', 'KIOST-ESM_ssp585', 'MPI-ESM1-2-HR_ssp585', 'ACCESS-ESM1-5_ssp585']
2026-07-22 15:38:13,120 - INFO - [storyline.calculate_pr_composites_for_extremes] -   PR Future Non-Extreme Models (N=10): ['EC-Earth3-Veg-LR_ssp585', 'GFDL-ESM4_ssp585', 'HadGEM3-GC31-LL_ssp585', 'IPSL-CM6A-LR_ssp585', 'CNRM-ESM2-1_ssp585', 'CanESM5_ssp585', 'EC-Earth3_ssp585', 'IITM-ESM_ssp585', 'MIROC-ES2L_ssp585', 'MRI-ESM2-0_ssp585']
2026-07-22 15:38:13,120 - INFO - [storyline.calculate_pr_composites_for_extremes] -   PR Historical Extreme Models (N=10): ['KACE-1-0-G_ssp585', 'BCC-CSM2-MR_ssp585', 'CNRM-CM6-1_ssp585', 'CESM2_ssp585', 'CMCC-ESM2_ssp585', 'MPI-ESM1-2-LR_ssp585', 'INM-CM5-0_ssp585', 'KIOST-ESM_ssp585', 'MPI-ESM1-2-HR_ssp585', 'ACCESS-ESM1-5_ssp585']
2026-07-22 15:38:13,120 - INFO - [storyline.calculate_pr_composites_for_extremes] -   PR Historical Non-Extreme Models (N=10): ['EC-Earth3-Veg-LR_ssp585', 'GFDL-ESM4_ssp585', 'HadGEM3-GC31-LL_ssp585', 'IPSL-CM6A-LR_ssp585', 'CNRM-ESM2-1_ssp585', 'CanESM5_ssp585', 'EC-Earth3_ssp585', 'IITM-ESM_ssp585', 'MIROC-ES2L_ssp585', 'MRI-ESM2-0_ssp585']
2026-07-22 15:38:13,702 - INFO - [main.run_full_analysis] - TAS composite plot already exists, but calculating data for missing Final Figure 4...
2026-07-22 15:38:13,703 - INFO - [storyline.calculate_tas_composites_for_extremes] - Calculating TAS composites for event '30Q10_low' at GWL +3.0°C, Season=Summer...
2026-07-22 15:38:13,746 - INFO - [storyline.calculate_tas_composites_for_extremes] -   TAS Extreme Models (N=10): ['KACE-1-0-G_ssp585', 'BCC-CSM2-MR_ssp585', 'CNRM-CM6-1_ssp585', 'CESM2_ssp585', 'CMCC-ESM2_ssp585', 'MPI-ESM1-2-LR_ssp585', 'INM-CM5-0_ssp585', 'KIOST-ESM_ssp585', 'MPI-ESM1-2-HR_ssp585', 'ACCESS-ESM1-5_ssp585']
2026-07-22 15:38:13,747 - INFO - [storyline.find_cmip6_tas_file] - Selected TAS file member 'r1i1p1f1' for KACE-1-0-G (ssp585) from available: ['r1i1p1f1']
2026-07-22 15:38:13,885 - INFO - [storyline.find_cmip6_tas_file] - Selected TAS file member 'r1i1p1f1' for BCC-CSM2-MR (ssp585) from available: ['r1i1p1f1']
2026-07-22 15:38:14,030 - INFO - [storyline.find_cmip6_tas_file] - Selected TAS file member 'r1i1p1f2' for CNRM-CM6-1 (ssp585) from available: ['r1i1p1f2']
2026-07-22 15:38:14,030 - INFO - [storyline.find_cmip6_tas_file] - Including non-standard TAS file to fill gap: tas_Amon_CNRM-CM6-1_ssp585_r1i1p1f2_gr_20150116-21001216_regridded.nc
2026-07-22 15:38:14,184 - INFO - [storyline.find_cmip6_tas_file] - Selected TAS file member 'r4i1p1f1' for CESM2 (ssp585) from available: ['r4i1p1f1']
2026-07-22 15:38:14,184 - INFO - [storyline.find_cmip6_tas_file] - Including non-standard TAS file to fill gap: tas_Amon_CESM2_ssp585_r4i1p1f1_gn_20150115-21001215_regridded.nc
2026-07-22 15:38:14,332 - INFO - [storyline.find_cmip6_tas_file] - Selected TAS file member 'r1i1p1f1' for CMCC-ESM2 (ssp585) from available: ['r1i1p1f1']
2026-07-22 15:38:14,481 - INFO - [storyline.find_cmip6_tas_file] - Selected TAS file member 'r1i1p1f1' for MPI-ESM1-2-LR (ssp585) from available: ['r1i1p1f1']
2026-07-22 15:38:14,677 - INFO - [storyline.find_cmip6_tas_file] - Selected TAS file member 'r1i1p1f1' for INM-CM5-0 (ssp585) from available: ['r1i1p1f1']
2026-07-22 15:38:14,818 - INFO - [storyline.find_cmip6_tas_file] - Selected TAS file member 'r1i1p1f1' for KIOST-ESM (ssp585) from available: ['r1i1p1f1']
2026-07-22 15:38:14,966 - INFO - [storyline.find_cmip6_tas_file] - Selected TAS file member 'r1i1p1f1' for MPI-ESM1-2-HR (ssp585) from available: ['r1i1p1f1']
2026-07-22 15:38:15,264 - INFO - [storyline.find_cmip6_tas_file] - Selected TAS file member 'r1i1p1f1' for ACCESS-ESM1-5 (ssp585) from available: ['r1i1p1f1']
2026-07-22 15:38:15,437 - INFO - [storyline.find_cmip6_tas_file] - Selected TAS file member 'r1i1p1f1' for EC-Earth3-Veg-LR (ssp585) from available: ['r1i1p1f1']
2026-07-22 15:38:15,437 - WARNING - [storyline.find_cmip6_tas_file] - Excluding overlapping non-standard TAS file: tas_Amon_EC-Earth3-Veg-LR_ssp585_r1i1p1f1_gr_20480116-21001216_regridded.nc
2026-07-22 15:38:16,152 - INFO - [storyline.find_cmip6_tas_file] - Selected TAS file member 'r1i1p1f1' for GFDL-ESM4 (ssp585) from available: ['r1i1p1f1']
2026-07-22 15:38:16,276 - INFO - [storyline.find_cmip6_tas_file] - Selected TAS file member 'r1i1p1f3' for HadGEM3-GC31-LL (ssp585) from available: ['r1i1p1f3']
2026-07-22 15:38:16,276 - INFO - [storyline.find_cmip6_tas_file] - Including non-standard TAS file to fill gap: tas_Amon_HadGEM3-GC31-LL_ssp585_r1i1p1f3_gn_20150116-21001216_regridded.nc
2026-07-22 15:38:16,421 - INFO - [storyline.find_cmip6_tas_file] - Selected TAS file member 'r1i1p1f1' for IPSL-CM6A-LR (ssp585) from available: ['r1i1p1f1']
2026-07-22 15:38:16,596 - INFO - [storyline.find_cmip6_tas_file] - Selected TAS file member 'r1i1p1f2' for CNRM-ESM2-1 (ssp585) from available: ['r1i1p1f2']
2026-07-22 15:38:16,597 - INFO - [storyline.find_cmip6_tas_file] - Including non-standard TAS file to fill gap: tas_Amon_CNRM-ESM2-1_ssp585_r1i1p1f2_gr_20150116-21001216_regridded.nc
2026-07-22 15:38:16,742 - INFO - [storyline.find_cmip6_tas_file] - Selected TAS file member 'r1i1p1f1' for CanESM5 (ssp585) from available: ['r1i1p1f1']
2026-07-22 15:38:16,895 - INFO - [storyline.find_cmip6_tas_file] - Selected TAS file member 'r1i1p1f1' for EC-Earth3 (ssp585) from available: ['r1i1p1f1']
2026-07-22 15:38:17,603 - INFO - [storyline.find_cmip6_tas_file] - Selected TAS file member 'r1i1p1f1' for IITM-ESM (ssp585) from available: ['r1i1p1f1']
2026-07-22 15:38:17,790 - INFO - [storyline.find_cmip6_tas_file] - Selected TAS file member 'r1i1p1f2' for MIROC-ES2L (ssp585) from available: ['r1i1p1f2']
2026-07-22 15:38:17,790 - INFO - [storyline.find_cmip6_tas_file] - Including non-standard TAS file to fill gap: tas_Amon_MIROC-ES2L_ssp585_r1i1p1f2_gn_20150116-21001216_regridded.nc
2026-07-22 15:38:17,937 - INFO - [storyline.find_cmip6_tas_file] - Selected TAS file member 'r1i1p1f1' for MRI-ESM2-0 (ssp585) from available: ['r1i1p1f1']
2026-07-22 15:38:18,097 - INFO - [storyline.find_cmip6_tas_historical_file] - Selected historical TAS member 'r1i1p1f1' for KACE-1-0-G from available: ['r1i1p1f1']
2026-07-22 15:38:18,314 - INFO - [storyline.find_cmip6_tas_historical_file] - Selected historical TAS member 'r1i1p1f1' for BCC-CSM2-MR from available: ['r1i1p1f1']
2026-07-22 15:38:18,538 - INFO - [storyline.find_cmip6_tas_historical_file] - Selected historical TAS member 'r1i1p1f2' for CNRM-CM6-1 from available: ['r1i1p1f2']
2026-07-22 15:38:18,538 - INFO - [storyline.find_cmip6_tas_historical_file] - Including non-standard historical TAS file to fill gap: tas_Amon_CNRM-CM6-1_historical_r1i1p1f2_gr_18500116-20141216_regridded.nc
2026-07-22 15:38:18,766 - INFO - [storyline.find_cmip6_tas_historical_file] - Selected historical TAS member 'r1i1p1f1' for CESM2 from available: ['r1i1p1f1']
2026-07-22 15:38:18,990 - INFO - [storyline.find_cmip6_tas_historical_file] - Selected historical TAS member 'r1i1p1f1' for CMCC-ESM2 from available: ['r1i1p1f1']
2026-07-22 15:38:19,184 - INFO - [storyline.find_cmip6_tas_historical_file] - Selected historical TAS member 'r1i1p1f1' for MPI-ESM1-2-LR from available: ['r1i1p1f1']
2026-07-22 15:38:19,486 - INFO - [storyline.find_cmip6_tas_historical_file] - Selected historical TAS member 'r1i1p1f1' for INM-CM5-0 from available: ['r1i1p1f1']
2026-07-22 15:38:20,044 - INFO - [storyline.find_cmip6_tas_historical_file] - Selected historical TAS member 'r1i1p1f1' for KIOST-ESM from available: ['r1i1p1f1']
2026-07-22 15:38:20,044 - WARNING - [storyline.find_cmip6_tas_historical_file] - Excluding overlapping non-standard historical TAS file: tas_Amon_KIOST-ESM_historical_r1i1p1f1_gr1_18500117-20141217_regridded.nc
2026-07-22 15:38:20,272 - INFO - [storyline.find_cmip6_tas_historical_file] - Selected historical TAS member 'r1i1p1f1' for MPI-ESM1-2-HR from available: ['r1i1p1f1']
2026-07-22 15:38:20,735 - INFO - [storyline.find_cmip6_tas_historical_file] - Selected historical TAS member 'r1i1p1f1' for ACCESS-ESM1-5 from available: ['r1i1p1f1']
2026-07-22 15:38:20,949 - INFO - [storyline.find_cmip6_tas_historical_file] - Selected historical TAS member 'r1i1p1f1' for EC-Earth3-Veg-LR from available: ['r1i1p1f1']
2026-07-22 15:38:22,209 - INFO - [storyline.find_cmip6_tas_historical_file] - Selected historical TAS member 'r1i1p1f1' for GFDL-ESM4 from available: ['r1i1p1f1']
2026-07-22 15:38:22,209 - WARNING - [storyline.find_cmip6_tas_historical_file] - Excluding overlapping non-standard historical TAS file: tas_Amon_GFDL-ESM4_historical_r1i1p1f1_gr1_18500116-20141216_regridded.nc
2026-07-22 15:38:22,422 - INFO - [storyline.find_cmip6_tas_historical_file] - Selected historical TAS member 'r1i1p1f3' for HadGEM3-GC31-LL from available: ['r1i1p1f3']
2026-07-22 15:38:22,422 - INFO - [storyline.find_cmip6_tas_historical_file] - Including non-standard historical TAS file to fill gap: tas_Amon_HadGEM3-GC31-LL_historical_r1i1p1f3_gn_18500116-20141216_regridded.nc
2026-07-22 15:38:22,641 - INFO - [storyline.find_cmip6_tas_historical_file] - Selected historical TAS member 'r1i1p1f1' for IPSL-CM6A-LR from available: ['r1i1p1f1']
2026-07-22 15:38:22,863 - INFO - [storyline.find_cmip6_tas_historical_file] - Selected historical TAS member 'r1i1p1f2' for CNRM-ESM2-1 from available: ['r1i1p1f2']
2026-07-22 15:38:22,864 - INFO - [storyline.find_cmip6_tas_historical_file] - Including non-standard historical TAS file to fill gap: tas_Amon_CNRM-ESM2-1_historical_r1i1p1f2_gr_18500116-20141216_regridded.nc
2026-07-22 15:38:23,071 - INFO - [storyline.find_cmip6_tas_historical_file] - Selected historical TAS member 'r1i1p1f1' for CanESM5 from available: ['r1i1p1f1']
2026-07-22 15:38:23,292 - INFO - [storyline.find_cmip6_tas_historical_file] - Selected historical TAS member 'r1i1p1f1' for EC-Earth3 from available: ['r1i1p1f1']
2026-07-22 15:38:24,668 - INFO - [storyline.find_cmip6_tas_historical_file] - Selected historical TAS member 'r1i1p1f1' for IITM-ESM from available: ['r1i1p1f1']
2026-07-22 15:38:25,302 - INFO - [storyline.find_cmip6_tas_historical_file] - Selected historical TAS member 'r1i1p1f2' for MIROC-ES2L from available: ['r1i1p1f2']
2026-07-22 15:38:25,302 - INFO - [storyline.find_cmip6_tas_historical_file] - Including non-standard historical TAS file to fill gap: tas_Amon_MIROC-ES2L_historical_r1i1p1f2_gn_18500116-20141216_regridded.nc
2026-07-22 15:38:25,517 - INFO - [storyline.find_cmip6_tas_historical_file] - Selected historical TAS member 'r1i1p1f1' for MRI-ESM2-0 from available: ['r1i1p1f1']
2026-07-22 15:38:25,518 - INFO - [storyline.find_cmip6_tas_historical_file] - Including non-standard historical TAS file to fill gap: tas_Amon_MRI-ESM2-0_historical_r1i1p1f1_gn_18500116-20141216_regridded.nc
2026-07-22 15:38:26,290 - INFO - [main.run_full_analysis] - Combined PR diff plot for GWL 2.0 already exists.
2026-07-22 15:38:26,290 - INFO - [visualization.plot_final_figure_4_combined] - Plotting combined final figure 4 for GWL 2.0°C, ssp585...
/nas/home/vlw/Desktop/STREAM/Code/paper1-project/visualization.py:6500: UserWarning: This figure includes Axes that are not compatible with tight_layout, so results might be incorrect.
  fig.tight_layout(rect=(0, 0.03, 1, 0.965), h_pad=1.2, w_pad=1.0)
2026-07-22 15:38:33,218 - INFO - [visualization.plot_final_figure_4_combined] - Saved combined final figure 4 to /nas/home/vlw/Desktop/STREAM/paper1-plots/final_figure_4_combined_ssp585_gwl2.0.png and /nas/home/vlw/Desktop/STREAM/paper1-plots/final_figure_4_combined_ssp585_gwl2.0.pdf
2026-07-22 15:38:33,224 - INFO - [main.run_full_analysis] - Combined PR diff plot for GWL 3.0 already exists.
2026-07-22 15:38:33,224 - INFO - [visualization.plot_final_figure_4_combined] - Plotting combined final figure 4 for GWL 3.0°C, ssp585...
/nas/home/vlw/Desktop/STREAM/Code/paper1-project/visualization.py:6500: UserWarning: This figure includes Axes that are not compatible with tight_layout, so results might be incorrect.
  fig.tight_layout(rect=(0, 0.03, 1, 0.965), h_pad=1.2, w_pad=1.0)
2026-07-22 15:38:39,883 - INFO - [visualization.plot_final_figure_4_combined] - Saved combined final figure 4 to /nas/home/vlw/Desktop/STREAM/paper1-plots/final_figure_4_combined_ssp585_gwl3.0.png and /nas/home/vlw/Desktop/STREAM/paper1-plots/final_figure_4_combined_ssp585_gwl3.0.pdf
2026-07-22 15:38:39,890 - INFO - [main.run_full_analysis] - UA composite plot for GWL 2.0, Winter already exists and data not needed.
2026-07-22 15:38:39,890 - INFO - [storyline.calculate_ua_composites_for_extremes] - Calculating UA composites for event '30Q10_low' at GWL +2.0°C, Season=Winter...
2026-07-22 15:38:39,935 - INFO - [storyline.calculate_ua_composites_for_extremes] -   UA Extreme Models (N=10): ['BCC-CSM2-MR_ssp585', 'CESM2_ssp585', 'CNRM-CM6-1_ssp585', 'CNRM-CM6-1-HR_ssp585', 'ACCESS-ESM1-5_ssp585', 'CMCC-ESM2_ssp585', 'MPI-ESM1-2-HR_ssp585', 'HadGEM3-GC31-LL_ssp585', 'HadGEM3-GC31-MM_ssp585', 'INM-CM5-0_ssp585']
2026-07-22 15:38:39,935 - INFO - [storyline.calculate_ua_composites_for_extremes] -   UA Non-Extreme Models (N=10): ['EC-Earth3-CC_ssp585', 'IPSL-CM6A-LR_ssp585', 'MRI-ESM2-0_ssp585', 'UKESM1-0-LL_ssp585', 'E3SM-1-0_ssp585', 'EC-Earth3-Veg-LR_ssp585', 'GFDL-ESM4_ssp585', 'INM-CM4-8_ssp585', 'MIROC-ES2L_ssp585', 'MIROC6_ssp585']
2026-07-22 15:38:39,938 - INFO - [storyline.find_cmip6_ua_file] - Selected UA file member 'r1i1p1f1' for BCC-CSM2-MR (ssp585) from available: ['r1i1p1f1']
2026-07-22 15:38:39,938 - WARNING - [storyline.find_cmip6_ua_file] - Excluding overlapping non-standard UA file: ua_Amon_BCC-CSM2-MR_ssp585_r1i1p1f1_gn_20550116-20970916_regridded.nc
2026-07-22 15:38:39,938 - WARNING - [storyline.find_cmip6_ua_file] - Excluding overlapping non-standard UA file: ua_Amon_BCC-CSM2-MR_ssp585_r1i1p1f1_gn_20971016-21001216_regridded.nc
2026-07-22 15:38:43,701 - INFO - [storyline.find_cmip6_ua_file] - Selected UA file member 'r4i1p1f1' for CESM2 (ssp585) from available: ['r4i1p1f1']
2026-07-22 15:38:43,701 - INFO - [storyline.find_cmip6_ua_file] - Including non-standard UA file to fill gap: ua_Amon_CESM2_ssp585_r4i1p1f1_gn_20150115-20540715_regridded.nc
2026-07-22 15:38:43,701 - INFO - [storyline.find_cmip6_ua_file] - Including non-standard UA file to fill gap: ua_Amon_CESM2_ssp585_r4i1p1f1_gn_20540815-20940214_regridded.nc
2026-07-22 15:38:43,702 - INFO - [storyline.find_cmip6_ua_file] - Including non-standard UA file to fill gap: ua_Amon_CESM2_ssp585_r4i1p1f1_gn_20940315-21001215_regridded.nc
2026-07-22 15:38:43,905 - INFO - [storyline.find_cmip6_ua_file] - Selected UA file member 'r1i1p1f2' for CNRM-CM6-1 (ssp585) from available: ['r1i1p1f2']
2026-07-22 15:38:43,905 - INFO - [storyline.find_cmip6_ua_file] - Including non-standard UA file to fill gap: ua_Amon_CNRM-CM6-1_ssp585_r1i1p1f2_gr_20150116-20811116_regridded.nc
2026-07-22 15:38:43,905 - INFO - [storyline.find_cmip6_ua_file] - Including non-standard UA file to fill gap: ua_Amon_CNRM-CM6-1_ssp585_r1i1p1f2_gr_20811216-21001216_regridded.nc
2026-07-22 15:38:44,066 - INFO - [storyline.find_cmip6_ua_file] - Selected UA file member 'r1i1p1f2' for CNRM-CM6-1-HR (ssp585) from available: ['r1i1p1f2']
2026-07-22 15:38:44,067 - INFO - [storyline.find_cmip6_ua_file] - Including non-standard UA file to fill gap: ua_Amon_CNRM-CM6-1-HR_ssp585_r1i1p1f2_gr_20150116-20230516_regridded.nc
2026-07-22 15:38:44,067 - INFO - [storyline.find_cmip6_ua_file] - Including non-standard UA file to fill gap: ua_Amon_CNRM-CM6-1-HR_ssp585_r1i1p1f2_gr_20230616-20311016_regridded.nc
2026-07-22 15:38:44,067 - INFO - [storyline.find_cmip6_ua_file] - Including non-standard UA file to fill gap: ua_Amon_CNRM-CM6-1-HR_ssp585_r1i1p1f2_gr_20311116-20400316_regridded.nc
2026-07-22 15:38:44,067 - INFO - [storyline.find_cmip6_ua_file] - Including non-standard UA file to fill gap: ua_Amon_CNRM-CM6-1-HR_ssp585_r1i1p1f2_gr_20400416-20480816_regridded.nc
2026-07-22 15:38:44,067 - INFO - [storyline.find_cmip6_ua_file] - Including non-standard UA file to fill gap: ua_Amon_CNRM-CM6-1-HR_ssp585_r1i1p1f2_gr_20480916-20570116_regridded.nc
2026-07-22 15:38:44,067 - INFO - [storyline.find_cmip6_ua_file] - Including non-standard UA file to fill gap: ua_Amon_CNRM-CM6-1-HR_ssp585_r1i1p1f2_gr_20570215-20650616_regridded.nc
2026-07-22 15:38:44,068 - INFO - [storyline.find_cmip6_ua_file] - Including non-standard UA file to fill gap: ua_Amon_CNRM-CM6-1-HR_ssp585_r1i1p1f2_gr_20650716-20731116_regridded.nc
2026-07-22 15:38:44,068 - INFO - [storyline.find_cmip6_ua_file] - Including non-standard UA file to fill gap: ua_Amon_CNRM-CM6-1-HR_ssp585_r1i1p1f2_gr_20731216-20820416_regridded.nc
2026-07-22 15:38:44,068 - INFO - [storyline.find_cmip6_ua_file] - Including non-standard UA file to fill gap: ua_Amon_CNRM-CM6-1-HR_ssp585_r1i1p1f2_gr_20820516-20900916_regridded.nc
2026-07-22 15:38:44,068 - INFO - [storyline.find_cmip6_ua_file] - Including non-standard UA file to fill gap: ua_Amon_CNRM-CM6-1-HR_ssp585_r1i1p1f2_gr_20901016-20990215_regridded.nc
2026-07-22 15:38:44,068 - INFO - [storyline.find_cmip6_ua_file] - Including non-standard UA file to fill gap: ua_Amon_CNRM-CM6-1-HR_ssp585_r1i1p1f2_gr_20990316-21001216_regridded.nc
2026-07-22 15:38:44,336 - INFO - [storyline.find_cmip6_ua_file] - Selected UA file member 'r1i1p1f1' for ACCESS-ESM1-5 (ssp585) from available: ['r1i1p1f1']
/nas/home/vlw/.mambaenvs/STREAM/lib/python3.10/site-packages/dask/array/core.py:4988: PerformanceWarning: Increasing number of chunks by factor of 38
  result = blockwise(
/nas/home/vlw/.mambaenvs/STREAM/lib/python3.10/site-packages/dask/array/core.py:4988: PerformanceWarning: Increasing number of chunks by factor of 38
  result = blockwise(
/nas/home/vlw/.mambaenvs/STREAM/lib/python3.10/site-packages/dask/array/core.py:4988: PerformanceWarning: Increasing number of chunks by factor of 38
  result = blockwise(
2026-07-22 15:38:45,405 - INFO - [storyline.find_cmip6_ua_file] - Selected UA file member 'r1i1p1f1' for CMCC-ESM2 (ssp585) from available: ['r1i1p1f1']
2026-07-22 15:38:45,406 - WARNING - [storyline.find_cmip6_ua_file] - Excluding overlapping non-standard UA file: ua_Amon_CMCC-ESM2_ssp585_r1i1p1f1_gn_20400116-20790716_regridded.nc
2026-07-22 15:38:45,406 - WARNING - [storyline.find_cmip6_ua_file] - Excluding overlapping non-standard UA file: ua_Amon_CMCC-ESM2_ssp585_r1i1p1f1_gn_20790816-21001216_regridded.nc
2026-07-22 15:38:45,597 - INFO - [storyline.find_cmip6_ua_file] - Selected UA file member 'r1i1p1f1' for MPI-ESM1-2-HR (ssp585) from available: ['r1i1p1f1']
2026-07-22 15:38:45,895 - INFO - [storyline.find_cmip6_ua_file] - Selected UA file member 'r1i1p1f3' for HadGEM3-GC31-LL (ssp585) from available: ['r1i1p1f3']
2026-07-22 15:38:45,896 - INFO - [storyline.find_cmip6_ua_file] - Including non-standard UA file to fill gap: ua_Amon_HadGEM3-GC31-LL_ssp585_r1i1p1f3_gn_20150116-20930916_regridded.nc
2026-07-22 15:38:45,896 - INFO - [storyline.find_cmip6_ua_file] - Including non-standard UA file to fill gap: ua_Amon_HadGEM3-GC31-LL_ssp585_r1i1p1f3_gn_20931016-21001216_regridded.nc
2026-07-22 15:38:46,052 - INFO - [storyline.find_cmip6_ua_file] - Selected UA file member 'r1i1p1f3' for HadGEM3-GC31-MM (ssp585) from available: ['r1i1p1f3']
2026-07-22 15:38:46,052 - INFO - [storyline.find_cmip6_ua_file] - Including non-standard UA file to fill gap: ua_Amon_HadGEM3-GC31-MM_ssp585_r1i1p1f3_gn_20150116-20300716_regridded.nc
2026-07-22 15:38:46,053 - INFO - [storyline.find_cmip6_ua_file] - Including non-standard UA file to fill gap: ua_Amon_HadGEM3-GC31-MM_ssp585_r1i1p1f3_gn_20300816-20460216_regridded.nc
2026-07-22 15:38:46,053 - INFO - [storyline.find_cmip6_ua_file] - Including non-standard UA file to fill gap: ua_Amon_HadGEM3-GC31-MM_ssp585_r1i1p1f3_gn_20460316-20610916_regridded.nc
2026-07-22 15:38:46,053 - INFO - [storyline.find_cmip6_ua_file] - Including non-standard UA file to fill gap: ua_Amon_HadGEM3-GC31-MM_ssp585_r1i1p1f3_gn_20611016-20770416_regridded.nc
2026-07-22 15:38:46,053 - INFO - [storyline.find_cmip6_ua_file] - Including non-standard UA file to fill gap: ua_Amon_HadGEM3-GC31-MM_ssp585_r1i1p1f3_gn_20770516-20921116_regridded.nc
2026-07-22 15:38:46,053 - INFO - [storyline.find_cmip6_ua_file] - Including non-standard UA file to fill gap: ua_Amon_HadGEM3-GC31-MM_ssp585_r1i1p1f3_gn_20921216-21001216_regridded.nc
2026-07-22 15:38:46,267 - INFO - [storyline.find_cmip6_ua_file] - Selected UA file member 'r1i1p1f1' for INM-CM5-0 (ssp585) from available: ['r1i1p1f1']
2026-07-22 15:38:46,499 - INFO - [storyline.find_cmip6_ua_file] - Selected UA file member 'r1i1p1f1' for EC-Earth3-CC (ssp585) from available: ['r1i1p1f1']
2026-07-22 15:38:47,342 - INFO - [storyline.find_cmip6_ua_file] - Selected UA file member 'r1i1p1f1' for IPSL-CM6A-LR (ssp585) from available: ['r1i1p1f1']
2026-07-22 15:38:47,494 - INFO - [storyline.find_cmip6_ua_file] - Selected UA file member 'r1i1p1f1' for MRI-ESM2-0 (ssp585) from available: ['r1i1p1f1']
2026-07-22 15:38:47,649 - INFO - [storyline.find_cmip6_ua_file] - Selected UA file member 'r1i1p1f2' for UKESM1-0-LL (ssp585) from available: ['r1i1p1f2']
2026-07-22 15:38:47,649 - INFO - [storyline.find_cmip6_ua_file] - Including non-standard UA file to fill gap: ua_Amon_UKESM1-0-LL_ssp585_r1i1p1f2_gn_20150116-20930916_regridded.nc
2026-07-22 15:38:47,649 - INFO - [storyline.find_cmip6_ua_file] - Including non-standard UA file to fill gap: ua_Amon_UKESM1-0-LL_ssp585_r1i1p1f2_gn_20931016-21001216_regridded.nc
2026-07-22 15:38:47,820 - INFO - [storyline.find_cmip6_ua_file] - Selected UA file member 'r1i1p1f1' for E3SM-1-0 (ssp585) from available: ['r1i1p1f1']
2026-07-22 15:38:47,999 - INFO - [storyline.find_cmip6_ua_file] - Selected UA file member 'r1i1p1f1' for EC-Earth3-Veg-LR (ssp585) from available: ['r1i1p1f1']
2026-07-22 15:38:48,000 - WARNING - [storyline.find_cmip6_ua_file] - Excluding overlapping non-standard UA file: ua_Amon_EC-Earth3-Veg-LR_ssp585_r1i1p1f1_gr_20170116-20590916_regridded.nc
2026-07-22 15:38:48,000 - WARNING - [storyline.find_cmip6_ua_file] - Excluding overlapping non-standard UA file: ua_Amon_EC-Earth3-Veg-LR_ssp585_r1i1p1f1_gr_20280116-20831216_regridded.nc
2026-07-22 15:38:48,001 - WARNING - [storyline.find_cmip6_ua_file] - Excluding overlapping non-standard UA file: ua_Amon_EC-Earth3-Veg-LR_ssp585_r1i1p1f1_gr_20591016-21001216_regridded.nc
2026-07-22 15:38:49,121 - INFO - [storyline.find_cmip6_ua_file] - Selected UA file member 'r1i1p1f1' for GFDL-ESM4 (ssp585) from available: ['r1i1p1f1']
2026-07-22 15:38:49,121 - WARNING - [storyline.find_cmip6_ua_file] - Excluding overlapping non-standard UA file: ua_Amon_GFDL-ESM4_ssp585_r1i1p1f1_gr1_20150116-20570316_regridded.nc
2026-07-22 15:38:49,121 - WARNING - [storyline.find_cmip6_ua_file] - Excluding overlapping non-standard UA file: ua_Amon_GFDL-ESM4_ssp585_r1i1p1f1_gr1_20570416-20990616_regridded.nc
2026-07-22 15:38:49,121 - WARNING - [storyline.find_cmip6_ua_file] - Excluding overlapping non-standard UA file: ua_Amon_GFDL-ESM4_ssp585_r1i1p1f1_gr1_20990716-21001216_regridded.nc
2026-07-22 15:38:49,265 - INFO - [storyline.find_cmip6_ua_file] - Selected UA file member 'r1i1p1f1' for INM-CM4-8 (ssp585) from available: ['r1i1p1f1']
2026-07-22 15:38:49,497 - INFO - [storyline.find_cmip6_ua_file] - Selected UA file member 'r1i1p1f2' for MIROC-ES2L (ssp585) from available: ['r1i1p1f2']
2026-07-22 15:38:49,497 - INFO - [storyline.find_cmip6_ua_file] - Including non-standard UA file to fill gap: ua_Amon_MIROC-ES2L_ssp585_r1i1p1f2_gn_20150116-21001216_regridded.nc
2026-07-22 15:38:49,646 - INFO - [storyline.find_cmip6_ua_file] - Selected UA file member 'r1i1p1f1' for MIROC6 (ssp585) from available: ['r1i1p1f1']
2026-07-22 15:38:49,646 - WARNING - [storyline.find_cmip6_ua_file] - Excluding overlapping non-standard UA file: ua_Amon_MIROC6_ssp585_r1i1p1f1_gn_20150116-20811116_regridded.nc
2026-07-22 15:38:49,646 - WARNING - [storyline.find_cmip6_ua_file] - Excluding overlapping non-standard UA file: ua_Amon_MIROC6_ssp585_r1i1p1f1_gn_20811216-21001216_regridded.nc
2026-07-22 15:38:50,030 - INFO - [storyline.find_cmip6_ua_historical_file] - Selected historical UA member 'r1i1p1f1' for BCC-CSM2-MR from available: ['r1i1p1f1']
2026-07-22 15:38:54,713 - INFO - [storyline.find_cmip6_ua_historical_file] - Selected historical UA member 'r1i1p1f1' for CESM2 from available: ['r1i1p1f1']
2026-07-22 15:38:54,930 - INFO - [storyline.find_cmip6_ua_historical_file] - Selected historical UA member 'r1i1p1f2' for CNRM-CM6-1 from available: ['r1i1p1f2']
2026-07-22 15:38:54,930 - INFO - [storyline.find_cmip6_ua_historical_file] - Including non-standard historical UA file to fill gap: ua_Amon_CNRM-CM6-1_historical_r1i1p1f2_gr_18500116-19161116_regridded.nc
2026-07-22 15:38:54,930 - INFO - [storyline.find_cmip6_ua_historical_file] - Including non-standard historical UA file to fill gap: ua_Amon_CNRM-CM6-1_historical_r1i1p1f2_gr_19161216-19831016_regridded.nc
2026-07-22 15:38:54,931 - INFO - [storyline.find_cmip6_ua_historical_file] - Including non-standard historical UA file to fill gap: ua_Amon_CNRM-CM6-1_historical_r1i1p1f2_gr_19831116-20141216_regridded.nc
2026-07-22 15:38:55,200 - INFO - [storyline.find_cmip6_ua_historical_file] - Selected historical UA member 'r1i1p1f2' for CNRM-CM6-1-HR from available: ['r1i1p1f2']
2026-07-22 15:38:55,458 - INFO - [storyline.find_cmip6_ua_historical_file] - Selected historical UA member 'r1i1p1f1' for ACCESS-ESM1-5 from available: ['r1i1p1f1']
2026-07-22 15:38:55,702 - INFO - [storyline.find_cmip6_ua_historical_file] - Selected historical UA member 'r1i1p1f1' for CMCC-ESM2 from available: ['r1i1p1f1']
2026-07-22 15:38:55,702 - WARNING - [storyline.find_cmip6_ua_historical_file] - Excluding overlapping non-standard historical UA file: ua_Amon_CMCC-ESM2_historical_r1i1p1f1_gn_18500116-18890716_regridded.nc
2026-07-22 15:38:55,702 - WARNING - [storyline.find_cmip6_ua_historical_file] - Excluding overlapping non-standard historical UA file: ua_Amon_CMCC-ESM2_historical_r1i1p1f1_gn_18890816-18991216_regridded.nc
2026-07-22 15:38:56,000 - INFO - [storyline.find_cmip6_ua_historical_file] - Selected historical UA member 'r1i1p1f1' for MPI-ESM1-2-HR from available: ['r1i1p1f1']
2026-07-22 15:38:56,000 - WARNING - [storyline.find_cmip6_ua_historical_file] - Excluding overlapping non-standard historical UA file: ua_Amon_MPI-ESM1-2-HR_historical_r1i1p1f1_gn_18500116-18790816_regridded.nc
2026-07-22 15:38:56,001 - WARNING - [storyline.find_cmip6_ua_historical_file] - Excluding overlapping non-standard historical UA file: ua_Amon_MPI-ESM1-2-HR_historical_r1i1p1f1_gn_18790916-19090416_regridded.nc
2026-07-22 15:38:56,001 - WARNING - [storyline.find_cmip6_ua_historical_file] - Excluding overlapping non-standard historical UA file: ua_Amon_MPI-ESM1-2-HR_historical_r1i1p1f1_gn_19090516-19381216_regridded.nc
2026-07-22 15:38:56,001 - WARNING - [storyline.find_cmip6_ua_historical_file] - Excluding overlapping non-standard historical UA file: ua_Amon_MPI-ESM1-2-HR_historical_r1i1p1f1_gn_19390116-19680816_regridded.nc
2026-07-22 15:38:56,001 - WARNING - [storyline.find_cmip6_ua_historical_file] - Excluding overlapping non-standard historical UA file: ua_Amon_MPI-ESM1-2-HR_historical_r1i1p1f1_gn_19680916-19980416_regridded.nc
2026-07-22 15:38:56,001 - WARNING - [storyline.find_cmip6_ua_historical_file] - Excluding overlapping non-standard historical UA file: ua_Amon_MPI-ESM1-2-HR_historical_r1i1p1f1_gn_19980516-20141216_regridded.nc
2026-07-22 15:38:57,559 - INFO - [storyline.find_cmip6_ua_historical_file] - Selected historical UA member 'r1i1p1f3' for HadGEM3-GC31-LL from available: ['r1i1p1f3']
2026-07-22 15:38:57,559 - INFO - [storyline.find_cmip6_ua_historical_file] - Including non-standard historical UA file to fill gap: ua_Amon_HadGEM3-GC31-LL_historical_r1i1p1f3_gn_18500116-19280916_regridded.nc
2026-07-22 15:38:57,559 - INFO - [storyline.find_cmip6_ua_historical_file] - Including non-standard historical UA file to fill gap: ua_Amon_HadGEM3-GC31-LL_historical_r1i1p1f3_gn_19281016-20070616_regridded.nc
2026-07-22 15:38:57,560 - INFO - [storyline.find_cmip6_ua_historical_file] - Including non-standard historical UA file to fill gap: ua_Amon_HadGEM3-GC31-LL_historical_r1i1p1f3_gn_20070716-20141216_regridded.nc
2026-07-22 15:38:57,860 - INFO - [storyline.find_cmip6_ua_historical_file] - Selected historical UA member 'r1i1p1f3' for HadGEM3-GC31-MM from available: ['r1i1p1f3']
2026-07-22 15:38:57,860 - INFO - [storyline.find_cmip6_ua_historical_file] - Including non-standard historical UA file to fill gap: ua_Amon_HadGEM3-GC31-MM_historical_r1i1p1f3_gn_18500116-18650716_regridded.nc
2026-07-22 15:38:57,861 - INFO - [storyline.find_cmip6_ua_historical_file] - Including non-standard historical UA file to fill gap: ua_Amon_HadGEM3-GC31-MM_historical_r1i1p1f3_gn_18650816-18810216_regridded.nc
2026-07-22 15:38:57,861 - INFO - [storyline.find_cmip6_ua_historical_file] - Including non-standard historical UA file to fill gap: ua_Amon_HadGEM3-GC31-MM_historical_r1i1p1f3_gn_18810316-18960916_regridded.nc
2026-07-22 15:38:57,861 - INFO - [storyline.find_cmip6_ua_historical_file] - Including non-standard historical UA file to fill gap: ua_Amon_HadGEM3-GC31-MM_historical_r1i1p1f3_gn_18961016-19120416_regridded.nc
2026-07-22 15:38:57,861 - INFO - [storyline.find_cmip6_ua_historical_file] - Including non-standard historical UA file to fill gap: ua_Amon_HadGEM3-GC31-MM_historical_r1i1p1f3_gn_19120516-19271116_regridded.nc
2026-07-22 15:38:57,861 - INFO - [storyline.find_cmip6_ua_historical_file] - Including non-standard historical UA file to fill gap: ua_Amon_HadGEM3-GC31-MM_historical_r1i1p1f3_gn_19271216-19430616_regridded.nc
2026-07-22 15:38:57,861 - INFO - [storyline.find_cmip6_ua_historical_file] - Including non-standard historical UA file to fill gap: ua_Amon_HadGEM3-GC31-MM_historical_r1i1p1f3_gn_19430716-19590116_regridded.nc
2026-07-22 15:38:57,861 - INFO - [storyline.find_cmip6_ua_historical_file] - Including non-standard historical UA file to fill gap: ua_Amon_HadGEM3-GC31-MM_historical_r1i1p1f3_gn_19590216-19740816_regridded.nc
2026-07-22 15:38:57,861 - INFO - [storyline.find_cmip6_ua_historical_file] - Including non-standard historical UA file to fill gap: ua_Amon_HadGEM3-GC31-MM_historical_r1i1p1f3_gn_19740916-19900316_regridded.nc
2026-07-22 15:38:57,861 - INFO - [storyline.find_cmip6_ua_historical_file] - Including non-standard historical UA file to fill gap: ua_Amon_HadGEM3-GC31-MM_historical_r1i1p1f3_gn_19900416-20051016_regridded.nc
2026-07-22 15:38:57,861 - INFO - [storyline.find_cmip6_ua_historical_file] - Including non-standard historical UA file to fill gap: ua_Amon_HadGEM3-GC31-MM_historical_r1i1p1f3_gn_20051116-20141216_regridded.nc
2026-07-22 15:38:58,209 - INFO - [storyline.find_cmip6_ua_historical_file] - Selected historical UA member 'r1i1p1f1' for INM-CM5-0 from available: ['r1i1p1f1']
2026-07-22 15:38:58,210 - WARNING - [storyline.find_cmip6_ua_historical_file] - Excluding overlapping non-standard historical UA file: ua_Amon_INM-CM5-0_historical_r1i1p1f1_gr1_19000116-19491216_regridded.nc
2026-07-22 15:38:58,600 - INFO - [storyline.find_cmip6_ua_historical_file] - Selected historical UA member 'r1i1p1f1' for EC-Earth3-CC from available: ['r1i1p1f1']
2026-07-22 15:38:58,601 - WARNING - [storyline.find_cmip6_ua_historical_file] - Excluding overlapping non-standard historical UA file: ua_Amon_EC-Earth3-CC_historical_r1i1p1f1_gr_18500116-18660816_regridded.nc
2026-07-22 15:38:58,601 - WARNING - [storyline.find_cmip6_ua_historical_file] - Excluding overlapping non-standard historical UA file: ua_Amon_EC-Earth3-CC_historical_r1i1p1f1_gr_18660916-18830416_regridded.nc
2026-07-22 15:38:58,601 - WARNING - [storyline.find_cmip6_ua_historical_file] - Excluding overlapping non-standard historical UA file: ua_Amon_EC-Earth3-CC_historical_r1i1p1f1_gr_18830516-18991216_regridded.nc
2026-07-22 15:38:58,601 - WARNING - [storyline.find_cmip6_ua_historical_file] - Excluding overlapping non-standard historical UA file: ua_Amon_EC-Earth3-CC_historical_r1i1p1f1_gr_19000116-19160816_regridded.nc
2026-07-22 15:38:58,601 - WARNING - [storyline.find_cmip6_ua_historical_file] - Excluding overlapping non-standard historical UA file: ua_Amon_EC-Earth3-CC_historical_r1i1p1f1_gr_19160916-19330416_regridded.nc
2026-07-22 15:38:58,601 - WARNING - [storyline.find_cmip6_ua_historical_file] - Excluding overlapping non-standard historical UA file: ua_Amon_EC-Earth3-CC_historical_r1i1p1f1_gr_19330516-19491216_regridded.nc
2026-07-22 15:38:58,601 - WARNING - [storyline.find_cmip6_ua_historical_file] - Excluding overlapping non-standard historical UA file: ua_Amon_EC-Earth3-CC_historical_r1i1p1f1_gr_19500116-19660816_regridded.nc
2026-07-22 15:38:58,601 - WARNING - [storyline.find_cmip6_ua_historical_file] - Excluding overlapping non-standard historical UA file: ua_Amon_EC-Earth3-CC_historical_r1i1p1f1_gr_19660916-19830416_regridded.nc
2026-07-22 15:38:58,601 - WARNING - [storyline.find_cmip6_ua_historical_file] - Excluding overlapping non-standard historical UA file: ua_Amon_EC-Earth3-CC_historical_r1i1p1f1_gr_19830516-19991216_regridded.nc
2026-07-22 15:38:58,601 - WARNING - [storyline.find_cmip6_ua_historical_file] - Excluding overlapping non-standard historical UA file: ua_Amon_EC-Earth3-CC_historical_r1i1p1f1_gr_20000116-20141216_regridded.nc
2026-07-22 15:39:00,520 - INFO - [storyline.find_cmip6_ua_historical_file] - Selected historical UA member 'r1i1p1f1' for IPSL-CM6A-LR from available: ['r1i1p1f1']
2026-07-22 15:39:00,740 - INFO - [storyline.find_cmip6_ua_historical_file] - Selected historical UA member 'r1i1p1f1' for MRI-ESM2-0 from available: ['r1i1p1f1']
2026-07-22 15:39:00,740 - INFO - [storyline.find_cmip6_ua_historical_file] - Including non-standard historical UA file to fill gap: ua_Amon_MRI-ESM2-0_historical_r1i1p1f1_gn_18500116-18920916_regridded.nc
2026-07-22 15:39:00,740 - INFO - [storyline.find_cmip6_ua_historical_file] - Including non-standard historical UA file to fill gap: ua_Amon_MRI-ESM2-0_historical_r1i1p1f1_gn_18921016-19350616_regridded.nc
2026-07-22 15:39:00,741 - INFO - [storyline.find_cmip6_ua_historical_file] - Including non-standard historical UA file to fill gap: ua_Amon_MRI-ESM2-0_historical_r1i1p1f1_gn_19350716-19780316_regridded.nc
2026-07-22 15:39:00,741 - INFO - [storyline.find_cmip6_ua_historical_file] - Including non-standard historical UA file to fill gap: ua_Amon_MRI-ESM2-0_historical_r1i1p1f1_gn_19780416-20141216_regridded.nc
2026-07-22 15:39:01,028 - INFO - [storyline.find_cmip6_ua_historical_file] - Selected historical UA member 'r1i1p1f2' for UKESM1-0-LL from available: ['r1i1p1f2']
2026-07-22 15:39:01,029 - INFO - [storyline.find_cmip6_ua_historical_file] - Including non-standard historical UA file to fill gap: ua_Amon_UKESM1-0-LL_historical_r1i1p1f2_gn_18500116-19280916_regridded.nc
2026-07-22 15:39:01,029 - INFO - [storyline.find_cmip6_ua_historical_file] - Including non-standard historical UA file to fill gap: ua_Amon_UKESM1-0-LL_historical_r1i1p1f2_gn_19281016-20070616_regridded.nc
2026-07-22 15:39:01,029 - INFO - [storyline.find_cmip6_ua_historical_file] - Including non-standard historical UA file to fill gap: ua_Amon_UKESM1-0-LL_historical_r1i1p1f2_gn_20070716-20141216_regridded.nc
2026-07-22 15:39:01,302 - INFO - [storyline.find_cmip6_ua_historical_file] - Selected historical UA member 'r1i1p1f1' for E3SM-1-0 from available: ['r1i1p1f1']
2026-07-22 15:39:01,302 - WARNING - [storyline.find_cmip6_ua_historical_file] - Excluding overlapping non-standard historical UA file: ua_Amon_E3SM-1-0_historical_r1i1p1f1_gr_19000116-19331016_regridded.nc
2026-07-22 15:39:01,302 - WARNING - [storyline.find_cmip6_ua_historical_file] - Excluding overlapping non-standard historical UA file: ua_Amon_E3SM-1-0_historical_r1i1p1f1_gr_19331116-19670816_regridded.nc
2026-07-22 15:39:01,303 - WARNING - [storyline.find_cmip6_ua_historical_file] - Excluding overlapping non-standard historical UA file: ua_Amon_E3SM-1-0_historical_r1i1p1f1_gr_19670916-20010616_regridded.nc
2026-07-22 15:39:01,303 - WARNING - [storyline.find_cmip6_ua_historical_file] - Excluding overlapping non-standard historical UA file: ua_Amon_E3SM-1-0_historical_r1i1p1f1_gr_20010716-20141216_regridded.nc
2026-07-22 15:39:02,068 - INFO - [storyline.find_cmip6_ua_historical_file] - Selected historical UA member 'r1i1p1f1' for EC-Earth3-Veg-LR from available: ['r1i1p1f1']
2026-07-22 15:39:02,069 - WARNING - [storyline.find_cmip6_ua_historical_file] - Excluding overlapping non-standard historical UA file: ua_Amon_EC-Earth3-Veg-LR_historical_r1i1p1f1_gr_18500116-18920916_regridded.nc
2026-07-22 15:39:02,069 - WARNING - [storyline.find_cmip6_ua_historical_file] - Excluding overlapping non-standard historical UA file: ua_Amon_EC-Earth3-Veg-LR_historical_r1i1p1f1_gr_18921016-19350616_regridded.nc
2026-07-22 15:39:02,069 - WARNING - [storyline.find_cmip6_ua_historical_file] - Excluding overlapping non-standard historical UA file: ua_Amon_EC-Earth3-Veg-LR_historical_r1i1p1f1_gr_19350716-19780316_regridded.nc
2026-07-22 15:39:02,069 - WARNING - [storyline.find_cmip6_ua_historical_file] - Excluding overlapping non-standard historical UA file: ua_Amon_EC-Earth3-Veg-LR_historical_r1i1p1f1_gr_19780416-20141216_regridded.nc
2026-07-22 15:39:04,230 - INFO - [storyline.find_cmip6_ua_historical_file] - Selected historical UA member 'r1i1p1f1' for GFDL-ESM4 from available: ['r1i1p1f1']
2026-07-22 15:39:04,463 - INFO - [storyline.find_cmip6_ua_historical_file] - Selected historical UA member 'r1i1p1f1' for INM-CM4-8 from available: ['r1i1p1f1']
2026-07-22 15:39:04,854 - INFO - [storyline.find_cmip6_ua_historical_file] - Selected historical UA member 'r1i1p1f2' for MIROC-ES2L from available: ['r1i1p1f2']
2026-07-22 15:39:04,854 - INFO - [storyline.find_cmip6_ua_historical_file] - Including non-standard historical UA file to fill gap: ua_Amon_MIROC-ES2L_historical_r1i1p1f2_gn_18500116-20141216_regridded.nc
2026-07-22 15:39:05,083 - INFO - [storyline.find_cmip6_ua_historical_file] - Selected historical UA member 'r1i1p1f1' for MIROC6 from available: ['r1i1p1f1']
2026-07-22 15:39:06,024 - INFO - [main.run_full_analysis] - UA composite plot for GWL 2.0, Summer already exists and data not needed.
2026-07-22 15:39:06,025 - INFO - [storyline.calculate_ua_composites_for_extremes] - Calculating UA composites for event '30Q10_low' at GWL +2.0°C, Season=Summer...
2026-07-22 15:39:06,067 - INFO - [storyline.calculate_ua_composites_for_extremes] -   UA Extreme Models (N=10): ['BCC-CSM2-MR_ssp585', 'CNRM-CM6-1_ssp585', 'CESM2_ssp585', 'CNRM-CM6-1-HR_ssp585', 'MPI-ESM1-2-HR_ssp585', 'NorESM2-MM_ssp585', 'ACCESS-ESM1-5_ssp585', 'CMCC-ESM2_ssp585', 'CMCC-CM2-SR5_ssp585', 'INM-CM5-0_ssp585']
2026-07-22 15:39:06,068 - INFO - [storyline.calculate_ua_composites_for_extremes] -   UA Non-Extreme Models (N=10): ['E3SM-1-0_ssp585', 'EC-Earth3_ssp585', 'GFDL-ESM4_ssp585', 'HadGEM3-GC31-LL_ssp585', 'IITM-ESM_ssp585', 'IPSL-CM6A-LR_ssp585', 'MIROC-ES2L_ssp585', 'MIROC6_ssp585', 'MPI-ESM1-2-LR_ssp585', 'MRI-ESM2-0_ssp585']
2026-07-22 15:39:06,070 - INFO - [storyline.find_cmip6_ua_file] - Selected UA file member 'r1i1p1f1' for BCC-CSM2-MR (ssp585) from available: ['r1i1p1f1']
2026-07-22 15:39:06,070 - WARNING - [storyline.find_cmip6_ua_file] - Excluding overlapping non-standard UA file: ua_Amon_BCC-CSM2-MR_ssp585_r1i1p1f1_gn_20550116-20970916_regridded.nc
2026-07-22 15:39:06,070 - WARNING - [storyline.find_cmip6_ua_file] - Excluding overlapping non-standard UA file: ua_Amon_BCC-CSM2-MR_ssp585_r1i1p1f1_gn_20971016-21001216_regridded.nc
2026-07-22 15:39:06,742 - INFO - [storyline.find_cmip6_ua_file] - Selected UA file member 'r1i1p1f2' for CNRM-CM6-1 (ssp585) from available: ['r1i1p1f2']
2026-07-22 15:39:06,742 - INFO - [storyline.find_cmip6_ua_file] - Including non-standard UA file to fill gap: ua_Amon_CNRM-CM6-1_ssp585_r1i1p1f2_gr_20150116-20811116_regridded.nc
2026-07-22 15:39:06,742 - INFO - [storyline.find_cmip6_ua_file] - Including non-standard UA file to fill gap: ua_Amon_CNRM-CM6-1_ssp585_r1i1p1f2_gr_20811216-21001216_regridded.nc
2026-07-22 15:39:06,916 - INFO - [storyline.find_cmip6_ua_file] - Selected UA file member 'r4i1p1f1' for CESM2 (ssp585) from available: ['r4i1p1f1']
2026-07-22 15:39:06,916 - INFO - [storyline.find_cmip6_ua_file] - Including non-standard UA file to fill gap: ua_Amon_CESM2_ssp585_r4i1p1f1_gn_20150115-20540715_regridded.nc
2026-07-22 15:39:06,916 - INFO - [storyline.find_cmip6_ua_file] - Including non-standard UA file to fill gap: ua_Amon_CESM2_ssp585_r4i1p1f1_gn_20540815-20940214_regridded.nc
2026-07-22 15:39:06,917 - INFO - [storyline.find_cmip6_ua_file] - Including non-standard UA file to fill gap: ua_Amon_CESM2_ssp585_r4i1p1f1_gn_20940315-21001215_regridded.nc
2026-07-22 15:39:07,098 - INFO - [storyline.find_cmip6_ua_file] - Selected UA file member 'r1i1p1f2' for CNRM-CM6-1-HR (ssp585) from available: ['r1i1p1f2']
2026-07-22 15:39:07,098 - INFO - [storyline.find_cmip6_ua_file] - Including non-standard UA file to fill gap: ua_Amon_CNRM-CM6-1-HR_ssp585_r1i1p1f2_gr_20150116-20230516_regridded.nc
2026-07-22 15:39:07,098 - INFO - [storyline.find_cmip6_ua_file] - Including non-standard UA file to fill gap: ua_Amon_CNRM-CM6-1-HR_ssp585_r1i1p1f2_gr_20230616-20311016_regridded.nc
2026-07-22 15:39:07,099 - INFO - [storyline.find_cmip6_ua_file] - Including non-standard UA file to fill gap: ua_Amon_CNRM-CM6-1-HR_ssp585_r1i1p1f2_gr_20311116-20400316_regridded.nc
2026-07-22 15:39:07,099 - INFO - [storyline.find_cmip6_ua_file] - Including non-standard UA file to fill gap: ua_Amon_CNRM-CM6-1-HR_ssp585_r1i1p1f2_gr_20400416-20480816_regridded.nc
2026-07-22 15:39:07,099 - INFO - [storyline.find_cmip6_ua_file] - Including non-standard UA file to fill gap: ua_Amon_CNRM-CM6-1-HR_ssp585_r1i1p1f2_gr_20480916-20570116_regridded.nc
2026-07-22 15:39:07,099 - INFO - [storyline.find_cmip6_ua_file] - Including non-standard UA file to fill gap: ua_Amon_CNRM-CM6-1-HR_ssp585_r1i1p1f2_gr_20570215-20650616_regridded.nc
2026-07-22 15:39:07,099 - INFO - [storyline.find_cmip6_ua_file] - Including non-standard UA file to fill gap: ua_Amon_CNRM-CM6-1-HR_ssp585_r1i1p1f2_gr_20650716-20731116_regridded.nc
2026-07-22 15:39:07,099 - INFO - [storyline.find_cmip6_ua_file] - Including non-standard UA file to fill gap: ua_Amon_CNRM-CM6-1-HR_ssp585_r1i1p1f2_gr_20731216-20820416_regridded.nc
2026-07-22 15:39:07,099 - INFO - [storyline.find_cmip6_ua_file] - Including non-standard UA file to fill gap: ua_Amon_CNRM-CM6-1-HR_ssp585_r1i1p1f2_gr_20820516-20900916_regridded.nc
2026-07-22 15:39:07,099 - INFO - [storyline.find_cmip6_ua_file] - Including non-standard UA file to fill gap: ua_Amon_CNRM-CM6-1-HR_ssp585_r1i1p1f2_gr_20901016-20990215_regridded.nc
2026-07-22 15:39:07,099 - INFO - [storyline.find_cmip6_ua_file] - Including non-standard UA file to fill gap: ua_Amon_CNRM-CM6-1-HR_ssp585_r1i1p1f2_gr_20990316-21001216_regridded.nc
2026-07-22 15:39:07,358 - INFO - [storyline.find_cmip6_ua_file] - Selected UA file member 'r1i1p1f1' for MPI-ESM1-2-HR (ssp585) from available: ['r1i1p1f1']
2026-07-22 15:39:07,640 - INFO - [storyline.find_cmip6_ua_file] - Selected UA file member 'r1i1p1f1' for NorESM2-MM (ssp585) from available: ['r1i1p1f1']
2026-07-22 15:39:08,017 - INFO - [storyline.find_cmip6_ua_file] - Selected UA file member 'r1i1p1f1' for ACCESS-ESM1-5 (ssp585) from available: ['r1i1p1f1']
/nas/home/vlw/.mambaenvs/STREAM/lib/python3.10/site-packages/dask/array/core.py:4988: PerformanceWarning: Increasing number of chunks by factor of 38
  result = blockwise(
/nas/home/vlw/.mambaenvs/STREAM/lib/python3.10/site-packages/dask/array/core.py:4988: PerformanceWarning: Increasing number of chunks by factor of 38
  result = blockwise(
/nas/home/vlw/.mambaenvs/STREAM/lib/python3.10/site-packages/dask/array/core.py:4988: PerformanceWarning: Increasing number of chunks by factor of 38
  result = blockwise(
2026-07-22 15:39:08,365 - INFO - [storyline.find_cmip6_ua_file] - Selected UA file member 'r1i1p1f1' for CMCC-ESM2 (ssp585) from available: ['r1i1p1f1']
2026-07-22 15:39:08,366 - WARNING - [storyline.find_cmip6_ua_file] - Excluding overlapping non-standard UA file: ua_Amon_CMCC-ESM2_ssp585_r1i1p1f1_gn_20400116-20790716_regridded.nc
2026-07-22 15:39:08,366 - WARNING - [storyline.find_cmip6_ua_file] - Excluding overlapping non-standard UA file: ua_Amon_CMCC-ESM2_ssp585_r1i1p1f1_gn_20790816-21001216_regridded.nc
2026-07-22 15:39:08,537 - INFO - [storyline.find_cmip6_ua_file] - Selected UA file member 'r1i1p1f1' for CMCC-CM2-SR5 (ssp585) from available: ['r1i1p1f1']
2026-07-22 15:39:08,537 - WARNING - [storyline.find_cmip6_ua_file] - Excluding overlapping non-standard UA file: ua_Amon_CMCC-CM2-SR5_ssp585_r1i1p1f1_gn_20400116-20790716_regridded.nc
2026-07-22 15:39:08,537 - WARNING - [storyline.find_cmip6_ua_file] - Excluding overlapping non-standard UA file: ua_Amon_CMCC-CM2-SR5_ssp585_r1i1p1f1_gn_20790816-21001216_regridded.nc
2026-07-22 15:39:08,721 - INFO - [storyline.find_cmip6_ua_file] - Selected UA file member 'r1i1p1f1' for INM-CM5-0 (ssp585) from available: ['r1i1p1f1']
2026-07-22 15:39:09,276 - INFO - [storyline.find_cmip6_ua_file] - Selected UA file member 'r1i1p1f1' for E3SM-1-0 (ssp585) from available: ['r1i1p1f1']
2026-07-22 15:39:09,446 - INFO - [storyline.find_cmip6_ua_file] - Selected UA file member 'r1i1p1f1' for EC-Earth3 (ssp585) from available: ['r1i1p1f1']
2026-07-22 15:39:10,289 - INFO - [storyline.find_cmip6_ua_file] - Selected UA file member 'r1i1p1f1' for GFDL-ESM4 (ssp585) from available: ['r1i1p1f1']
2026-07-22 15:39:10,289 - WARNING - [storyline.find_cmip6_ua_file] - Excluding overlapping non-standard UA file: ua_Amon_GFDL-ESM4_ssp585_r1i1p1f1_gr1_20150116-20570316_regridded.nc
2026-07-22 15:39:10,289 - WARNING - [storyline.find_cmip6_ua_file] - Excluding overlapping non-standard UA file: ua_Amon_GFDL-ESM4_ssp585_r1i1p1f1_gr1_20570416-20990616_regridded.nc
2026-07-22 15:39:10,290 - WARNING - [storyline.find_cmip6_ua_file] - Excluding overlapping non-standard UA file: ua_Amon_GFDL-ESM4_ssp585_r1i1p1f1_gr1_20990716-21001216_regridded.nc
2026-07-22 15:39:10,408 - INFO - [storyline.find_cmip6_ua_file] - Selected UA file member 'r1i1p1f3' for HadGEM3-GC31-LL (ssp585) from available: ['r1i1p1f3']
2026-07-22 15:39:10,408 - INFO - [storyline.find_cmip6_ua_file] - Including non-standard UA file to fill gap: ua_Amon_HadGEM3-GC31-LL_ssp585_r1i1p1f3_gn_20150116-20930916_regridded.nc
2026-07-22 15:39:10,408 - INFO - [storyline.find_cmip6_ua_file] - Including non-standard UA file to fill gap: ua_Amon_HadGEM3-GC31-LL_ssp585_r1i1p1f3_gn_20931016-21001216_regridded.nc
2026-07-22 15:39:10,558 - INFO - [storyline.find_cmip6_ua_file] - Selected UA file member 'r1i1p1f1' for IITM-ESM (ssp585) from available: ['r1i1p1f1']
2026-07-22 15:39:10,558 - WARNING - [storyline.find_cmip6_ua_file] - Excluding overlapping non-standard UA file: ua_Amon_IITM-ESM_ssp585_r1i1p1f1_gn_20150116-20991216_regridded.nc
2026-07-22 15:39:10,559 - INFO - [storyline.find_cmip6_ua_file] - Including non-standard UA file to fill gap: ua_Amon_IITM-ESM_ssp585_r1i1p1f1_gn_20250116-20991216_regridded.nc
2026-07-22 15:39:10,874 - INFO - [storyline.find_cmip6_ua_file] - Selected UA file member 'r1i1p1f1' for IPSL-CM6A-LR (ssp585) from available: ['r1i1p1f1']
2026-07-22 15:39:11,057 - INFO - [storyline.find_cmip6_ua_file] - Selected UA file member 'r1i1p1f2' for MIROC-ES2L (ssp585) from available: ['r1i1p1f2']
2026-07-22 15:39:11,057 - INFO - [storyline.find_cmip6_ua_file] - Including non-standard UA file to fill gap: ua_Amon_MIROC-ES2L_ssp585_r1i1p1f2_gn_20150116-21001216_regridded.nc
2026-07-22 15:39:11,204 - INFO - [storyline.find_cmip6_ua_file] - Selected UA file member 'r1i1p1f1' for MIROC6 (ssp585) from available: ['r1i1p1f1']
2026-07-22 15:39:11,204 - WARNING - [storyline.find_cmip6_ua_file] - Excluding overlapping non-standard UA file: ua_Amon_MIROC6_ssp585_r1i1p1f1_gn_20150116-20811116_regridded.nc
2026-07-22 15:39:11,205 - WARNING - [storyline.find_cmip6_ua_file] - Excluding overlapping non-standard UA file: ua_Amon_MIROC6_ssp585_r1i1p1f1_gn_20811216-21001216_regridded.nc
2026-07-22 15:39:11,351 - INFO - [storyline.find_cmip6_ua_file] - Selected UA file member 'r1i1p1f1' for MPI-ESM1-2-LR (ssp585) from available: ['r1i1p1f1']
2026-07-22 15:39:11,519 - INFO - [storyline.find_cmip6_ua_file] - Selected UA file member 'r1i1p1f1' for MRI-ESM2-0 (ssp585) from available: ['r1i1p1f1']
2026-07-22 15:39:11,690 - INFO - [storyline.find_cmip6_ua_historical_file] - Selected historical UA member 'r1i1p1f1' for BCC-CSM2-MR from available: ['r1i1p1f1']
2026-07-22 15:39:12,473 - INFO - [storyline.find_cmip6_ua_historical_file] - Selected historical UA member 'r1i1p1f2' for CNRM-CM6-1 from available: ['r1i1p1f2']
2026-07-22 15:39:12,474 - INFO - [storyline.find_cmip6_ua_historical_file] - Including non-standard historical UA file to fill gap: ua_Amon_CNRM-CM6-1_historical_r1i1p1f2_gr_18500116-19161116_regridded.nc
2026-07-22 15:39:12,474 - INFO - [storyline.find_cmip6_ua_historical_file] - Including non-standard historical UA file to fill gap: ua_Amon_CNRM-CM6-1_historical_r1i1p1f2_gr_19161216-19831016_regridded.nc
2026-07-22 15:39:12,474 - INFO - [storyline.find_cmip6_ua_historical_file] - Including non-standard historical UA file to fill gap: ua_Amon_CNRM-CM6-1_historical_r1i1p1f2_gr_19831116-20141216_regridded.nc
2026-07-22 15:39:12,748 - INFO - [storyline.find_cmip6_ua_historical_file] - Selected historical UA member 'r1i1p1f1' for CESM2 from available: ['r1i1p1f1']
2026-07-22 15:39:12,976 - INFO - [storyline.find_cmip6_ua_historical_file] - Selected historical UA member 'r1i1p1f2' for CNRM-CM6-1-HR from available: ['r1i1p1f2']
2026-07-22 15:39:13,237 - INFO - [storyline.find_cmip6_ua_historical_file] - Selected historical UA member 'r1i1p1f1' for MPI-ESM1-2-HR from available: ['r1i1p1f1']
2026-07-22 15:39:13,237 - WARNING - [storyline.find_cmip6_ua_historical_file] - Excluding overlapping non-standard historical UA file: ua_Amon_MPI-ESM1-2-HR_historical_r1i1p1f1_gn_18500116-18790816_regridded.nc
2026-07-22 15:39:13,237 - WARNING - [storyline.find_cmip6_ua_historical_file] - Excluding overlapping non-standard historical UA file: ua_Amon_MPI-ESM1-2-HR_historical_r1i1p1f1_gn_18790916-19090416_regridded.nc
2026-07-22 15:39:13,238 - WARNING - [storyline.find_cmip6_ua_historical_file] - Excluding overlapping non-standard historical UA file: ua_Amon_MPI-ESM1-2-HR_historical_r1i1p1f1_gn_19090516-19381216_regridded.nc
2026-07-22 15:39:13,238 - WARNING - [storyline.find_cmip6_ua_historical_file] - Excluding overlapping non-standard historical UA file: ua_Amon_MPI-ESM1-2-HR_historical_r1i1p1f1_gn_19390116-19680816_regridded.nc
2026-07-22 15:39:13,238 - WARNING - [storyline.find_cmip6_ua_historical_file] - Excluding overlapping non-standard historical UA file: ua_Amon_MPI-ESM1-2-HR_historical_r1i1p1f1_gn_19680916-19980416_regridded.nc
2026-07-22 15:39:13,238 - WARNING - [storyline.find_cmip6_ua_historical_file] - Excluding overlapping non-standard historical UA file: ua_Amon_MPI-ESM1-2-HR_historical_r1i1p1f1_gn_19980516-20141216_regridded.nc
2026-07-22 15:39:13,728 - INFO - [storyline.find_cmip6_ua_historical_file] - Selected historical UA member 'r1i1p1f1' for NorESM2-MM from available: ['r1i1p1f1']
2026-07-22 15:39:13,728 - WARNING - [storyline.find_cmip6_ua_historical_file] - Excluding overlapping non-standard historical UA file: ua_Amon_NorESM2-MM_historical_r1i1p1f1_gn_19100116-19191216_regridded.nc
2026-07-22 15:39:14,095 - INFO - [storyline.find_cmip6_ua_historical_file] - Selected historical UA member 'r1i1p1f1' for ACCESS-ESM1-5 from available: ['r1i1p1f1']
2026-07-22 15:39:14,334 - INFO - [storyline.find_cmip6_ua_historical_file] - Selected historical UA member 'r1i1p1f1' for CMCC-ESM2 from available: ['r1i1p1f1']
2026-07-22 15:39:14,334 - WARNING - [storyline.find_cmip6_ua_historical_file] - Excluding overlapping non-standard historical UA file: ua_Amon_CMCC-ESM2_historical_r1i1p1f1_gn_18500116-18890716_regridded.nc
2026-07-22 15:39:14,334 - WARNING - [storyline.find_cmip6_ua_historical_file] - Excluding overlapping non-standard historical UA file: ua_Amon_CMCC-ESM2_historical_r1i1p1f1_gn_18890816-18991216_regridded.nc
2026-07-22 15:39:14,625 - INFO - [storyline.find_cmip6_ua_historical_file] - Selected historical UA member 'r1i1p1f1' for CMCC-CM2-SR5 from available: ['r1i1p1f1']
2026-07-22 15:39:14,625 - WARNING - [storyline.find_cmip6_ua_historical_file] - Excluding overlapping non-standard historical UA file: ua_Amon_CMCC-CM2-SR5_historical_r1i1p1f1_gn_19500116-19741216_regridded.nc
2026-07-22 15:39:14,921 - INFO - [storyline.find_cmip6_ua_historical_file] - Selected historical UA member 'r1i1p1f1' for INM-CM5-0 from available: ['r1i1p1f1']
2026-07-22 15:39:14,921 - WARNING - [storyline.find_cmip6_ua_historical_file] - Excluding overlapping non-standard historical UA file: ua_Amon_INM-CM5-0_historical_r1i1p1f1_gr1_19000116-19491216_regridded.nc
2026-07-22 15:39:15,624 - INFO - [storyline.find_cmip6_ua_historical_file] - Selected historical UA member 'r1i1p1f1' for E3SM-1-0 from available: ['r1i1p1f1']
2026-07-22 15:39:15,624 - WARNING - [storyline.find_cmip6_ua_historical_file] - Excluding overlapping non-standard historical UA file: ua_Amon_E3SM-1-0_historical_r1i1p1f1_gr_19000116-19331016_regridded.nc
2026-07-22 15:39:15,624 - WARNING - [storyline.find_cmip6_ua_historical_file] - Excluding overlapping non-standard historical UA file: ua_Amon_E3SM-1-0_historical_r1i1p1f1_gr_19331116-19670816_regridded.nc
2026-07-22 15:39:15,624 - WARNING - [storyline.find_cmip6_ua_historical_file] - Excluding overlapping non-standard historical UA file: ua_Amon_E3SM-1-0_historical_r1i1p1f1_gr_19670916-20010616_regridded.nc
2026-07-22 15:39:15,624 - WARNING - [storyline.find_cmip6_ua_historical_file] - Excluding overlapping non-standard historical UA file: ua_Amon_E3SM-1-0_historical_r1i1p1f1_gr_20010716-20141216_regridded.nc
2026-07-22 15:39:15,895 - INFO - [storyline.find_cmip6_ua_historical_file] - Selected historical UA member 'r1i1p1f1' for EC-Earth3 from available: ['r1i1p1f1']
2026-07-22 15:39:17,400 - INFO - [storyline.find_cmip6_ua_historical_file] - Selected historical UA member 'r1i1p1f1' for GFDL-ESM4 from available: ['r1i1p1f1']
2026-07-22 15:39:17,617 - INFO - [storyline.find_cmip6_ua_historical_file] - Selected historical UA member 'r1i1p1f3' for HadGEM3-GC31-LL from available: ['r1i1p1f3']
2026-07-22 15:39:17,617 - INFO - [storyline.find_cmip6_ua_historical_file] - Including non-standard historical UA file to fill gap: ua_Amon_HadGEM3-GC31-LL_historical_r1i1p1f3_gn_18500116-19280916_regridded.nc
2026-07-22 15:39:17,617 - INFO - [storyline.find_cmip6_ua_historical_file] - Including non-standard historical UA file to fill gap: ua_Amon_HadGEM3-GC31-LL_historical_r1i1p1f3_gn_19281016-20070616_regridded.nc
2026-07-22 15:39:17,618 - INFO - [storyline.find_cmip6_ua_historical_file] - Including non-standard historical UA file to fill gap: ua_Amon_HadGEM3-GC31-LL_historical_r1i1p1f3_gn_20070716-20141216_regridded.nc
2026-07-22 15:39:17,881 - INFO - [storyline.find_cmip6_ua_historical_file] - Selected historical UA member 'r1i1p1f1' for IITM-ESM from available: ['r1i1p1f1']
2026-07-22 15:39:18,261 - INFO - [storyline.find_cmip6_ua_historical_file] - Selected historical UA member 'r1i1p1f1' for IPSL-CM6A-LR from available: ['r1i1p1f1']
2026-07-22 15:39:18,478 - INFO - [storyline.find_cmip6_ua_historical_file] - Selected historical UA member 'r1i1p1f2' for MIROC-ES2L from available: ['r1i1p1f2']
2026-07-22 15:39:18,478 - INFO - [storyline.find_cmip6_ua_historical_file] - Including non-standard historical UA file to fill gap: ua_Amon_MIROC-ES2L_historical_r1i1p1f2_gn_18500116-20141216_regridded.nc
2026-07-22 15:39:18,704 - INFO - [storyline.find_cmip6_ua_historical_file] - Selected historical UA member 'r1i1p1f1' for MIROC6 from available: ['r1i1p1f1']
2026-07-22 15:39:19,076 - INFO - [storyline.find_cmip6_ua_historical_file] - Selected historical UA member 'r1i1p1f1' for MPI-ESM1-2-LR from available: ['r1i1p1f1']
2026-07-22 15:39:19,416 - INFO - [storyline.find_cmip6_ua_historical_file] - Selected historical UA member 'r1i1p1f1' for MRI-ESM2-0 from available: ['r1i1p1f1']
2026-07-22 15:39:19,417 - INFO - [storyline.find_cmip6_ua_historical_file] - Including non-standard historical UA file to fill gap: ua_Amon_MRI-ESM2-0_historical_r1i1p1f1_gn_18500116-18920916_regridded.nc
2026-07-22 15:39:19,417 - INFO - [storyline.find_cmip6_ua_historical_file] - Including non-standard historical UA file to fill gap: ua_Amon_MRI-ESM2-0_historical_r1i1p1f1_gn_18921016-19350616_regridded.nc
2026-07-22 15:39:19,417 - INFO - [storyline.find_cmip6_ua_historical_file] - Including non-standard historical UA file to fill gap: ua_Amon_MRI-ESM2-0_historical_r1i1p1f1_gn_19350716-19780316_regridded.nc
2026-07-22 15:39:19,417 - INFO - [storyline.find_cmip6_ua_historical_file] - Including non-standard historical UA file to fill gap: ua_Amon_MRI-ESM2-0_historical_r1i1p1f1_gn_19780416-20141216_regridded.nc
2026-07-22 15:39:20,236 - INFO - [main.run_full_analysis] - UA composite plot for GWL 3.0, Winter already exists and data not needed.
2026-07-22 15:39:20,236 - INFO - [storyline.calculate_ua_composites_for_extremes] - Calculating UA composites for event '30Q10_low' at GWL +3.0°C, Season=Winter...
2026-07-22 15:39:20,280 - INFO - [storyline.calculate_ua_composites_for_extremes] -   UA Extreme Models (N=10): ['BCC-CSM2-MR_ssp585', 'CNRM-CM6-1_ssp585', 'CESM2_ssp585', 'KIOST-ESM_ssp585', 'MPI-ESM1-2-LR_ssp585', 'ACCESS-ESM1-5_ssp585', 'CESM2-WACCM_ssp585', 'CMCC-ESM2_ssp585', 'HadGEM3-GC31-LL_ssp585', 'KACE-1-0-G_ssp585']
2026-07-22 15:39:20,280 - INFO - [storyline.calculate_ua_composites_for_extremes] -   UA Non-Extreme Models (N=10): ['CMCC-CM2-SR5_ssp585', 'E3SM-1-0_ssp585', 'IITM-ESM_ssp585', 'CNRM-ESM2-1_ssp585', 'CanESM5_ssp585', 'EC-Earth3-Veg-LR_ssp585', 'GFDL-ESM4_ssp585', 'MIROC-ES2L_ssp585', 'MIROC6_ssp585', 'MRI-ESM2-0_ssp585']
2026-07-22 15:39:20,282 - INFO - [storyline.find_cmip6_ua_file] - Selected UA file member 'r1i1p1f1' for BCC-CSM2-MR (ssp585) from available: ['r1i1p1f1']
2026-07-22 15:39:20,282 - WARNING - [storyline.find_cmip6_ua_file] - Excluding overlapping non-standard UA file: ua_Amon_BCC-CSM2-MR_ssp585_r1i1p1f1_gn_20550116-20970916_regridded.nc
2026-07-22 15:39:20,282 - WARNING - [storyline.find_cmip6_ua_file] - Excluding overlapping non-standard UA file: ua_Amon_BCC-CSM2-MR_ssp585_r1i1p1f1_gn_20971016-21001216_regridded.nc
2026-07-22 15:39:22,140 - INFO - [storyline.find_cmip6_ua_file] - Selected UA file member 'r1i1p1f2' for CNRM-CM6-1 (ssp585) from available: ['r1i1p1f2']
2026-07-22 15:39:22,140 - INFO - [storyline.find_cmip6_ua_file] - Including non-standard UA file to fill gap: ua_Amon_CNRM-CM6-1_ssp585_r1i1p1f2_gr_20150116-20811116_regridded.nc
2026-07-22 15:39:22,140 - INFO - [storyline.find_cmip6_ua_file] - Including non-standard UA file to fill gap: ua_Amon_CNRM-CM6-1_ssp585_r1i1p1f2_gr_20811216-21001216_regridded.nc
2026-07-22 15:39:22,319 - INFO - [storyline.find_cmip6_ua_file] - Selected UA file member 'r4i1p1f1' for CESM2 (ssp585) from available: ['r4i1p1f1']
2026-07-22 15:39:22,319 - INFO - [storyline.find_cmip6_ua_file] - Including non-standard UA file to fill gap: ua_Amon_CESM2_ssp585_r4i1p1f1_gn_20150115-20540715_regridded.nc
2026-07-22 15:39:22,319 - INFO - [storyline.find_cmip6_ua_file] - Including non-standard UA file to fill gap: ua_Amon_CESM2_ssp585_r4i1p1f1_gn_20540815-20940214_regridded.nc
2026-07-22 15:39:22,320 - INFO - [storyline.find_cmip6_ua_file] - Including non-standard UA file to fill gap: ua_Amon_CESM2_ssp585_r4i1p1f1_gn_20940315-21001215_regridded.nc
2026-07-22 15:39:22,507 - INFO - [storyline.find_cmip6_ua_file] - Selected UA file member 'r1i1p1f1' for KIOST-ESM (ssp585) from available: ['r1i1p1f1']
2026-07-22 15:39:22,931 - INFO - [storyline.find_cmip6_ua_file] - Selected UA file member 'r1i1p1f1' for MPI-ESM1-2-LR (ssp585) from available: ['r1i1p1f1']
2026-07-22 15:39:23,109 - INFO - [storyline.find_cmip6_ua_file] - Selected UA file member 'r1i1p1f1' for ACCESS-ESM1-5 (ssp585) from available: ['r1i1p1f1']
/nas/home/vlw/.mambaenvs/STREAM/lib/python3.10/site-packages/dask/array/core.py:4988: PerformanceWarning: Increasing number of chunks by factor of 38
  result = blockwise(
/nas/home/vlw/.mambaenvs/STREAM/lib/python3.10/site-packages/dask/array/core.py:4988: PerformanceWarning: Increasing number of chunks by factor of 38
  result = blockwise(
/nas/home/vlw/.mambaenvs/STREAM/lib/python3.10/site-packages/dask/array/core.py:4988: PerformanceWarning: Increasing number of chunks by factor of 38
  result = blockwise(
2026-07-22 15:39:23,748 - INFO - [storyline.find_cmip6_ua_file] - Selected UA file member 'r1i1p1f1' for CESM2-WACCM (ssp585) from available: ['r1i1p1f1']
2026-07-22 15:39:23,932 - INFO - [storyline.find_cmip6_ua_file] - Selected UA file member 'r1i1p1f1' for CMCC-ESM2 (ssp585) from available: ['r1i1p1f1']
2026-07-22 15:39:23,933 - WARNING - [storyline.find_cmip6_ua_file] - Excluding overlapping non-standard UA file: ua_Amon_CMCC-ESM2_ssp585_r1i1p1f1_gn_20400116-20790716_regridded.nc
2026-07-22 15:39:23,933 - WARNING - [storyline.find_cmip6_ua_file] - Excluding overlapping non-standard UA file: ua_Amon_CMCC-ESM2_ssp585_r1i1p1f1_gn_20790816-21001216_regridded.nc
2026-07-22 15:39:24,242 - INFO - [storyline.find_cmip6_ua_file] - Selected UA file member 'r1i1p1f3' for HadGEM3-GC31-LL (ssp585) from available: ['r1i1p1f3']
2026-07-22 15:39:24,242 - INFO - [storyline.find_cmip6_ua_file] - Including non-standard UA file to fill gap: ua_Amon_HadGEM3-GC31-LL_ssp585_r1i1p1f3_gn_20150116-20930916_regridded.nc
2026-07-22 15:39:24,242 - INFO - [storyline.find_cmip6_ua_file] - Including non-standard UA file to fill gap: ua_Amon_HadGEM3-GC31-LL_ssp585_r1i1p1f3_gn_20931016-21001216_regridded.nc
2026-07-22 15:39:24,412 - INFO - [storyline.find_cmip6_ua_file] - Selected UA file member 'r1i1p1f1' for KACE-1-0-G (ssp585) from available: ['r1i1p1f1']
2026-07-22 15:39:24,412 - WARNING - [storyline.find_cmip6_ua_file] - Excluding overlapping non-standard UA file: ua_Amon_KACE-1-0-G_ssp585_r1i1p1f1_gr_20150116-20930916_regridded.nc
2026-07-22 15:39:24,412 - WARNING - [storyline.find_cmip6_ua_file] - Excluding overlapping non-standard UA file: ua_Amon_KACE-1-0-G_ssp585_r1i1p1f1_gr_20931016-21001216_regridded.nc
2026-07-22 15:39:24,570 - INFO - [storyline.find_cmip6_ua_file] - Selected UA file member 'r1i1p1f1' for CMCC-CM2-SR5 (ssp585) from available: ['r1i1p1f1']
2026-07-22 15:39:24,570 - WARNING - [storyline.find_cmip6_ua_file] - Excluding overlapping non-standard UA file: ua_Amon_CMCC-CM2-SR5_ssp585_r1i1p1f1_gn_20400116-20790716_regridded.nc
2026-07-22 15:39:24,571 - WARNING - [storyline.find_cmip6_ua_file] - Excluding overlapping non-standard UA file: ua_Amon_CMCC-CM2-SR5_ssp585_r1i1p1f1_gn_20790816-21001216_regridded.nc
2026-07-22 15:39:24,826 - INFO - [storyline.find_cmip6_ua_file] - Selected UA file member 'r1i1p1f1' for E3SM-1-0 (ssp585) from available: ['r1i1p1f1']
2026-07-22 15:39:24,991 - INFO - [storyline.find_cmip6_ua_file] - Selected UA file member 'r1i1p1f1' for IITM-ESM (ssp585) from available: ['r1i1p1f1']
2026-07-22 15:39:24,991 - WARNING - [storyline.find_cmip6_ua_file] - Excluding overlapping non-standard UA file: ua_Amon_IITM-ESM_ssp585_r1i1p1f1_gn_20150116-20991216_regridded.nc
2026-07-22 15:39:24,992 - INFO - [storyline.find_cmip6_ua_file] - Including non-standard UA file to fill gap: ua_Amon_IITM-ESM_ssp585_r1i1p1f1_gn_20250116-20991216_regridded.nc
2026-07-22 15:39:25,541 - INFO - [storyline.find_cmip6_ua_file] - Selected UA file member 'r1i1p1f2' for CNRM-ESM2-1 (ssp585) from available: ['r1i1p1f2']
2026-07-22 15:39:25,541 - INFO - [storyline.find_cmip6_ua_file] - Including non-standard UA file to fill gap: ua_Amon_CNRM-ESM2-1_ssp585_r1i1p1f2_gr_20150116-20811116_regridded.nc
2026-07-22 15:39:25,541 - INFO - [storyline.find_cmip6_ua_file] - Including non-standard UA file to fill gap: ua_Amon_CNRM-ESM2-1_ssp585_r1i1p1f2_gr_20811216-21001216_regridded.nc
2026-07-22 15:39:25,715 - INFO - [storyline.find_cmip6_ua_file] - Selected UA file member 'r1i1p1f1' for CanESM5 (ssp585) from available: ['r1i1p1f1']
2026-07-22 15:39:25,863 - INFO - [storyline.find_cmip6_ua_file] - Selected UA file member 'r1i1p1f1' for EC-Earth3-Veg-LR (ssp585) from available: ['r1i1p1f1']
2026-07-22 15:39:25,863 - WARNING - [storyline.find_cmip6_ua_file] - Excluding overlapping non-standard UA file: ua_Amon_EC-Earth3-Veg-LR_ssp585_r1i1p1f1_gr_20170116-20590916_regridded.nc
2026-07-22 15:39:25,864 - WARNING - [storyline.find_cmip6_ua_file] - Excluding overlapping non-standard UA file: ua_Amon_EC-Earth3-Veg-LR_ssp585_r1i1p1f1_gr_20280116-20831216_regridded.nc
2026-07-22 15:39:25,864 - WARNING - [storyline.find_cmip6_ua_file] - Excluding overlapping non-standard UA file: ua_Amon_EC-Earth3-Veg-LR_ssp585_r1i1p1f1_gr_20591016-21001216_regridded.nc
2026-07-22 15:39:26,906 - INFO - [storyline.find_cmip6_ua_file] - Selected UA file member 'r1i1p1f1' for GFDL-ESM4 (ssp585) from available: ['r1i1p1f1']
2026-07-22 15:39:26,906 - WARNING - [storyline.find_cmip6_ua_file] - Excluding overlapping non-standard UA file: ua_Amon_GFDL-ESM4_ssp585_r1i1p1f1_gr1_20150116-20570316_regridded.nc
2026-07-22 15:39:26,906 - WARNING - [storyline.find_cmip6_ua_file] - Excluding overlapping non-standard UA file: ua_Amon_GFDL-ESM4_ssp585_r1i1p1f1_gr1_20570416-20990616_regridded.nc
2026-07-22 15:39:26,906 - WARNING - [storyline.find_cmip6_ua_file] - Excluding overlapping non-standard UA file: ua_Amon_GFDL-ESM4_ssp585_r1i1p1f1_gr1_20990716-21001216_regridded.nc
2026-07-22 15:39:27,048 - INFO - [storyline.find_cmip6_ua_file] - Selected UA file member 'r1i1p1f2' for MIROC-ES2L (ssp585) from available: ['r1i1p1f2']
2026-07-22 15:39:27,049 - INFO - [storyline.find_cmip6_ua_file] - Including non-standard UA file to fill gap: ua_Amon_MIROC-ES2L_ssp585_r1i1p1f2_gn_20150116-21001216_regridded.nc
2026-07-22 15:39:27,196 - INFO - [storyline.find_cmip6_ua_file] - Selected UA file member 'r1i1p1f1' for MIROC6 (ssp585) from available: ['r1i1p1f1']
2026-07-22 15:39:27,196 - WARNING - [storyline.find_cmip6_ua_file] - Excluding overlapping non-standard UA file: ua_Amon_MIROC6_ssp585_r1i1p1f1_gn_20150116-20811116_regridded.nc
2026-07-22 15:39:27,197 - WARNING - [storyline.find_cmip6_ua_file] - Excluding overlapping non-standard UA file: ua_Amon_MIROC6_ssp585_r1i1p1f1_gn_20811216-21001216_regridded.nc
2026-07-22 15:39:27,518 - INFO - [storyline.find_cmip6_ua_file] - Selected UA file member 'r1i1p1f1' for MRI-ESM2-0 (ssp585) from available: ['r1i1p1f1']
2026-07-22 15:39:27,664 - INFO - [storyline.find_cmip6_ua_historical_file] - Selected historical UA member 'r1i1p1f1' for BCC-CSM2-MR from available: ['r1i1p1f1']
2026-07-22 15:39:28,677 - INFO - [storyline.find_cmip6_ua_historical_file] - Selected historical UA member 'r1i1p1f2' for CNRM-CM6-1 from available: ['r1i1p1f2']
2026-07-22 15:39:28,677 - INFO - [storyline.find_cmip6_ua_historical_file] - Including non-standard historical UA file to fill gap: ua_Amon_CNRM-CM6-1_historical_r1i1p1f2_gr_18500116-19161116_regridded.nc
2026-07-22 15:39:28,677 - INFO - [storyline.find_cmip6_ua_historical_file] - Including non-standard historical UA file to fill gap: ua_Amon_CNRM-CM6-1_historical_r1i1p1f2_gr_19161216-19831016_regridded.nc
2026-07-22 15:39:28,678 - INFO - [storyline.find_cmip6_ua_historical_file] - Including non-standard historical UA file to fill gap: ua_Amon_CNRM-CM6-1_historical_r1i1p1f2_gr_19831116-20141216_regridded.nc
2026-07-22 15:39:28,945 - INFO - [storyline.find_cmip6_ua_historical_file] - Selected historical UA member 'r1i1p1f1' for CESM2 from available: ['r1i1p1f1']
2026-07-22 15:39:29,162 - INFO - [storyline.find_cmip6_ua_historical_file] - Selected historical UA member 'r1i1p1f1' for KIOST-ESM from available: ['r1i1p1f1']
2026-07-22 15:39:29,387 - INFO - [storyline.find_cmip6_ua_historical_file] - Selected historical UA member 'r1i1p1f1' for MPI-ESM1-2-LR from available: ['r1i1p1f1']
2026-07-22 15:39:29,698 - INFO - [storyline.find_cmip6_ua_historical_file] - Selected historical UA member 'r1i1p1f1' for ACCESS-ESM1-5 from available: ['r1i1p1f1']
2026-07-22 15:39:29,935 - INFO - [storyline.find_cmip6_ua_historical_file] - Selected historical UA member 'r1i1p1f1' for CESM2-WACCM from available: ['r1i1p1f1']
2026-07-22 15:39:29,935 - INFO - [storyline.find_cmip6_ua_historical_file] - Including non-standard historical UA file to fill gap: ua_Amon_CESM2-WACCM_historical_r1i1p1f1_gn_18500115-18890715_regridded.nc
2026-07-22 15:39:29,936 - INFO - [storyline.find_cmip6_ua_historical_file] - Including non-standard historical UA file to fill gap: ua_Amon_CESM2-WACCM_historical_r1i1p1f1_gn_18890815-19290214_regridded.nc
2026-07-22 15:39:29,936 - INFO - [storyline.find_cmip6_ua_historical_file] - Including non-standard historical UA file to fill gap: ua_Amon_CESM2-WACCM_historical_r1i1p1f1_gn_19290315-19680915_regridded.nc
2026-07-22 15:39:29,936 - INFO - [storyline.find_cmip6_ua_historical_file] - Including non-standard historical UA file to fill gap: ua_Amon_CESM2-WACCM_historical_r1i1p1f1_gn_19681015-20080415_regridded.nc
2026-07-22 15:39:29,936 - INFO - [storyline.find_cmip6_ua_historical_file] - Including non-standard historical UA file to fill gap: ua_Amon_CESM2-WACCM_historical_r1i1p1f1_gn_20080515-20141215_regridded.nc
2026-07-22 15:39:30,100 - INFO - [storyline.find_cmip6_ua_historical_file] - Selected historical UA member 'r1i1p1f1' for CMCC-ESM2 from available: ['r1i1p1f1']
2026-07-22 15:39:30,100 - WARNING - [storyline.find_cmip6_ua_historical_file] - Excluding overlapping non-standard historical UA file: ua_Amon_CMCC-ESM2_historical_r1i1p1f1_gn_18500116-18890716_regridded.nc
2026-07-22 15:39:30,100 - WARNING - [storyline.find_cmip6_ua_historical_file] - Excluding overlapping non-standard historical UA file: ua_Amon_CMCC-ESM2_historical_r1i1p1f1_gn_18890816-18991216_regridded.nc
2026-07-22 15:39:30,351 - INFO - [storyline.find_cmip6_ua_historical_file] - Selected historical UA member 'r1i1p1f3' for HadGEM3-GC31-LL from available: ['r1i1p1f3']
2026-07-22 15:39:30,352 - INFO - [storyline.find_cmip6_ua_historical_file] - Including non-standard historical UA file to fill gap: ua_Amon_HadGEM3-GC31-LL_historical_r1i1p1f3_gn_18500116-19280916_regridded.nc
2026-07-22 15:39:30,352 - INFO - [storyline.find_cmip6_ua_historical_file] - Including non-standard historical UA file to fill gap: ua_Amon_HadGEM3-GC31-LL_historical_r1i1p1f3_gn_19281016-20070616_regridded.nc
2026-07-22 15:39:30,352 - INFO - [storyline.find_cmip6_ua_historical_file] - Including non-standard historical UA file to fill gap: ua_Amon_HadGEM3-GC31-LL_historical_r1i1p1f3_gn_20070716-20141216_regridded.nc
2026-07-22 15:39:30,610 - INFO - [storyline.find_cmip6_ua_historical_file] - Selected historical UA member 'r1i1p1f1' for KACE-1-0-G from available: ['r1i1p1f1']
2026-07-22 15:39:30,841 - INFO - [storyline.find_cmip6_ua_historical_file] - Selected historical UA member 'r1i1p1f1' for CMCC-CM2-SR5 from available: ['r1i1p1f1']
2026-07-22 15:39:30,841 - WARNING - [storyline.find_cmip6_ua_historical_file] - Excluding overlapping non-standard historical UA file: ua_Amon_CMCC-CM2-SR5_historical_r1i1p1f1_gn_19500116-19741216_regridded.nc
2026-07-22 15:39:31,120 - INFO - [storyline.find_cmip6_ua_historical_file] - Selected historical UA member 'r1i1p1f1' for E3SM-1-0 from available: ['r1i1p1f1']
2026-07-22 15:39:31,120 - WARNING - [storyline.find_cmip6_ua_historical_file] - Excluding overlapping non-standard historical UA file: ua_Amon_E3SM-1-0_historical_r1i1p1f1_gr_19000116-19331016_regridded.nc
2026-07-22 15:39:31,121 - WARNING - [storyline.find_cmip6_ua_historical_file] - Excluding overlapping non-standard historical UA file: ua_Amon_E3SM-1-0_historical_r1i1p1f1_gr_19331116-19670816_regridded.nc
2026-07-22 15:39:31,121 - WARNING - [storyline.find_cmip6_ua_historical_file] - Excluding overlapping non-standard historical UA file: ua_Amon_E3SM-1-0_historical_r1i1p1f1_gr_19670916-20010616_regridded.nc
2026-07-22 15:39:31,121 - WARNING - [storyline.find_cmip6_ua_historical_file] - Excluding overlapping non-standard historical UA file: ua_Amon_E3SM-1-0_historical_r1i1p1f1_gr_20010716-20141216_regridded.nc
2026-07-22 15:39:31,403 - INFO - [storyline.find_cmip6_ua_historical_file] - Selected historical UA member 'r1i1p1f1' for IITM-ESM from available: ['r1i1p1f1']
2026-07-22 15:39:31,757 - INFO - [storyline.find_cmip6_ua_historical_file] - Selected historical UA member 'r1i1p1f2' for CNRM-ESM2-1 from available: ['r1i1p1f2']
2026-07-22 15:39:31,758 - INFO - [storyline.find_cmip6_ua_historical_file] - Including non-standard historical UA file to fill gap: ua_Amon_CNRM-ESM2-1_historical_r1i1p1f2_gr_18500116-19161116_regridded.nc
2026-07-22 15:39:31,758 - INFO - [storyline.find_cmip6_ua_historical_file] - Including non-standard historical UA file to fill gap: ua_Amon_CNRM-ESM2-1_historical_r1i1p1f2_gr_19161216-19831016_regridded.nc
2026-07-22 15:39:31,758 - INFO - [storyline.find_cmip6_ua_historical_file] - Including non-standard historical UA file to fill gap: ua_Amon_CNRM-ESM2-1_historical_r1i1p1f2_gr_19831116-20141216_regridded.nc
2026-07-22 15:39:32,012 - INFO - [storyline.find_cmip6_ua_historical_file] - Selected historical UA member 'r1i1p1f1' for CanESM5 from available: ['r1i1p1f1']
2026-07-22 15:39:32,232 - INFO - [storyline.find_cmip6_ua_historical_file] - Selected historical UA member 'r1i1p1f1' for EC-Earth3-Veg-LR from available: ['r1i1p1f1']
2026-07-22 15:39:32,232 - WARNING - [storyline.find_cmip6_ua_historical_file] - Excluding overlapping non-standard historical UA file: ua_Amon_EC-Earth3-Veg-LR_historical_r1i1p1f1_gr_18500116-18920916_regridded.nc
2026-07-22 15:39:32,232 - WARNING - [storyline.find_cmip6_ua_historical_file] - Excluding overlapping non-standard historical UA file: ua_Amon_EC-Earth3-Veg-LR_historical_r1i1p1f1_gr_18921016-19350616_regridded.nc
2026-07-22 15:39:32,233 - WARNING - [storyline.find_cmip6_ua_historical_file] - Excluding overlapping non-standard historical UA file: ua_Amon_EC-Earth3-Veg-LR_historical_r1i1p1f1_gr_19350716-19780316_regridded.nc
2026-07-22 15:39:32,233 - WARNING - [storyline.find_cmip6_ua_historical_file] - Excluding overlapping non-standard historical UA file: ua_Amon_EC-Earth3-Veg-LR_historical_r1i1p1f1_gr_19780416-20141216_regridded.nc
2026-07-22 15:39:33,997 - INFO - [storyline.find_cmip6_ua_historical_file] - Selected historical UA member 'r1i1p1f1' for GFDL-ESM4 from available: ['r1i1p1f1']
2026-07-22 15:39:34,211 - INFO - [storyline.find_cmip6_ua_historical_file] - Selected historical UA member 'r1i1p1f2' for MIROC-ES2L from available: ['r1i1p1f2']
2026-07-22 15:39:34,211 - INFO - [storyline.find_cmip6_ua_historical_file] - Including non-standard historical UA file to fill gap: ua_Amon_MIROC-ES2L_historical_r1i1p1f2_gn_18500116-20141216_regridded.nc
2026-07-22 15:39:34,437 - INFO - [storyline.find_cmip6_ua_historical_file] - Selected historical UA member 'r1i1p1f1' for MIROC6 from available: ['r1i1p1f1']
2026-07-22 15:39:34,809 - INFO - [storyline.find_cmip6_ua_historical_file] - Selected historical UA member 'r1i1p1f1' for MRI-ESM2-0 from available: ['r1i1p1f1']
2026-07-22 15:39:34,809 - INFO - [storyline.find_cmip6_ua_historical_file] - Including non-standard historical UA file to fill gap: ua_Amon_MRI-ESM2-0_historical_r1i1p1f1_gn_18500116-18920916_regridded.nc
2026-07-22 15:39:34,809 - INFO - [storyline.find_cmip6_ua_historical_file] - Including non-standard historical UA file to fill gap: ua_Amon_MRI-ESM2-0_historical_r1i1p1f1_gn_18921016-19350616_regridded.nc
2026-07-22 15:39:34,810 - INFO - [storyline.find_cmip6_ua_historical_file] - Including non-standard historical UA file to fill gap: ua_Amon_MRI-ESM2-0_historical_r1i1p1f1_gn_19350716-19780316_regridded.nc
2026-07-22 15:39:34,810 - INFO - [storyline.find_cmip6_ua_historical_file] - Including non-standard historical UA file to fill gap: ua_Amon_MRI-ESM2-0_historical_r1i1p1f1_gn_19780416-20141216_regridded.nc
2026-07-22 15:39:35,623 - INFO - [main.run_full_analysis] - UA composite plot for GWL 3.0, Summer already exists and data not needed.
2026-07-22 15:39:35,623 - INFO - [storyline.calculate_ua_composites_for_extremes] - Calculating UA composites for event '30Q10_low' at GWL +3.0°C, Season=Summer...
2026-07-22 15:39:35,666 - INFO - [storyline.calculate_ua_composites_for_extremes] -   UA Extreme Models (N=10): ['KACE-1-0-G_ssp585', 'BCC-CSM2-MR_ssp585', 'CNRM-CM6-1_ssp585', 'CESM2_ssp585', 'CMCC-ESM2_ssp585', 'MPI-ESM1-2-LR_ssp585', 'INM-CM5-0_ssp585', 'KIOST-ESM_ssp585', 'MPI-ESM1-2-HR_ssp585', 'ACCESS-ESM1-5_ssp585']
2026-07-22 15:39:35,666 - INFO - [storyline.calculate_ua_composites_for_extremes] -   UA Non-Extreme Models (N=10): ['EC-Earth3-Veg-LR_ssp585', 'GFDL-ESM4_ssp585', 'HadGEM3-GC31-LL_ssp585', 'IPSL-CM6A-LR_ssp585', 'CNRM-ESM2-1_ssp585', 'CanESM5_ssp585', 'EC-Earth3_ssp585', 'IITM-ESM_ssp585', 'MIROC-ES2L_ssp585', 'MRI-ESM2-0_ssp585']
2026-07-22 15:39:35,667 - INFO - [storyline.find_cmip6_ua_file] - Selected UA file member 'r1i1p1f1' for KACE-1-0-G (ssp585) from available: ['r1i1p1f1']
2026-07-22 15:39:35,667 - WARNING - [storyline.find_cmip6_ua_file] - Excluding overlapping non-standard UA file: ua_Amon_KACE-1-0-G_ssp585_r1i1p1f1_gr_20150116-20930916_regridded.nc
2026-07-22 15:39:35,667 - WARNING - [storyline.find_cmip6_ua_file] - Excluding overlapping non-standard UA file: ua_Amon_KACE-1-0-G_ssp585_r1i1p1f1_gr_20931016-21001216_regridded.nc
2026-07-22 15:39:35,799 - INFO - [storyline.find_cmip6_ua_file] - Selected UA file member 'r1i1p1f1' for BCC-CSM2-MR (ssp585) from available: ['r1i1p1f1']
2026-07-22 15:39:35,799 - WARNING - [storyline.find_cmip6_ua_file] - Excluding overlapping non-standard UA file: ua_Amon_BCC-CSM2-MR_ssp585_r1i1p1f1_gn_20550116-20970916_regridded.nc
2026-07-22 15:39:35,799 - WARNING - [storyline.find_cmip6_ua_file] - Excluding overlapping non-standard UA file: ua_Amon_BCC-CSM2-MR_ssp585_r1i1p1f1_gn_20971016-21001216_regridded.nc
2026-07-22 15:39:36,249 - INFO - [storyline.find_cmip6_ua_file] - Selected UA file member 'r1i1p1f2' for CNRM-CM6-1 (ssp585) from available: ['r1i1p1f2']
2026-07-22 15:39:36,249 - INFO - [storyline.find_cmip6_ua_file] - Including non-standard UA file to fill gap: ua_Amon_CNRM-CM6-1_ssp585_r1i1p1f2_gr_20150116-20811116_regridded.nc
2026-07-22 15:39:36,249 - INFO - [storyline.find_cmip6_ua_file] - Including non-standard UA file to fill gap: ua_Amon_CNRM-CM6-1_ssp585_r1i1p1f2_gr_20811216-21001216_regridded.nc
2026-07-22 15:39:36,432 - INFO - [storyline.find_cmip6_ua_file] - Selected UA file member 'r4i1p1f1' for CESM2 (ssp585) from available: ['r4i1p1f1']
2026-07-22 15:39:36,432 - INFO - [storyline.find_cmip6_ua_file] - Including non-standard UA file to fill gap: ua_Amon_CESM2_ssp585_r4i1p1f1_gn_20150115-20540715_regridded.nc
2026-07-22 15:39:36,432 - INFO - [storyline.find_cmip6_ua_file] - Including non-standard UA file to fill gap: ua_Amon_CESM2_ssp585_r4i1p1f1_gn_20540815-20940214_regridded.nc
2026-07-22 15:39:36,433 - INFO - [storyline.find_cmip6_ua_file] - Including non-standard UA file to fill gap: ua_Amon_CESM2_ssp585_r4i1p1f1_gn_20940315-21001215_regridded.nc
2026-07-22 15:39:36,618 - INFO - [storyline.find_cmip6_ua_file] - Selected UA file member 'r1i1p1f1' for CMCC-ESM2 (ssp585) from available: ['r1i1p1f1']
2026-07-22 15:39:36,618 - WARNING - [storyline.find_cmip6_ua_file] - Excluding overlapping non-standard UA file: ua_Amon_CMCC-ESM2_ssp585_r1i1p1f1_gn_20400116-20790716_regridded.nc
2026-07-22 15:39:36,618 - WARNING - [storyline.find_cmip6_ua_file] - Excluding overlapping non-standard UA file: ua_Amon_CMCC-ESM2_ssp585_r1i1p1f1_gn_20790816-21001216_regridded.nc
2026-07-22 15:39:36,806 - INFO - [storyline.find_cmip6_ua_file] - Selected UA file member 'r1i1p1f1' for MPI-ESM1-2-LR (ssp585) from available: ['r1i1p1f1']
2026-07-22 15:39:36,998 - INFO - [storyline.find_cmip6_ua_file] - Selected UA file member 'r1i1p1f1' for INM-CM5-0 (ssp585) from available: ['r1i1p1f1']
2026-07-22 15:39:37,223 - INFO - [storyline.find_cmip6_ua_file] - Selected UA file member 'r1i1p1f1' for KIOST-ESM (ssp585) from available: ['r1i1p1f1']
2026-07-22 15:39:37,367 - INFO - [storyline.find_cmip6_ua_file] - Selected UA file member 'r1i1p1f1' for MPI-ESM1-2-HR (ssp585) from available: ['r1i1p1f1']
2026-07-22 15:39:37,654 - INFO - [storyline.find_cmip6_ua_file] - Selected UA file member 'r1i1p1f1' for ACCESS-ESM1-5 (ssp585) from available: ['r1i1p1f1']
/nas/home/vlw/.mambaenvs/STREAM/lib/python3.10/site-packages/dask/array/core.py:4988: PerformanceWarning: Increasing number of chunks by factor of 38
  result = blockwise(
/nas/home/vlw/.mambaenvs/STREAM/lib/python3.10/site-packages/dask/array/core.py:4988: PerformanceWarning: Increasing number of chunks by factor of 38
  result = blockwise(
/nas/home/vlw/.mambaenvs/STREAM/lib/python3.10/site-packages/dask/array/core.py:4988: PerformanceWarning: Increasing number of chunks by factor of 38
  result = blockwise(
2026-07-22 15:39:37,970 - INFO - [storyline.find_cmip6_ua_file] - Selected UA file member 'r1i1p1f1' for EC-Earth3-Veg-LR (ssp585) from available: ['r1i1p1f1']
2026-07-22 15:39:37,971 - WARNING - [storyline.find_cmip6_ua_file] - Excluding overlapping non-standard UA file: ua_Amon_EC-Earth3-Veg-LR_ssp585_r1i1p1f1_gr_20170116-20590916_regridded.nc
2026-07-22 15:39:37,971 - WARNING - [storyline.find_cmip6_ua_file] - Excluding overlapping non-standard UA file: ua_Amon_EC-Earth3-Veg-LR_ssp585_r1i1p1f1_gr_20280116-20831216_regridded.nc
2026-07-22 15:39:37,971 - WARNING - [storyline.find_cmip6_ua_file] - Excluding overlapping non-standard UA file: ua_Amon_EC-Earth3-Veg-LR_ssp585_r1i1p1f1_gr_20591016-21001216_regridded.nc
2026-07-22 15:39:39,022 - INFO - [storyline.find_cmip6_ua_file] - Selected UA file member 'r1i1p1f1' for GFDL-ESM4 (ssp585) from available: ['r1i1p1f1']
2026-07-22 15:39:39,022 - WARNING - [storyline.find_cmip6_ua_file] - Excluding overlapping non-standard UA file: ua_Amon_GFDL-ESM4_ssp585_r1i1p1f1_gr1_20150116-20570316_regridded.nc
2026-07-22 15:39:39,022 - WARNING - [storyline.find_cmip6_ua_file] - Excluding overlapping non-standard UA file: ua_Amon_GFDL-ESM4_ssp585_r1i1p1f1_gr1_20570416-20990616_regridded.nc
2026-07-22 15:39:39,022 - WARNING - [storyline.find_cmip6_ua_file] - Excluding overlapping non-standard UA file: ua_Amon_GFDL-ESM4_ssp585_r1i1p1f1_gr1_20990716-21001216_regridded.nc
2026-07-22 15:39:39,148 - INFO - [storyline.find_cmip6_ua_file] - Selected UA file member 'r1i1p1f3' for HadGEM3-GC31-LL (ssp585) from available: ['r1i1p1f3']
2026-07-22 15:39:39,148 - INFO - [storyline.find_cmip6_ua_file] - Including non-standard UA file to fill gap: ua_Amon_HadGEM3-GC31-LL_ssp585_r1i1p1f3_gn_20150116-20930916_regridded.nc
2026-07-22 15:39:39,148 - INFO - [storyline.find_cmip6_ua_file] - Including non-standard UA file to fill gap: ua_Amon_HadGEM3-GC31-LL_ssp585_r1i1p1f3_gn_20931016-21001216_regridded.nc
2026-07-22 15:39:39,304 - INFO - [storyline.find_cmip6_ua_file] - Selected UA file member 'r1i1p1f1' for IPSL-CM6A-LR (ssp585) from available: ['r1i1p1f1']
2026-07-22 15:39:39,478 - INFO - [storyline.find_cmip6_ua_file] - Selected UA file member 'r1i1p1f2' for CNRM-ESM2-1 (ssp585) from available: ['r1i1p1f2']
2026-07-22 15:39:39,479 - INFO - [storyline.find_cmip6_ua_file] - Including non-standard UA file to fill gap: ua_Amon_CNRM-ESM2-1_ssp585_r1i1p1f2_gr_20150116-20811116_regridded.nc
2026-07-22 15:39:39,479 - INFO - [storyline.find_cmip6_ua_file] - Including non-standard UA file to fill gap: ua_Amon_CNRM-ESM2-1_ssp585_r1i1p1f2_gr_20811216-21001216_regridded.nc
2026-07-22 15:39:39,641 - INFO - [storyline.find_cmip6_ua_file] - Selected UA file member 'r1i1p1f1' for CanESM5 (ssp585) from available: ['r1i1p1f1']
2026-07-22 15:39:39,785 - INFO - [storyline.find_cmip6_ua_file] - Selected UA file member 'r1i1p1f1' for EC-Earth3 (ssp585) from available: ['r1i1p1f1']
2026-07-22 15:39:40,559 - INFO - [storyline.find_cmip6_ua_file] - Selected UA file member 'r1i1p1f1' for IITM-ESM (ssp585) from available: ['r1i1p1f1']
2026-07-22 15:39:40,559 - WARNING - [storyline.find_cmip6_ua_file] - Excluding overlapping non-standard UA file: ua_Amon_IITM-ESM_ssp585_r1i1p1f1_gn_20150116-20991216_regridded.nc
2026-07-22 15:39:40,559 - INFO - [storyline.find_cmip6_ua_file] - Including non-standard UA file to fill gap: ua_Amon_IITM-ESM_ssp585_r1i1p1f1_gn_20250116-20991216_regridded.nc
2026-07-22 15:39:40,691 - INFO - [storyline.find_cmip6_ua_file] - Selected UA file member 'r1i1p1f2' for MIROC-ES2L (ssp585) from available: ['r1i1p1f2']
2026-07-22 15:39:40,691 - INFO - [storyline.find_cmip6_ua_file] - Including non-standard UA file to fill gap: ua_Amon_MIROC-ES2L_ssp585_r1i1p1f2_gn_20150116-21001216_regridded.nc
2026-07-22 15:39:40,835 - INFO - [storyline.find_cmip6_ua_file] - Selected UA file member 'r1i1p1f1' for MRI-ESM2-0 (ssp585) from available: ['r1i1p1f1']
2026-07-22 15:39:41,007 - INFO - [storyline.find_cmip6_ua_historical_file] - Selected historical UA member 'r1i1p1f1' for KACE-1-0-G from available: ['r1i1p1f1']
2026-07-22 15:39:41,216 - INFO - [storyline.find_cmip6_ua_historical_file] - Selected historical UA member 'r1i1p1f1' for BCC-CSM2-MR from available: ['r1i1p1f1']
2026-07-22 15:39:41,953 - INFO - [storyline.find_cmip6_ua_historical_file] - Selected historical UA member 'r1i1p1f2' for CNRM-CM6-1 from available: ['r1i1p1f2']
2026-07-22 15:39:41,953 - INFO - [storyline.find_cmip6_ua_historical_file] - Including non-standard historical UA file to fill gap: ua_Amon_CNRM-CM6-1_historical_r1i1p1f2_gr_18500116-19161116_regridded.nc
2026-07-22 15:39:41,953 - INFO - [storyline.find_cmip6_ua_historical_file] - Including non-standard historical UA file to fill gap: ua_Amon_CNRM-CM6-1_historical_r1i1p1f2_gr_19161216-19831016_regridded.nc
2026-07-22 15:39:41,953 - INFO - [storyline.find_cmip6_ua_historical_file] - Including non-standard historical UA file to fill gap: ua_Amon_CNRM-CM6-1_historical_r1i1p1f2_gr_19831116-20141216_regridded.nc
2026-07-22 15:39:42,206 - INFO - [storyline.find_cmip6_ua_historical_file] - Selected historical UA member 'r1i1p1f1' for CESM2 from available: ['r1i1p1f1']
2026-07-22 15:39:42,413 - INFO - [storyline.find_cmip6_ua_historical_file] - Selected historical UA member 'r1i1p1f1' for CMCC-ESM2 from available: ['r1i1p1f1']
2026-07-22 15:39:42,413 - WARNING - [storyline.find_cmip6_ua_historical_file] - Excluding overlapping non-standard historical UA file: ua_Amon_CMCC-ESM2_historical_r1i1p1f1_gn_18500116-18890716_regridded.nc
2026-07-22 15:39:42,414 - WARNING - [storyline.find_cmip6_ua_historical_file] - Excluding overlapping non-standard historical UA file: ua_Amon_CMCC-ESM2_historical_r1i1p1f1_gn_18890816-18991216_regridded.nc
2026-07-22 15:39:42,743 - INFO - [storyline.find_cmip6_ua_historical_file] - Selected historical UA member 'r1i1p1f1' for MPI-ESM1-2-LR from available: ['r1i1p1f1']
2026-07-22 15:39:43,046 - INFO - [storyline.find_cmip6_ua_historical_file] - Selected historical UA member 'r1i1p1f1' for INM-CM5-0 from available: ['r1i1p1f1']
2026-07-22 15:39:43,046 - WARNING - [storyline.find_cmip6_ua_historical_file] - Excluding overlapping non-standard historical UA file: ua_Amon_INM-CM5-0_historical_r1i1p1f1_gr1_19000116-19491216_regridded.nc
2026-07-22 15:39:43,411 - INFO - [storyline.find_cmip6_ua_historical_file] - Selected historical UA member 'r1i1p1f1' for KIOST-ESM from available: ['r1i1p1f1']
2026-07-22 15:39:43,621 - INFO - [storyline.find_cmip6_ua_historical_file] - Selected historical UA member 'r1i1p1f1' for MPI-ESM1-2-HR from available: ['r1i1p1f1']
2026-07-22 15:39:43,621 - WARNING - [storyline.find_cmip6_ua_historical_file] - Excluding overlapping non-standard historical UA file: ua_Amon_MPI-ESM1-2-HR_historical_r1i1p1f1_gn_18500116-18790816_regridded.nc
2026-07-22 15:39:43,621 - WARNING - [storyline.find_cmip6_ua_historical_file] - Excluding overlapping non-standard historical UA file: ua_Amon_MPI-ESM1-2-HR_historical_r1i1p1f1_gn_18790916-19090416_regridded.nc
2026-07-22 15:39:43,621 - WARNING - [storyline.find_cmip6_ua_historical_file] - Excluding overlapping non-standard historical UA file: ua_Amon_MPI-ESM1-2-HR_historical_r1i1p1f1_gn_19090516-19381216_regridded.nc
2026-07-22 15:39:43,622 - WARNING - [storyline.find_cmip6_ua_historical_file] - Excluding overlapping non-standard historical UA file: ua_Amon_MPI-ESM1-2-HR_historical_r1i1p1f1_gn_19390116-19680816_regridded.nc
2026-07-22 15:39:43,622 - WARNING - [storyline.find_cmip6_ua_historical_file] - Excluding overlapping non-standard historical UA file: ua_Amon_MPI-ESM1-2-HR_historical_r1i1p1f1_gn_19680916-19980416_regridded.nc
2026-07-22 15:39:43,622 - WARNING - [storyline.find_cmip6_ua_historical_file] - Excluding overlapping non-standard historical UA file: ua_Amon_MPI-ESM1-2-HR_historical_r1i1p1f1_gn_19980516-20141216_regridded.nc
2026-07-22 15:39:44,114 - INFO - [storyline.find_cmip6_ua_historical_file] - Selected historical UA member 'r1i1p1f1' for ACCESS-ESM1-5 from available: ['r1i1p1f1']
2026-07-22 15:39:44,648 - INFO - [storyline.find_cmip6_ua_historical_file] - Selected historical UA member 'r1i1p1f1' for EC-Earth3-Veg-LR from available: ['r1i1p1f1']
2026-07-22 15:39:44,649 - WARNING - [storyline.find_cmip6_ua_historical_file] - Excluding overlapping non-standard historical UA file: ua_Amon_EC-Earth3-Veg-LR_historical_r1i1p1f1_gr_18500116-18920916_regridded.nc
2026-07-22 15:39:44,649 - WARNING - [storyline.find_cmip6_ua_historical_file] - Excluding overlapping non-standard historical UA file: ua_Amon_EC-Earth3-Veg-LR_historical_r1i1p1f1_gr_18921016-19350616_regridded.nc
2026-07-22 15:39:44,649 - WARNING - [storyline.find_cmip6_ua_historical_file] - Excluding overlapping non-standard historical UA file: ua_Amon_EC-Earth3-Veg-LR_historical_r1i1p1f1_gr_19350716-19780316_regridded.nc
2026-07-22 15:39:44,649 - WARNING - [storyline.find_cmip6_ua_historical_file] - Excluding overlapping non-standard historical UA file: ua_Amon_EC-Earth3-Veg-LR_historical_r1i1p1f1_gr_19780416-20141216_regridded.nc
2026-07-22 15:39:46,087 - INFO - [storyline.find_cmip6_ua_historical_file] - Selected historical UA member 'r1i1p1f1' for GFDL-ESM4 from available: ['r1i1p1f1']
2026-07-22 15:39:46,307 - INFO - [storyline.find_cmip6_ua_historical_file] - Selected historical UA member 'r1i1p1f3' for HadGEM3-GC31-LL from available: ['r1i1p1f3']
2026-07-22 15:39:46,307 - INFO - [storyline.find_cmip6_ua_historical_file] - Including non-standard historical UA file to fill gap: ua_Amon_HadGEM3-GC31-LL_historical_r1i1p1f3_gn_18500116-19280916_regridded.nc
2026-07-22 15:39:46,307 - INFO - [storyline.find_cmip6_ua_historical_file] - Including non-standard historical UA file to fill gap: ua_Amon_HadGEM3-GC31-LL_historical_r1i1p1f3_gn_19281016-20070616_regridded.nc
2026-07-22 15:39:46,308 - INFO - [storyline.find_cmip6_ua_historical_file] - Including non-standard historical UA file to fill gap: ua_Amon_HadGEM3-GC31-LL_historical_r1i1p1f3_gn_20070716-20141216_regridded.nc
2026-07-22 15:39:46,573 - INFO - [storyline.find_cmip6_ua_historical_file] - Selected historical UA member 'r1i1p1f1' for IPSL-CM6A-LR from available: ['r1i1p1f1']
2026-07-22 15:39:46,793 - INFO - [storyline.find_cmip6_ua_historical_file] - Selected historical UA member 'r1i1p1f2' for CNRM-ESM2-1 from available: ['r1i1p1f2']
2026-07-22 15:39:46,793 - INFO - [storyline.find_cmip6_ua_historical_file] - Including non-standard historical UA file to fill gap: ua_Amon_CNRM-ESM2-1_historical_r1i1p1f2_gr_18500116-19161116_regridded.nc
2026-07-22 15:39:46,793 - INFO - [storyline.find_cmip6_ua_historical_file] - Including non-standard historical UA file to fill gap: ua_Amon_CNRM-ESM2-1_historical_r1i1p1f2_gr_19161216-19831016_regridded.nc
2026-07-22 15:39:46,794 - INFO - [storyline.find_cmip6_ua_historical_file] - Including non-standard historical UA file to fill gap: ua_Amon_CNRM-ESM2-1_historical_r1i1p1f2_gr_19831116-20141216_regridded.nc
2026-07-22 15:39:47,049 - INFO - [storyline.find_cmip6_ua_historical_file] - Selected historical UA member 'r1i1p1f1' for CanESM5 from available: ['r1i1p1f1']
2026-07-22 15:39:47,271 - INFO - [storyline.find_cmip6_ua_historical_file] - Selected historical UA member 'r1i1p1f1' for EC-Earth3 from available: ['r1i1p1f1']
2026-07-22 15:39:48,688 - INFO - [storyline.find_cmip6_ua_historical_file] - Selected historical UA member 'r1i1p1f1' for IITM-ESM from available: ['r1i1p1f1']
2026-07-22 15:39:49,014 - INFO - [storyline.find_cmip6_ua_historical_file] - Selected historical UA member 'r1i1p1f2' for MIROC-ES2L from available: ['r1i1p1f2']
2026-07-22 15:39:49,015 - INFO - [storyline.find_cmip6_ua_historical_file] - Including non-standard historical UA file to fill gap: ua_Amon_MIROC-ES2L_historical_r1i1p1f2_gn_18500116-20141216_regridded.nc
2026-07-22 15:39:49,519 - INFO - [storyline.find_cmip6_ua_historical_file] - Selected historical UA member 'r1i1p1f1' for MRI-ESM2-0 from available: ['r1i1p1f1']
2026-07-22 15:39:49,520 - INFO - [storyline.find_cmip6_ua_historical_file] - Including non-standard historical UA file to fill gap: ua_Amon_MRI-ESM2-0_historical_r1i1p1f1_gn_18500116-18920916_regridded.nc
2026-07-22 15:39:49,520 - INFO - [storyline.find_cmip6_ua_historical_file] - Including non-standard historical UA file to fill gap: ua_Amon_MRI-ESM2-0_historical_r1i1p1f1_gn_18921016-19350616_regridded.nc
2026-07-22 15:39:49,520 - INFO - [storyline.find_cmip6_ua_historical_file] - Including non-standard historical UA file to fill gap: ua_Amon_MRI-ESM2-0_historical_r1i1p1f1_gn_19350716-19780316_regridded.nc
2026-07-22 15:39:49,520 - INFO - [storyline.find_cmip6_ua_historical_file] - Including non-standard historical UA file to fill gap: ua_Amon_MRI-ESM2-0_historical_r1i1p1f1_gn_19780416-20141216_regridded.nc
2026-07-22 15:39:50,345 - INFO - [main.run_full_analysis] - Combined UA diff plot for GWL 2.0 already exists.
2026-07-22 15:39:50,345 - INFO - [main.run_full_analysis] - Final figure 3 for GWL 2.0 already exists.
2026-07-22 15:39:50,346 - INFO - [main.run_full_analysis] - Combined UA diff plot for GWL 3.0 already exists.
2026-07-22 15:39:50,346 - INFO - [main.run_full_analysis] - Final figure 3 for GWL 3.0 already exists.
2026-07-22 15:39:50,346 - INFO - [main.run_full_analysis] - TAS composite plot for GWL 2.0, Winter already exists.
2026-07-22 15:39:50,347 - INFO - [main.run_full_analysis] - TAS composite plot for GWL 2.0, Summer already exists.
2026-07-22 15:39:50,347 - INFO - [main.run_full_analysis] - TAS composite plot for GWL 3.0, Winter already exists.
2026-07-22 15:39:50,348 - INFO - [main.run_full_analysis] - TAS composite plot for GWL 3.0, Summer already exists.
2026-07-22 15:39:50,348 - INFO - [main.run_full_analysis] - Plot '/nas/home/vlw/Desktop/STREAM/paper1-plots/storyline_impacts_summary_4x2_boxplots_ssp585.png' already exists.
2026-07-22 15:39:50,348 - INFO - [storyline.calculate_storyline_impacts] - 
--- Calculating Final Storyline Impacts (by averaging classified models) ---
2026-07-22 15:39:50,348 - INFO - [storyline.calculate_storyline_impacts] - 
  Processing Impacts for GWL +2.0°C...
2026-07-22 15:39:50,350 - INFO - [storyline.calculate_storyline_impacts] - 
  Processing Impacts for GWL +3.0°C...
2026-07-22 15:39:50,351 - INFO - [visualization.plot_mechanism_drivers_panel] - Plotting Figure 5 (Mechanism Drivers Panel) with Boxplots (Horizontal) for ssp585...
/nas/home/vlw/Desktop/STREAM/Code/paper1-project/visualization.py:4558: UserWarning: set_ticklabels() should only be used with a fixed number of ticks, i.e. after set_ticks() or using a FixedLocator.
  ax.set_yticklabels(labels, fontsize=10)
/nas/home/vlw/Desktop/STREAM/Code/paper1-project/visualization.py:4558: UserWarning: set_ticklabels() should only be used with a fixed number of ticks, i.e. after set_ticks() or using a FixedLocator.
  ax.set_yticklabels(labels, fontsize=10)
2026-07-22 15:39:51,639 - INFO - [visualization.plot_mechanism_drivers_panel] - Saved Figure 5 (formerly Figure 4) to /nas/home/vlw/Desktop/STREAM/paper1-plots/Figure5_mechanism_drivers_summary_ssp585.png
2026-07-22 15:39:51,640 - INFO - [main.run_full_analysis] - Plot '/nas/home/vlw/Desktop/STREAM/paper1-plots/storyline_lnwl_monthly_distribution_ssp585.png' already exists. Skipping.
2026-07-22 15:39:51,640 - INFO - [main.run_full_analysis] - Calculating LNWL aggregation data...
2026-07-22 15:39:51,640 - INFO - [storyline.analyze_storyline_lnwl_aggregation_metrics] - Analyzing LNWL Aggregation Metrics (Threshold: 970 m³/s)...
2026-07-22 15:39:51,640 - INFO - [storyline.analyze_storyline_lnwl_aggregation_metrics] - Calculating historical LNWL return periods for all aggregations (Winter, Summer, Full Year)...
2026-07-22 15:39:51,810 - INFO - [storyline.analyze_storyline_lnwl_aggregation_metrics] -   -> Historical LNWL aggregation thresholds stored: {
  "winter": {
    "Q_daily_low": {
      "name": "Daily Minimum < LNWL",
      "threshold_m3s": 970.0,
      "hist_return_period": 1.24,
      "type": "low",
      "metric_key_base": "Q_daily_low"
    },
    "Q_7day_low": {
      "name": "7-Day Minimum < LNWL",
      "threshold_m3s": 970.0,
      "hist_return_period": 1.5121951219512195,
      "type": "low",
      "metric_key_base": "Q_7day_low"
    },
    "Q_30day_low": {
      "name": "30-Day Minimum < LNWL",
      "threshold_m3s": 970.0,
      "hist_return_period": 2.2962962962962963,
      "type": "low",
      "metric_key_base": "Q_30day_low"
    },
    "Q_3month_low": {
      "name": "3-Month Minimum < LNWL",
      "threshold_m3s": 970.0,
      "hist_return_period": 6.2,
      "type": "low",
      "metric_key_base": "Q_3month_low"
    }
  },
  "summer": {
    "Q_daily_low": {
      "name": "Daily Minimum < LNWL",
      "threshold_m3s": 970.0,
      "hist_return_period": 2.3846153846153846,
      "type": "low",
      "metric_key_base": "Q_daily_low"
    },
    "Q_7day_low": {
      "name": "7-Day Minimum < LNWL",
      "threshold_m3s": 970.0,
      "hist_return_period": 3.1,
      "type": "low",
      "metric_key_base": "Q_7day_low"
    },
    "Q_30day_low": {
      "name": "30-Day Minimum < LNWL",
      "threshold_m3s": 970.0,
      "hist_return_period": 4.769230769230769,
      "type": "low",
      "metric_key_base": "Q_30day_low"
    },
    "Q_3month_low": {
      "name": "3-Month Minimum < LNWL",
      "threshold_m3s": 970.0,
      "hist_return_period": 15.5,
      "type": "low",
      "metric_key_base": "Q_3month_low"
    }
  },
  "full_year": {
    "Q_daily_low": {
      "name": "Daily Minimum < LNWL",
      "threshold_m3s": 970.0,
      "hist_return_period": 1.2156862745098038,
      "type": "low",
      "metric_key_base": "Q_daily_low"
    },
    "Q_7day_low": {
      "name": "7-Day Minimum < LNWL",
      "threshold_m3s": 970.0,
      "hist_return_period": 1.5121951219512195,
      "type": "low",
      "metric_key_base": "Q_7day_low"
    },
    "Q_30day_low": {
      "name": "30-Day Minimum < LNWL",
      "threshold_m3s": 970.0,
      "hist_return_period": 2.2142857142857144,
      "type": "low",
      "metric_key_base": "Q_30day_low"
    },
    "Q_3month_low": {
      "name": "3-Month Minimum < LNWL",
      "threshold_m3s": 970.0,
      "hist_return_period": 5.166666666666667,
      "type": "low",
      "metric_key_base": "Q_3month_low"
    }
  }
}
2026-07-22 15:40:59,909 - INFO - [visualization.plot_storyline_lnwl_aggregation_comparison] - Plotting LNWL Aggregation Comparison (3x4 grid, 30-Day) for ssp585...
2026-07-22 15:41:00,672 - INFO - [visualization.plot_storyline_lnwl_aggregation_comparison] - Applying shared column X-limits based on widest 'zoomed' range...
2026-07-22 15:41:03,716 - INFO - [visualization.plot_storyline_lnwl_aggregation_comparison] - Saved LNWL aggregation comparison plot (3x4 grid, 30-Day, FullYear) to /nas/home/vlw/Desktop/STREAM/paper1-plots/storyline_lnwl_aggregation_comparison_ssp585.png
2026-07-22 15:41:03,717 - INFO - [visualization.plot_erl_figure4_lnwl_summary] - Plotting ERL Figure 4 (Summer LNWL Impact) for ssp585...
/nas/home/vlw/Desktop/STREAM/Code/paper1-project/visualization.py:4686: UserWarning: set_ticklabels() should only be used with a fixed number of ticks, i.e. after set_ticks() or using a FixedLocator.
  ax.set_yticklabels(labels, fontsize=10)
2026-07-22 15:41:04,452 - INFO - [visualization.plot_erl_figure4_lnwl_summary] - Saved ERL Figure 4 to /nas/home/vlw/Desktop/STREAM/paper1-plots/Figure4_impact_navigation_lnwl_ssp585.png
2026-07-22 15:41:04,452 - INFO - [main.run_full_analysis] - Figure 5 '/nas/home/vlw/Desktop/STREAM/paper1-plots/Figure5_mechanism_drivers_summary_ssp585.png' already exists.
2026-07-22 15:41:04,456 - INFO - [main.run_full_analysis] - Plot '/nas/home/vlw/Desktop/STREAM/paper1-plots/cmip6_fidelity_vs_future_temporal_slopes_ssp585.png' already exists.
2026-07-22 15:41:04,456 - INFO - [main.run_full_analysis] - Plot '/nas/home/vlw/Desktop/STREAM/paper1-plots/cmip6_scatter_comparison_gwl_2.0_ssp585.png' already exists.
2026-07-22 15:41:04,456 - INFO - [main.run_full_analysis] - Plot '/nas/home/vlw/Desktop/STREAM/paper1-plots/cmip6_scatter_comparison_gwl_3.0_ssp585.png' already exists.
2026-07-22 15:41:04,456 - INFO - [main.run_full_analysis] - 

--- CMIP6 Model 2D Storyline Classification for SSP585 ---
2026-07-22 15:41:04,456 - INFO - [main.run_full_analysis] - Models are classified based on zones relative to MMM.
2026-07-22 15:41:04,457 - INFO - [main.run_full_analysis] - 
GWL +2.0°C:
2026-07-22 15:41:04,457 - INFO - [main.run_full_analysis] -    - Storyline 'Extreme Models' (Winter (DJF)):
2026-07-22 15:41:04,457 - INFO - [main.run_full_analysis] -      - Models (10): ACCESS-ESM1-5_ssp585, BCC-CSM2-MR_ssp585, CESM2_ssp585, CMCC-ESM2_ssp585, CNRM-CM6-1-HR_ssp585, CNRM-CM6-1_ssp585, HadGEM3-GC31-LL_ssp585, HadGEM3-GC31-MM_ssp585, INM-CM5-0_ssp585, MPI-ESM1-2-HR_ssp585
2026-07-22 15:41:04,457 - INFO - [main.run_full_analysis] -    - Storyline 'Fast Jet & Northward Shift' (Winter (DJF)):
2026-07-22 15:41:04,457 - INFO - [main.run_full_analysis] -      - Models (5): BCC-CSM2-MR_ssp585, CNRM-CM6-1_ssp585, INM-CM4-8_ssp585, MIROC6_ssp585, UKESM1-0-LL_ssp585
2026-07-22 15:41:04,457 - INFO - [main.run_full_analysis] -    - Storyline 'Fast Jet & Southward Shift' (Winter (DJF)):
2026-07-22 15:41:04,457 - INFO - [main.run_full_analysis] -      - Models (5): ACCESS-ESM1-5_ssp585, CESM2-WACCM_ssp585, CESM2_ssp585, CMCC-ESM2_ssp585, CNRM-CM6-1-HR_ssp585
2026-07-22 15:41:04,457 - INFO - [main.run_full_analysis] -    - Storyline 'MMM' (Winter (DJF)):
2026-07-22 15:41:04,457 - INFO - [main.run_full_analysis] -      - Models (31): ACCESS-CM2_ssp585, ACCESS-ESM1-5_ssp585, BCC-CSM2-MR_ssp585, CESM2-WACCM_ssp585, CESM2_ssp585, CMCC-CM2-SR5_ssp585, CMCC-ESM2_ssp585, CNRM-CM6-1-HR_ssp585, CNRM-CM6-1_ssp585, CNRM-ESM2-1_ssp585, CanESM5_ssp585, E3SM-1-0_ssp585, EC-Earth3-CC_ssp585, EC-Earth3-Veg-LR_ssp585, EC-Earth3_ssp585, GFDL-ESM4_ssp585, HadGEM3-GC31-LL_ssp585, HadGEM3-GC31-MM_ssp585, IITM-ESM_ssp585, INM-CM4-8_ssp585, INM-CM5-0_ssp585, IPSL-CM6A-LR_ssp585, KACE-1-0-G_ssp585, KIOST-ESM_ssp585, MIROC-ES2L_ssp585, MIROC6_ssp585, MPI-ESM1-2-HR_ssp585, MPI-ESM1-2-LR_ssp585, MRI-ESM2-0_ssp585, NorESM2-MM_ssp585, UKESM1-0-LL_ssp585
2026-07-22 15:41:04,457 - INFO - [main.run_full_analysis] -    - Storyline 'Non-Extreme Models' (Winter (DJF)):
2026-07-22 15:41:04,457 - INFO - [main.run_full_analysis] -      - Models (10): E3SM-1-0_ssp585, EC-Earth3-CC_ssp585, EC-Earth3-Veg-LR_ssp585, GFDL-ESM4_ssp585, INM-CM4-8_ssp585, IPSL-CM6A-LR_ssp585, MIROC-ES2L_ssp585, MIROC6_ssp585, MRI-ESM2-0_ssp585, UKESM1-0-LL_ssp585
2026-07-22 15:41:04,457 - INFO - [main.run_full_analysis] -    - Storyline 'Slow Jet & Northward Shift' (Winter (DJF)):
2026-07-22 15:41:04,457 - INFO - [main.run_full_analysis] -      - Models (4): CNRM-ESM2-1_ssp585, EC-Earth3-Veg-LR_ssp585, HadGEM3-GC31-LL_ssp585, KIOST-ESM_ssp585
2026-07-22 15:41:04,457 - INFO - [main.run_full_analysis] -    - Storyline 'Slow Jet & Southward Shift' (Winter (DJF)):
2026-07-22 15:41:04,458 - INFO - [main.run_full_analysis] -      - Models (7): CMCC-CM2-SR5_ssp585, CanESM5_ssp585, E3SM-1-0_ssp585, EC-Earth3-CC_ssp585, HadGEM3-GC31-MM_ssp585, IITM-ESM_ssp585, MRI-ESM2-0_ssp585
2026-07-22 15:41:04,458 - INFO - [main.run_full_analysis] -    - Storyline 'Extreme Models' (Summer (JJA)):
2026-07-22 15:41:04,458 - INFO - [main.run_full_analysis] -      - Models (10): ACCESS-ESM1-5_ssp585, BCC-CSM2-MR_ssp585, CESM2_ssp585, CMCC-CM2-SR5_ssp585, CMCC-ESM2_ssp585, CNRM-CM6-1-HR_ssp585, CNRM-CM6-1_ssp585, INM-CM5-0_ssp585, MPI-ESM1-2-HR_ssp585, NorESM2-MM_ssp585
2026-07-22 15:41:04,458 - INFO - [main.run_full_analysis] -    - Storyline 'Fast Jet & Northward Shift' (Summer (JJA)):
2026-07-22 15:41:04,458 - INFO - [main.run_full_analysis] -      - Models (8): ACCESS-CM2_ssp585, CMCC-CM2-SR5_ssp585, CMCC-ESM2_ssp585, CNRM-CM6-1_ssp585, IITM-ESM_ssp585, MIROC6_ssp585, MPI-ESM1-2-HR_ssp585, MRI-ESM2-0_ssp585
2026-07-22 15:41:04,458 - INFO - [main.run_full_analysis] -    - Storyline 'Fast Jet & Southward Shift' (Summer (JJA)):
2026-07-22 15:41:04,458 - INFO - [main.run_full_analysis] -      - Models (6): CNRM-ESM2-1_ssp585, CanESM5_ssp585, EC-Earth3-CC_ssp585, IPSL-CM6A-LR_ssp585, KIOST-ESM_ssp585, MPI-ESM1-2-LR_ssp585
2026-07-22 15:41:04,458 - INFO - [main.run_full_analysis] -    - Storyline 'MMM' (Summer (JJA)):
2026-07-22 15:41:04,458 - INFO - [main.run_full_analysis] -      - Models (31): ACCESS-CM2_ssp585, ACCESS-ESM1-5_ssp585, BCC-CSM2-MR_ssp585, CESM2-WACCM_ssp585, CESM2_ssp585, CMCC-CM2-SR5_ssp585, CMCC-ESM2_ssp585, CNRM-CM6-1-HR_ssp585, CNRM-CM6-1_ssp585, CNRM-ESM2-1_ssp585, CanESM5_ssp585, E3SM-1-0_ssp585, EC-Earth3-CC_ssp585, EC-Earth3-Veg-LR_ssp585, EC-Earth3_ssp585, GFDL-ESM4_ssp585, HadGEM3-GC31-LL_ssp585, HadGEM3-GC31-MM_ssp585, IITM-ESM_ssp585, INM-CM4-8_ssp585, INM-CM5-0_ssp585, IPSL-CM6A-LR_ssp585, KACE-1-0-G_ssp585, KIOST-ESM_ssp585, MIROC-ES2L_ssp585, MIROC6_ssp585, MPI-ESM1-2-HR_ssp585, MPI-ESM1-2-LR_ssp585, MRI-ESM2-0_ssp585, NorESM2-MM_ssp585, UKESM1-0-LL_ssp585
2026-07-22 15:41:04,458 - INFO - [main.run_full_analysis] -    - Storyline 'Non-Extreme Models' (Summer (JJA)):
2026-07-22 15:41:04,458 - INFO - [main.run_full_analysis] -      - Models (10): E3SM-1-0_ssp585, EC-Earth3_ssp585, GFDL-ESM4_ssp585, HadGEM3-GC31-LL_ssp585, IITM-ESM_ssp585, IPSL-CM6A-LR_ssp585, MIROC-ES2L_ssp585, MIROC6_ssp585, MPI-ESM1-2-LR_ssp585, MRI-ESM2-0_ssp585
2026-07-22 15:41:04,458 - INFO - [main.run_full_analysis] -    - Storyline 'Slow Jet & Northward Shift' (Summer (JJA)):
2026-07-22 15:41:04,458 - INFO - [main.run_full_analysis] -      - Models (5): CESM2-WACCM_ssp585, CESM2_ssp585, EC-Earth3-Veg-LR_ssp585, HadGEM3-GC31-MM_ssp585, NorESM2-MM_ssp585
2026-07-22 15:41:04,458 - INFO - [main.run_full_analysis] -    - Storyline 'Slow Jet & Southward Shift' (Summer (JJA)):
2026-07-22 15:41:04,458 - INFO - [main.run_full_analysis] -      - Models (5): E3SM-1-0_ssp585, EC-Earth3_ssp585, INM-CM4-8_ssp585, MIROC-ES2L_ssp585, UKESM1-0-LL_ssp585
2026-07-22 15:41:04,458 - INFO - [main.run_full_analysis] - 
GWL +3.0°C:
2026-07-22 15:41:04,458 - INFO - [main.run_full_analysis] -    - Storyline 'Extreme Models' (Winter (DJF)):
2026-07-22 15:41:04,458 - INFO - [main.run_full_analysis] -      - Models (10): ACCESS-ESM1-5_ssp585, BCC-CSM2-MR_ssp585, CESM2-WACCM_ssp585, CESM2_ssp585, CMCC-ESM2_ssp585, CNRM-CM6-1_ssp585, HadGEM3-GC31-LL_ssp585, KACE-1-0-G_ssp585, KIOST-ESM_ssp585, MPI-ESM1-2-LR_ssp585
2026-07-22 15:41:04,458 - INFO - [main.run_full_analysis] -    - Storyline 'Fast Jet & Northward Shift' (Winter (DJF)):
2026-07-22 15:41:04,458 - INFO - [main.run_full_analysis] -      - Models (7): BCC-CSM2-MR_ssp585, CNRM-CM6-1_ssp585, INM-CM4-8_ssp585, IPSL-CM6A-LR_ssp585, KACE-1-0-G_ssp585, MIROC6_ssp585, UKESM1-0-LL_ssp585
2026-07-22 15:41:04,458 - INFO - [main.run_full_analysis] -    - Storyline 'Fast Jet & Southward Shift' (Winter (DJF)):
2026-07-22 15:41:04,458 - INFO - [main.run_full_analysis] -      - Models (4): ACCESS-ESM1-5_ssp585, CESM2-WACCM_ssp585, CESM2_ssp585, CMCC-ESM2_ssp585
2026-07-22 15:41:04,458 - INFO - [main.run_full_analysis] -    - Storyline 'MMM' (Winter (DJF)):
2026-07-22 15:41:04,458 - INFO - [main.run_full_analysis] -      - Models (31): ACCESS-CM2_ssp585, ACCESS-ESM1-5_ssp585, BCC-CSM2-MR_ssp585, CESM2-WACCM_ssp585, CESM2_ssp585, CMCC-CM2-SR5_ssp585, CMCC-ESM2_ssp585, CNRM-CM6-1-HR_ssp585, CNRM-CM6-1_ssp585, CNRM-ESM2-1_ssp585, CanESM5_ssp585, E3SM-1-0_ssp585, EC-Earth3-CC_ssp585, EC-Earth3-Veg-LR_ssp585, EC-Earth3_ssp585, GFDL-ESM4_ssp585, HadGEM3-GC31-LL_ssp585, HadGEM3-GC31-MM_ssp585, IITM-ESM_ssp585, INM-CM4-8_ssp585, INM-CM5-0_ssp585, IPSL-CM6A-LR_ssp585, KACE-1-0-G_ssp585, KIOST-ESM_ssp585, MIROC-ES2L_ssp585, MIROC6_ssp585, MPI-ESM1-2-HR_ssp585, MPI-ESM1-2-LR_ssp585, MRI-ESM2-0_ssp585, NorESM2-MM_ssp585, UKESM1-0-LL_ssp585
2026-07-22 15:41:04,458 - INFO - [main.run_full_analysis] -    - Storyline 'Non-Extreme Models' (Winter (DJF)):
2026-07-22 15:41:04,458 - INFO - [main.run_full_analysis] -      - Models (10): CMCC-CM2-SR5_ssp585, CNRM-ESM2-1_ssp585, CanESM5_ssp585, E3SM-1-0_ssp585, EC-Earth3-Veg-LR_ssp585, GFDL-ESM4_ssp585, IITM-ESM_ssp585, MIROC-ES2L_ssp585, MIROC6_ssp585, MRI-ESM2-0_ssp585
2026-07-22 15:41:04,458 - INFO - [main.run_full_analysis] -    - Storyline 'Slow Jet & Northward Shift' (Winter (DJF)):
2026-07-22 15:41:04,458 - INFO - [main.run_full_analysis] -      - Models (2): EC-Earth3-Veg-LR_ssp585, HadGEM3-GC31-LL_ssp585
2026-07-22 15:41:04,459 - INFO - [main.run_full_analysis] -    - Storyline 'Slow Jet & Southward Shift' (Winter (DJF)):
2026-07-22 15:41:04,459 - INFO - [main.run_full_analysis] -      - Models (9): CMCC-CM2-SR5_ssp585, CNRM-CM6-1-HR_ssp585, CanESM5_ssp585, E3SM-1-0_ssp585, EC-Earth3-CC_ssp585, HadGEM3-GC31-MM_ssp585, MPI-ESM1-2-HR_ssp585, MPI-ESM1-2-LR_ssp585, MRI-ESM2-0_ssp585
2026-07-22 15:41:04,459 - INFO - [main.run_full_analysis] -    - Storyline 'Extreme Models' (Summer (JJA)):
2026-07-22 15:41:04,459 - INFO - [main.run_full_analysis] -      - Models (10): ACCESS-ESM1-5_ssp585, BCC-CSM2-MR_ssp585, CESM2_ssp585, CMCC-ESM2_ssp585, CNRM-CM6-1_ssp585, INM-CM5-0_ssp585, KACE-1-0-G_ssp585, KIOST-ESM_ssp585, MPI-ESM1-2-HR_ssp585, MPI-ESM1-2-LR_ssp585
2026-07-22 15:41:04,459 - INFO - [main.run_full_analysis] -    - Storyline 'Fast Jet & Northward Shift' (Summer (JJA)):
2026-07-22 15:41:04,459 - INFO - [main.run_full_analysis] -      - Models (6): CNRM-CM6-1-HR_ssp585, CNRM-CM6-1_ssp585, CNRM-ESM2-1_ssp585, IITM-ESM_ssp585, MPI-ESM1-2-HR_ssp585, MRI-ESM2-0_ssp585
2026-07-22 15:41:04,459 - INFO - [main.run_full_analysis] -    - Storyline 'Fast Jet & Southward Shift' (Summer (JJA)):
2026-07-22 15:41:04,459 - INFO - [main.run_full_analysis] -      - Models (5): ACCESS-CM2_ssp585, EC-Earth3-CC_ssp585, IPSL-CM6A-LR_ssp585, KIOST-ESM_ssp585, MPI-ESM1-2-LR_ssp585
2026-07-22 15:41:04,459 - INFO - [main.run_full_analysis] -    - Storyline 'MMM' (Summer (JJA)):
2026-07-22 15:41:04,459 - INFO - [main.run_full_analysis] -      - Models (31): ACCESS-CM2_ssp585, ACCESS-ESM1-5_ssp585, BCC-CSM2-MR_ssp585, CESM2-WACCM_ssp585, CESM2_ssp585, CMCC-CM2-SR5_ssp585, CMCC-ESM2_ssp585, CNRM-CM6-1-HR_ssp585, CNRM-CM6-1_ssp585, CNRM-ESM2-1_ssp585, CanESM5_ssp585, E3SM-1-0_ssp585, EC-Earth3-CC_ssp585, EC-Earth3-Veg-LR_ssp585, EC-Earth3_ssp585, GFDL-ESM4_ssp585, HadGEM3-GC31-LL_ssp585, HadGEM3-GC31-MM_ssp585, IITM-ESM_ssp585, INM-CM4-8_ssp585, INM-CM5-0_ssp585, IPSL-CM6A-LR_ssp585, KACE-1-0-G_ssp585, KIOST-ESM_ssp585, MIROC-ES2L_ssp585, MIROC6_ssp585, MPI-ESM1-2-HR_ssp585, MPI-ESM1-2-LR_ssp585, MRI-ESM2-0_ssp585, NorESM2-MM_ssp585, UKESM1-0-LL_ssp585
2026-07-22 15:41:04,459 - INFO - [main.run_full_analysis] -    - Storyline 'Non-Extreme Models' (Summer (JJA)):
2026-07-22 15:41:04,459 - INFO - [main.run_full_analysis] -      - Models (10): CNRM-ESM2-1_ssp585, CanESM5_ssp585, EC-Earth3-Veg-LR_ssp585, EC-Earth3_ssp585, GFDL-ESM4_ssp585, HadGEM3-GC31-LL_ssp585, IITM-ESM_ssp585, IPSL-CM6A-LR_ssp585, MIROC-ES2L_ssp585, MRI-ESM2-0_ssp585
2026-07-22 15:41:04,459 - INFO - [main.run_full_analysis] -    - Storyline 'Slow Jet & Northward Shift' (Summer (JJA)):
2026-07-22 15:41:04,459 - INFO - [main.run_full_analysis] -      - Models (6): BCC-CSM2-MR_ssp585, CMCC-CM2-SR5_ssp585, GFDL-ESM4_ssp585, HadGEM3-GC31-LL_ssp585, HadGEM3-GC31-MM_ssp585, NorESM2-MM_ssp585
2026-07-22 15:41:04,459 - INFO - [main.run_full_analysis] -    - Storyline 'Slow Jet & Southward Shift' (Summer (JJA)):
2026-07-22 15:41:04,459 - INFO - [main.run_full_analysis] -      - Models (7): CESM2-WACCM_ssp585, CanESM5_ssp585, E3SM-1-0_ssp585, EC-Earth3-Veg-LR_ssp585, EC-Earth3_ssp585, MIROC-ES2L_ssp585, UKESM1-0-LL_ssp585
2026-07-22 15:41:04,459 - INFO - [main.run_full_analysis] - -----------------------------------------------------------------
2026-07-22 15:41:04,459 - INFO - [main.run_full_analysis] - 
========================= FINISHED CMIP6 ANALYSIS FOR SCENARIO: SSP585 =========================

2026-07-22 15:41:04,460 - INFO - [main.run_full_analysis] - 

========================= STARTING CMIP6 ANALYSIS FOR SCENARIO: SSP245 =========================

2026-07-22 15:41:04,460 - INFO - [storyline.analyze_cmip6_changes_at_gwl] - 
--- Starting CMIP6 Analysis for SCENARIO: ssp245 at Global Warming Levels ---
2026-07-22 15:41:04,460 - INFO - [storyline.analyze_cmip6_changes_at_gwl] - Processing 25 models for scenario ssp245.
2026-07-22 15:41:04,460 - INFO - [storyline._load_and_preprocess_model_data] - Loading ua for ACCESS-CM2 (hist + ['ssp245']), force_regional=False...
2026-07-22 15:41:04,464 - INFO - [storyline._load_and_preprocess_model_data] - Found 6 files for ua (ua requested), ACCESS-CM2.
2026-07-22 15:41:08,619 - INFO - [storyline._load_and_preprocess_model_data] - Loading pr for ACCESS-CM2 (hist + ['ssp245']), force_regional=False...
2026-07-22 15:41:08,625 - INFO - [storyline._load_and_preprocess_model_data] - Found 2 files for pr (pr requested), ACCESS-CM2.
2026-07-22 15:41:12,567 - INFO - [storyline._load_and_preprocess_model_data] - Loading tas for ACCESS-CM2 (hist + ['ssp245']), force_regional=True...
2026-07-22 15:41:12,573 - INFO - [storyline._load_and_preprocess_model_data] - Found 2 files for tas (tas requested), ACCESS-CM2.
2026-07-22 15:41:15,687 - INFO - [storyline._load_and_preprocess_model_data] - Loading tas for ACCESS-CM2 (hist + ['ssp245']), force_regional=False...
2026-07-22 15:41:15,691 - INFO - [storyline._load_and_preprocess_model_data] - Found 2 files for tas (tas requested), ACCESS-CM2.
2026-07-22 15:41:15,956 - INFO - [storyline._load_and_preprocess_model_data] - Loading ua for ACCESS-ESM1-5 (hist + ['ssp245']), force_regional=False...
2026-07-22 15:41:15,962 - INFO - [storyline._load_and_preprocess_model_data] - Found 3 files for ua (ua requested), ACCESS-ESM1-5.
2026-07-22 15:41:20,711 - INFO - [storyline._load_and_preprocess_model_data] - Loading pr for ACCESS-ESM1-5 (hist + ['ssp245']), force_regional=False...
2026-07-22 15:41:20,717 - INFO - [storyline._load_and_preprocess_model_data] - Found 2 files for pr (pr requested), ACCESS-ESM1-5.
2026-07-22 15:41:23,407 - INFO - [storyline._load_and_preprocess_model_data] - Loading tas for ACCESS-ESM1-5 (hist + ['ssp245']), force_regional=True...
2026-07-22 15:41:23,412 - INFO - [storyline._load_and_preprocess_model_data] - Found 2 files for tas (tas requested), ACCESS-ESM1-5.
2026-07-22 15:41:25,990 - INFO - [storyline._load_and_preprocess_model_data] - Loading tas for ACCESS-ESM1-5 (hist + ['ssp245']), force_regional=False...
2026-07-22 15:41:25,994 - INFO - [storyline._load_and_preprocess_model_data] - Found 2 files for tas (tas requested), ACCESS-ESM1-5.
2026-07-22 15:41:26,243 - INFO - [storyline._load_and_preprocess_model_data] - Loading ua for CESM2 (hist + ['ssp245']), force_regional=False...
2026-07-22 15:41:26,249 - INFO - [storyline._load_and_preprocess_model_data] - Found 4 files for ua (ua requested), CESM2.
2026-07-22 15:41:30,626 - INFO - [storyline._load_and_preprocess_model_data] - Loading pr for CESM2 (hist + ['ssp245']), force_regional=False...
2026-07-22 15:41:30,632 - INFO - [storyline._load_and_preprocess_model_data] - Found 2 files for pr (pr requested), CESM2.
2026-07-22 15:41:32,884 - INFO - [storyline._load_and_preprocess_model_data] - Loading tas for CESM2 (hist + ['ssp245']), force_regional=True...
2026-07-22 15:41:32,891 - INFO - [storyline._load_and_preprocess_model_data] - Found 2 files for tas (tas requested), CESM2.
2026-07-22 15:41:35,376 - INFO - [storyline._load_and_preprocess_model_data] - Loading tas for CESM2 (hist + ['ssp245']), force_regional=False...
2026-07-22 15:41:35,381 - INFO - [storyline._load_and_preprocess_model_data] - Found 2 files for tas (tas requested), CESM2.
2026-07-22 15:41:35,638 - INFO - [storyline._load_and_preprocess_model_data] - Loading ua for CESM2-WACCM (hist + ['ssp245']), force_regional=False...
2026-07-22 15:41:35,644 - INFO - [storyline._load_and_preprocess_model_data] - Found 7 files for ua (ua requested), CESM2-WACCM.
2026-07-22 15:41:39,260 - INFO - [storyline._load_and_preprocess_model_data] - Loading pr for CESM2-WACCM (hist + ['ssp245']), force_regional=False...
2026-07-22 15:41:39,267 - INFO - [storyline._load_and_preprocess_model_data] - Found 3 files for pr (pr requested), CESM2-WACCM.
2026-07-22 15:41:41,972 - INFO - [storyline._load_and_preprocess_model_data] - Loading tas for CESM2-WACCM (hist + ['ssp245']), force_regional=True...
2026-07-22 15:41:41,977 - INFO - [storyline._load_and_preprocess_model_data] - Found 3 files for tas (tas requested), CESM2-WACCM.
2026-07-22 15:41:45,433 - INFO - [storyline._load_and_preprocess_model_data] - Loading tas for CESM2-WACCM (hist + ['ssp245']), force_regional=False...
2026-07-22 15:41:45,437 - INFO - [storyline._load_and_preprocess_model_data] - Found 3 files for tas (tas requested), CESM2-WACCM.
2026-07-22 15:41:45,706 - INFO - [storyline._load_and_preprocess_model_data] - Loading ua for CMCC-CM2-SR5 (hist + ['ssp245']), force_regional=False...
2026-07-22 15:41:45,712 - INFO - [storyline._load_and_preprocess_model_data] - Found 12 files for ua (ua requested), CMCC-CM2-SR5.
2026-07-22 15:41:50,035 - INFO - [storyline._load_and_preprocess_model_data] - Loading pr for CMCC-CM2-SR5 (hist + ['ssp245']), force_regional=False...
2026-07-22 15:41:50,041 - INFO - [storyline._load_and_preprocess_model_data] - Found 2 files for pr (pr requested), CMCC-CM2-SR5.
2026-07-22 15:41:53,363 - INFO - [storyline._load_and_preprocess_model_data] - Loading tas for CMCC-CM2-SR5 (hist + ['ssp245']), force_regional=True...
2026-07-22 15:41:53,368 - INFO - [storyline._load_and_preprocess_model_data] - Found 2 files for tas (tas requested), CMCC-CM2-SR5.
2026-07-22 15:41:55,303 - INFO - [storyline._load_and_preprocess_model_data] - Loading tas for CMCC-CM2-SR5 (hist + ['ssp245']), force_regional=False...
2026-07-22 15:41:55,308 - INFO - [storyline._load_and_preprocess_model_data] - Found 2 files for tas (tas requested), CMCC-CM2-SR5.
2026-07-22 15:41:55,550 - INFO - [storyline._load_and_preprocess_model_data] - Loading ua for CMCC-ESM2 (hist + ['ssp245']), force_regional=False...
2026-07-22 15:41:55,556 - INFO - [storyline._load_and_preprocess_model_data] - Found 13 files for ua (ua requested), CMCC-ESM2.
2026-07-22 15:41:59,272 - INFO - [storyline._load_and_preprocess_model_data] - Loading pr for CMCC-ESM2 (hist + ['ssp245']), force_regional=False...
2026-07-22 15:41:59,278 - INFO - [storyline._load_and_preprocess_model_data] - Found 2 files for pr (pr requested), CMCC-ESM2.
2026-07-22 15:42:01,724 - INFO - [storyline._load_and_preprocess_model_data] - Loading tas for CMCC-ESM2 (hist + ['ssp245']), force_regional=True...
2026-07-22 15:42:01,730 - INFO - [storyline._load_and_preprocess_model_data] - Found 2 files for tas (tas requested), CMCC-ESM2.
2026-07-22 15:42:04,517 - INFO - [storyline._load_and_preprocess_model_data] - Loading tas for CMCC-ESM2 (hist + ['ssp245']), force_regional=False...
2026-07-22 15:42:04,522 - INFO - [storyline._load_and_preprocess_model_data] - Found 2 files for tas (tas requested), CMCC-ESM2.
2026-07-22 15:42:04,760 - INFO - [storyline._load_and_preprocess_model_data] - Loading ua for CanESM5 (hist + ['ssp245']), force_regional=False...
2026-07-22 15:42:04,766 - INFO - [storyline._load_and_preprocess_model_data] - Found 2 files for ua (ua requested), CanESM5.
2026-07-22 15:42:07,458 - INFO - [storyline._load_and_preprocess_model_data] - Loading pr for CanESM5 (hist + ['ssp245']), force_regional=False...
2026-07-22 15:42:07,464 - INFO - [storyline._load_and_preprocess_model_data] - Found 2 files for pr (pr requested), CanESM5.
2026-07-22 15:42:08,123 - INFO - [storyline._load_and_preprocess_model_data] - Loading tas for CanESM5 (hist + ['ssp245']), force_regional=True...
2026-07-22 15:42:08,128 - INFO - [storyline._load_and_preprocess_model_data] - Found 2 files for tas (tas requested), CanESM5.
2026-07-22 15:42:09,283 - INFO - [storyline._load_and_preprocess_model_data] - Loading tas for CanESM5 (hist + ['ssp245']), force_regional=False...
2026-07-22 15:42:09,287 - INFO - [storyline._load_and_preprocess_model_data] - Found 2 files for tas (tas requested), CanESM5.
2026-07-22 15:42:09,532 - INFO - [storyline._load_and_preprocess_model_data] - Loading ua for EC-Earth3-CC (hist + ['ssp245']), force_regional=False...
2026-07-22 15:42:09,539 - INFO - [storyline._load_and_preprocess_model_data] - Found 264 files for ua (ua requested), EC-Earth3-CC.
2026-07-22 15:42:18,114 - INFO - [storyline._load_and_preprocess_model_data] - Loading pr for EC-Earth3-CC (hist + ['ssp245']), force_regional=False...
2026-07-22 15:42:18,123 - INFO - [storyline._load_and_preprocess_model_data] - Found 251 files for pr (pr requested), EC-Earth3-CC.
2026-07-22 15:42:22,990 - INFO - [storyline._load_and_preprocess_model_data] - Loading tas for EC-Earth3-CC (hist + ['ssp245']), force_regional=True...
2026-07-22 15:42:22,999 - INFO - [storyline._load_and_preprocess_model_data] - Found 251 files for tas (tas requested), EC-Earth3-CC.
2026-07-22 15:42:29,564 - INFO - [storyline._load_and_preprocess_model_data] - Loading tas for EC-Earth3-CC (hist + ['ssp245']), force_regional=False...
2026-07-22 15:42:29,571 - INFO - [storyline._load_and_preprocess_model_data] - Found 251 files for tas (tas requested), EC-Earth3-CC.
2026-07-22 15:42:32,843 - INFO - [storyline._load_and_preprocess_model_data] - Loading ua for EC-Earth3-Veg-LR (hist + ['ssp245']), force_regional=False...
2026-07-22 15:42:32,850 - INFO - [storyline._load_and_preprocess_model_data] - Found 253 files for ua (ua requested), EC-Earth3-Veg-LR.
2026-07-22 15:42:39,968 - INFO - [storyline._load_and_preprocess_model_data] - Loading pr for EC-Earth3-Veg-LR (hist + ['ssp245']), force_regional=False...
2026-07-22 15:42:39,977 - INFO - [storyline._load_and_preprocess_model_data] - Found 251 files for pr (pr requested), EC-Earth3-Veg-LR.
2026-07-22 15:42:45,023 - INFO - [storyline._load_and_preprocess_model_data] - Loading tas for EC-Earth3-Veg-LR (hist + ['ssp245']), force_regional=True...
2026-07-22 15:42:45,029 - INFO - [storyline._load_and_preprocess_model_data] - Found 251 files for tas (tas requested), EC-Earth3-Veg-LR.
2026-07-22 15:42:50,610 - INFO - [storyline._load_and_preprocess_model_data] - Loading tas for EC-Earth3-Veg-LR (hist + ['ssp245']), force_regional=False...
2026-07-22 15:42:50,615 - INFO - [storyline._load_and_preprocess_model_data] - Found 251 files for tas (tas requested), EC-Earth3-Veg-LR.
2026-07-22 15:42:54,375 - INFO - [storyline._load_and_preprocess_model_data] - Loading ua for EC-Earth3 (hist + ['ssp245']), force_regional=False...
2026-07-22 15:42:54,381 - INFO - [storyline._load_and_preprocess_model_data] - Found 251 files for ua (ua requested), EC-Earth3.
2026-07-22 15:43:01,595 - INFO - [storyline._load_and_preprocess_model_data] - Loading pr for EC-Earth3 (hist + ['ssp245']), force_regional=False...
2026-07-22 15:43:01,602 - INFO - [storyline._load_and_preprocess_model_data] - Found 251 files for pr (pr requested), EC-Earth3.
2026-07-22 15:43:07,164 - INFO - [storyline._load_and_preprocess_model_data] - Loading tas for EC-Earth3 (hist + ['ssp245']), force_regional=True...
2026-07-22 15:43:07,170 - INFO - [storyline._load_and_preprocess_model_data] - Found 251 files for tas (tas requested), EC-Earth3.
2026-07-22 15:43:13,260 - INFO - [storyline._load_and_preprocess_model_data] - Loading tas for EC-Earth3 (hist + ['ssp245']), force_regional=False...
2026-07-22 15:43:13,266 - INFO - [storyline._load_and_preprocess_model_data] - Found 251 files for tas (tas requested), EC-Earth3.
2026-07-22 15:43:16,948 - INFO - [storyline._load_and_preprocess_model_data] - Loading ua for GFDL-ESM4 (hist + ['ssp245']), force_regional=False...
2026-07-22 15:43:16,953 - INFO - [storyline._load_and_preprocess_model_data] - Found 3 files for ua (ua requested), GFDL-ESM4.
2026-07-22 15:43:20,538 - INFO - [storyline._load_and_preprocess_model_data] - Loading pr for GFDL-ESM4 (hist + ['ssp245']), force_regional=False...
2026-07-22 15:43:20,544 - INFO - [storyline._load_and_preprocess_model_data] - Found 2 files for pr (pr requested), GFDL-ESM4.
2026-07-22 15:43:23,054 - INFO - [storyline._load_and_preprocess_model_data] - Loading tas for GFDL-ESM4 (hist + ['ssp245']), force_regional=True...
2026-07-22 15:43:23,060 - INFO - [storyline._load_and_preprocess_model_data] - Found 4 files for tas (tas requested), GFDL-ESM4.
2026-07-22 15:43:26,184 - INFO - [storyline._load_and_preprocess_model_data] - Loading tas for GFDL-ESM4 (hist + ['ssp245']), force_regional=False...
2026-07-22 15:43:26,188 - INFO - [storyline._load_and_preprocess_model_data] - Found 4 files for tas (tas requested), GFDL-ESM4.
2026-07-22 15:43:26,487 - INFO - [storyline._load_and_preprocess_model_data] - Loading ua for HadGEM3-GC31-LL (hist + ['ssp245']), force_regional=False...
2026-07-22 15:43:26,490 - INFO - [storyline._load_and_preprocess_model_data] - Found 5 files for ua (ua requested), HadGEM3-GC31-LL.
2026-07-22 15:43:29,522 - INFO - [storyline._load_and_preprocess_model_data] - Loading pr for HadGEM3-GC31-LL (hist + ['ssp245']), force_regional=False...
2026-07-22 15:43:29,528 - INFO - [storyline._load_and_preprocess_model_data] - Found 2 files for pr (pr requested), HadGEM3-GC31-LL.
2026-07-22 15:43:32,226 - INFO - [storyline._load_and_preprocess_model_data] - Loading tas for HadGEM3-GC31-LL (hist + ['ssp245']), force_regional=True...
2026-07-22 15:43:32,231 - INFO - [storyline._load_and_preprocess_model_data] - Found 2 files for tas (tas requested), HadGEM3-GC31-LL.
2026-07-22 15:43:34,471 - INFO - [storyline._load_and_preprocess_model_data] - Loading tas for HadGEM3-GC31-LL (hist + ['ssp245']), force_regional=False...
2026-07-22 15:43:34,476 - INFO - [storyline._load_and_preprocess_model_data] - Found 2 files for tas (tas requested), HadGEM3-GC31-LL.
2026-07-22 15:43:34,724 - INFO - [storyline._load_and_preprocess_model_data] - Loading ua for IITM-ESM (hist + ['ssp245']), force_regional=False...
2026-07-22 15:43:34,732 - INFO - [storyline._load_and_preprocess_model_data] - Found 25 files for ua (ua requested), IITM-ESM.
2026-07-22 15:43:38,483 - INFO - [storyline._load_and_preprocess_model_data] - Loading pr for IITM-ESM (hist + ['ssp245']), force_regional=False...
2026-07-22 15:43:38,491 - INFO - [storyline._load_and_preprocess_model_data] - Found 26 files for pr (pr requested), IITM-ESM.
2026-07-22 15:43:41,064 - INFO - [storyline._load_and_preprocess_model_data] - Loading tas for IITM-ESM (hist + ['ssp245']), force_regional=True...
2026-07-22 15:43:41,071 - INFO - [storyline._load_and_preprocess_model_data] - Found 21 files for tas (tas requested), IITM-ESM.
2026-07-22 15:43:44,047 - INFO - [storyline._load_and_preprocess_model_data] - Loading tas for IITM-ESM (hist + ['ssp245']), force_regional=False...
2026-07-22 15:43:44,053 - INFO - [storyline._load_and_preprocess_model_data] - Found 21 files for tas (tas requested), IITM-ESM.
2026-07-22 15:43:44,448 - INFO - [storyline._load_and_preprocess_model_data] - Loading ua for INM-CM4-8 (hist + ['ssp245']), force_regional=False...
2026-07-22 15:43:44,456 - INFO - [storyline._load_and_preprocess_model_data] - Found 26 files for ua (ua requested), INM-CM4-8.
2026-07-22 15:43:48,037 - INFO - [storyline._load_and_preprocess_model_data] - Loading pr for INM-CM4-8 (hist + ['ssp245']), force_regional=False...
2026-07-22 15:43:48,045 - INFO - [storyline._load_and_preprocess_model_data] - Found 4 files for pr (pr requested), INM-CM4-8.
2026-07-22 15:43:50,238 - INFO - [storyline._load_and_preprocess_model_data] - Loading tas for INM-CM4-8 (hist + ['ssp245']), force_regional=True...
2026-07-22 15:43:50,246 - INFO - [storyline._load_and_preprocess_model_data] - Found 4 files for tas (tas requested), INM-CM4-8.
2026-07-22 15:43:53,462 - INFO - [storyline._load_and_preprocess_model_data] - Loading tas for INM-CM4-8 (hist + ['ssp245']), force_regional=False...
2026-07-22 15:43:53,468 - INFO - [storyline._load_and_preprocess_model_data] - Found 4 files for tas (tas requested), INM-CM4-8.
2026-07-22 15:43:53,729 - INFO - [storyline._load_and_preprocess_model_data] - Loading ua for INM-CM5-0 (hist + ['ssp245']), force_regional=False...
2026-07-22 15:43:53,735 - INFO - [storyline._load_and_preprocess_model_data] - Found 27 files for ua (ua requested), INM-CM5-0.
2026-07-22 15:43:55,311 - INFO - [storyline._load_and_preprocess_model_data] - Loading pr for INM-CM5-0 (hist + ['ssp245']), force_regional=False...
2026-07-22 15:43:55,319 - INFO - [storyline._load_and_preprocess_model_data] - Found 3 files for pr (pr requested), INM-CM5-0.
2026-07-22 15:43:55,859 - INFO - [storyline._load_and_preprocess_model_data] - Loading tas for INM-CM5-0 (hist + ['ssp245']), force_regional=True...
2026-07-22 15:43:55,864 - INFO - [storyline._load_and_preprocess_model_data] - Found 3 files for tas (tas requested), INM-CM5-0.
2026-07-22 15:43:56,492 - INFO - [storyline._load_and_preprocess_model_data] - Loading tas for INM-CM5-0 (hist + ['ssp245']), force_regional=False...
2026-07-22 15:43:56,496 - INFO - [storyline._load_and_preprocess_model_data] - Found 3 files for tas (tas requested), INM-CM5-0.
2026-07-22 15:43:56,757 - INFO - [storyline._load_and_preprocess_model_data] - Loading ua for IPSL-CM6A-LR (hist + ['ssp245']), force_regional=False...
2026-07-22 15:43:56,763 - INFO - [storyline._load_and_preprocess_model_data] - Found 2 files for ua (ua requested), IPSL-CM6A-LR.
2026-07-22 15:43:57,941 - INFO - [storyline._load_and_preprocess_model_data] - Loading pr for IPSL-CM6A-LR (hist + ['ssp245']), force_regional=False...
2026-07-22 15:43:57,947 - INFO - [storyline._load_and_preprocess_model_data] - Found 2 files for pr (pr requested), IPSL-CM6A-LR.
2026-07-22 15:43:58,482 - INFO - [storyline._load_and_preprocess_model_data] - Loading tas for IPSL-CM6A-LR (hist + ['ssp245']), force_regional=True...
2026-07-22 15:43:58,487 - INFO - [storyline._load_and_preprocess_model_data] - Found 2 files for tas (tas requested), IPSL-CM6A-LR.
2026-07-22 15:43:59,602 - INFO - [storyline._load_and_preprocess_model_data] - Loading tas for IPSL-CM6A-LR (hist + ['ssp245']), force_regional=False...
2026-07-22 15:43:59,606 - INFO - [storyline._load_and_preprocess_model_data] - Found 2 files for tas (tas requested), IPSL-CM6A-LR.
2026-07-22 15:43:59,856 - INFO - [storyline._load_and_preprocess_model_data] - Loading ua for KACE-1-0-G (hist + ['ssp245']), force_regional=False...
2026-07-22 15:43:59,863 - INFO - [storyline._load_and_preprocess_model_data] - Found 2 files for ua (ua requested), KACE-1-0-G.
2026-07-22 15:44:01,745 - INFO - [storyline._load_and_preprocess_model_data] - Loading pr for KACE-1-0-G (hist + ['ssp245']), force_regional=False...
2026-07-22 15:44:01,750 - INFO - [storyline._load_and_preprocess_model_data] - Found 2 files for pr (pr requested), KACE-1-0-G.
2026-07-22 15:44:02,276 - INFO - [storyline._load_and_preprocess_model_data] - Loading tas for KACE-1-0-G (hist + ['ssp245']), force_regional=True...
2026-07-22 15:44:02,281 - INFO - [storyline._load_and_preprocess_model_data] - Found 2 files for tas (tas requested), KACE-1-0-G.
2026-07-22 15:44:03,771 - INFO - [storyline._load_and_preprocess_model_data] - Loading tas for KACE-1-0-G (hist + ['ssp245']), force_regional=False...
2026-07-22 15:44:03,775 - INFO - [storyline._load_and_preprocess_model_data] - Found 2 files for tas (tas requested), KACE-1-0-G.
2026-07-22 15:44:04,025 - INFO - [storyline._load_and_preprocess_model_data] - Loading ua for KIOST-ESM (hist + ['ssp245']), force_regional=False...
2026-07-22 15:44:04,031 - INFO - [storyline._load_and_preprocess_model_data] - Found 2 files for ua (ua requested), KIOST-ESM.
2026-07-22 15:44:07,466 - INFO - [storyline._load_and_preprocess_model_data] - Loading pr for KIOST-ESM (hist + ['ssp245']), force_regional=False...
2026-07-22 15:44:07,472 - INFO - [storyline._load_and_preprocess_model_data] - Found 2 files for pr (pr requested), KIOST-ESM.
2026-07-22 15:44:10,206 - INFO - [storyline._load_and_preprocess_model_data] - Loading tas for KIOST-ESM (hist + ['ssp245']), force_regional=True...
2026-07-22 15:44:10,212 - INFO - [storyline._load_and_preprocess_model_data] - Found 3 files for tas (tas requested), KIOST-ESM.
2026-07-22 15:44:13,139 - INFO - [storyline._load_and_preprocess_model_data] - Loading tas for KIOST-ESM (hist + ['ssp245']), force_regional=False...
2026-07-22 15:44:13,144 - INFO - [storyline._load_and_preprocess_model_data] - Found 3 files for tas (tas requested), KIOST-ESM.
2026-07-22 15:44:13,462 - INFO - [storyline._load_and_preprocess_model_data] - Loading ua for MIROC-ES2L (hist + ['ssp245']), force_regional=False...
2026-07-22 15:44:13,466 - INFO - [storyline._load_and_preprocess_model_data] - Found 2 files for ua (ua requested), MIROC-ES2L.
2026-07-22 15:44:16,718 - INFO - [storyline._load_and_preprocess_model_data] - Loading pr for MIROC-ES2L (hist + ['ssp245']), force_regional=False...
2026-07-22 15:44:16,724 - INFO - [storyline._load_and_preprocess_model_data] - Found 2 files for pr (pr requested), MIROC-ES2L.
2026-07-22 15:44:18,788 - INFO - [storyline._load_and_preprocess_model_data] - Loading tas for MIROC-ES2L (hist + ['ssp245']), force_regional=True...
2026-07-22 15:44:18,793 - INFO - [storyline._load_and_preprocess_model_data] - Found 2 files for tas (tas requested), MIROC-ES2L.
2026-07-22 15:44:21,534 - INFO - [storyline._load_and_preprocess_model_data] - Loading tas for MIROC-ES2L (hist + ['ssp245']), force_regional=False...
2026-07-22 15:44:21,538 - INFO - [storyline._load_and_preprocess_model_data] - Found 2 files for tas (tas requested), MIROC-ES2L.
2026-07-22 15:44:21,794 - INFO - [storyline._load_and_preprocess_model_data] - Loading ua for MIROC6 (hist + ['ssp245']), force_regional=False...
2026-07-22 15:44:21,800 - INFO - [storyline._load_and_preprocess_model_data] - Found 25 files for ua (ua requested), MIROC6.
2026-07-22 15:44:25,105 - INFO - [storyline._load_and_preprocess_model_data] - Loading pr for MIROC6 (hist + ['ssp245']), force_regional=False...
2026-07-22 15:44:25,112 - INFO - [storyline._load_and_preprocess_model_data] - Found 3 files for pr (pr requested), MIROC6.
2026-07-22 15:44:27,408 - INFO - [storyline._load_and_preprocess_model_data] - Loading tas for MIROC6 (hist + ['ssp245']), force_regional=True...
2026-07-22 15:44:27,413 - INFO - [storyline._load_and_preprocess_model_data] - Found 3 files for tas (tas requested), MIROC6.
2026-07-22 15:44:28,958 - INFO - [storyline._load_and_preprocess_model_data] - Loading tas for MIROC6 (hist + ['ssp245']), force_regional=False...
2026-07-22 15:44:28,963 - INFO - [storyline._load_and_preprocess_model_data] - Found 3 files for tas (tas requested), MIROC6.
2026-07-22 15:44:29,216 - INFO - [storyline._load_and_preprocess_model_data] - Loading ua for MPI-ESM1-2-HR (hist + ['ssp245']), force_regional=False...
2026-07-22 15:44:29,222 - INFO - [storyline._load_and_preprocess_model_data] - Found 57 files for ua (ua requested), MPI-ESM1-2-HR.
2026-07-22 15:44:31,101 - INFO - [storyline._load_and_preprocess_model_data] - Loading pr for MPI-ESM1-2-HR (hist + ['ssp245']), force_regional=False...
2026-07-22 15:44:31,111 - INFO - [storyline._load_and_preprocess_model_data] - Found 51 files for pr (pr requested), MPI-ESM1-2-HR.
2026-07-22 15:44:33,642 - INFO - [storyline._load_and_preprocess_model_data] - Loading tas for MPI-ESM1-2-HR (hist + ['ssp245']), force_regional=True...
2026-07-22 15:44:33,651 - INFO - [storyline._load_and_preprocess_model_data] - Found 51 files for tas (tas requested), MPI-ESM1-2-HR.
2026-07-22 15:44:36,511 - INFO - [storyline._load_and_preprocess_model_data] - Loading tas for MPI-ESM1-2-HR (hist + ['ssp245']), force_regional=False...
2026-07-22 15:44:36,520 - INFO - [storyline._load_and_preprocess_model_data] - Found 51 files for tas (tas requested), MPI-ESM1-2-HR.
2026-07-22 15:44:37,205 - INFO - [storyline._load_and_preprocess_model_data] - Loading ua for MPI-ESM1-2-LR (hist + ['ssp245']), force_regional=False...
2026-07-22 15:44:37,215 - INFO - [storyline._load_and_preprocess_model_data] - Found 14 files for ua (ua requested), MPI-ESM1-2-LR.
2026-07-22 15:44:40,541 - INFO - [storyline._load_and_preprocess_model_data] - Loading pr for MPI-ESM1-2-LR (hist + ['ssp245']), force_regional=False...
2026-07-22 15:44:40,549 - INFO - [storyline._load_and_preprocess_model_data] - Found 14 files for pr (pr requested), MPI-ESM1-2-LR.
2026-07-22 15:44:42,827 - INFO - [storyline._load_and_preprocess_model_data] - Loading tas for MPI-ESM1-2-LR (hist + ['ssp245']), force_regional=True...
2026-07-22 15:44:42,834 - INFO - [storyline._load_and_preprocess_model_data] - Found 14 files for tas (tas requested), MPI-ESM1-2-LR.
2026-07-22 15:44:45,159 - INFO - [storyline._load_and_preprocess_model_data] - Loading tas for MPI-ESM1-2-LR (hist + ['ssp245']), force_regional=False...
2026-07-22 15:44:45,164 - INFO - [storyline._load_and_preprocess_model_data] - Found 14 files for tas (tas requested), MPI-ESM1-2-LR.
2026-07-22 15:44:45,501 - INFO - [storyline._load_and_preprocess_model_data] - Loading ua for MRI-ESM2-0 (hist + ['ssp245']), force_regional=False...
2026-07-22 15:44:45,508 - INFO - [storyline._load_and_preprocess_model_data] - Found 6 files for ua (ua requested), MRI-ESM2-0.
2026-07-22 15:44:48,509 - INFO - [storyline._load_and_preprocess_model_data] - Loading pr for MRI-ESM2-0 (hist + ['ssp245']), force_regional=False...
2026-07-22 15:44:48,515 - INFO - [storyline._load_and_preprocess_model_data] - Found 2 files for pr (pr requested), MRI-ESM2-0.
2026-07-22 15:44:49,896 - INFO - [storyline._load_and_preprocess_model_data] - Loading tas for MRI-ESM2-0 (hist + ['ssp245']), force_regional=True...
2026-07-22 15:44:49,901 - INFO - [storyline._load_and_preprocess_model_data] - Found 2 files for tas (tas requested), MRI-ESM2-0.
2026-07-22 15:44:52,322 - INFO - [storyline._load_and_preprocess_model_data] - Loading tas for MRI-ESM2-0 (hist + ['ssp245']), force_regional=False...
2026-07-22 15:44:52,326 - INFO - [storyline._load_and_preprocess_model_data] - Found 2 files for tas (tas requested), MRI-ESM2-0.
2026-07-22 15:44:52,534 - INFO - [storyline._load_and_preprocess_model_data] - Loading ua for NorESM2-MM (hist + ['ssp245']), force_regional=False...
2026-07-22 15:44:52,540 - INFO - [storyline._load_and_preprocess_model_data] - Found 27 files for ua (ua requested), NorESM2-MM.
2026-07-22 15:44:55,614 - INFO - [storyline._load_and_preprocess_model_data] - Loading pr for NorESM2-MM (hist + ['ssp245']), force_regional=False...
2026-07-22 15:44:55,622 - INFO - [storyline._load_and_preprocess_model_data] - Found 26 files for pr (pr requested), NorESM2-MM.
2026-07-22 15:44:56,317 - INFO - [storyline._load_and_preprocess_model_data] - Loading tas for NorESM2-MM (hist + ['ssp245']), force_regional=True...
2026-07-22 15:44:56,325 - INFO - [storyline._load_and_preprocess_model_data] - Found 26 files for tas (tas requested), NorESM2-MM.
2026-07-22 15:44:56,976 - INFO - [storyline._load_and_preprocess_model_data] - Loading tas for NorESM2-MM (hist + ['ssp245']), force_regional=False...
2026-07-22 15:44:56,984 - INFO - [storyline._load_and_preprocess_model_data] - Found 26 files for tas (tas requested), NorESM2-MM.
2026-07-22 15:44:57,402 - INFO - [storyline._load_and_preprocess_model_data] - Loading ua for UKESM1-0-LL (hist + ['ssp245']), force_regional=False...
2026-07-22 15:44:57,410 - INFO - [storyline._load_and_preprocess_model_data] - Found 7 files for ua (ua requested), UKESM1-0-LL.
2026-07-22 15:44:58,597 - INFO - [storyline._load_and_preprocess_model_data] - Loading pr for UKESM1-0-LL (hist + ['ssp245']), force_regional=False...
2026-07-22 15:44:58,604 - INFO - [storyline._load_and_preprocess_model_data] - Found 4 files for pr (pr requested), UKESM1-0-LL.
2026-07-22 15:44:59,491 - INFO - [storyline._load_and_preprocess_model_data] - Loading tas for UKESM1-0-LL (hist + ['ssp245']), force_regional=True...
2026-07-22 15:44:59,497 - INFO - [storyline._load_and_preprocess_model_data] - Found 3 files for tas (tas requested), UKESM1-0-LL.
2026-07-22 15:45:00,145 - INFO - [storyline._load_and_preprocess_model_data] - Loading tas for UKESM1-0-LL (hist + ['ssp245']), force_regional=False...
2026-07-22 15:45:00,149 - INFO - [storyline._load_and_preprocess_model_data] - Found 3 files for tas (tas requested), UKESM1-0-LL.
2026-07-22 15:45:00,441 - INFO - [storyline.analyze_cmip6_changes_at_gwl] - 
--- Loading Danube Discharge Data ---
2026-07-22 15:45:00,441 - INFO - [data_processing.process_discharge_data] - Processing Danube discharge data for specified CMIP6 models...
2026-07-22 15:45:00,580 - INFO - [data_processing.process_discharge_data] - Successfully processed discharge data for CESM2_ssp245
2026-07-22 15:45:00,581 - INFO - [data_processing.process_discharge_data] - Successfully processed discharge data for CMCC-ESM2_ssp245
2026-07-22 15:45:00,582 - INFO - [data_processing.process_discharge_data] - Successfully processed discharge data for MIROC6_ssp245
2026-07-22 15:45:00,583 - INFO - [data_processing.process_discharge_data] - Successfully processed discharge data for EC-Earth3_ssp245
2026-07-22 15:45:00,584 - INFO - [data_processing.process_discharge_data] - Successfully processed discharge data for EC-Earth3-CC_ssp245
2026-07-22 15:45:00,585 - INFO - [data_processing.process_discharge_data] - Successfully processed discharge data for CMCC-CM2-SR5_ssp245
2026-07-22 15:45:00,586 - INFO - [data_processing.process_discharge_data] - Successfully processed discharge data for INM-CM4-8_ssp245
2026-07-22 15:45:00,587 - INFO - [data_processing.process_discharge_data] - Successfully processed discharge data for EC-Earth3-Veg-LR_ssp245
2026-07-22 15:45:00,588 - INFO - [data_processing.process_discharge_data] - Successfully processed discharge data for KACE-1-0-G_ssp245
2026-07-22 15:45:00,589 - INFO - [data_processing.process_discharge_data] - Successfully processed discharge data for INM-CM5-0_ssp245
2026-07-22 15:45:00,590 - INFO - [data_processing.process_discharge_data] - Successfully processed discharge data for NorESM2-MM_ssp245
2026-07-22 15:45:00,591 - INFO - [data_processing.process_discharge_data] - Successfully processed discharge data for MPI-ESM1-2-LR_ssp245
2026-07-22 15:45:00,592 - INFO - [data_processing.process_discharge_data] - Successfully processed discharge data for GFDL-ESM4_ssp245
2026-07-22 15:45:00,593 - INFO - [data_processing.process_discharge_data] - Successfully processed discharge data for IPSL-CM6A-LR_ssp245
2026-07-22 15:45:00,594 - INFO - [data_processing.process_discharge_data] - Successfully processed discharge data for KIOST-ESM_ssp245
2026-07-22 15:45:00,595 - INFO - [data_processing.process_discharge_data] - Successfully processed discharge data for UKESM1-0-LL_ssp245
2026-07-22 15:45:00,596 - INFO - [data_processing.process_discharge_data] - Successfully processed discharge data for MIROC-ES2L_ssp245
2026-07-22 15:45:00,597 - INFO - [data_processing.process_discharge_data] - Successfully processed discharge data for MPI-ESM1-2-HR_ssp245
2026-07-22 15:45:00,599 - INFO - [data_processing.process_discharge_data] - Successfully processed discharge data for HadGEM3-GC31-LL_ssp245
2026-07-22 15:45:00,600 - INFO - [data_processing.process_discharge_data] - Successfully processed discharge data for ACCESS-ESM1-5_ssp245
2026-07-22 15:45:00,600 - INFO - [data_processing.process_discharge_data] - Successfully processed discharge data for CanESM5_ssp245
2026-07-22 15:45:00,602 - INFO - [data_processing.process_discharge_data] - Successfully processed discharge data for CESM2-WACCM_ssp245
2026-07-22 15:45:00,603 - INFO - [data_processing.process_discharge_data] - Successfully processed discharge data for MRI-ESM2-0_ssp245
2026-07-22 15:45:00,604 - INFO - [data_processing.process_discharge_data] - Successfully processed discharge data for ACCESS-CM2_ssp245
2026-07-22 15:45:00,605 - INFO - [data_processing.process_discharge_data] - Successfully processed discharge data for IITM-ESM_ssp245
2026-07-22 15:45:00,728 - INFO - [data_processing.process_discharge_data] - Successfully processed discharge data for CESM2_ssp585
2026-07-22 15:45:00,728 - INFO - [data_processing.process_discharge_data] - Successfully processed discharge data for CMCC-ESM2_ssp585
2026-07-22 15:45:00,729 - INFO - [data_processing.process_discharge_data] - Successfully processed discharge data for MIROC6_ssp585
2026-07-22 15:45:00,730 - INFO - [data_processing.process_discharge_data] - Successfully processed discharge data for EC-Earth3_ssp585
2026-07-22 15:45:00,731 - INFO - [data_processing.process_discharge_data] - Successfully processed discharge data for EC-Earth3-CC_ssp585
2026-07-22 15:45:00,731 - INFO - [data_processing.process_discharge_data] - Successfully processed discharge data for CMCC-CM2-SR5_ssp585
2026-07-22 15:45:00,732 - INFO - [data_processing.process_discharge_data] - Successfully processed discharge data for INM-CM4-8_ssp585
2026-07-22 15:45:00,733 - INFO - [data_processing.process_discharge_data] - Successfully processed discharge data for EC-Earth3-Veg-LR_ssp585
2026-07-22 15:45:00,733 - INFO - [data_processing.process_discharge_data] - Successfully processed discharge data for KACE-1-0-G_ssp585
2026-07-22 15:45:00,734 - INFO - [data_processing.process_discharge_data] - Successfully processed discharge data for INM-CM5-0_ssp585
2026-07-22 15:45:00,734 - INFO - [data_processing.process_discharge_data] - Successfully processed discharge data for NorESM2-MM_ssp585
2026-07-22 15:45:00,735 - INFO - [data_processing.process_discharge_data] - Successfully processed discharge data for MPI-ESM1-2-LR_ssp585
2026-07-22 15:45:00,736 - INFO - [data_processing.process_discharge_data] - Successfully processed discharge data for GFDL-ESM4_ssp585
2026-07-22 15:45:00,736 - INFO - [data_processing.process_discharge_data] - Successfully processed discharge data for IPSL-CM6A-LR_ssp585
2026-07-22 15:45:00,737 - INFO - [data_processing.process_discharge_data] - Successfully processed discharge data for KIOST-ESM_ssp585
2026-07-22 15:45:00,738 - INFO - [data_processing.process_discharge_data] - Successfully processed discharge data for UKESM1-0-LL_ssp585
2026-07-22 15:45:00,739 - INFO - [data_processing.process_discharge_data] - Successfully processed discharge data for MIROC-ES2L_ssp585
2026-07-22 15:45:00,740 - INFO - [data_processing.process_discharge_data] - Successfully processed discharge data for MPI-ESM1-2-HR_ssp585
2026-07-22 15:45:00,741 - INFO - [data_processing.process_discharge_data] - Successfully processed discharge data for HadGEM3-GC31-LL_ssp585
2026-07-22 15:45:00,742 - INFO - [data_processing.process_discharge_data] - Successfully processed discharge data for ACCESS-ESM1-5_ssp585
2026-07-22 15:45:00,743 - INFO - [data_processing.process_discharge_data] - Successfully processed discharge data for CanESM5_ssp585
2026-07-22 15:45:00,744 - INFO - [data_processing.process_discharge_data] - Successfully processed discharge data for CESM2-WACCM_ssp585
2026-07-22 15:45:00,745 - INFO - [data_processing.process_discharge_data] - Successfully processed discharge data for MRI-ESM2-0_ssp585
2026-07-22 15:45:00,746 - INFO - [data_processing.process_discharge_data] - Successfully processed discharge data for ACCESS-CM2_ssp585
2026-07-22 15:45:00,747 - INFO - [data_processing.process_discharge_data] - Successfully processed discharge data for IITM-ESM_ssp585
2026-07-22 15:45:01,568 - INFO - [storyline.analyze_cmip6_changes_at_gwl] - 
--- GWL Timing and Analysis Window Details ---
2026-07-22 15:45:01,568 - INFO - [storyline.analyze_cmip6_changes_at_gwl] - GWL 2.0°C reached in 2041 for ACCESS-CM2 (ssp245). Analysis Window: 2026-2056 (31 years)
2026-07-22 15:45:01,568 - INFO - [storyline.analyze_cmip6_changes_at_gwl] - GWL 3.0°C reached in 2071 for ACCESS-CM2 (ssp245). Analysis Window: 2056-2086 (31 years)
2026-07-22 15:45:01,568 - INFO - [storyline.analyze_cmip6_changes_at_gwl] - GWL 2.0°C reached in 2045 for ACCESS-ESM1-5 (ssp245). Analysis Window: 2030-2060 (31 years)
2026-07-22 15:45:01,568 - INFO - [storyline.analyze_cmip6_changes_at_gwl] - GWL 2.0°C reached in 2046 for CESM2 (ssp245). Analysis Window: 2031-2061 (31 years)
2026-07-22 15:45:01,568 - INFO - [storyline.analyze_cmip6_changes_at_gwl] - GWL 3.0°C reached in 2081 for CESM2 (ssp245). Analysis Window: 2066-2096 (31 years)
2026-07-22 15:45:01,568 - INFO - [storyline.analyze_cmip6_changes_at_gwl] - GWL 2.0°C reached in 2039 for CESM2-WACCM (ssp245). Analysis Window: 2024-2054 (31 years)
2026-07-22 15:45:01,568 - INFO - [storyline.analyze_cmip6_changes_at_gwl] - GWL 3.0°C reached in 2076 for CESM2-WACCM (ssp245). Analysis Window: 2061-2091 (31 years)
2026-07-22 15:45:01,568 - INFO - [storyline.analyze_cmip6_changes_at_gwl] - GWL 2.0°C reached in 2038 for CMCC-CM2-SR5 (ssp245). Analysis Window: 2023-2053 (31 years)
2026-07-22 15:45:01,568 - INFO - [storyline.analyze_cmip6_changes_at_gwl] - GWL 3.0°C reached in 2066 for CMCC-CM2-SR5 (ssp245). Analysis Window: 2051-2081 (31 years)
2026-07-22 15:45:01,568 - INFO - [storyline.analyze_cmip6_changes_at_gwl] - GWL 2.0°C reached in 2041 for CMCC-ESM2 (ssp245). Analysis Window: 2026-2056 (31 years)
2026-07-22 15:45:01,568 - INFO - [storyline.analyze_cmip6_changes_at_gwl] - GWL 3.0°C reached in 2066 for CMCC-ESM2 (ssp245). Analysis Window: 2051-2081 (31 years)
2026-07-22 15:45:01,568 - INFO - [storyline.analyze_cmip6_changes_at_gwl] - GWL 2.0°C reached in 2024 for CanESM5 (ssp245). Analysis Window: 2009-2039 (31 years)
2026-07-22 15:45:01,569 - INFO - [storyline.analyze_cmip6_changes_at_gwl] - GWL 3.0°C reached in 2050 for CanESM5 (ssp245). Analysis Window: 2035-2065 (31 years)
2026-07-22 15:45:01,569 - INFO - [storyline.analyze_cmip6_changes_at_gwl] - GWL 2.0°C reached in 2035 for EC-Earth3-CC (ssp245). Analysis Window: 2020-2050 (31 years)
2026-07-22 15:45:01,569 - INFO - [storyline.analyze_cmip6_changes_at_gwl] - GWL 3.0°C reached in 2074 for EC-Earth3-CC (ssp245). Analysis Window: 2059-2089 (31 years)
2026-07-22 15:45:01,569 - INFO - [storyline.analyze_cmip6_changes_at_gwl] - GWL 2.0°C reached in 2050 for EC-Earth3-Veg-LR (ssp245). Analysis Window: 2035-2065 (31 years)
2026-07-22 15:45:01,569 - INFO - [storyline.analyze_cmip6_changes_at_gwl] - GWL 2.0°C reached in 2044 for EC-Earth3 (ssp245). Analysis Window: 2029-2059 (31 years)
2026-07-22 15:45:01,569 - INFO - [storyline.analyze_cmip6_changes_at_gwl] - GWL 2.0°C reached in 2073 for GFDL-ESM4 (ssp245). Analysis Window: 2058-2088 (31 years)
2026-07-22 15:45:01,569 - INFO - [storyline.analyze_cmip6_changes_at_gwl] - GWL 2.0°C reached in 2034 for HadGEM3-GC31-LL (ssp245). Analysis Window: 2019-2049 (31 years)
2026-07-22 15:45:01,569 - INFO - [storyline.analyze_cmip6_changes_at_gwl] - GWL 3.0°C reached in 2062 for HadGEM3-GC31-LL (ssp245). Analysis Window: 2047-2077 (31 years)
2026-07-22 15:45:01,569 - INFO - [storyline.analyze_cmip6_changes_at_gwl] - GWL 2.0°C reached in 2064 for IITM-ESM (ssp245). Analysis Window: 2049-2079 (31 years)
2026-07-22 15:45:01,569 - INFO - [storyline.analyze_cmip6_changes_at_gwl] - GWL 2.0°C reached in 2064 for INM-CM4-8 (ssp245). Analysis Window: 2049-2079 (31 years)
2026-07-22 15:45:01,569 - INFO - [storyline.analyze_cmip6_changes_at_gwl] - GWL 2.0°C reached in 2072 for INM-CM5-0 (ssp245). Analysis Window: 2057-2087 (31 years)
2026-07-22 15:45:01,569 - INFO - [storyline.analyze_cmip6_changes_at_gwl] - GWL 2.0°C reached in 2034 for IPSL-CM6A-LR (ssp245). Analysis Window: 2019-2049 (31 years)
2026-07-22 15:45:01,569 - INFO - [storyline.analyze_cmip6_changes_at_gwl] - GWL 3.0°C reached in 2065 for IPSL-CM6A-LR (ssp245). Analysis Window: 2050-2080 (31 years)
2026-07-22 15:45:01,569 - INFO - [storyline.analyze_cmip6_changes_at_gwl] - GWL 2.0°C reached in 2024 for KACE-1-0-G (ssp245). Analysis Window: 2009-2039 (31 years)
2026-07-22 15:45:01,569 - INFO - [storyline.analyze_cmip6_changes_at_gwl] - GWL 3.0°C reached in 2051 for KACE-1-0-G (ssp245). Analysis Window: 2036-2066 (31 years)
2026-07-22 15:45:01,569 - INFO - [storyline.analyze_cmip6_changes_at_gwl] - GWL 2.0°C reached in 2042 for KIOST-ESM (ssp245). Analysis Window: 2027-2057 (31 years)
2026-07-22 15:45:01,569 - INFO - [storyline.analyze_cmip6_changes_at_gwl] - GWL 2.0°C reached in 2064 for MIROC-ES2L (ssp245). Analysis Window: 2049-2079 (31 years)
2026-07-22 15:45:01,569 - INFO - [storyline.analyze_cmip6_changes_at_gwl] - GWL 2.0°C reached in 2075 for MIROC6 (ssp245). Analysis Window: 2060-2090 (31 years)
2026-07-22 15:45:01,569 - INFO - [storyline.analyze_cmip6_changes_at_gwl] - GWL 2.0°C reached in 2061 for MPI-ESM1-2-HR (ssp245). Analysis Window: 2046-2076 (31 years)
2026-07-22 15:45:01,569 - INFO - [storyline.analyze_cmip6_changes_at_gwl] - GWL 2.0°C reached in 2060 for MPI-ESM1-2-LR (ssp245). Analysis Window: 2045-2075 (31 years)
2026-07-22 15:45:01,569 - INFO - [storyline.analyze_cmip6_changes_at_gwl] - GWL 2.0°C reached in 2049 for MRI-ESM2-0 (ssp245). Analysis Window: 2034-2064 (31 years)
2026-07-22 15:45:01,569 - INFO - [storyline.analyze_cmip6_changes_at_gwl] - GWL 2.0°C reached in 2081 for NorESM2-MM (ssp245). Analysis Window: 2066-2096 (31 years)
2026-07-22 15:45:01,569 - INFO - [storyline.analyze_cmip6_changes_at_gwl] - GWL 2.0°C reached in 2035 for UKESM1-0-LL (ssp245). Analysis Window: 2020-2050 (31 years)
2026-07-22 15:45:01,569 - INFO - [storyline.analyze_cmip6_changes_at_gwl] - GWL 3.0°C reached in 2059 for UKESM1-0-LL (ssp245). Analysis Window: 2044-2074 (31 years)
2026-07-22 15:45:03,872 - INFO - [data_processing.calculate_spei] - Calculating SPEI with a 4-month scale (Spatial: False)...
2026-07-22 15:45:06,132 - INFO - [data_processing.calculate_spei] - Calculating SPEI with a 4-month scale (Spatial: False)...
2026-07-22 15:45:08,429 - INFO - [data_processing.calculate_spei] - Calculating SPEI with a 4-month scale (Spatial: False)...
2026-07-22 15:45:10,567 - INFO - [data_processing.calculate_spei] - Calculating SPEI with a 4-month scale (Spatial: False)...
2026-07-22 15:45:12,778 - INFO - [data_processing.calculate_spei] - Calculating SPEI with a 4-month scale (Spatial: False)...
2026-07-22 15:45:14,999 - INFO - [data_processing.calculate_spei] - Calculating SPEI with a 4-month scale (Spatial: False)...
2026-07-22 15:45:17,132 - INFO - [data_processing.calculate_spei] - Calculating SPEI with a 4-month scale (Spatial: False)...
2026-07-22 15:45:19,315 - INFO - [data_processing.calculate_spei] - Calculating SPEI with a 4-month scale (Spatial: False)...
2026-07-22 15:45:21,399 - INFO - [data_processing.calculate_spei] - Calculating SPEI with a 4-month scale (Spatial: False)...
2026-07-22 15:45:23,684 - INFO - [data_processing.calculate_spei] - Calculating SPEI with a 4-month scale (Spatial: False)...
2026-07-22 15:45:26,177 - INFO - [data_processing.calculate_spei] - Calculating SPEI with a 4-month scale (Spatial: False)...
2026-07-22 15:45:30,005 - INFO - [data_processing.calculate_spei] - Calculating SPEI with a 4-month scale (Spatial: False)...
2026-07-22 15:45:34,583 - INFO - [data_processing.calculate_spei] - Calculating SPEI with a 4-month scale (Spatial: False)...
2026-07-22 15:45:39,808 - INFO - [data_processing.calculate_spei] - Calculating SPEI with a 4-month scale (Spatial: False)...
2026-07-22 15:45:47,207 - INFO - [data_processing.calculate_spei] - Calculating SPEI with a 4-month scale (Spatial: False)...
2026-07-22 15:45:52,735 - INFO - [data_processing.calculate_spei] - Calculating SPEI with a 4-month scale (Spatial: False)...
2026-07-22 15:45:56,366 - INFO - [data_processing.calculate_spei] - Calculating SPEI with a 4-month scale (Spatial: False)...
2026-07-22 15:46:01,629 - INFO - [data_processing.calculate_spei] - Calculating SPEI with a 4-month scale (Spatial: False)...
2026-07-22 15:46:08,105 - INFO - [data_processing.calculate_spei] - Calculating SPEI with a 4-month scale (Spatial: False)...
2026-07-22 15:46:15,307 - INFO - [data_processing.calculate_spei] - Calculating SPEI with a 4-month scale (Spatial: False)...
2026-07-22 15:46:22,754 - INFO - [data_processing.calculate_spei] - Calculating SPEI with a 4-month scale (Spatial: False)...
2026-07-22 15:46:28,260 - INFO - [data_processing.calculate_spei] - Calculating SPEI with a 4-month scale (Spatial: False)...
2026-07-22 15:46:35,646 - INFO - [data_processing.calculate_spei] - Calculating SPEI with a 4-month scale (Spatial: False)...
2026-07-22 15:46:42,528 - INFO - [data_processing.calculate_spei] - Calculating SPEI with a 4-month scale (Spatial: False)...
2026-07-22 15:46:47,278 - INFO - [data_processing.calculate_spei] - Calculating SPEI with a 4-month scale (Spatial: False)...
2026-07-22 15:46:48,395 - INFO - [storyline.analyze_cmip6_changes_at_gwl] - --- DEBUG: CHECKING MMM_CHANGES ---
2026-07-22 15:46:48,395 - INFO - [storyline.analyze_cmip6_changes_at_gwl] -   GWL 2.0°C -> DJF_pr: 4.141593988295489, JJA_pr: -3.761023106150497
2026-07-22 15:46:48,396 - INFO - [storyline.analyze_cmip6_changes_at_gwl] -   GWL 3.0°C -> DJF_pr: 9.336775094630344, JJA_pr: -6.1407181869917675
2026-07-22 15:46:48,396 - INFO - [storyline.analyze_cmip6_changes_at_gwl] - --- END DEBUG ---
2026-07-22 15:46:48,396 - INFO - [storyline.classify_models_into_storylines_2d] - Classifying models into 2D, Axial, and Extreme storylines (Inner Radius for Axial: 0.5 std. dev.)...
2026-07-22 15:46:49,405 - INFO - [main.run_full_analysis] - Plot '/nas/home/vlw/Desktop/STREAM/paper1-plots/cmip6_jet_changes_vs_gwl_ssp245.png' already exists.
2026-07-22 15:46:49,407 - INFO - [main.run_full_analysis] - Plot '/nas/home/vlw/Desktop/STREAM/paper1-plots/cmip6_jet_inter_relationship_scatter_quadrants_ssp245.png' already exists.
2026-07-22 15:46:49,410 - INFO - [main.run_full_analysis] - Climate evolution plots and final fig 3 base for ssp245 already exist. Skipping.
2026-07-22 15:46:49,410 - INFO - [main.run_full_analysis] - Plot '/nas/home/vlw/Desktop/STREAM/paper1-plots/storyline_u850_change_maps_ssp245.png' already exists.
2026-07-22 15:46:49,434 - INFO - [main.run_full_analysis] - Injected 12 Extreme and 12 Non-Extreme models for DJF GWL 2.0.
2026-07-22 15:46:49,454 - INFO - [main.run_full_analysis] - Injected 12 Extreme and 12 Non-Extreme models for JJA GWL 2.0.
2026-07-22 15:46:49,470 - INFO - [main.run_full_analysis] - Injected 5 Extreme and 5 Non-Extreme models for DJF GWL 3.0.
2026-07-22 15:46:49,486 - INFO - [main.run_full_analysis] - Injected 5 Extreme and 5 Non-Extreme models for JJA GWL 3.0.
2026-07-22 15:46:49,486 - INFO - [main.run_full_analysis] - Calculating half-year EVA return period data for ssp245...
2026-07-22 15:46:49,486 - INFO - [storyline.analyze_storyline_discharge_extremes] - Analyzing storyline discharge... mit GEPPOOLTER GEV-Logik (v4.3) + BOOTSTRAPPING (Median) + Long-Term Data Support...
2026-07-22 15:46:49,486 - INFO - [storyline.analyze_storyline_discharge_extremes] - Calculating historical EVA thresholds and return periods based on ANNUAL peaks (for all seasons)...
2026-07-22 15:46:49,504 - INFO - [storyline.analyze_storyline_discharge_extremes] -   -> Annual LNWL Return Period: 1.22 years
2026-07-22 15:46:49,504 - INFO - [storyline.analyze_storyline_discharge_extremes] - Calculating REFERENCE historical thresholds (Obs only)...
2026-07-22 15:46:49,504 - INFO - [stats_analyzer.calculate_eva_thresholds] - Calculating EVA thresholds for FULL YEAR...
2026-07-22 15:46:49,515 - INFO - [stats_analyzer.calculate_eva_thresholds] - Calculating EVA thresholds for 1Q (low, full_year) using Empirical Quantiles...
2026-07-22 15:46:49,531 - INFO - [stats_analyzer.calculate_eva_thresholds] - Calculating EVA thresholds for 7Q (low, full_year) using Empirical Quantiles...
2026-07-22 15:46:49,546 - INFO - [stats_analyzer.calculate_eva_thresholds] - Calculating EVA thresholds for 30Q (low, full_year) using Empirical Quantiles...
2026-07-22 15:46:49,547 - INFO - [stats_analyzer.calculate_eva_thresholds] - Calculating EVA thresholds for FULL YEAR...
2026-07-22 15:46:49,557 - INFO - [stats_analyzer.calculate_eva_thresholds] - Calculating EVA thresholds for 1Q (high, full_year) using Empirical Quantiles...
2026-07-22 15:46:49,573 - INFO - [stats_analyzer.calculate_eva_thresholds] - Calculating EVA thresholds for 7Q (high, full_year) using Empirical Quantiles...
2026-07-22 15:46:49,589 - INFO - [stats_analyzer.calculate_eva_thresholds] - Calculating EVA thresholds for 30Q (high, full_year) using Empirical Quantiles...
2026-07-22 15:46:49,589 - INFO - [storyline.analyze_storyline_discharge_extremes] - Calculating historical seasonal breakdown for verification (Hydrological Half-Years: Nov-Apr, May-Oct)...
2026-07-22 15:47:04,133 - INFO - [storyline.analyze_storyline_discharge_extremes] -   Analyzing 7Q10_low for MMM (winter, GWL 2.0)...
2026-07-22 15:47:04,149 - INFO - [storyline.analyze_storyline_discharge_extremes] -     -> Result 7Q10_low: Median T = 10.3 (N=19)
2026-07-22 15:47:04,149 - INFO - [storyline.analyze_storyline_discharge_extremes] -   Analyzing 7Q30_low for MMM (winter, GWL 2.0)...
2026-07-22 15:47:04,163 - INFO - [storyline.analyze_storyline_discharge_extremes] -     -> Result 7Q30_low: Median T = 15.5 (N=15)
2026-07-22 15:47:04,163 - INFO - [storyline.analyze_storyline_discharge_extremes] -   Analyzing 7Q10_high for MMM (winter, GWL 2.0)...
2026-07-22 15:47:04,178 - INFO - [storyline.analyze_storyline_discharge_extremes] -     -> Result 7Q10_high: Median T = 15.5 (N=17)
2026-07-22 15:47:04,178 - INFO - [storyline.analyze_storyline_discharge_extremes] -   Analyzing 7Q30_high for MMM (winter, GWL 2.0)...
2026-07-22 15:47:04,191 - INFO - [storyline.analyze_storyline_discharge_extremes] -     -> Result 7Q30_high: Median T = 31.0 (N=11)
2026-07-22 15:47:04,191 - INFO - [storyline.analyze_storyline_discharge_extremes] -   Analyzing 30Q10_low for MMM (winter, GWL 2.0)...
2026-07-22 15:47:04,206 - INFO - [storyline.analyze_storyline_discharge_extremes] -     -> Result 30Q10_low: Median T = 7.8 (N=17)
2026-07-22 15:47:04,206 - INFO - [storyline.analyze_storyline_discharge_extremes] -   Analyzing 30Q30_low for MMM (winter, GWL 2.0)...
2026-07-22 15:47:04,220 - INFO - [storyline.analyze_storyline_discharge_extremes] -     -> Result 30Q30_low: Median T = 15.5 (N=13)
2026-07-22 15:47:04,220 - INFO - [storyline.analyze_storyline_discharge_extremes] -   Analyzing 30Q10_high for MMM (winter, GWL 2.0)...
2026-07-22 15:47:04,235 - INFO - [storyline.analyze_storyline_discharge_extremes] -     -> Result 30Q10_high: Median T = 15.5 (N=17)
2026-07-22 15:47:04,235 - INFO - [storyline.analyze_storyline_discharge_extremes] -   Analyzing 30Q30_high for MMM (winter, GWL 2.0)...
2026-07-22 15:47:04,248 - INFO - [storyline.analyze_storyline_discharge_extremes] -     -> Result 30Q30_high: Median T = 31.0 (N=11)
2026-07-22 15:47:04,248 - INFO - [storyline.analyze_storyline_discharge_extremes] -   Analyzing 7Q10_low for Fast Jet & Northward Shift (winter, GWL 2.0)...
2026-07-22 15:47:04,251 - INFO - [storyline.analyze_storyline_discharge_extremes] -     -> Result 7Q10_low: Median T = 10.3 (N=3)
2026-07-22 15:47:04,251 - INFO - [storyline.analyze_storyline_discharge_extremes] -   Analyzing 7Q30_low for Fast Jet & Northward Shift (winter, GWL 2.0)...
2026-07-22 15:47:04,253 - INFO - [storyline.analyze_storyline_discharge_extremes] -     -> Result 7Q30_low: Median T = 31.0 (N=3)
2026-07-22 15:47:04,253 - INFO - [storyline.analyze_storyline_discharge_extremes] -   Analyzing 7Q10_high for Fast Jet & Northward Shift (winter, GWL 2.0)...
2026-07-22 15:47:04,256 - INFO - [storyline.analyze_storyline_discharge_extremes] -     -> Result 7Q10_high: Median T = 15.5 (N=3)
2026-07-22 15:47:04,256 - INFO - [storyline.analyze_storyline_discharge_extremes] -   Analyzing 7Q30_high for Fast Jet & Northward Shift (winter, GWL 2.0)...
2026-07-22 15:47:04,258 - INFO - [storyline.analyze_storyline_discharge_extremes] -     -> Result 7Q30_high: Median T = 31.0 (N=2)
2026-07-22 15:47:04,258 - INFO - [storyline.analyze_storyline_discharge_extremes] -   Analyzing 30Q10_low for Fast Jet & Northward Shift (winter, GWL 2.0)...
2026-07-22 15:47:04,261 - INFO - [storyline.analyze_storyline_discharge_extremes] -     -> Result 30Q10_low: Median T = 6.2 (N=3)
2026-07-22 15:47:04,261 - INFO - [storyline.analyze_storyline_discharge_extremes] -   Analyzing 30Q30_low for Fast Jet & Northward Shift (winter, GWL 2.0)...
2026-07-22 15:47:04,263 - INFO - [storyline.analyze_storyline_discharge_extremes] -     -> Result 30Q30_low: Median T = 19.4 (N=2)
2026-07-22 15:47:04,263 - INFO - [storyline.analyze_storyline_discharge_extremes] -   Analyzing 30Q10_high for Fast Jet & Northward Shift (winter, GWL 2.0)...
2026-07-22 15:47:04,266 - INFO - [storyline.analyze_storyline_discharge_extremes] -     -> Result 30Q10_high: Median T = 18.6 (N=2)
2026-07-22 15:47:04,266 - INFO - [storyline.analyze_storyline_discharge_extremes] -   Analyzing 30Q30_high for Fast Jet & Northward Shift (winter, GWL 2.0)...
2026-07-22 15:47:04,268 - INFO - [storyline.analyze_storyline_discharge_extremes] -     -> Result 30Q30_high: Median T = 15.5 (N=1)
2026-07-22 15:47:04,268 - INFO - [storyline.analyze_storyline_discharge_extremes] -   Analyzing 7Q10_low for Slow Jet & Northward Shift (winter, GWL 2.0)...
2026-07-22 15:47:04,273 - INFO - [storyline.analyze_storyline_discharge_extremes] -     -> Result 7Q10_low: Median T = 6.2 (N=6)
2026-07-22 15:47:04,273 - INFO - [storyline.analyze_storyline_discharge_extremes] -   Analyzing 7Q30_low for Slow Jet & Northward Shift (winter, GWL 2.0)...
2026-07-22 15:47:04,277 - INFO - [storyline.analyze_storyline_discharge_extremes] -     -> Result 7Q30_low: Median T = 15.5 (N=5)
2026-07-22 15:47:04,277 - INFO - [storyline.analyze_storyline_discharge_extremes] -   Analyzing 7Q10_high for Slow Jet & Northward Shift (winter, GWL 2.0)...
2026-07-22 15:47:04,282 - INFO - [storyline.analyze_storyline_discharge_extremes] -     -> Result 7Q10_high: Median T = 23.2 (N=4)
2026-07-22 15:47:04,282 - INFO - [storyline.analyze_storyline_discharge_extremes] -   Analyzing 7Q30_high for Slow Jet & Northward Shift (winter, GWL 2.0)...
2026-07-22 15:47:04,287 - INFO - [storyline.analyze_storyline_discharge_extremes] -     -> Result 7Q30_high: Median T = 23.2 (N=2)
2026-07-22 15:47:04,287 - INFO - [storyline.analyze_storyline_discharge_extremes] -   Analyzing 30Q10_low for Slow Jet & Northward Shift (winter, GWL 2.0)...
2026-07-22 15:47:04,291 - INFO - [storyline.analyze_storyline_discharge_extremes] -     -> Result 30Q10_low: Median T = 5.7 (N=6)
2026-07-22 15:47:04,291 - INFO - [storyline.analyze_storyline_discharge_extremes] -   Analyzing 30Q30_low for Slow Jet & Northward Shift (winter, GWL 2.0)...
2026-07-22 15:47:04,296 - INFO - [storyline.analyze_storyline_discharge_extremes] -     -> Result 30Q30_low: Median T = 15.5 (N=5)
2026-07-22 15:47:04,296 - INFO - [storyline.analyze_storyline_discharge_extremes] -   Analyzing 30Q10_high for Slow Jet & Northward Shift (winter, GWL 2.0)...
2026-07-22 15:47:04,300 - INFO - [storyline.analyze_storyline_discharge_extremes] -     -> Result 30Q10_high: Median T = 31.0 (N=5)
2026-07-22 15:47:04,300 - INFO - [storyline.analyze_storyline_discharge_extremes] -   Analyzing 30Q30_high for Slow Jet & Northward Shift (winter, GWL 2.0)...
2026-07-22 15:47:04,305 - INFO - [storyline.analyze_storyline_discharge_extremes] -     -> Result 30Q30_high: Median T = 23.2 (N=2)
2026-07-22 15:47:04,305 - INFO - [storyline.analyze_storyline_discharge_extremes] -   Analyzing 7Q10_low for Slow Jet & Southward Shift (winter, GWL 2.0)...
2026-07-22 15:47:04,308 - INFO - [storyline.analyze_storyline_discharge_extremes] -     -> Result 7Q10_low: Median T = 15.5 (N=3)
2026-07-22 15:47:04,308 - INFO - [storyline.analyze_storyline_discharge_extremes] -   Analyzing 7Q30_low for Slow Jet & Southward Shift (winter, GWL 2.0)...
2026-07-22 15:47:04,311 - INFO - [storyline.analyze_storyline_discharge_extremes] -     -> Result 7Q30_low: Median T = 31.0 (N=3)
2026-07-22 15:47:04,311 - INFO - [storyline.analyze_storyline_discharge_extremes] -   Analyzing 7Q10_high for Slow Jet & Southward Shift (winter, GWL 2.0)...
2026-07-22 15:47:04,314 - INFO - [storyline.analyze_storyline_discharge_extremes] -     -> Result 7Q10_high: Median T = 19.4 (N=4)
2026-07-22 15:47:04,314 - INFO - [storyline.analyze_storyline_discharge_extremes] -   Analyzing 7Q30_high for Slow Jet & Southward Shift (winter, GWL 2.0)...
2026-07-22 15:47:04,317 - INFO - [storyline.analyze_storyline_discharge_extremes] -     -> Result 7Q30_high: Median T = 31.0 (N=4)
2026-07-22 15:47:04,317 - INFO - [storyline.analyze_storyline_discharge_extremes] -   Analyzing 30Q10_low for Slow Jet & Southward Shift (winter, GWL 2.0)...
2026-07-22 15:47:04,320 - INFO - [storyline.analyze_storyline_discharge_extremes] -     -> Result 30Q10_low: Median T = 15.5 (N=3)
2026-07-22 15:47:04,320 - INFO - [storyline.analyze_storyline_discharge_extremes] -   Analyzing 30Q30_low for Slow Jet & Southward Shift (winter, GWL 2.0)...
2026-07-22 15:47:04,323 - INFO - [storyline.analyze_storyline_discharge_extremes] -     -> Result 30Q30_low: Median T = 23.2 (N=2)
2026-07-22 15:47:04,323 - INFO - [storyline.analyze_storyline_discharge_extremes] -   Analyzing 30Q10_high for Slow Jet & Southward Shift (winter, GWL 2.0)...
2026-07-22 15:47:04,326 - INFO - [storyline.analyze_storyline_discharge_extremes] -     -> Result 30Q10_high: Median T = 31.0 (N=4)
2026-07-22 15:47:04,326 - INFO - [storyline.analyze_storyline_discharge_extremes] -   Analyzing 30Q30_high for Slow Jet & Southward Shift (winter, GWL 2.0)...
2026-07-22 15:47:04,329 - INFO - [storyline.analyze_storyline_discharge_extremes] -     -> Result 30Q30_high: Median T = 31.0 (N=4)
2026-07-22 15:47:04,329 - INFO - [storyline.analyze_storyline_discharge_extremes] -   Analyzing 7Q10_low for Fast Jet & Southward Shift (winter, GWL 2.0)...
2026-07-22 15:47:04,330 - INFO - [storyline.analyze_storyline_discharge_extremes] -     -> Result 7Q10_low: Median T = 10.3 (N=3)
2026-07-22 15:47:04,331 - INFO - [storyline.analyze_storyline_discharge_extremes] -   Analyzing 7Q30_low for Fast Jet & Southward Shift (winter, GWL 2.0)...
2026-07-22 15:47:04,332 - INFO - [storyline.analyze_storyline_discharge_extremes] -     -> Result 7Q30_low: Median T = 15.5 (N=3)
2026-07-22 15:47:04,332 - INFO - [storyline.analyze_storyline_discharge_extremes] -   Analyzing 7Q10_high for Fast Jet & Southward Shift (winter, GWL 2.0)...
2026-07-22 15:47:04,334 - INFO - [storyline.analyze_storyline_discharge_extremes] -     -> Result 7Q10_high: Median T = 12.9 (N=2)
2026-07-22 15:47:04,334 - INFO - [storyline.analyze_storyline_discharge_extremes] -   Analyzing 7Q30_high for Fast Jet & Southward Shift (winter, GWL 2.0)...
2026-07-22 15:47:04,336 - INFO - [storyline.analyze_storyline_discharge_extremes] -     -> Result 7Q30_high: Median T = 15.5 (N=2)
2026-07-22 15:47:04,337 - INFO - [storyline.analyze_storyline_discharge_extremes] -   Analyzing 30Q10_low for Fast Jet & Southward Shift (winter, GWL 2.0)...
2026-07-22 15:47:04,339 - INFO - [storyline.analyze_storyline_discharge_extremes] -     -> Result 30Q10_low: Median T = 6.2 (N=3)
2026-07-22 15:47:04,339 - INFO - [storyline.analyze_storyline_discharge_extremes] -   Analyzing 30Q30_low for Fast Jet & Southward Shift (winter, GWL 2.0)...
2026-07-22 15:47:04,342 - INFO - [storyline.analyze_storyline_discharge_extremes] -     -> Result 30Q30_low: Median T = 31.0 (N=3)
2026-07-22 15:47:04,342 - INFO - [storyline.analyze_storyline_discharge_extremes] -   Analyzing 30Q10_high for Fast Jet & Southward Shift (winter, GWL 2.0)...
2026-07-22 15:47:04,344 - INFO - [storyline.analyze_storyline_discharge_extremes] -     -> Result 30Q10_high: Median T = 15.5 (N=2)
2026-07-22 15:47:04,344 - INFO - [storyline.analyze_storyline_discharge_extremes] -   Analyzing 30Q30_high for Fast Jet & Southward Shift (winter, GWL 2.0)...
2026-07-22 15:47:04,346 - INFO - [storyline.analyze_storyline_discharge_extremes] -     -> Result 30Q30_high: Median T = 15.5 (N=1)
2026-07-22 15:47:04,346 - INFO - [storyline.analyze_storyline_discharge_extremes] -   Analyzing 7Q10_low for Extreme Models (winter, GWL 2.0)...
2026-07-22 15:47:04,353 - INFO - [storyline.analyze_storyline_discharge_extremes] -     -> Result 7Q10_low: Median T = 7.0 (N=12)
2026-07-22 15:47:04,353 - INFO - [storyline.analyze_storyline_discharge_extremes] -   Analyzing 7Q30_low for Extreme Models (winter, GWL 2.0)...
2026-07-22 15:47:04,360 - INFO - [storyline.analyze_storyline_discharge_extremes] -     -> Result 7Q30_low: Median T = 15.5 (N=11)
2026-07-22 15:47:04,360 - INFO - [storyline.analyze_storyline_discharge_extremes] -   Analyzing 7Q10_high for Extreme Models (winter, GWL 2.0)...
2026-07-22 15:47:04,367 - INFO - [storyline.analyze_storyline_discharge_extremes] -     -> Result 7Q10_high: Median T = 31.0 (N=7)
2026-07-22 15:47:04,367 - INFO - [storyline.analyze_storyline_discharge_extremes] -   Analyzing 7Q30_high for Extreme Models (winter, GWL 2.0)...
2026-07-22 15:47:04,373 - INFO - [storyline.analyze_storyline_discharge_extremes] -     -> Result 7Q30_high: Median T = 31.0 (N=5)
2026-07-22 15:47:04,373 - INFO - [storyline.analyze_storyline_discharge_extremes] -   Analyzing 30Q10_low for Extreme Models (winter, GWL 2.0)...
2026-07-22 15:47:04,380 - INFO - [storyline.analyze_storyline_discharge_extremes] -     -> Result 30Q10_low: Median T = 6.2 (N=12)
2026-07-22 15:47:04,380 - INFO - [storyline.analyze_storyline_discharge_extremes] -   Analyzing 30Q30_low for Extreme Models (winter, GWL 2.0)...
2026-07-22 15:47:04,387 - INFO - [storyline.analyze_storyline_discharge_extremes] -     -> Result 30Q30_low: Median T = 12.9 (N=10)
2026-07-22 15:47:04,387 - INFO - [storyline.analyze_storyline_discharge_extremes] -   Analyzing 30Q10_high for Extreme Models (winter, GWL 2.0)...
2026-07-22 15:47:04,393 - INFO - [storyline.analyze_storyline_discharge_extremes] -     -> Result 30Q10_high: Median T = 31.0 (N=7)
2026-07-22 15:47:04,393 - INFO - [storyline.analyze_storyline_discharge_extremes] -   Analyzing 30Q30_high for Extreme Models (winter, GWL 2.0)...
2026-07-22 15:47:04,400 - INFO - [storyline.analyze_storyline_discharge_extremes] -     -> Result 30Q30_high: Median T = 31.0 (N=5)
2026-07-22 15:47:04,400 - INFO - [storyline.analyze_storyline_discharge_extremes] -   Analyzing 7Q10_low for Non-Extreme Models (winter, GWL 2.0)...
2026-07-22 15:47:04,407 - INFO - [storyline.analyze_storyline_discharge_extremes] -     -> Result 7Q10_low: Median T = 15.5 (N=6)
2026-07-22 15:47:04,407 - INFO - [storyline.analyze_storyline_discharge_extremes] -   Analyzing 7Q30_low for Non-Extreme Models (winter, GWL 2.0)...
2026-07-22 15:47:04,413 - INFO - [storyline.analyze_storyline_discharge_extremes] -     -> Result 7Q30_low: Median T = 31.0 (N=3)
2026-07-22 15:47:04,413 - INFO - [storyline.analyze_storyline_discharge_extremes] -   Analyzing 7Q10_high for Non-Extreme Models (winter, GWL 2.0)...
2026-07-22 15:47:04,420 - INFO - [storyline.analyze_storyline_discharge_extremes] -     -> Result 7Q10_high: Median T = 15.5 (N=9)
2026-07-22 15:47:04,420 - INFO - [storyline.analyze_storyline_discharge_extremes] -   Analyzing 7Q30_high for Non-Extreme Models (winter, GWL 2.0)...
2026-07-22 15:47:04,427 - INFO - [storyline.analyze_storyline_discharge_extremes] -     -> Result 7Q30_high: Median T = 31.0 (N=5)
2026-07-22 15:47:04,427 - INFO - [storyline.analyze_storyline_discharge_extremes] -   Analyzing 30Q10_low for Non-Extreme Models (winter, GWL 2.0)...
2026-07-22 15:47:04,433 - INFO - [storyline.analyze_storyline_discharge_extremes] -     -> Result 30Q10_low: Median T = 23.2 (N=4)
2026-07-22 15:47:04,434 - INFO - [storyline.analyze_storyline_discharge_extremes] -   Analyzing 30Q30_low for Non-Extreme Models (winter, GWL 2.0)...
2026-07-22 15:47:04,440 - INFO - [storyline.analyze_storyline_discharge_extremes] -     -> Result 30Q30_low: Median T = 31.0 (N=2)
2026-07-22 15:47:04,440 - INFO - [storyline.analyze_storyline_discharge_extremes] -   Analyzing 30Q10_high for Non-Extreme Models (winter, GWL 2.0)...
2026-07-22 15:47:04,447 - INFO - [storyline.analyze_storyline_discharge_extremes] -     -> Result 30Q10_high: Median T = 15.5 (N=9)
2026-07-22 15:47:04,447 - INFO - [storyline.analyze_storyline_discharge_extremes] -   Analyzing 30Q30_high for Non-Extreme Models (winter, GWL 2.0)...
2026-07-22 15:47:04,454 - INFO - [storyline.analyze_storyline_discharge_extremes] -     -> Result 30Q30_high: Median T = 31.0 (N=5)
2026-07-22 15:47:04,454 - INFO - [storyline.analyze_storyline_discharge_extremes] -   Analyzing 7Q10_low for MMM (summer, GWL 2.0)...
2026-07-22 15:47:04,468 - INFO - [storyline.analyze_storyline_discharge_extremes] -     -> Result 7Q10_low: Median T = 15.5 (N=15)
2026-07-22 15:47:04,468 - INFO - [storyline.analyze_storyline_discharge_extremes] -   Analyzing 7Q30_low for MMM (summer, GWL 2.0)...
2026-07-22 15:47:04,481 - INFO - [storyline.analyze_storyline_discharge_extremes] -     -> Result 7Q30_low: Median T = 31.0 (N=7)
2026-07-22 15:47:04,482 - INFO - [storyline.analyze_storyline_discharge_extremes] -   Analyzing 7Q10_high for MMM (summer, GWL 2.0)...
2026-07-22 15:47:04,496 - INFO - [storyline.analyze_storyline_discharge_extremes] -     -> Result 7Q10_high: Median T = 10.3 (N=22)
2026-07-22 15:47:04,496 - INFO - [storyline.analyze_storyline_discharge_extremes] -   Analyzing 7Q30_high for MMM (summer, GWL 2.0)...
2026-07-22 15:47:04,509 - INFO - [storyline.analyze_storyline_discharge_extremes] -     -> Result 7Q30_high: Median T = 15.5 (N=15)
2026-07-22 15:47:04,509 - INFO - [storyline.analyze_storyline_discharge_extremes] -   Analyzing 30Q10_low for MMM (summer, GWL 2.0)...
2026-07-22 15:47:04,523 - INFO - [storyline.analyze_storyline_discharge_extremes] -     -> Result 30Q10_low: Median T = 15.5 (N=17)
2026-07-22 15:47:04,523 - INFO - [storyline.analyze_storyline_discharge_extremes] -   Analyzing 30Q30_low for MMM (summer, GWL 2.0)...
2026-07-22 15:47:04,537 - INFO - [storyline.analyze_storyline_discharge_extremes] -     -> Result 30Q30_low: Median T = 31.0 (N=9)
2026-07-22 15:47:04,537 - INFO - [storyline.analyze_storyline_discharge_extremes] -   Analyzing 30Q10_high for MMM (summer, GWL 2.0)...
2026-07-22 15:47:04,551 - INFO - [storyline.analyze_storyline_discharge_extremes] -     -> Result 30Q10_high: Median T = 10.3 (N=24)
2026-07-22 15:47:04,551 - INFO - [storyline.analyze_storyline_discharge_extremes] -   Analyzing 30Q30_high for MMM (summer, GWL 2.0)...
2026-07-22 15:47:04,565 - INFO - [storyline.analyze_storyline_discharge_extremes] -     -> Result 30Q30_high: Median T = 15.5 (N=16)
2026-07-22 15:47:04,565 - INFO - [storyline.analyze_storyline_discharge_extremes] -   Analyzing 7Q10_low for Fast Jet & Northward Shift (summer, GWL 2.0)...
2026-07-22 15:47:04,568 - INFO - [storyline.analyze_storyline_discharge_extremes] -     -> Result 7Q10_low: Median T = 15.5 (N=3)
2026-07-22 15:47:04,568 - INFO - [storyline.analyze_storyline_discharge_extremes] -   Analyzing 7Q30_low for Fast Jet & Northward Shift (summer, GWL 2.0)...
2026-07-22 15:47:04,570 - INFO - [storyline.analyze_storyline_discharge_extremes] -     -> Result 7Q30_low: Median T = nan (N=0)
2026-07-22 15:47:04,570 - INFO - [storyline.analyze_storyline_discharge_extremes] -   Analyzing 7Q10_high for Fast Jet & Northward Shift (summer, GWL 2.0)...
2026-07-22 15:47:04,572 - INFO - [storyline.analyze_storyline_discharge_extremes] -     -> Result 7Q10_high: Median T = 15.5 (N=3)
2026-07-22 15:47:04,572 - INFO - [storyline.analyze_storyline_discharge_extremes] -   Analyzing 7Q30_high for Fast Jet & Northward Shift (summer, GWL 2.0)...
2026-07-22 15:47:04,575 - INFO - [storyline.analyze_storyline_discharge_extremes] -     -> Result 7Q30_high: Median T = 15.5 (N=3)
2026-07-22 15:47:04,575 - INFO - [storyline.analyze_storyline_discharge_extremes] -   Analyzing 30Q10_low for Fast Jet & Northward Shift (summer, GWL 2.0)...
2026-07-22 15:47:04,577 - INFO - [storyline.analyze_storyline_discharge_extremes] -     -> Result 30Q10_low: Median T = 15.5 (N=3)
2026-07-22 15:47:04,577 - INFO - [storyline.analyze_storyline_discharge_extremes] -   Analyzing 30Q30_low for Fast Jet & Northward Shift (summer, GWL 2.0)...
2026-07-22 15:47:04,579 - INFO - [storyline.analyze_storyline_discharge_extremes] -     -> Result 30Q30_low: Median T = 15.5 (N=1)
2026-07-22 15:47:04,579 - INFO - [storyline.analyze_storyline_discharge_extremes] -   Analyzing 30Q10_high for Fast Jet & Northward Shift (summer, GWL 2.0)...
2026-07-22 15:47:04,582 - INFO - [storyline.analyze_storyline_discharge_extremes] -     -> Result 30Q10_high: Median T = 31.0 (N=4)
2026-07-22 15:47:04,582 - INFO - [storyline.analyze_storyline_discharge_extremes] -   Analyzing 30Q30_high for Fast Jet & Northward Shift (summer, GWL 2.0)...
2026-07-22 15:47:04,584 - INFO - [storyline.analyze_storyline_discharge_extremes] -     -> Result 30Q30_high: Median T = 31.0 (N=2)
2026-07-22 15:47:04,584 - INFO - [storyline.analyze_storyline_discharge_extremes] -   Analyzing 7Q10_low for Slow Jet & Northward Shift (summer, GWL 2.0)...
2026-07-22 15:47:04,587 - INFO - [storyline.analyze_storyline_discharge_extremes] -     -> Result 7Q10_low: Median T = 23.2 (N=2)
2026-07-22 15:47:04,587 - INFO - [storyline.analyze_storyline_discharge_extremes] -   Analyzing 7Q30_low for Slow Jet & Northward Shift (summer, GWL 2.0)...
2026-07-22 15:47:04,590 - INFO - [storyline.analyze_storyline_discharge_extremes] -     -> Result 7Q30_low: Median T = nan (N=0)
2026-07-22 15:47:04,590 - INFO - [storyline.analyze_storyline_discharge_extremes] -   Analyzing 7Q10_high for Slow Jet & Northward Shift (summer, GWL 2.0)...
2026-07-22 15:47:04,593 - INFO - [storyline.analyze_storyline_discharge_extremes] -     -> Result 7Q10_high: Median T = 7.8 (N=5)
2026-07-22 15:47:04,593 - INFO - [storyline.analyze_storyline_discharge_extremes] -   Analyzing 7Q30_high for Slow Jet & Northward Shift (summer, GWL 2.0)...
2026-07-22 15:47:04,596 - INFO - [storyline.analyze_storyline_discharge_extremes] -     -> Result 7Q30_high: Median T = 15.5 (N=3)
2026-07-22 15:47:04,596 - INFO - [storyline.analyze_storyline_discharge_extremes] -   Analyzing 30Q10_low for Slow Jet & Northward Shift (summer, GWL 2.0)...
2026-07-22 15:47:04,599 - INFO - [storyline.analyze_storyline_discharge_extremes] -     -> Result 30Q10_low: Median T = 19.4 (N=2)
2026-07-22 15:47:04,599 - INFO - [storyline.analyze_storyline_discharge_extremes] -   Analyzing 30Q30_low for Slow Jet & Northward Shift (summer, GWL 2.0)...
2026-07-22 15:47:04,602 - INFO - [storyline.analyze_storyline_discharge_extremes] -     -> Result 30Q30_low: Median T = 31.0 (N=1)
2026-07-22 15:47:04,602 - INFO - [storyline.analyze_storyline_discharge_extremes] -   Analyzing 30Q10_high for Slow Jet & Northward Shift (summer, GWL 2.0)...
2026-07-22 15:47:04,605 - INFO - [storyline.analyze_storyline_discharge_extremes] -     -> Result 30Q10_high: Median T = 6.2 (N=5)
2026-07-22 15:47:04,605 - INFO - [storyline.analyze_storyline_discharge_extremes] -   Analyzing 30Q30_high for Slow Jet & Northward Shift (summer, GWL 2.0)...
2026-07-22 15:47:04,608 - INFO - [storyline.analyze_storyline_discharge_extremes] -     -> Result 30Q30_high: Median T = 12.9 (N=4)
2026-07-22 15:47:04,608 - INFO - [storyline.analyze_storyline_discharge_extremes] -   Analyzing 7Q10_low for Slow Jet & Southward Shift (summer, GWL 2.0)...
2026-07-22 15:47:04,610 - INFO - [storyline.analyze_storyline_discharge_extremes] -     -> Result 7Q10_low: Median T = 15.5 (N=1)
2026-07-22 15:47:04,611 - INFO - [storyline.analyze_storyline_discharge_extremes] -   Analyzing 7Q30_low for Slow Jet & Southward Shift (summer, GWL 2.0)...
2026-07-22 15:47:04,613 - INFO - [storyline.analyze_storyline_discharge_extremes] -     -> Result 7Q30_low: Median T = 31.0 (N=1)
2026-07-22 15:47:04,613 - INFO - [storyline.analyze_storyline_discharge_extremes] -   Analyzing 7Q10_high for Slow Jet & Southward Shift (summer, GWL 2.0)...
2026-07-22 15:47:04,615 - INFO - [storyline.analyze_storyline_discharge_extremes] -     -> Result 7Q10_high: Median T = 8.3 (N=4)
2026-07-22 15:47:04,615 - INFO - [storyline.analyze_storyline_discharge_extremes] -   Analyzing 7Q30_high for Slow Jet & Southward Shift (summer, GWL 2.0)...
2026-07-22 15:47:04,618 - INFO - [storyline.analyze_storyline_discharge_extremes] -     -> Result 7Q30_high: Median T = 15.5 (N=3)
2026-07-22 15:47:04,618 - INFO - [storyline.analyze_storyline_discharge_extremes] -   Analyzing 30Q10_low for Slow Jet & Southward Shift (summer, GWL 2.0)...
2026-07-22 15:47:04,620 - INFO - [storyline.analyze_storyline_discharge_extremes] -     -> Result 30Q10_low: Median T = 10.3 (N=1)
2026-07-22 15:47:04,620 - INFO - [storyline.analyze_storyline_discharge_extremes] -   Analyzing 30Q30_low for Slow Jet & Southward Shift (summer, GWL 2.0)...
2026-07-22 15:47:04,622 - INFO - [storyline.analyze_storyline_discharge_extremes] -     -> Result 30Q30_low: Median T = 31.0 (N=1)
2026-07-22 15:47:04,622 - INFO - [storyline.analyze_storyline_discharge_extremes] -   Analyzing 30Q10_high for Slow Jet & Southward Shift (summer, GWL 2.0)...
2026-07-22 15:47:04,625 - INFO - [storyline.analyze_storyline_discharge_extremes] -     -> Result 30Q10_high: Median T = 9.0 (N=4)
2026-07-22 15:47:04,625 - INFO - [storyline.analyze_storyline_discharge_extremes] -   Analyzing 30Q30_high for Slow Jet & Southward Shift (summer, GWL 2.0)...
2026-07-22 15:47:04,627 - INFO - [storyline.analyze_storyline_discharge_extremes] -     -> Result 30Q30_high: Median T = 23.2 (N=4)
2026-07-22 15:47:04,627 - INFO - [storyline.analyze_storyline_discharge_extremes] -   Analyzing 7Q10_low for Fast Jet & Southward Shift (summer, GWL 2.0)...
2026-07-22 15:47:04,630 - INFO - [storyline.analyze_storyline_discharge_extremes] -     -> Result 7Q10_low: Median T = 20.7 (N=2)
2026-07-22 15:47:04,630 - INFO - [storyline.analyze_storyline_discharge_extremes] -   Analyzing 7Q30_low for Fast Jet & Southward Shift (summer, GWL 2.0)...
2026-07-22 15:47:04,632 - INFO - [storyline.analyze_storyline_discharge_extremes] -     -> Result 7Q30_low: Median T = 31.0 (N=1)
2026-07-22 15:47:04,632 - INFO - [storyline.analyze_storyline_discharge_extremes] -   Analyzing 7Q10_high for Fast Jet & Southward Shift (summer, GWL 2.0)...
2026-07-22 15:47:04,634 - INFO - [storyline.analyze_storyline_discharge_extremes] -     -> Result 7Q10_high: Median T = 12.9 (N=4)
2026-07-22 15:47:04,634 - INFO - [storyline.analyze_storyline_discharge_extremes] -   Analyzing 7Q30_high for Fast Jet & Southward Shift (summer, GWL 2.0)...
2026-07-22 15:47:04,637 - INFO - [storyline.analyze_storyline_discharge_extremes] -     -> Result 7Q30_high: Median T = 15.5 (N=3)
2026-07-22 15:47:04,637 - INFO - [storyline.analyze_storyline_discharge_extremes] -   Analyzing 30Q10_low for Fast Jet & Southward Shift (summer, GWL 2.0)...
2026-07-22 15:47:04,639 - INFO - [storyline.analyze_storyline_discharge_extremes] -     -> Result 30Q10_low: Median T = 31.0 (N=3)
2026-07-22 15:47:04,639 - INFO - [storyline.analyze_storyline_discharge_extremes] -   Analyzing 30Q30_low for Fast Jet & Southward Shift (summer, GWL 2.0)...
2026-07-22 15:47:04,641 - INFO - [storyline.analyze_storyline_discharge_extremes] -     -> Result 30Q30_low: Median T = 31.0 (N=1)
2026-07-22 15:47:04,642 - INFO - [storyline.analyze_storyline_discharge_extremes] -   Analyzing 30Q10_high for Fast Jet & Southward Shift (summer, GWL 2.0)...
2026-07-22 15:47:04,644 - INFO - [storyline.analyze_storyline_discharge_extremes] -     -> Result 30Q10_high: Median T = 9.0 (N=4)
2026-07-22 15:47:04,644 - INFO - [storyline.analyze_storyline_discharge_extremes] -   Analyzing 30Q30_high for Fast Jet & Southward Shift (summer, GWL 2.0)...
2026-07-22 15:47:04,646 - INFO - [storyline.analyze_storyline_discharge_extremes] -     -> Result 30Q30_high: Median T = 10.3 (N=3)
2026-07-22 15:47:04,646 - INFO - [storyline.analyze_storyline_discharge_extremes] -   Analyzing 7Q10_low for Extreme Models (summer, GWL 2.0)...
2026-07-22 15:47:04,653 - INFO - [storyline.analyze_storyline_discharge_extremes] -     -> Result 7Q10_low: Median T = 15.5 (N=11)
2026-07-22 15:47:04,653 - INFO - [storyline.analyze_storyline_discharge_extremes] -   Analyzing 7Q30_low for Extreme Models (summer, GWL 2.0)...
2026-07-22 15:47:04,660 - INFO - [storyline.analyze_storyline_discharge_extremes] -     -> Result 7Q30_low: Median T = 31.0 (N=4)
2026-07-22 15:47:04,660 - INFO - [storyline.analyze_storyline_discharge_extremes] -   Analyzing 7Q10_high for Extreme Models (summer, GWL 2.0)...
2026-07-22 15:47:04,666 - INFO - [storyline.analyze_storyline_discharge_extremes] -     -> Result 7Q10_high: Median T = 9.0 (N=10)
2026-07-22 15:47:04,667 - INFO - [storyline.analyze_storyline_discharge_extremes] -   Analyzing 7Q30_high for Extreme Models (summer, GWL 2.0)...
2026-07-22 15:47:04,673 - INFO - [storyline.analyze_storyline_discharge_extremes] -     -> Result 7Q30_high: Median T = 15.5 (N=8)
2026-07-22 15:47:04,673 - INFO - [storyline.analyze_storyline_discharge_extremes] -   Analyzing 30Q10_low for Extreme Models (summer, GWL 2.0)...
2026-07-22 15:47:04,680 - INFO - [storyline.analyze_storyline_discharge_extremes] -     -> Result 30Q10_low: Median T = 12.9 (N=12)
2026-07-22 15:47:04,680 - INFO - [storyline.analyze_storyline_discharge_extremes] -   Analyzing 30Q30_low for Extreme Models (summer, GWL 2.0)...
2026-07-22 15:47:04,686 - INFO - [storyline.analyze_storyline_discharge_extremes] -     -> Result 30Q30_low: Median T = 31.0 (N=6)
2026-07-22 15:47:04,687 - INFO - [storyline.analyze_storyline_discharge_extremes] -   Analyzing 30Q10_high for Extreme Models (summer, GWL 2.0)...
2026-07-22 15:47:04,693 - INFO - [storyline.analyze_storyline_discharge_extremes] -     -> Result 30Q10_high: Median T = 15.5 (N=12)
2026-07-22 15:47:04,693 - INFO - [storyline.analyze_storyline_discharge_extremes] -   Analyzing 30Q30_high for Extreme Models (summer, GWL 2.0)...
2026-07-22 15:47:04,700 - INFO - [storyline.analyze_storyline_discharge_extremes] -     -> Result 30Q30_high: Median T = 31.0 (N=7)
2026-07-22 15:47:04,700 - INFO - [storyline.analyze_storyline_discharge_extremes] -   Analyzing 7Q10_low for Non-Extreme Models (summer, GWL 2.0)...
2026-07-22 15:47:04,707 - INFO - [storyline.analyze_storyline_discharge_extremes] -     -> Result 7Q10_low: Median T = 31.0 (N=3)
2026-07-22 15:47:04,707 - INFO - [storyline.analyze_storyline_discharge_extremes] -   Analyzing 7Q30_low for Non-Extreme Models (summer, GWL 2.0)...
2026-07-22 15:47:04,713 - INFO - [storyline.analyze_storyline_discharge_extremes] -     -> Result 7Q30_low: Median T = 31.0 (N=3)
2026-07-22 15:47:04,714 - INFO - [storyline.analyze_storyline_discharge_extremes] -   Analyzing 7Q10_high for Non-Extreme Models (summer, GWL 2.0)...
2026-07-22 15:47:04,720 - INFO - [storyline.analyze_storyline_discharge_extremes] -     -> Result 7Q10_high: Median T = 10.3 (N=11)
2026-07-22 15:47:04,720 - INFO - [storyline.analyze_storyline_discharge_extremes] -   Analyzing 7Q30_high for Non-Extreme Models (summer, GWL 2.0)...
2026-07-22 15:47:04,727 - INFO - [storyline.analyze_storyline_discharge_extremes] -     -> Result 7Q30_high: Median T = 12.9 (N=6)
2026-07-22 15:47:04,727 - INFO - [storyline.analyze_storyline_discharge_extremes] -   Analyzing 30Q10_low for Non-Extreme Models (summer, GWL 2.0)...
2026-07-22 15:47:04,734 - INFO - [storyline.analyze_storyline_discharge_extremes] -     -> Result 30Q10_low: Median T = 31.0 (N=4)
2026-07-22 15:47:04,734 - INFO - [storyline.analyze_storyline_discharge_extremes] -   Analyzing 30Q30_low for Non-Extreme Models (summer, GWL 2.0)...
2026-07-22 15:47:04,740 - INFO - [storyline.analyze_storyline_discharge_extremes] -     -> Result 30Q30_low: Median T = 31.0 (N=3)
2026-07-22 15:47:04,740 - INFO - [storyline.analyze_storyline_discharge_extremes] -   Analyzing 30Q10_high for Non-Extreme Models (summer, GWL 2.0)...
2026-07-22 15:47:04,747 - INFO - [storyline.analyze_storyline_discharge_extremes] -     -> Result 30Q10_high: Median T = 7.8 (N=11)
2026-07-22 15:47:04,747 - INFO - [storyline.analyze_storyline_discharge_extremes] -   Analyzing 30Q30_high for Non-Extreme Models (summer, GWL 2.0)...
2026-07-22 15:47:04,754 - INFO - [storyline.analyze_storyline_discharge_extremes] -     -> Result 30Q30_high: Median T = 12.9 (N=8)
2026-07-22 15:47:04,754 - INFO - [storyline.analyze_storyline_discharge_extremes] -   Analyzing 7Q10_low for MMM (full_year, GWL 2.0)...
2026-07-22 15:47:04,768 - INFO - [storyline.analyze_storyline_discharge_extremes] -     -> Result 7Q10_low: Median T = 10.3 (N=19)
2026-07-22 15:47:04,768 - INFO - [storyline.analyze_storyline_discharge_extremes] -   Analyzing 7Q30_low for MMM (full_year, GWL 2.0)...
2026-07-22 15:47:04,782 - INFO - [storyline.analyze_storyline_discharge_extremes] -     -> Result 7Q30_low: Median T = 15.5 (N=15)
2026-07-22 15:47:04,782 - INFO - [storyline.analyze_storyline_discharge_extremes] -   Analyzing 7Q10_high for MMM (full_year, GWL 2.0)...
2026-07-22 15:47:04,796 - INFO - [storyline.analyze_storyline_discharge_extremes] -     -> Result 7Q10_high: Median T = 7.8 (N=24)
2026-07-22 15:47:04,796 - INFO - [storyline.analyze_storyline_discharge_extremes] -   Analyzing 7Q30_high for MMM (full_year, GWL 2.0)...
2026-07-22 15:47:04,809 - INFO - [storyline.analyze_storyline_discharge_extremes] -     -> Result 7Q30_high: Median T = 15.5 (N=17)
2026-07-22 15:47:04,809 - INFO - [storyline.analyze_storyline_discharge_extremes] -   Analyzing 30Q10_low for MMM (full_year, GWL 2.0)...
2026-07-22 15:47:04,823 - INFO - [storyline.analyze_storyline_discharge_extremes] -     -> Result 30Q10_low: Median T = 7.8 (N=19)
2026-07-22 15:47:04,823 - INFO - [storyline.analyze_storyline_discharge_extremes] -   Analyzing 30Q30_low for MMM (full_year, GWL 2.0)...
2026-07-22 15:47:04,837 - INFO - [storyline.analyze_storyline_discharge_extremes] -     -> Result 30Q30_low: Median T = 15.5 (N=13)
2026-07-22 15:47:04,837 - INFO - [storyline.analyze_storyline_discharge_extremes] -   Analyzing 30Q10_high for MMM (full_year, GWL 2.0)...
2026-07-22 15:47:04,851 - INFO - [storyline.analyze_storyline_discharge_extremes] -     -> Result 30Q10_high: Median T = 7.8 (N=25)
2026-07-22 15:47:04,851 - INFO - [storyline.analyze_storyline_discharge_extremes] -   Analyzing 30Q30_high for MMM (full_year, GWL 2.0)...
2026-07-22 15:47:04,864 - INFO - [storyline.analyze_storyline_discharge_extremes] -     -> Result 30Q30_high: Median T = 15.5 (N=18)
2026-07-22 15:47:04,864 - INFO - [storyline.analyze_storyline_discharge_extremes] -   Analyzing 7Q10_low for Fast Jet & Northward Shift (full_year, GWL 2.0)...
2026-07-22 15:47:04,867 - INFO - [storyline.analyze_storyline_discharge_extremes] -     -> Result 7Q10_low: Median T = 10.3 (N=3)
2026-07-22 15:47:04,867 - INFO - [storyline.analyze_storyline_discharge_extremes] -   Analyzing 7Q30_low for Fast Jet & Northward Shift (full_year, GWL 2.0)...
2026-07-22 15:47:04,869 - INFO - [storyline.analyze_storyline_discharge_extremes] -     -> Result 7Q30_low: Median T = 31.0 (N=3)
2026-07-22 15:47:04,869 - INFO - [storyline.analyze_storyline_discharge_extremes] -   Analyzing 7Q10_high for Fast Jet & Northward Shift (full_year, GWL 2.0)...
2026-07-22 15:47:04,872 - INFO - [storyline.analyze_storyline_discharge_extremes] -     -> Result 7Q10_high: Median T = 9.0 (N=4)
2026-07-22 15:47:04,872 - INFO - [storyline.analyze_storyline_discharge_extremes] -   Analyzing 7Q30_high for Fast Jet & Northward Shift (full_year, GWL 2.0)...
2026-07-22 15:47:04,874 - INFO - [storyline.analyze_storyline_discharge_extremes] -     -> Result 7Q30_high: Median T = 15.5 (N=2)
2026-07-22 15:47:04,874 - INFO - [storyline.analyze_storyline_discharge_extremes] -   Analyzing 30Q10_low for Fast Jet & Northward Shift (full_year, GWL 2.0)...
2026-07-22 15:47:04,876 - INFO - [storyline.analyze_storyline_discharge_extremes] -     -> Result 30Q10_low: Median T = 10.8 (N=4)
2026-07-22 15:47:04,877 - INFO - [storyline.analyze_storyline_discharge_extremes] -   Analyzing 30Q30_low for Fast Jet & Northward Shift (full_year, GWL 2.0)...
2026-07-22 15:47:04,879 - INFO - [storyline.analyze_storyline_discharge_extremes] -     -> Result 30Q30_low: Median T = 19.4 (N=2)
2026-07-22 15:47:04,879 - INFO - [storyline.analyze_storyline_discharge_extremes] -   Analyzing 30Q10_high for Fast Jet & Northward Shift (full_year, GWL 2.0)...
2026-07-22 15:47:04,881 - INFO - [storyline.analyze_storyline_discharge_extremes] -     -> Result 30Q10_high: Median T = 11.6 (N=4)
2026-07-22 15:47:04,881 - INFO - [storyline.analyze_storyline_discharge_extremes] -   Analyzing 30Q30_high for Fast Jet & Northward Shift (full_year, GWL 2.0)...
2026-07-22 15:47:04,884 - INFO - [storyline.analyze_storyline_discharge_extremes] -     -> Result 30Q30_high: Median T = 6.2 (N=1)
2026-07-22 15:47:04,884 - INFO - [storyline.analyze_storyline_discharge_extremes] -   Analyzing 7Q10_low for Slow Jet & Northward Shift (full_year, GWL 2.0)...
2026-07-22 15:47:04,888 - INFO - [storyline.analyze_storyline_discharge_extremes] -     -> Result 7Q10_low: Median T = 6.2 (N=6)
2026-07-22 15:47:04,888 - INFO - [storyline.analyze_storyline_discharge_extremes] -   Analyzing 7Q30_low for Slow Jet & Northward Shift (full_year, GWL 2.0)...
2026-07-22 15:47:04,893 - INFO - [storyline.analyze_storyline_discharge_extremes] -     -> Result 7Q30_low: Median T = 15.5 (N=5)
2026-07-22 15:47:04,893 - INFO - [storyline.analyze_storyline_discharge_extremes] -   Analyzing 7Q10_high for Slow Jet & Northward Shift (full_year, GWL 2.0)...
2026-07-22 15:47:04,897 - INFO - [storyline.analyze_storyline_discharge_extremes] -     -> Result 7Q10_high: Median T = 7.8 (N=7)
2026-07-22 15:47:04,897 - INFO - [storyline.analyze_storyline_discharge_extremes] -   Analyzing 7Q30_high for Slow Jet & Northward Shift (full_year, GWL 2.0)...
2026-07-22 15:47:04,902 - INFO - [storyline.analyze_storyline_discharge_extremes] -     -> Result 7Q30_high: Median T = 15.5 (N=5)
2026-07-22 15:47:04,902 - INFO - [storyline.analyze_storyline_discharge_extremes] -   Analyzing 30Q10_low for Slow Jet & Northward Shift (full_year, GWL 2.0)...
2026-07-22 15:47:04,906 - INFO - [storyline.analyze_storyline_discharge_extremes] -     -> Result 30Q10_low: Median T = 4.8 (N=6)
2026-07-22 15:47:04,906 - INFO - [storyline.analyze_storyline_discharge_extremes] -   Analyzing 30Q30_low for Slow Jet & Northward Shift (full_year, GWL 2.0)...
2026-07-22 15:47:04,911 - INFO - [storyline.analyze_storyline_discharge_extremes] -     -> Result 30Q30_low: Median T = 15.5 (N=5)
2026-07-22 15:47:04,911 - INFO - [storyline.analyze_storyline_discharge_extremes] -   Analyzing 30Q10_high for Slow Jet & Northward Shift (full_year, GWL 2.0)...
2026-07-22 15:47:04,915 - INFO - [storyline.analyze_storyline_discharge_extremes] -     -> Result 30Q10_high: Median T = 7.8 (N=8)
2026-07-22 15:47:04,915 - INFO - [storyline.analyze_storyline_discharge_extremes] -   Analyzing 30Q30_high for Slow Jet & Northward Shift (full_year, GWL 2.0)...
2026-07-22 15:47:04,920 - INFO - [storyline.analyze_storyline_discharge_extremes] -     -> Result 30Q30_high: Median T = 31.0 (N=6)
2026-07-22 15:47:04,920 - INFO - [storyline.analyze_storyline_discharge_extremes] -   Analyzing 7Q10_low for Slow Jet & Southward Shift (full_year, GWL 2.0)...
2026-07-22 15:47:04,923 - INFO - [storyline.analyze_storyline_discharge_extremes] -     -> Result 7Q10_low: Median T = 15.5 (N=3)
2026-07-22 15:47:04,923 - INFO - [storyline.analyze_storyline_discharge_extremes] -   Analyzing 7Q30_low for Slow Jet & Southward Shift (full_year, GWL 2.0)...
2026-07-22 15:47:04,926 - INFO - [storyline.analyze_storyline_discharge_extremes] -     -> Result 7Q30_low: Median T = 31.0 (N=3)
2026-07-22 15:47:04,926 - INFO - [storyline.analyze_storyline_discharge_extremes] -   Analyzing 7Q10_high for Slow Jet & Southward Shift (full_year, GWL 2.0)...
2026-07-22 15:47:04,928 - INFO - [storyline.analyze_storyline_discharge_extremes] -     -> Result 7Q10_high: Median T = 5.2 (N=5)
2026-07-22 15:47:04,929 - INFO - [storyline.analyze_storyline_discharge_extremes] -   Analyzing 7Q30_high for Slow Jet & Southward Shift (full_year, GWL 2.0)...
2026-07-22 15:47:04,931 - INFO - [storyline.analyze_storyline_discharge_extremes] -     -> Result 7Q30_high: Median T = 9.0 (N=4)
2026-07-22 15:47:04,931 - INFO - [storyline.analyze_storyline_discharge_extremes] -   Analyzing 30Q10_low for Slow Jet & Southward Shift (full_year, GWL 2.0)...
2026-07-22 15:47:04,934 - INFO - [storyline.analyze_storyline_discharge_extremes] -     -> Result 30Q10_low: Median T = 15.5 (N=3)
2026-07-22 15:47:04,934 - INFO - [storyline.analyze_storyline_discharge_extremes] -   Analyzing 30Q30_low for Slow Jet & Southward Shift (full_year, GWL 2.0)...
2026-07-22 15:47:04,937 - INFO - [storyline.analyze_storyline_discharge_extremes] -     -> Result 30Q30_low: Median T = 23.2 (N=2)
2026-07-22 15:47:04,937 - INFO - [storyline.analyze_storyline_discharge_extremes] -   Analyzing 30Q10_high for Slow Jet & Southward Shift (full_year, GWL 2.0)...
2026-07-22 15:47:04,940 - INFO - [storyline.analyze_storyline_discharge_extremes] -     -> Result 30Q10_high: Median T = 5.2 (N=5)
2026-07-22 15:47:04,940 - INFO - [storyline.analyze_storyline_discharge_extremes] -   Analyzing 30Q30_high for Slow Jet & Southward Shift (full_year, GWL 2.0)...
2026-07-22 15:47:04,943 - INFO - [storyline.analyze_storyline_discharge_extremes] -     -> Result 30Q30_high: Median T = 12.9 (N=4)
2026-07-22 15:47:04,943 - INFO - [storyline.analyze_storyline_discharge_extremes] -   Analyzing 7Q10_low for Fast Jet & Southward Shift (full_year, GWL 2.0)...
2026-07-22 15:47:04,945 - INFO - [storyline.analyze_storyline_discharge_extremes] -     -> Result 7Q10_low: Median T = 7.8 (N=3)
2026-07-22 15:47:04,945 - INFO - [storyline.analyze_storyline_discharge_extremes] -   Analyzing 7Q30_low for Fast Jet & Southward Shift (full_year, GWL 2.0)...
2026-07-22 15:47:04,947 - INFO - [storyline.analyze_storyline_discharge_extremes] -     -> Result 7Q30_low: Median T = 15.5 (N=3)
2026-07-22 15:47:04,947 - INFO - [storyline.analyze_storyline_discharge_extremes] -   Analyzing 7Q10_high for Fast Jet & Southward Shift (full_year, GWL 2.0)...
2026-07-22 15:47:04,949 - INFO - [storyline.analyze_storyline_discharge_extremes] -     -> Result 7Q10_high: Median T = 5.2 (N=3)
2026-07-22 15:47:04,949 - INFO - [storyline.analyze_storyline_discharge_extremes] -   Analyzing 7Q30_high for Fast Jet & Southward Shift (full_year, GWL 2.0)...
2026-07-22 15:47:04,951 - INFO - [storyline.analyze_storyline_discharge_extremes] -     -> Result 7Q30_high: Median T = 10.3 (N=3)
2026-07-22 15:47:04,951 - INFO - [storyline.analyze_storyline_discharge_extremes] -   Analyzing 30Q10_low for Fast Jet & Southward Shift (full_year, GWL 2.0)...
2026-07-22 15:47:04,952 - INFO - [storyline.analyze_storyline_discharge_extremes] -     -> Result 30Q10_low: Median T = 5.2 (N=3)
2026-07-22 15:47:04,952 - INFO - [storyline.analyze_storyline_discharge_extremes] -   Analyzing 30Q30_low for Fast Jet & Southward Shift (full_year, GWL 2.0)...
2026-07-22 15:47:04,954 - INFO - [storyline.analyze_storyline_discharge_extremes] -     -> Result 30Q30_low: Median T = 31.0 (N=3)
2026-07-22 15:47:04,954 - INFO - [storyline.analyze_storyline_discharge_extremes] -   Analyzing 30Q10_high for Fast Jet & Southward Shift (full_year, GWL 2.0)...
2026-07-22 15:47:04,956 - INFO - [storyline.analyze_storyline_discharge_extremes] -     -> Result 30Q10_high: Median T = 10.3 (N=3)
2026-07-22 15:47:04,956 - INFO - [storyline.analyze_storyline_discharge_extremes] -   Analyzing 30Q30_high for Fast Jet & Southward Shift (full_year, GWL 2.0)...
2026-07-22 15:47:04,958 - INFO - [storyline.analyze_storyline_discharge_extremes] -     -> Result 30Q30_high: Median T = 10.3 (N=3)
2026-07-22 15:47:04,958 - INFO - [storyline.analyze_storyline_discharge_extremes] -   Analyzing 7Q10_low for Extreme Models (full_year, GWL 2.0)...
2026-07-22 15:47:04,965 - INFO - [storyline.analyze_storyline_discharge_extremes] -     -> Result 7Q10_low: Median T = 7.0 (N=12)
2026-07-22 15:47:04,965 - INFO - [storyline.analyze_storyline_discharge_extremes] -   Analyzing 7Q30_low for Extreme Models (full_year, GWL 2.0)...
2026-07-22 15:47:04,971 - INFO - [storyline.analyze_storyline_discharge_extremes] -     -> Result 7Q30_low: Median T = 15.5 (N=11)
2026-07-22 15:47:04,971 - INFO - [storyline.analyze_storyline_discharge_extremes] -   Analyzing 7Q10_high for Extreme Models (full_year, GWL 2.0)...
2026-07-22 15:47:04,978 - INFO - [storyline.analyze_storyline_discharge_extremes] -     -> Result 7Q10_high: Median T = 10.3 (N=11)
2026-07-22 15:47:04,978 - INFO - [storyline.analyze_storyline_discharge_extremes] -   Analyzing 7Q30_high for Extreme Models (full_year, GWL 2.0)...
2026-07-22 15:47:04,985 - INFO - [storyline.analyze_storyline_discharge_extremes] -     -> Result 7Q30_high: Median T = 12.9 (N=8)
2026-07-22 15:47:04,985 - INFO - [storyline.analyze_storyline_discharge_extremes] -   Analyzing 30Q10_low for Extreme Models (full_year, GWL 2.0)...
2026-07-22 15:47:04,991 - INFO - [storyline.analyze_storyline_discharge_extremes] -     -> Result 30Q10_low: Median T = 5.7 (N=12)
2026-07-22 15:47:04,991 - INFO - [storyline.analyze_storyline_discharge_extremes] -   Analyzing 30Q30_low for Extreme Models (full_year, GWL 2.0)...
2026-07-22 15:47:04,998 - INFO - [storyline.analyze_storyline_discharge_extremes] -     -> Result 30Q30_low: Median T = 12.9 (N=10)
2026-07-22 15:47:04,998 - INFO - [storyline.analyze_storyline_discharge_extremes] -   Analyzing 30Q10_high for Extreme Models (full_year, GWL 2.0)...
2026-07-22 15:47:05,004 - INFO - [storyline.analyze_storyline_discharge_extremes] -     -> Result 30Q10_high: Median T = 10.3 (N=12)
2026-07-22 15:47:05,005 - INFO - [storyline.analyze_storyline_discharge_extremes] -   Analyzing 30Q30_high for Extreme Models (full_year, GWL 2.0)...
2026-07-22 15:47:05,011 - INFO - [storyline.analyze_storyline_discharge_extremes] -     -> Result 30Q30_high: Median T = 20.7 (N=8)
2026-07-22 15:47:05,011 - INFO - [storyline.analyze_storyline_discharge_extremes] -   Analyzing 7Q10_low for Non-Extreme Models (full_year, GWL 2.0)...
2026-07-22 15:47:05,018 - INFO - [storyline.analyze_storyline_discharge_extremes] -     -> Result 7Q10_low: Median T = 15.5 (N=6)
2026-07-22 15:47:05,018 - INFO - [storyline.analyze_storyline_discharge_extremes] -   Analyzing 7Q30_low for Non-Extreme Models (full_year, GWL 2.0)...
2026-07-22 15:47:05,024 - INFO - [storyline.analyze_storyline_discharge_extremes] -     -> Result 7Q30_low: Median T = 31.0 (N=3)
2026-07-22 15:47:05,024 - INFO - [storyline.analyze_storyline_discharge_extremes] -   Analyzing 7Q10_high for Non-Extreme Models (full_year, GWL 2.0)...
2026-07-22 15:47:05,031 - INFO - [storyline.analyze_storyline_discharge_extremes] -     -> Result 7Q10_high: Median T = 6.5 (N=12)
2026-07-22 15:47:05,031 - INFO - [storyline.analyze_storyline_discharge_extremes] -   Analyzing 7Q30_high for Non-Extreme Models (full_year, GWL 2.0)...
2026-07-22 15:47:05,038 - INFO - [storyline.analyze_storyline_discharge_extremes] -     -> Result 7Q30_high: Median T = 15.5 (N=8)
2026-07-22 15:47:05,038 - INFO - [storyline.analyze_storyline_discharge_extremes] -   Analyzing 30Q10_low for Non-Extreme Models (full_year, GWL 2.0)...
2026-07-22 15:47:05,045 - INFO - [storyline.analyze_storyline_discharge_extremes] -     -> Result 30Q10_low: Median T = 15.5 (N=6)
2026-07-22 15:47:05,045 - INFO - [storyline.analyze_storyline_discharge_extremes] -   Analyzing 30Q30_low for Non-Extreme Models (full_year, GWL 2.0)...
2026-07-22 15:47:05,051 - INFO - [storyline.analyze_storyline_discharge_extremes] -     -> Result 30Q30_low: Median T = 23.2 (N=2)
2026-07-22 15:47:05,051 - INFO - [storyline.analyze_storyline_discharge_extremes] -   Analyzing 30Q10_high for Non-Extreme Models (full_year, GWL 2.0)...
2026-07-22 15:47:05,058 - INFO - [storyline.analyze_storyline_discharge_extremes] -     -> Result 30Q10_high: Median T = 7.0 (N=12)
2026-07-22 15:47:05,058 - INFO - [storyline.analyze_storyline_discharge_extremes] -   Analyzing 30Q30_high for Non-Extreme Models (full_year, GWL 2.0)...
2026-07-22 15:47:05,065 - INFO - [storyline.analyze_storyline_discharge_extremes] -     -> Result 30Q30_high: Median T = 15.5 (N=9)
2026-07-22 15:47:05,065 - INFO - [storyline.analyze_storyline_discharge_extremes] -   Analyzing 7Q10_low for MMM (winter, GWL 3.0)...
2026-07-22 15:47:05,072 - INFO - [storyline.analyze_storyline_discharge_extremes] -     -> Result 7Q10_low: Median T = 8.3 (N=10)
2026-07-22 15:47:05,072 - INFO - [storyline.analyze_storyline_discharge_extremes] -   Analyzing 7Q30_low for MMM (winter, GWL 3.0)...
2026-07-22 15:47:05,078 - INFO - [storyline.analyze_storyline_discharge_extremes] -     -> Result 7Q30_low: Median T = 31.0 (N=8)
2026-07-22 15:47:05,078 - INFO - [storyline.analyze_storyline_discharge_extremes] -   Analyzing 7Q10_high for MMM (winter, GWL 3.0)...
2026-07-22 15:47:05,084 - INFO - [storyline.analyze_storyline_discharge_extremes] -     -> Result 7Q10_high: Median T = 15.5 (N=9)
2026-07-22 15:47:05,084 - INFO - [storyline.analyze_storyline_discharge_extremes] -   Analyzing 7Q30_high for MMM (winter, GWL 3.0)...
2026-07-22 15:47:05,090 - INFO - [storyline.analyze_storyline_discharge_extremes] -     -> Result 7Q30_high: Median T = 31.0 (N=6)
2026-07-22 15:47:05,090 - INFO - [storyline.analyze_storyline_discharge_extremes] -   Analyzing 30Q10_low for MMM (winter, GWL 3.0)...
2026-07-22 15:47:05,097 - INFO - [storyline.analyze_storyline_discharge_extremes] -     -> Result 30Q10_low: Median T = 15.5 (N=11)
2026-07-22 15:47:05,097 - INFO - [storyline.analyze_storyline_discharge_extremes] -   Analyzing 30Q30_low for MMM (winter, GWL 3.0)...
2026-07-22 15:47:05,103 - INFO - [storyline.analyze_storyline_discharge_extremes] -     -> Result 30Q30_low: Median T = 15.5 (N=7)
2026-07-22 15:47:05,103 - INFO - [storyline.analyze_storyline_discharge_extremes] -   Analyzing 30Q10_high for MMM (winter, GWL 3.0)...
2026-07-22 15:47:05,109 - INFO - [storyline.analyze_storyline_discharge_extremes] -     -> Result 30Q10_high: Median T = 15.5 (N=8)
2026-07-22 15:47:05,109 - INFO - [storyline.analyze_storyline_discharge_extremes] -   Analyzing 30Q30_high for MMM (winter, GWL 3.0)...
2026-07-22 15:47:05,115 - INFO - [storyline.analyze_storyline_discharge_extremes] -     -> Result 30Q30_high: Median T = 31.0 (N=5)
2026-07-22 15:47:05,115 - INFO - [storyline.analyze_storyline_discharge_extremes] -   Analyzing 7Q10_low for Slow Jet & Northward Shift (winter, GWL 3.0)...
2026-07-22 15:47:05,118 - INFO - [storyline.analyze_storyline_discharge_extremes] -     -> Result 7Q10_low: Median T = 10.3 (N=5)
2026-07-22 15:47:05,118 - INFO - [storyline.analyze_storyline_discharge_extremes] -   Analyzing 7Q30_low for Slow Jet & Northward Shift (winter, GWL 3.0)...
2026-07-22 15:47:05,121 - INFO - [storyline.analyze_storyline_discharge_extremes] -     -> Result 7Q30_low: Median T = 31.0 (N=3)
2026-07-22 15:47:05,121 - INFO - [storyline.analyze_storyline_discharge_extremes] -   Analyzing 7Q10_high for Slow Jet & Northward Shift (winter, GWL 3.0)...
2026-07-22 15:47:05,124 - INFO - [storyline.analyze_storyline_discharge_extremes] -     -> Result 7Q10_high: Median T = 9.0 (N=4)
2026-07-22 15:47:05,124 - INFO - [storyline.analyze_storyline_discharge_extremes] -   Analyzing 7Q30_high for Slow Jet & Northward Shift (winter, GWL 3.0)...
2026-07-22 15:47:05,127 - INFO - [storyline.analyze_storyline_discharge_extremes] -     -> Result 7Q30_high: Median T = 23.2 (N=4)
2026-07-22 15:47:05,127 - INFO - [storyline.analyze_storyline_discharge_extremes] -   Analyzing 30Q10_low for Slow Jet & Northward Shift (winter, GWL 3.0)...
2026-07-22 15:47:05,130 - INFO - [storyline.analyze_storyline_discharge_extremes] -     -> Result 30Q10_low: Median T = 15.5 (N=5)
2026-07-22 15:47:05,130 - INFO - [storyline.analyze_storyline_discharge_extremes] -   Analyzing 30Q30_low for Slow Jet & Northward Shift (winter, GWL 3.0)...
2026-07-22 15:47:05,133 - INFO - [storyline.analyze_storyline_discharge_extremes] -     -> Result 30Q30_low: Median T = 17.2 (N=2)
2026-07-22 15:47:05,133 - INFO - [storyline.analyze_storyline_discharge_extremes] -   Analyzing 30Q10_high for Slow Jet & Northward Shift (winter, GWL 3.0)...
2026-07-22 15:47:05,136 - INFO - [storyline.analyze_storyline_discharge_extremes] -     -> Result 30Q10_high: Median T = 10.3 (N=4)
2026-07-22 15:47:05,136 - INFO - [storyline.analyze_storyline_discharge_extremes] -   Analyzing 30Q30_high for Slow Jet & Northward Shift (winter, GWL 3.0)...
2026-07-22 15:47:05,139 - INFO - [storyline.analyze_storyline_discharge_extremes] -     -> Result 30Q30_high: Median T = 15.5 (N=3)
2026-07-22 15:47:05,139 - INFO - [storyline.analyze_storyline_discharge_extremes] -   Analyzing 7Q10_low for Fast Jet & Southward Shift (winter, GWL 3.0)...
2026-07-22 15:47:05,142 - INFO - [storyline.analyze_storyline_discharge_extremes] -     -> Result 7Q10_low: Median T = 4.5 (N=4)
2026-07-22 15:47:05,142 - INFO - [storyline.analyze_storyline_discharge_extremes] -   Analyzing 7Q30_low for Fast Jet & Southward Shift (winter, GWL 3.0)...
2026-07-22 15:47:05,144 - INFO - [storyline.analyze_storyline_discharge_extremes] -     -> Result 7Q30_low: Median T = 20.7 (N=4)
2026-07-22 15:47:05,144 - INFO - [storyline.analyze_storyline_discharge_extremes] -   Analyzing 7Q10_high for Fast Jet & Southward Shift (winter, GWL 3.0)...
2026-07-22 15:47:05,146 - INFO - [storyline.analyze_storyline_discharge_extremes] -     -> Result 7Q10_high: Median T = 15.5 (N=3)
2026-07-22 15:47:05,146 - INFO - [storyline.analyze_storyline_discharge_extremes] -   Analyzing 7Q30_high for Fast Jet & Southward Shift (winter, GWL 3.0)...
2026-07-22 15:47:05,149 - INFO - [storyline.analyze_storyline_discharge_extremes] -     -> Result 7Q30_high: Median T = 31.0 (N=2)
2026-07-22 15:47:05,149 - INFO - [storyline.analyze_storyline_discharge_extremes] -   Analyzing 30Q10_low for Fast Jet & Southward Shift (winter, GWL 3.0)...
2026-07-22 15:47:05,151 - INFO - [storyline.analyze_storyline_discharge_extremes] -     -> Result 30Q10_low: Median T = 4.8 (N=4)
2026-07-22 15:47:05,151 - INFO - [storyline.analyze_storyline_discharge_extremes] -   Analyzing 30Q30_low for Fast Jet & Southward Shift (winter, GWL 3.0)...
2026-07-22 15:47:05,154 - INFO - [storyline.analyze_storyline_discharge_extremes] -     -> Result 30Q30_low: Median T = 15.5 (N=4)
2026-07-22 15:47:05,154 - INFO - [storyline.analyze_storyline_discharge_extremes] -   Analyzing 30Q10_high for Fast Jet & Southward Shift (winter, GWL 3.0)...
2026-07-22 15:47:05,156 - INFO - [storyline.analyze_storyline_discharge_extremes] -     -> Result 30Q10_high: Median T = 15.5 (N=2)
2026-07-22 15:47:05,156 - INFO - [storyline.analyze_storyline_discharge_extremes] -   Analyzing 30Q30_high for Fast Jet & Southward Shift (winter, GWL 3.0)...
2026-07-22 15:47:05,158 - INFO - [storyline.analyze_storyline_discharge_extremes] -     -> Result 30Q30_high: Median T = 31.0 (N=1)
2026-07-22 15:47:05,158 - INFO - [storyline.analyze_storyline_discharge_extremes] -   Analyzing 7Q10_low for Extreme Models (winter, GWL 3.0)...
2026-07-22 15:47:05,161 - INFO - [storyline.analyze_storyline_discharge_extremes] -     -> Result 7Q10_low: Median T = 3.9 (N=5)
2026-07-22 15:47:05,161 - INFO - [storyline.analyze_storyline_discharge_extremes] -   Analyzing 7Q30_low for Extreme Models (winter, GWL 3.0)...
2026-07-22 15:47:05,165 - INFO - [storyline.analyze_storyline_discharge_extremes] -     -> Result 7Q30_low: Median T = 10.3 (N=5)
2026-07-22 15:47:05,165 - INFO - [storyline.analyze_storyline_discharge_extremes] -   Analyzing 7Q10_high for Extreme Models (winter, GWL 3.0)...
2026-07-22 15:47:05,168 - INFO - [storyline.analyze_storyline_discharge_extremes] -     -> Result 7Q10_high: Median T = 15.5 (N=3)
2026-07-22 15:47:05,168 - INFO - [storyline.analyze_storyline_discharge_extremes] -   Analyzing 7Q30_high for Extreme Models (winter, GWL 3.0)...
2026-07-22 15:47:05,171 - INFO - [storyline.analyze_storyline_discharge_extremes] -     -> Result 7Q30_high: Median T = 18.1 (N=2)
2026-07-22 15:47:05,171 - INFO - [storyline.analyze_storyline_discharge_extremes] -   Analyzing 30Q10_low for Extreme Models (winter, GWL 3.0)...
2026-07-22 15:47:05,174 - INFO - [storyline.analyze_storyline_discharge_extremes] -     -> Result 30Q10_low: Median T = 4.4 (N=5)
2026-07-22 15:47:05,174 - INFO - [storyline.analyze_storyline_discharge_extremes] -   Analyzing 30Q30_low for Extreme Models (winter, GWL 3.0)...
2026-07-22 15:47:05,178 - INFO - [storyline.analyze_storyline_discharge_extremes] -     -> Result 30Q30_low: Median T = 15.5 (N=5)
2026-07-22 15:47:05,178 - INFO - [storyline.analyze_storyline_discharge_extremes] -   Analyzing 30Q10_high for Extreme Models (winter, GWL 3.0)...
2026-07-22 15:47:05,181 - INFO - [storyline.analyze_storyline_discharge_extremes] -     -> Result 30Q10_high: Median T = 10.0 (N=2)
2026-07-22 15:47:05,181 - INFO - [storyline.analyze_storyline_discharge_extremes] -   Analyzing 30Q30_high for Extreme Models (winter, GWL 3.0)...
2026-07-22 15:47:05,184 - INFO - [storyline.analyze_storyline_discharge_extremes] -     -> Result 30Q30_high: Median T = 6.2 (N=1)
2026-07-22 15:47:05,184 - INFO - [storyline.analyze_storyline_discharge_extremes] -   Analyzing 7Q10_low for Non-Extreme Models (winter, GWL 3.0)...
2026-07-22 15:47:05,187 - INFO - [storyline.analyze_storyline_discharge_extremes] -     -> Result 7Q10_low: Median T = 12.9 (N=4)
2026-07-22 15:47:05,187 - INFO - [storyline.analyze_storyline_discharge_extremes] -   Analyzing 7Q30_low for Non-Extreme Models (winter, GWL 3.0)...
2026-07-22 15:47:05,190 - INFO - [storyline.analyze_storyline_discharge_extremes] -     -> Result 7Q30_low: Median T = 31.0 (N=3)
2026-07-22 15:47:05,190 - INFO - [storyline.analyze_storyline_discharge_extremes] -   Analyzing 7Q10_high for Non-Extreme Models (winter, GWL 3.0)...
2026-07-22 15:47:05,194 - INFO - [storyline.analyze_storyline_discharge_extremes] -     -> Result 7Q10_high: Median T = 15.5 (N=5)
2026-07-22 15:47:05,194 - INFO - [storyline.analyze_storyline_discharge_extremes] -   Analyzing 7Q30_high for Non-Extreme Models (winter, GWL 3.0)...
2026-07-22 15:47:05,197 - INFO - [storyline.analyze_storyline_discharge_extremes] -     -> Result 7Q30_high: Median T = 31.0 (N=3)
2026-07-22 15:47:05,197 - INFO - [storyline.analyze_storyline_discharge_extremes] -   Analyzing 30Q10_low for Non-Extreme Models (winter, GWL 3.0)...
2026-07-22 15:47:05,200 - INFO - [storyline.analyze_storyline_discharge_extremes] -     -> Result 30Q10_low: Median T = 31.0 (N=5)
2026-07-22 15:47:05,200 - INFO - [storyline.analyze_storyline_discharge_extremes] -   Analyzing 30Q30_low for Non-Extreme Models (winter, GWL 3.0)...
2026-07-22 15:47:05,203 - INFO - [storyline.analyze_storyline_discharge_extremes] -     -> Result 30Q30_low: Median T = 31.0 (N=2)
2026-07-22 15:47:05,203 - INFO - [storyline.analyze_storyline_discharge_extremes] -   Analyzing 30Q10_high for Non-Extreme Models (winter, GWL 3.0)...
2026-07-22 15:47:05,207 - INFO - [storyline.analyze_storyline_discharge_extremes] -     -> Result 30Q10_high: Median T = 15.5 (N=5)
2026-07-22 15:47:05,207 - INFO - [storyline.analyze_storyline_discharge_extremes] -   Analyzing 30Q30_high for Non-Extreme Models (winter, GWL 3.0)...
2026-07-22 15:47:05,210 - INFO - [storyline.analyze_storyline_discharge_extremes] -     -> Result 30Q30_high: Median T = 31.0 (N=3)
2026-07-22 15:47:05,210 - INFO - [storyline.analyze_storyline_discharge_extremes] -   Analyzing 7Q10_low for MMM (summer, GWL 3.0)...
2026-07-22 15:47:05,216 - INFO - [storyline.analyze_storyline_discharge_extremes] -     -> Result 7Q10_low: Median T = 10.3 (N=9)
2026-07-22 15:47:05,216 - INFO - [storyline.analyze_storyline_discharge_extremes] -   Analyzing 7Q30_low for MMM (summer, GWL 3.0)...
2026-07-22 15:47:05,222 - INFO - [storyline.analyze_storyline_discharge_extremes] -     -> Result 7Q30_low: Median T = 31.0 (N=8)
2026-07-22 15:47:05,223 - INFO - [storyline.analyze_storyline_discharge_extremes] -   Analyzing 7Q10_high for MMM (summer, GWL 3.0)...
2026-07-22 15:47:05,229 - INFO - [storyline.analyze_storyline_discharge_extremes] -     -> Result 7Q10_high: Median T = 15.5 (N=10)
2026-07-22 15:47:05,229 - INFO - [storyline.analyze_storyline_discharge_extremes] -   Analyzing 7Q30_high for MMM (summer, GWL 3.0)...
2026-07-22 15:47:05,235 - INFO - [storyline.analyze_storyline_discharge_extremes] -     -> Result 7Q30_high: Median T = 15.5 (N=6)
2026-07-22 15:47:05,235 - INFO - [storyline.analyze_storyline_discharge_extremes] -   Analyzing 30Q10_low for MMM (summer, GWL 3.0)...
2026-07-22 15:47:05,241 - INFO - [storyline.analyze_storyline_discharge_extremes] -     -> Result 30Q10_low: Median T = 7.8 (N=9)
2026-07-22 15:47:05,241 - INFO - [storyline.analyze_storyline_discharge_extremes] -   Analyzing 30Q30_low for MMM (summer, GWL 3.0)...
2026-07-22 15:47:05,247 - INFO - [storyline.analyze_storyline_discharge_extremes] -     -> Result 30Q30_low: Median T = 31.0 (N=8)
2026-07-22 15:47:05,247 - INFO - [storyline.analyze_storyline_discharge_extremes] -   Analyzing 30Q10_high for MMM (summer, GWL 3.0)...
2026-07-22 15:47:05,253 - INFO - [storyline.analyze_storyline_discharge_extremes] -     -> Result 30Q10_high: Median T = 10.3 (N=9)
2026-07-22 15:47:05,253 - INFO - [storyline.analyze_storyline_discharge_extremes] -   Analyzing 30Q30_high for MMM (summer, GWL 3.0)...
2026-07-22 15:47:05,259 - INFO - [storyline.analyze_storyline_discharge_extremes] -     -> Result 30Q30_high: Median T = 15.5 (N=6)
2026-07-22 15:47:05,259 - INFO - [storyline.analyze_storyline_discharge_extremes] -   Analyzing 7Q10_low for Fast Jet & Northward Shift (summer, GWL 3.0)...
2026-07-22 15:47:05,261 - INFO - [storyline.analyze_storyline_discharge_extremes] -     -> Result 7Q10_low: Median T = 12.9 (N=2)
2026-07-22 15:47:05,261 - INFO - [storyline.analyze_storyline_discharge_extremes] -   Analyzing 7Q30_low for Fast Jet & Northward Shift (summer, GWL 3.0)...
2026-07-22 15:47:05,262 - INFO - [storyline.analyze_storyline_discharge_extremes] -     -> Result 7Q30_low: Median T = 31.0 (N=2)
2026-07-22 15:47:05,262 - INFO - [storyline.analyze_storyline_discharge_extremes] -   Analyzing 7Q10_high for Fast Jet & Northward Shift (summer, GWL 3.0)...
2026-07-22 15:47:05,264 - INFO - [storyline.analyze_storyline_discharge_extremes] -     -> Result 7Q10_high: Median T = 20.7 (N=2)
2026-07-22 15:47:05,264 - INFO - [storyline.analyze_storyline_discharge_extremes] -   Analyzing 7Q30_high for Fast Jet & Northward Shift (summer, GWL 3.0)...
2026-07-22 15:47:05,265 - INFO - [storyline.analyze_storyline_discharge_extremes] -     -> Result 7Q30_high: Median T = 23.2 (N=2)
2026-07-22 15:47:05,265 - INFO - [storyline.analyze_storyline_discharge_extremes] -   Analyzing 30Q10_low for Fast Jet & Northward Shift (summer, GWL 3.0)...
2026-07-22 15:47:05,267 - INFO - [storyline.analyze_storyline_discharge_extremes] -     -> Result 30Q10_low: Median T = 6.5 (N=2)
2026-07-22 15:47:05,267 - INFO - [storyline.analyze_storyline_discharge_extremes] -   Analyzing 30Q30_low for Fast Jet & Northward Shift (summer, GWL 3.0)...
2026-07-22 15:47:05,269 - INFO - [storyline.analyze_storyline_discharge_extremes] -     -> Result 30Q30_low: Median T = 23.2 (N=2)
2026-07-22 15:47:05,269 - INFO - [storyline.analyze_storyline_discharge_extremes] -   Analyzing 30Q10_high for Fast Jet & Northward Shift (summer, GWL 3.0)...
2026-07-22 15:47:05,270 - INFO - [storyline.analyze_storyline_discharge_extremes] -     -> Result 30Q10_high: Median T = 18.6 (N=2)
2026-07-22 15:47:05,270 - INFO - [storyline.analyze_storyline_discharge_extremes] -   Analyzing 30Q30_high for Fast Jet & Northward Shift (summer, GWL 3.0)...
2026-07-22 15:47:05,272 - INFO - [storyline.analyze_storyline_discharge_extremes] -     -> Result 30Q30_high: Median T = 7.8 (N=1)
2026-07-22 15:47:05,272 - INFO - [storyline.analyze_storyline_discharge_extremes] -   Analyzing 7Q10_low for Slow Jet & Northward Shift (summer, GWL 3.0)...
2026-07-22 15:47:05,273 - INFO - [storyline.analyze_storyline_discharge_extremes] -     -> Result 7Q10_low: Median T = 20.7 (N=2)
2026-07-22 15:47:05,273 - INFO - [storyline.analyze_storyline_discharge_extremes] -   Analyzing 7Q30_low for Slow Jet & Northward Shift (summer, GWL 3.0)...
2026-07-22 15:47:05,275 - INFO - [storyline.analyze_storyline_discharge_extremes] -     -> Result 7Q30_low: Median T = 31.0 (N=2)
2026-07-22 15:47:05,275 - INFO - [storyline.analyze_storyline_discharge_extremes] -   Analyzing 7Q10_high for Slow Jet & Northward Shift (summer, GWL 3.0)...
2026-07-22 15:47:05,277 - INFO - [storyline.analyze_storyline_discharge_extremes] -     -> Result 7Q10_high: Median T = 10.0 (N=2)
2026-07-22 15:47:05,277 - INFO - [storyline.analyze_storyline_discharge_extremes] -   Analyzing 7Q30_high for Slow Jet & Northward Shift (summer, GWL 3.0)...
2026-07-22 15:47:05,278 - INFO - [storyline.analyze_storyline_discharge_extremes] -     -> Result 7Q30_high: Median T = 10.3 (N=1)
2026-07-22 15:47:05,278 - INFO - [storyline.analyze_storyline_discharge_extremes] -   Analyzing 30Q10_low for Slow Jet & Northward Shift (summer, GWL 3.0)...
2026-07-22 15:47:05,279 - INFO - [storyline.analyze_storyline_discharge_extremes] -     -> Result 30Q10_low: Median T = 20.7 (N=2)
2026-07-22 15:47:05,279 - INFO - [storyline.analyze_storyline_discharge_extremes] -   Analyzing 30Q30_low for Slow Jet & Northward Shift (summer, GWL 3.0)...
2026-07-22 15:47:05,281 - INFO - [storyline.analyze_storyline_discharge_extremes] -     -> Result 30Q30_low: Median T = 31.0 (N=2)
2026-07-22 15:47:05,281 - INFO - [storyline.analyze_storyline_discharge_extremes] -   Analyzing 30Q10_high for Slow Jet & Northward Shift (summer, GWL 3.0)...
2026-07-22 15:47:05,282 - INFO - [storyline.analyze_storyline_discharge_extremes] -     -> Result 30Q10_high: Median T = 6.2 (N=1)
2026-07-22 15:47:05,282 - INFO - [storyline.analyze_storyline_discharge_extremes] -   Analyzing 30Q30_high for Slow Jet & Northward Shift (summer, GWL 3.0)...
2026-07-22 15:47:05,283 - INFO - [storyline.analyze_storyline_discharge_extremes] -     -> Result 30Q30_high: Median T = 15.5 (N=1)
2026-07-22 15:47:05,283 - INFO - [storyline.analyze_storyline_discharge_extremes] -   Analyzing 7Q10_low for Slow Jet & Southward Shift (summer, GWL 3.0)...
2026-07-22 15:47:05,285 - INFO - [storyline.analyze_storyline_discharge_extremes] -     -> Result 7Q10_low: Median T = 7.8 (N=1)
2026-07-22 15:47:05,285 - INFO - [storyline.analyze_storyline_discharge_extremes] -   Analyzing 7Q30_low for Slow Jet & Southward Shift (summer, GWL 3.0)...
2026-07-22 15:47:05,286 - INFO - [storyline.analyze_storyline_discharge_extremes] -     -> Result 7Q30_low: Median T = 31.0 (N=1)
2026-07-22 15:47:05,286 - INFO - [storyline.analyze_storyline_discharge_extremes] -   Analyzing 7Q10_high for Slow Jet & Southward Shift (summer, GWL 3.0)...
2026-07-22 15:47:05,288 - INFO - [storyline.analyze_storyline_discharge_extremes] -     -> Result 7Q10_high: Median T = 23.2 (N=2)
2026-07-22 15:47:05,288 - INFO - [storyline.analyze_storyline_discharge_extremes] -   Analyzing 7Q30_high for Slow Jet & Southward Shift (summer, GWL 3.0)...
2026-07-22 15:47:05,289 - INFO - [storyline.analyze_storyline_discharge_extremes] -     -> Result 7Q30_high: Median T = 31.0 (N=1)
2026-07-22 15:47:05,289 - INFO - [storyline.analyze_storyline_discharge_extremes] -   Analyzing 30Q10_low for Slow Jet & Southward Shift (summer, GWL 3.0)...
2026-07-22 15:47:05,291 - INFO - [storyline.analyze_storyline_discharge_extremes] -     -> Result 30Q10_low: Median T = 5.2 (N=1)
2026-07-22 15:47:05,291 - INFO - [storyline.analyze_storyline_discharge_extremes] -   Analyzing 30Q30_low for Slow Jet & Southward Shift (summer, GWL 3.0)...
2026-07-22 15:47:05,292 - INFO - [storyline.analyze_storyline_discharge_extremes] -     -> Result 30Q30_low: Median T = 15.5 (N=1)
2026-07-22 15:47:05,292 - INFO - [storyline.analyze_storyline_discharge_extremes] -   Analyzing 30Q10_high for Slow Jet & Southward Shift (summer, GWL 3.0)...
2026-07-22 15:47:05,294 - INFO - [storyline.analyze_storyline_discharge_extremes] -     -> Result 30Q10_high: Median T = 7.8 (N=2)
2026-07-22 15:47:05,294 - INFO - [storyline.analyze_storyline_discharge_extremes] -   Analyzing 30Q30_high for Slow Jet & Southward Shift (summer, GWL 3.0)...
2026-07-22 15:47:05,296 - INFO - [storyline.analyze_storyline_discharge_extremes] -     -> Result 30Q30_high: Median T = 31.0 (N=2)
2026-07-22 15:47:05,296 - INFO - [storyline.analyze_storyline_discharge_extremes] -   Analyzing 7Q10_low for Fast Jet & Southward Shift (summer, GWL 3.0)...
2026-07-22 15:47:05,297 - INFO - [storyline.analyze_storyline_discharge_extremes] -     -> Result 7Q10_low: Median T = 31.0 (N=2)
2026-07-22 15:47:05,297 - INFO - [storyline.analyze_storyline_discharge_extremes] -   Analyzing 7Q30_low for Fast Jet & Southward Shift (summer, GWL 3.0)...
2026-07-22 15:47:05,299 - INFO - [storyline.analyze_storyline_discharge_extremes] -     -> Result 7Q30_low: Median T = 31.0 (N=1)
2026-07-22 15:47:05,299 - INFO - [storyline.analyze_storyline_discharge_extremes] -   Analyzing 7Q10_high for Fast Jet & Southward Shift (summer, GWL 3.0)...
2026-07-22 15:47:05,300 - INFO - [storyline.analyze_storyline_discharge_extremes] -     -> Result 7Q10_high: Median T = 19.4 (N=2)
2026-07-22 15:47:05,300 - INFO - [storyline.analyze_storyline_discharge_extremes] -   Analyzing 7Q30_high for Fast Jet & Southward Shift (summer, GWL 3.0)...
2026-07-22 15:47:05,302 - INFO - [storyline.analyze_storyline_discharge_extremes] -     -> Result 7Q30_high: Median T = 10.3 (N=1)
2026-07-22 15:47:05,302 - INFO - [storyline.analyze_storyline_discharge_extremes] -   Analyzing 30Q10_low for Fast Jet & Southward Shift (summer, GWL 3.0)...
2026-07-22 15:47:05,303 - INFO - [storyline.analyze_storyline_discharge_extremes] -     -> Result 30Q10_low: Median T = 31.0 (N=2)
2026-07-22 15:47:05,303 - INFO - [storyline.analyze_storyline_discharge_extremes] -   Analyzing 30Q30_low for Fast Jet & Southward Shift (summer, GWL 3.0)...
2026-07-22 15:47:05,305 - INFO - [storyline.analyze_storyline_discharge_extremes] -     -> Result 30Q30_low: Median T = 31.0 (N=1)
2026-07-22 15:47:05,305 - INFO - [storyline.analyze_storyline_discharge_extremes] -   Analyzing 30Q10_high for Fast Jet & Southward Shift (summer, GWL 3.0)...
2026-07-22 15:47:05,306 - INFO - [storyline.analyze_storyline_discharge_extremes] -     -> Result 30Q10_high: Median T = 18.1 (N=2)
2026-07-22 15:47:05,306 - INFO - [storyline.analyze_storyline_discharge_extremes] -   Analyzing 30Q30_high for Fast Jet & Southward Shift (summer, GWL 3.0)...
2026-07-22 15:47:05,308 - INFO - [storyline.analyze_storyline_discharge_extremes] -     -> Result 30Q30_high: Median T = 10.3 (N=1)
2026-07-22 15:47:05,308 - INFO - [storyline.analyze_storyline_discharge_extremes] -   Analyzing 7Q10_low for Extreme Models (summer, GWL 3.0)...
2026-07-22 15:47:05,311 - INFO - [storyline.analyze_storyline_discharge_extremes] -     -> Result 7Q10_low: Median T = 10.3 (N=5)
2026-07-22 15:47:05,311 - INFO - [storyline.analyze_storyline_discharge_extremes] -   Analyzing 7Q30_low for Extreme Models (summer, GWL 3.0)...
2026-07-22 15:47:05,314 - INFO - [storyline.analyze_storyline_discharge_extremes] -     -> Result 7Q30_low: Median T = 31.0 (N=5)
2026-07-22 15:47:05,314 - INFO - [storyline.analyze_storyline_discharge_extremes] -   Analyzing 7Q10_high for Extreme Models (summer, GWL 3.0)...
2026-07-22 15:47:05,316 - INFO - [storyline.analyze_storyline_discharge_extremes] -     -> Result 7Q10_high: Median T = 31.0 (N=4)
2026-07-22 15:47:05,316 - INFO - [storyline.analyze_storyline_discharge_extremes] -   Analyzing 7Q30_high for Extreme Models (summer, GWL 3.0)...
2026-07-22 15:47:05,319 - INFO - [storyline.analyze_storyline_discharge_extremes] -     -> Result 7Q30_high: Median T = 23.2 (N=2)
2026-07-22 15:47:05,319 - INFO - [storyline.analyze_storyline_discharge_extremes] -   Analyzing 30Q10_low for Extreme Models (summer, GWL 3.0)...
2026-07-22 15:47:05,322 - INFO - [storyline.analyze_storyline_discharge_extremes] -     -> Result 30Q10_low: Median T = 5.2 (N=5)
2026-07-22 15:47:05,322 - INFO - [storyline.analyze_storyline_discharge_extremes] -   Analyzing 30Q30_low for Extreme Models (summer, GWL 3.0)...
2026-07-22 15:47:05,325 - INFO - [storyline.analyze_storyline_discharge_extremes] -     -> Result 30Q30_low: Median T = 15.5 (N=5)
2026-07-22 15:47:05,325 - INFO - [storyline.analyze_storyline_discharge_extremes] -   Analyzing 30Q10_high for Extreme Models (summer, GWL 3.0)...
2026-07-22 15:47:05,328 - INFO - [storyline.analyze_storyline_discharge_extremes] -     -> Result 30Q10_high: Median T = 20.7 (N=4)
2026-07-22 15:47:05,328 - INFO - [storyline.analyze_storyline_discharge_extremes] -   Analyzing 30Q30_high for Extreme Models (summer, GWL 3.0)...
2026-07-22 15:47:05,331 - INFO - [storyline.analyze_storyline_discharge_extremes] -     -> Result 30Q30_high: Median T = 19.4 (N=2)
2026-07-22 15:47:05,331 - INFO - [storyline.analyze_storyline_discharge_extremes] -   Analyzing 7Q10_low for Non-Extreme Models (summer, GWL 3.0)...
2026-07-22 15:47:05,334 - INFO - [storyline.analyze_storyline_discharge_extremes] -     -> Result 7Q10_low: Median T = 31.0 (N=3)
2026-07-22 15:47:05,334 - INFO - [storyline.analyze_storyline_discharge_extremes] -   Analyzing 7Q30_low for Non-Extreme Models (summer, GWL 3.0)...
2026-07-22 15:47:05,337 - INFO - [storyline.analyze_storyline_discharge_extremes] -     -> Result 7Q30_low: Median T = 31.0 (N=2)
2026-07-22 15:47:05,337 - INFO - [storyline.analyze_storyline_discharge_extremes] -   Analyzing 7Q10_high for Non-Extreme Models (summer, GWL 3.0)...
2026-07-22 15:47:05,340 - INFO - [storyline.analyze_storyline_discharge_extremes] -     -> Result 7Q10_high: Median T = 7.8 (N=5)
2026-07-22 15:47:05,340 - INFO - [storyline.analyze_storyline_discharge_extremes] -   Analyzing 7Q30_high for Non-Extreme Models (summer, GWL 3.0)...
2026-07-22 15:47:05,343 - INFO - [storyline.analyze_storyline_discharge_extremes] -     -> Result 7Q30_high: Median T = 12.9 (N=4)
2026-07-22 15:47:05,343 - INFO - [storyline.analyze_storyline_discharge_extremes] -   Analyzing 30Q10_low for Non-Extreme Models (summer, GWL 3.0)...
2026-07-22 15:47:05,346 - INFO - [storyline.analyze_storyline_discharge_extremes] -     -> Result 30Q10_low: Median T = 31.0 (N=3)
2026-07-22 15:47:05,346 - INFO - [storyline.analyze_storyline_discharge_extremes] -   Analyzing 30Q30_low for Non-Extreme Models (summer, GWL 3.0)...
2026-07-22 15:47:05,349 - INFO - [storyline.analyze_storyline_discharge_extremes] -     -> Result 30Q30_low: Median T = 31.0 (N=2)
2026-07-22 15:47:05,349 - INFO - [storyline.analyze_storyline_discharge_extremes] -   Analyzing 30Q10_high for Non-Extreme Models (summer, GWL 3.0)...
2026-07-22 15:47:05,352 - INFO - [storyline.analyze_storyline_discharge_extremes] -     -> Result 30Q10_high: Median T = 6.2 (N=5)
2026-07-22 15:47:05,352 - INFO - [storyline.analyze_storyline_discharge_extremes] -   Analyzing 30Q30_high for Non-Extreme Models (summer, GWL 3.0)...
2026-07-22 15:47:05,354 - INFO - [storyline.analyze_storyline_discharge_extremes] -     -> Result 30Q30_high: Median T = 15.5 (N=4)
2026-07-22 15:47:05,355 - INFO - [storyline.analyze_storyline_discharge_extremes] -   Analyzing 7Q10_low for MMM (full_year, GWL 3.0)...
2026-07-22 15:47:05,361 - INFO - [storyline.analyze_storyline_discharge_extremes] -     -> Result 7Q10_low: Median T = 8.3 (N=10)
2026-07-22 15:47:05,361 - INFO - [storyline.analyze_storyline_discharge_extremes] -   Analyzing 7Q30_low for MMM (full_year, GWL 3.0)...
2026-07-22 15:47:05,367 - INFO - [storyline.analyze_storyline_discharge_extremes] -     -> Result 7Q30_low: Median T = 23.2 (N=8)
2026-07-22 15:47:05,367 - INFO - [storyline.analyze_storyline_discharge_extremes] -   Analyzing 7Q10_high for MMM (full_year, GWL 3.0)...
2026-07-22 15:47:05,373 - INFO - [storyline.analyze_storyline_discharge_extremes] -     -> Result 7Q10_high: Median T = 10.3 (N=10)
2026-07-22 15:47:05,373 - INFO - [storyline.analyze_storyline_discharge_extremes] -   Analyzing 7Q30_high for MMM (full_year, GWL 3.0)...
2026-07-22 15:47:05,379 - INFO - [storyline.analyze_storyline_discharge_extremes] -     -> Result 7Q30_high: Median T = 20.7 (N=8)
2026-07-22 15:47:05,379 - INFO - [storyline.analyze_storyline_discharge_extremes] -   Analyzing 30Q10_low for MMM (full_year, GWL 3.0)...
2026-07-22 15:47:05,385 - INFO - [storyline.analyze_storyline_discharge_extremes] -     -> Result 30Q10_low: Median T = 6.2 (N=11)
2026-07-22 15:47:05,385 - INFO - [storyline.analyze_storyline_discharge_extremes] -   Analyzing 30Q30_low for MMM (full_year, GWL 3.0)...
2026-07-22 15:47:05,391 - INFO - [storyline.analyze_storyline_discharge_extremes] -     -> Result 30Q30_low: Median T = 12.9 (N=8)
2026-07-22 15:47:05,391 - INFO - [storyline.analyze_storyline_discharge_extremes] -   Analyzing 30Q10_high for MMM (full_year, GWL 3.0)...
2026-07-22 15:47:05,397 - INFO - [storyline.analyze_storyline_discharge_extremes] -     -> Result 30Q10_high: Median T = 6.2 (N=9)
2026-07-22 15:47:05,397 - INFO - [storyline.analyze_storyline_discharge_extremes] -   Analyzing 30Q30_high for MMM (full_year, GWL 3.0)...
2026-07-22 15:47:05,403 - INFO - [storyline.analyze_storyline_discharge_extremes] -     -> Result 30Q30_high: Median T = 15.5 (N=8)
2026-07-22 15:47:05,404 - INFO - [storyline.analyze_storyline_discharge_extremes] -   Analyzing 7Q10_low for Slow Jet & Northward Shift (full_year, GWL 3.0)...
2026-07-22 15:47:05,406 - INFO - [storyline.analyze_storyline_discharge_extremes] -     -> Result 7Q10_low: Median T = 10.3 (N=5)
2026-07-22 15:47:05,406 - INFO - [storyline.analyze_storyline_discharge_extremes] -   Analyzing 7Q30_low for Slow Jet & Northward Shift (full_year, GWL 3.0)...
2026-07-22 15:47:05,409 - INFO - [storyline.analyze_storyline_discharge_extremes] -     -> Result 7Q30_low: Median T = 31.0 (N=3)
2026-07-22 15:47:05,409 - INFO - [storyline.analyze_storyline_discharge_extremes] -   Analyzing 7Q10_high for Slow Jet & Northward Shift (full_year, GWL 3.0)...
2026-07-22 15:47:05,412 - INFO - [storyline.analyze_storyline_discharge_extremes] -     -> Result 7Q10_high: Median T = 4.2 (N=4)
2026-07-22 15:47:05,412 - INFO - [storyline.analyze_storyline_discharge_extremes] -   Analyzing 7Q30_high for Slow Jet & Northward Shift (full_year, GWL 3.0)...
2026-07-22 15:47:05,415 - INFO - [storyline.analyze_storyline_discharge_extremes] -     -> Result 7Q30_high: Median T = 9.0 (N=4)
2026-07-22 15:47:05,415 - INFO - [storyline.analyze_storyline_discharge_extremes] -   Analyzing 30Q10_low for Slow Jet & Northward Shift (full_year, GWL 3.0)...
2026-07-22 15:47:05,418 - INFO - [storyline.analyze_storyline_discharge_extremes] -     -> Result 30Q10_low: Median T = 15.5 (N=5)
2026-07-22 15:47:05,418 - INFO - [storyline.analyze_storyline_discharge_extremes] -   Analyzing 30Q30_low for Slow Jet & Northward Shift (full_year, GWL 3.0)...
2026-07-22 15:47:05,421 - INFO - [storyline.analyze_storyline_discharge_extremes] -     -> Result 30Q30_low: Median T = 31.0 (N=3)
2026-07-22 15:47:05,421 - INFO - [storyline.analyze_storyline_discharge_extremes] -   Analyzing 30Q10_high for Slow Jet & Northward Shift (full_year, GWL 3.0)...
2026-07-22 15:47:05,424 - INFO - [storyline.analyze_storyline_discharge_extremes] -     -> Result 30Q10_high: Median T = 5.7 (N=4)
2026-07-22 15:47:05,424 - INFO - [storyline.analyze_storyline_discharge_extremes] -   Analyzing 30Q30_high for Slow Jet & Northward Shift (full_year, GWL 3.0)...
2026-07-22 15:47:05,427 - INFO - [storyline.analyze_storyline_discharge_extremes] -     -> Result 30Q30_high: Median T = 12.9 (N=4)
2026-07-22 15:47:05,427 - INFO - [storyline.analyze_storyline_discharge_extremes] -   Analyzing 7Q10_low for Fast Jet & Southward Shift (full_year, GWL 3.0)...
2026-07-22 15:47:05,430 - INFO - [storyline.analyze_storyline_discharge_extremes] -     -> Result 7Q10_low: Median T = 4.5 (N=4)
2026-07-22 15:47:05,430 - INFO - [storyline.analyze_storyline_discharge_extremes] -   Analyzing 7Q30_low for Fast Jet & Southward Shift (full_year, GWL 3.0)...
2026-07-22 15:47:05,432 - INFO - [storyline.analyze_storyline_discharge_extremes] -     -> Result 7Q30_low: Median T = 12.9 (N=4)
2026-07-22 15:47:05,432 - INFO - [storyline.analyze_storyline_discharge_extremes] -   Analyzing 7Q10_high for Fast Jet & Southward Shift (full_year, GWL 3.0)...
2026-07-22 15:47:05,435 - INFO - [storyline.analyze_storyline_discharge_extremes] -     -> Result 7Q10_high: Median T = 10.3 (N=4)
2026-07-22 15:47:05,435 - INFO - [storyline.analyze_storyline_discharge_extremes] -   Analyzing 7Q30_high for Fast Jet & Southward Shift (full_year, GWL 3.0)...
2026-07-22 15:47:05,438 - INFO - [storyline.analyze_storyline_discharge_extremes] -     -> Result 7Q30_high: Median T = 19.4 (N=2)
2026-07-22 15:47:05,438 - INFO - [storyline.analyze_storyline_discharge_extremes] -   Analyzing 30Q10_low for Fast Jet & Southward Shift (full_year, GWL 3.0)...
2026-07-22 15:47:05,441 - INFO - [storyline.analyze_storyline_discharge_extremes] -     -> Result 30Q10_low: Median T = 4.2 (N=4)
2026-07-22 15:47:05,441 - INFO - [storyline.analyze_storyline_discharge_extremes] -   Analyzing 30Q30_low for Fast Jet & Southward Shift (full_year, GWL 3.0)...
2026-07-22 15:47:05,443 - INFO - [storyline.analyze_storyline_discharge_extremes] -     -> Result 30Q30_low: Median T = 12.9 (N=4)
2026-07-22 15:47:05,443 - INFO - [storyline.analyze_storyline_discharge_extremes] -   Analyzing 30Q10_high for Fast Jet & Southward Shift (full_year, GWL 3.0)...
2026-07-22 15:47:05,446 - INFO - [storyline.analyze_storyline_discharge_extremes] -     -> Result 30Q10_high: Median T = 10.3 (N=3)
2026-07-22 15:47:05,446 - INFO - [storyline.analyze_storyline_discharge_extremes] -   Analyzing 30Q30_high for Fast Jet & Southward Shift (full_year, GWL 3.0)...
2026-07-22 15:47:05,448 - INFO - [storyline.analyze_storyline_discharge_extremes] -     -> Result 30Q30_high: Median T = 19.4 (N=2)
2026-07-22 15:47:05,449 - INFO - [storyline.analyze_storyline_discharge_extremes] -   Analyzing 7Q10_low for Extreme Models (full_year, GWL 3.0)...
2026-07-22 15:47:05,452 - INFO - [storyline.analyze_storyline_discharge_extremes] -     -> Result 7Q10_low: Median T = 3.9 (N=5)
2026-07-22 15:47:05,452 - INFO - [storyline.analyze_storyline_discharge_extremes] -   Analyzing 7Q30_low for Extreme Models (full_year, GWL 3.0)...
2026-07-22 15:47:05,455 - INFO - [storyline.analyze_storyline_discharge_extremes] -     -> Result 7Q30_low: Median T = 10.3 (N=5)
2026-07-22 15:47:05,455 - INFO - [storyline.analyze_storyline_discharge_extremes] -   Analyzing 7Q10_high for Extreme Models (full_year, GWL 3.0)...
2026-07-22 15:47:05,458 - INFO - [storyline.analyze_storyline_discharge_extremes] -     -> Result 7Q10_high: Median T = 10.3 (N=4)
2026-07-22 15:47:05,458 - INFO - [storyline.analyze_storyline_discharge_extremes] -   Analyzing 7Q30_high for Extreme Models (full_year, GWL 3.0)...
2026-07-22 15:47:05,461 - INFO - [storyline.analyze_storyline_discharge_extremes] -     -> Result 7Q30_high: Median T = 17.7 (N=2)
2026-07-22 15:47:05,461 - INFO - [storyline.analyze_storyline_discharge_extremes] -   Analyzing 30Q10_low for Extreme Models (full_year, GWL 3.0)...
2026-07-22 15:47:05,465 - INFO - [storyline.analyze_storyline_discharge_extremes] -     -> Result 30Q10_low: Median T = 3.9 (N=5)
2026-07-22 15:47:05,465 - INFO - [storyline.analyze_storyline_discharge_extremes] -   Analyzing 30Q30_low for Extreme Models (full_year, GWL 3.0)...
2026-07-22 15:47:05,468 - INFO - [storyline.analyze_storyline_discharge_extremes] -     -> Result 30Q30_low: Median T = 10.3 (N=5)
2026-07-22 15:47:05,468 - INFO - [storyline.analyze_storyline_discharge_extremes] -   Analyzing 30Q10_high for Extreme Models (full_year, GWL 3.0)...
2026-07-22 15:47:05,471 - INFO - [storyline.analyze_storyline_discharge_extremes] -     -> Result 30Q10_high: Median T = 10.3 (N=3)
2026-07-22 15:47:05,471 - INFO - [storyline.analyze_storyline_discharge_extremes] -   Analyzing 30Q30_high for Extreme Models (full_year, GWL 3.0)...
2026-07-22 15:47:05,474 - INFO - [storyline.analyze_storyline_discharge_extremes] -     -> Result 30Q30_high: Median T = 17.7 (N=2)
2026-07-22 15:47:05,474 - INFO - [storyline.analyze_storyline_discharge_extremes] -   Analyzing 7Q10_low for Non-Extreme Models (full_year, GWL 3.0)...
2026-07-22 15:47:05,477 - INFO - [storyline.analyze_storyline_discharge_extremes] -     -> Result 7Q10_low: Median T = 12.9 (N=4)
2026-07-22 15:47:05,477 - INFO - [storyline.analyze_storyline_discharge_extremes] -   Analyzing 7Q30_low for Non-Extreme Models (full_year, GWL 3.0)...
2026-07-22 15:47:05,480 - INFO - [storyline.analyze_storyline_discharge_extremes] -     -> Result 7Q30_low: Median T = 31.0 (N=3)
2026-07-22 15:47:05,480 - INFO - [storyline.analyze_storyline_discharge_extremes] -   Analyzing 7Q10_high for Non-Extreme Models (full_year, GWL 3.0)...
2026-07-22 15:47:05,483 - INFO - [storyline.analyze_storyline_discharge_extremes] -     -> Result 7Q10_high: Median T = 4.4 (N=5)
2026-07-22 15:47:05,483 - INFO - [storyline.analyze_storyline_discharge_extremes] -   Analyzing 7Q30_high for Non-Extreme Models (full_year, GWL 3.0)...
2026-07-22 15:47:05,486 - INFO - [storyline.analyze_storyline_discharge_extremes] -     -> Result 7Q30_high: Median T = 10.3 (N=5)
2026-07-22 15:47:05,486 - INFO - [storyline.analyze_storyline_discharge_extremes] -   Analyzing 30Q10_low for Non-Extreme Models (full_year, GWL 3.0)...
2026-07-22 15:47:05,489 - INFO - [storyline.analyze_storyline_discharge_extremes] -     -> Result 30Q10_low: Median T = 15.5 (N=5)
2026-07-22 15:47:05,489 - INFO - [storyline.analyze_storyline_discharge_extremes] -   Analyzing 30Q30_low for Non-Extreme Models (full_year, GWL 3.0)...
2026-07-22 15:47:05,492 - INFO - [storyline.analyze_storyline_discharge_extremes] -     -> Result 30Q30_low: Median T = 31.0 (N=3)
2026-07-22 15:47:05,492 - INFO - [storyline.analyze_storyline_discharge_extremes] -   Analyzing 30Q10_high for Non-Extreme Models (full_year, GWL 3.0)...
2026-07-22 15:47:05,495 - INFO - [storyline.analyze_storyline_discharge_extremes] -     -> Result 30Q10_high: Median T = 5.2 (N=5)
2026-07-22 15:47:05,495 - INFO - [storyline.analyze_storyline_discharge_extremes] -   Analyzing 30Q30_high for Non-Extreme Models (full_year, GWL 3.0)...
2026-07-22 15:47:05,498 - INFO - [storyline.analyze_storyline_discharge_extremes] -     -> Result 30Q30_high: Median T = 15.5 (N=5)
2026-07-22 15:47:05,498 - INFO - [visualization.plot_storyline_return_period_half_year] - Plotting POOLED GEV return period (6-row, 9-col, Full-Year-MMM) for ssp245...
2026-07-22 15:47:07,181 - INFO - [visualization.plot_storyline_return_period_half_year] - Applying shared column X-limits (Low-Flow and High-Flow separately)...
2026-07-22 15:47:10,648 - INFO - [visualization.plot_storyline_return_period_half_year] - Saved REORGANIZED return period plot (6-row, Empirical, Full-Year-MMM) to /nas/home/vlw/Desktop/STREAM/paper1-plots/storyline_discharge_return_period_BY_EVENT_ssp245.png
2026-07-22 15:47:10,648 - INFO - [visualization.plot_historical_seasonal_verification] - Plotting seasonal verification bar chart (Historical + Future GWLs)...
2026-07-22 15:47:11,114 - INFO - [visualization.plot_historical_seasonal_verification] - Saved seasonal verification plot to /nas/home/vlw/Desktop/STREAM/paper1-plots/historical_seasonal_verification_ssp245.png
2026-07-22 15:47:11,114 - INFO - [visualization.plot_core_finding_gev_panel] - Plotting Figure 3 (Core Finding Empirical Panel) with BROKEN AXIS for ssp245...
2026-07-22 15:47:11,582 - INFO - [visualization.plot_core_finding_gev_panel] - Saved Figure 3 to /nas/home/vlw/Desktop/STREAM/paper1-plots/Figure3_core_finding_regime_shift_ssp245.png
2026-07-22 15:47:11,582 - INFO - [visualization.plot_final_figure_2_shift_and_verification] - Plotting Final Figure 2 (Combined Shift and Verification) for ssp245...
2026-07-22 15:47:12,558 - INFO - [visualization.plot_final_figure_2_shift_and_verification] - Saved Final Figure 2 to /nas/home/vlw/Desktop/STREAM/paper1-plots/final_figure_2_regime_shift_and_verification_ssp245.png and /nas/home/vlw/Desktop/STREAM/paper1-plots/final_figure_2_regime_shift_and_verification_ssp245.pdf
2026-07-22 15:47:12,558 - INFO - [main.run_full_analysis] - Discharge extreme events plot not found or requested to recreate. Creating...
2026-07-22 15:47:12,559 - INFO - [visualization.plot_discharge_events_extreme_timeseries] - Plotting extreme discharge events timeseries for ssp245...
2026-07-22 15:47:13,075 - INFO - [visualization.plot_discharge_events_extreme_timeseries] - Saved extreme discharge events timeseries plot to /nas/home/vlw/Desktop/STREAM/paper1-plots/storyline_discharge_events_extremes_ssp245.png
2026-07-22 15:47:13,077 - INFO - [main.run_full_analysis] - PSL composite plot for GWL 2.0, Winter already exists.
2026-07-22 15:47:13,077 - INFO - [main.run_full_analysis] - PSL composite plot for GWL 2.0, Summer already exists.
2026-07-22 15:47:13,077 - INFO - [main.run_full_analysis] - PSL composite plot for GWL 3.0, Winter already exists.
2026-07-22 15:47:13,078 - INFO - [main.run_full_analysis] - PSL composite plot for GWL 3.0, Summer already exists.
2026-07-22 15:47:13,081 - INFO - [main.run_full_analysis] - PR composite plot for GWL 2.0, Winter already exists and data not needed for Final Figure 4.
2026-07-22 15:47:13,081 - INFO - [main.run_full_analysis] - PR composite plot for GWL 2.0, Summer already exists and data not needed for Final Figure 4.
2026-07-22 15:47:13,083 - INFO - [main.run_full_analysis] - PR composite plot for GWL 3.0, Winter already exists and data not needed for Final Figure 4.
2026-07-22 15:47:13,083 - INFO - [main.run_full_analysis] - PR composite plot for GWL 3.0, Summer already exists and data not needed for Final Figure 4.
2026-07-22 15:47:13,084 - INFO - [main.run_full_analysis] - Combined PR diff plot for GWL 2.0 already exists.
2026-07-22 15:47:13,084 - INFO - [main.run_full_analysis] - Combined PR diff plot for GWL 3.0 already exists.
2026-07-22 15:47:13,085 - INFO - [main.run_full_analysis] - UA composite plot for GWL 2.0, Winter already exists and data not needed.
2026-07-22 15:47:13,085 - INFO - [storyline.calculate_ua_composites_for_extremes] - Calculating UA composites for event '30Q10_low' at GWL +2.0°C, Season=Winter...
2026-07-22 15:47:13,123 - INFO - [storyline.calculate_ua_composites_for_extremes] -   UA Extreme Models (N=12): ['ACCESS-ESM1-5_ssp245', 'KACE-1-0-G_ssp245', 'MPI-ESM1-2-HR_ssp245', 'NorESM2-MM_ssp245', 'CESM2_ssp245', 'HadGEM3-GC31-LL_ssp245', 'INM-CM4-8_ssp245', 'MIROC6_ssp245', 'CMCC-ESM2_ssp245', 'CESM2-WACCM_ssp245', 'EC-Earth3_ssp245', 'INM-CM5-0_ssp245']
2026-07-22 15:47:13,123 - INFO - [storyline.calculate_ua_composites_for_extremes] -   UA Non-Extreme Models (N=12): ['KIOST-ESM_ssp245', 'UKESM1-0-LL_ssp245', 'CMCC-CM2-SR5_ssp245', 'EC-Earth3-CC_ssp245', 'ACCESS-CM2_ssp245', 'CanESM5_ssp245', 'EC-Earth3-Veg-LR_ssp245', 'GFDL-ESM4_ssp245', 'IITM-ESM_ssp245', 'MIROC-ES2L_ssp245', 'MPI-ESM1-2-LR_ssp245', 'MRI-ESM2-0_ssp245']
2026-07-22 15:47:13,125 - INFO - [storyline.find_cmip6_ua_file] - Selected UA file member 'r1i1p1f1' for ACCESS-ESM1-5 (ssp245) from available: ['r1i1p1f1']
2026-07-22 15:47:13,270 - INFO - [storyline.find_cmip6_ua_file] - Selected UA file member 'r1i1p1f1' for KACE-1-0-G (ssp245) from available: ['r1i1p1f1']
2026-07-22 15:47:13,390 - INFO - [storyline.find_cmip6_ua_file] - Selected UA file member 'r1i1p1f1' for MPI-ESM1-2-HR (ssp245) from available: ['r1i1p1f1']
2026-07-22 15:47:13,713 - INFO - [storyline.find_cmip6_ua_file] - Selected UA file member 'r1i1p1f1' for NorESM2-MM (ssp245) from available: ['r1i1p1f1']
2026-07-22 15:47:13,925 - INFO - [storyline.find_cmip6_ua_file] - Selected UA file member 'r4i1p1f1' for CESM2 (ssp245) from available: ['r4i1p1f1']
2026-07-22 15:47:13,925 - INFO - [storyline.find_cmip6_ua_file] - Including non-standard UA file to fill gap: ua_Amon_CESM2_ssp245_r4i1p1f1_gn_20150115-20540715_regridded.nc
2026-07-22 15:47:13,925 - INFO - [storyline.find_cmip6_ua_file] - Including non-standard UA file to fill gap: ua_Amon_CESM2_ssp245_r4i1p1f1_gn_20540815-20940214_regridded.nc
2026-07-22 15:47:13,926 - INFO - [storyline.find_cmip6_ua_file] - Including non-standard UA file to fill gap: ua_Amon_CESM2_ssp245_r4i1p1f1_gn_20940315-21001215_regridded.nc
2026-07-22 15:47:14,104 - INFO - [storyline.find_cmip6_ua_file] - Selected UA file member 'r1i1p1f3' for HadGEM3-GC31-LL (ssp245) from available: ['r1i1p1f3']
2026-07-22 15:47:14,277 - INFO - [storyline.find_cmip6_ua_file] - Selected UA file member 'r1i1p1f1' for INM-CM4-8 (ssp245) from available: ['r1i1p1f1']
2026-07-22 15:47:14,509 - INFO - [storyline.find_cmip6_ua_file] - Selected UA file member 'r1i1p1f1' for MIROC6 (ssp245) from available: ['r1i1p1f1']
2026-07-22 15:47:14,509 - WARNING - [storyline.find_cmip6_ua_file] - Excluding overlapping non-standard UA file: ua_Amon_MIROC6_ssp245_r1i1p1f1_gn_20150116-20741216_regridded.nc
2026-07-22 15:47:14,686 - INFO - [storyline.find_cmip6_ua_file] - Selected UA file member 'r1i1p1f1' for CMCC-ESM2 (ssp245) from available: ['r1i1p1f1']
2026-07-22 15:47:14,859 - INFO - [storyline.find_cmip6_ua_file] - Selected UA file member 'r1i1p1f1' for CESM2-WACCM (ssp245) from available: ['r1i1p1f1']
2026-07-22 15:47:15,020 - INFO - [storyline.find_cmip6_ua_file] - Selected UA file member 'r1i1p1f1' for EC-Earth3 (ssp245) from available: ['r1i1p1f1']
2026-07-22 15:47:16,803 - INFO - [storyline.find_cmip6_ua_file] - Selected UA file member 'r1i1p1f1' for INM-CM5-0 (ssp245) from available: ['r1i1p1f1']
2026-07-22 15:47:16,804 - INFO - [storyline.find_cmip6_ua_file] - Including non-standard UA file to fill gap: ua_Amon_INM-CM5-0_ssp245_r1i1p1f1_gr1_20750116-20841216_regridded.nc
2026-07-22 15:47:17,023 - INFO - [storyline.find_cmip6_ua_file] - Selected UA file member 'r1i1p1f1' for KIOST-ESM (ssp245) from available: ['r1i1p1f1']
2026-07-22 15:47:17,164 - INFO - [storyline.find_cmip6_ua_file] - Selected UA file member 'r1i1p1f2' for UKESM1-0-LL (ssp245) from available: ['r13i1p1f2', 'r1i1p1f2']
2026-07-22 15:47:17,164 - INFO - [storyline.find_cmip6_ua_file] - Including non-standard UA file to fill gap: ua_Amon_UKESM1-0-LL_ssp245_r1i1p1f2_gn_20150116-20930916_regridded.nc
2026-07-22 15:47:17,164 - INFO - [storyline.find_cmip6_ua_file] - Including non-standard UA file to fill gap: ua_Amon_UKESM1-0-LL_ssp245_r1i1p1f2_gn_20931016-21001216_regridded.nc
2026-07-22 15:47:17,545 - INFO - [storyline.find_cmip6_ua_file] - Selected UA file member 'r1i1p1f1' for CMCC-CM2-SR5 (ssp245) from available: ['r1i1p1f1']
2026-07-22 15:47:17,545 - INFO - [storyline.find_cmip6_ua_file] - Including non-standard UA file to fill gap: ua_Amon_CMCC-CM2-SR5_ssp245_r1i1p1f1_gn_20400116-20641216_regridded.nc
2026-07-22 15:47:17,752 - INFO - [storyline.find_cmip6_ua_file] - Selected UA file member 'r1i1p1f1' for EC-Earth3-CC (ssp245) from available: ['r1i1p1f1']
2026-07-22 15:47:17,753 - WARNING - [storyline.find_cmip6_ua_file] - Excluding overlapping non-standard UA file: ua_Amon_EC-Earth3-CC_ssp245_r1i1p1f1_gr_20150116-20310816_regridded.nc
2026-07-22 15:47:17,753 - WARNING - [storyline.find_cmip6_ua_file] - Excluding overlapping non-standard UA file: ua_Amon_EC-Earth3-CC_ssp245_r1i1p1f1_gr_20310916-20480416_regridded.nc
2026-07-22 15:47:17,753 - WARNING - [storyline.find_cmip6_ua_file] - Excluding overlapping non-standard UA file: ua_Amon_EC-Earth3-CC_ssp245_r1i1p1f1_gr_20480516-20641216_regridded.nc
2026-07-22 15:47:17,753 - WARNING - [storyline.find_cmip6_ua_file] - Excluding overlapping non-standard UA file: ua_Amon_EC-Earth3-CC_ssp245_r1i1p1f1_gr_20650116-20810816_regridded.nc
2026-07-22 15:47:17,753 - WARNING - [storyline.find_cmip6_ua_file] - Excluding overlapping non-standard UA file: ua_Amon_EC-Earth3-CC_ssp245_r1i1p1f1_gr_20810916-20980416_regridded.nc
2026-07-22 15:47:17,753 - WARNING - [storyline.find_cmip6_ua_file] - Excluding overlapping non-standard UA file: ua_Amon_EC-Earth3-CC_ssp245_r1i1p1f1_gr_20980516-21001216_regridded.nc
2026-07-22 15:47:18,760 - INFO - [storyline.find_cmip6_ua_file] - Selected UA file member 'r1i1p1f1' for ACCESS-CM2 (ssp245) from available: ['r1i1p1f1']
2026-07-22 15:47:18,907 - INFO - [storyline.find_cmip6_ua_file] - Selected UA file member 'r1i1p1f1' for CanESM5 (ssp245) from available: ['r1i1p1f1']
2026-07-22 15:47:19,051 - INFO - [storyline.find_cmip6_ua_file] - Selected UA file member 'r1i1p1f1' for EC-Earth3-Veg-LR (ssp245) from available: ['r1i1p1f1']
2026-07-22 15:47:19,051 - WARNING - [storyline.find_cmip6_ua_file] - Excluding overlapping non-standard UA file: ua_Amon_EC-Earth3-Veg-LR_ssp245_r1i1p1f1_gr_20150116-20791216_regridded.nc
2026-07-22 15:47:20,166 - INFO - [storyline.find_cmip6_ua_file] - Selected UA file member 'r1i1p1f1' for GFDL-ESM4 (ssp245) from available: ['r1i1p1f1']
2026-07-22 15:47:20,307 - INFO - [storyline.find_cmip6_ua_file] - Selected UA file member 'r1i1p1f1' for IITM-ESM (ssp245) from available: ['r1i1p1f1']
2026-07-22 15:47:20,308 - WARNING - [storyline.find_cmip6_ua_file] - Excluding overlapping non-standard UA file: ua_Amon_IITM-ESM_ssp245_r1i1p1f1_gn_20150116-20991216_regridded.nc
2026-07-22 15:47:20,528 - INFO - [storyline.find_cmip6_ua_file] - Selected UA file member 'r1i1p1f2' for MIROC-ES2L (ssp245) from available: ['r1i1p1f2']
2026-07-22 15:47:20,528 - INFO - [storyline.find_cmip6_ua_file] - Including non-standard UA file to fill gap: ua_Amon_MIROC-ES2L_ssp245_r1i1p1f2_gn_20150116-21001216_regridded.nc
2026-07-22 15:47:20,686 - INFO - [storyline.find_cmip6_ua_file] - Selected UA file member 'r1i1p1f1' for MPI-ESM1-2-LR (ssp245) from available: ['r1i1p1f1']
2026-07-22 15:47:20,900 - INFO - [storyline.find_cmip6_ua_file] - Selected UA file member 'r1i1p1f1' for MRI-ESM2-0 (ssp245) from available: ['r1i1p1f1']
2026-07-22 15:47:20,901 - INFO - [storyline.find_cmip6_ua_file] - Including non-standard UA file to fill gap: ua_Amon_MRI-ESM2-0_ssp245_r1i1p1f1_gn_20650116-20991216_regridded.nc
2026-07-22 15:47:21,091 - INFO - [storyline.find_cmip6_ua_historical_file] - Selected historical UA member 'r1i1p1f1' for ACCESS-ESM1-5 from available: ['r1i1p1f1']
2026-07-22 15:47:21,360 - INFO - [storyline.find_cmip6_ua_historical_file] - Selected historical UA member 'r1i1p1f1' for KACE-1-0-G from available: ['r1i1p1f1']
2026-07-22 15:47:21,604 - INFO - [storyline.find_cmip6_ua_historical_file] - Selected historical UA member 'r1i1p1f1' for MPI-ESM1-2-HR from available: ['r1i1p1f1']
2026-07-22 15:47:21,605 - WARNING - [storyline.find_cmip6_ua_historical_file] - Excluding overlapping non-standard historical UA file: ua_Amon_MPI-ESM1-2-HR_historical_r1i1p1f1_gn_18500116-18790816_regridded.nc
2026-07-22 15:47:21,605 - WARNING - [storyline.find_cmip6_ua_historical_file] - Excluding overlapping non-standard historical UA file: ua_Amon_MPI-ESM1-2-HR_historical_r1i1p1f1_gn_18790916-19090416_regridded.nc
2026-07-22 15:47:21,605 - WARNING - [storyline.find_cmip6_ua_historical_file] - Excluding overlapping non-standard historical UA file: ua_Amon_MPI-ESM1-2-HR_historical_r1i1p1f1_gn_19090516-19381216_regridded.nc
2026-07-22 15:47:21,605 - WARNING - [storyline.find_cmip6_ua_historical_file] - Excluding overlapping non-standard historical UA file: ua_Amon_MPI-ESM1-2-HR_historical_r1i1p1f1_gn_19390116-19680816_regridded.nc
2026-07-22 15:47:21,606 - WARNING - [storyline.find_cmip6_ua_historical_file] - Excluding overlapping non-standard historical UA file: ua_Amon_MPI-ESM1-2-HR_historical_r1i1p1f1_gn_19680916-19980416_regridded.nc
2026-07-22 15:47:21,606 - WARNING - [storyline.find_cmip6_ua_historical_file] - Excluding overlapping non-standard historical UA file: ua_Amon_MPI-ESM1-2-HR_historical_r1i1p1f1_gn_19980516-20141216_regridded.nc
2026-07-22 15:47:22,151 - INFO - [storyline.find_cmip6_ua_historical_file] - Selected historical UA member 'r1i1p1f1' for NorESM2-MM from available: ['r1i1p1f1']
2026-07-22 15:47:22,152 - WARNING - [storyline.find_cmip6_ua_historical_file] - Excluding overlapping non-standard historical UA file: ua_Amon_NorESM2-MM_historical_r1i1p1f1_gn_19100116-19191216_regridded.nc
2026-07-22 15:47:22,539 - INFO - [storyline.find_cmip6_ua_historical_file] - Selected historical UA member 'r1i1p1f1' for CESM2 from available: ['r1i1p1f1']
2026-07-22 15:47:22,779 - INFO - [storyline.find_cmip6_ua_historical_file] - Selected historical UA member 'r1i1p1f3' for HadGEM3-GC31-LL from available: ['r1i1p1f3']
2026-07-22 15:47:22,779 - INFO - [storyline.find_cmip6_ua_historical_file] - Including non-standard historical UA file to fill gap: ua_Amon_HadGEM3-GC31-LL_historical_r1i1p1f3_gn_18500116-19280916_regridded.nc
2026-07-22 15:47:22,779 - INFO - [storyline.find_cmip6_ua_historical_file] - Including non-standard historical UA file to fill gap: ua_Amon_HadGEM3-GC31-LL_historical_r1i1p1f3_gn_19281016-20070616_regridded.nc
2026-07-22 15:47:22,780 - INFO - [storyline.find_cmip6_ua_historical_file] - Including non-standard historical UA file to fill gap: ua_Amon_HadGEM3-GC31-LL_historical_r1i1p1f3_gn_20070716-20141216_regridded.nc
2026-07-22 15:47:23,082 - INFO - [storyline.find_cmip6_ua_historical_file] - Selected historical UA member 'r1i1p1f1' for INM-CM4-8 from available: ['r1i1p1f1']
2026-07-22 15:47:23,487 - INFO - [storyline.find_cmip6_ua_historical_file] - Selected historical UA member 'r1i1p1f1' for MIROC6 from available: ['r1i1p1f1']
2026-07-22 15:47:23,900 - INFO - [storyline.find_cmip6_ua_historical_file] - Selected historical UA member 'r1i1p1f1' for CMCC-ESM2 from available: ['r1i1p1f1']
2026-07-22 15:47:23,900 - WARNING - [storyline.find_cmip6_ua_historical_file] - Excluding overlapping non-standard historical UA file: ua_Amon_CMCC-ESM2_historical_r1i1p1f1_gn_18500116-18890716_regridded.nc
2026-07-22 15:47:23,900 - WARNING - [storyline.find_cmip6_ua_historical_file] - Excluding overlapping non-standard historical UA file: ua_Amon_CMCC-ESM2_historical_r1i1p1f1_gn_18890816-18991216_regridded.nc
2026-07-22 15:47:24,224 - INFO - [storyline.find_cmip6_ua_historical_file] - Selected historical UA member 'r1i1p1f1' for CESM2-WACCM from available: ['r1i1p1f1']
2026-07-22 15:47:24,224 - INFO - [storyline.find_cmip6_ua_historical_file] - Including non-standard historical UA file to fill gap: ua_Amon_CESM2-WACCM_historical_r1i1p1f1_gn_18500115-18890715_regridded.nc
2026-07-22 15:47:24,225 - INFO - [storyline.find_cmip6_ua_historical_file] - Including non-standard historical UA file to fill gap: ua_Amon_CESM2-WACCM_historical_r1i1p1f1_gn_18890815-19290214_regridded.nc
2026-07-22 15:47:24,225 - INFO - [storyline.find_cmip6_ua_historical_file] - Including non-standard historical UA file to fill gap: ua_Amon_CESM2-WACCM_historical_r1i1p1f1_gn_19290315-19680915_regridded.nc
2026-07-22 15:47:24,225 - INFO - [storyline.find_cmip6_ua_historical_file] - Including non-standard historical UA file to fill gap: ua_Amon_CESM2-WACCM_historical_r1i1p1f1_gn_19681015-20080415_regridded.nc
2026-07-22 15:47:24,225 - INFO - [storyline.find_cmip6_ua_historical_file] - Including non-standard historical UA file to fill gap: ua_Amon_CESM2-WACCM_historical_r1i1p1f1_gn_20080515-20141215_regridded.nc
2026-07-22 15:47:25,007 - INFO - [storyline.find_cmip6_ua_historical_file] - Selected historical UA member 'r1i1p1f1' for EC-Earth3 from available: ['r1i1p1f1']
2026-07-22 15:47:26,672 - INFO - [storyline.find_cmip6_ua_historical_file] - Selected historical UA member 'r1i1p1f1' for INM-CM5-0 from available: ['r1i1p1f1']
2026-07-22 15:47:26,672 - WARNING - [storyline.find_cmip6_ua_historical_file] - Excluding overlapping non-standard historical UA file: ua_Amon_INM-CM5-0_historical_r1i1p1f1_gr1_19000116-19491216_regridded.nc
2026-07-22 15:47:27,048 - INFO - [storyline.find_cmip6_ua_historical_file] - Selected historical UA member 'r1i1p1f1' for KIOST-ESM from available: ['r1i1p1f1']
2026-07-22 15:47:27,277 - INFO - [storyline.find_cmip6_ua_historical_file] - Selected historical UA member 'r1i1p1f2' for UKESM1-0-LL from available: ['r1i1p1f2']
2026-07-22 15:47:27,277 - INFO - [storyline.find_cmip6_ua_historical_file] - Including non-standard historical UA file to fill gap: ua_Amon_UKESM1-0-LL_historical_r1i1p1f2_gn_18500116-19280916_regridded.nc
2026-07-22 15:47:27,277 - INFO - [storyline.find_cmip6_ua_historical_file] - Including non-standard historical UA file to fill gap: ua_Amon_UKESM1-0-LL_historical_r1i1p1f2_gn_19281016-20070616_regridded.nc
2026-07-22 15:47:27,278 - INFO - [storyline.find_cmip6_ua_historical_file] - Including non-standard historical UA file to fill gap: ua_Amon_UKESM1-0-LL_historical_r1i1p1f2_gn_20070716-20141216_regridded.nc
2026-07-22 15:47:27,566 - INFO - [storyline.find_cmip6_ua_historical_file] - Selected historical UA member 'r1i1p1f1' for CMCC-CM2-SR5 from available: ['r1i1p1f1']
2026-07-22 15:47:27,567 - WARNING - [storyline.find_cmip6_ua_historical_file] - Excluding overlapping non-standard historical UA file: ua_Amon_CMCC-CM2-SR5_historical_r1i1p1f1_gn_19500116-19741216_regridded.nc
2026-07-22 15:47:27,882 - INFO - [storyline.find_cmip6_ua_historical_file] - Selected historical UA member 'r1i1p1f1' for EC-Earth3-CC from available: ['r1i1p1f1']
2026-07-22 15:47:27,883 - WARNING - [storyline.find_cmip6_ua_historical_file] - Excluding overlapping non-standard historical UA file: ua_Amon_EC-Earth3-CC_historical_r1i1p1f1_gr_18500116-18660816_regridded.nc
2026-07-22 15:47:27,883 - WARNING - [storyline.find_cmip6_ua_historical_file] - Excluding overlapping non-standard historical UA file: ua_Amon_EC-Earth3-CC_historical_r1i1p1f1_gr_18660916-18830416_regridded.nc
2026-07-22 15:47:27,883 - WARNING - [storyline.find_cmip6_ua_historical_file] - Excluding overlapping non-standard historical UA file: ua_Amon_EC-Earth3-CC_historical_r1i1p1f1_gr_18830516-18991216_regridded.nc
2026-07-22 15:47:27,883 - WARNING - [storyline.find_cmip6_ua_historical_file] - Excluding overlapping non-standard historical UA file: ua_Amon_EC-Earth3-CC_historical_r1i1p1f1_gr_19000116-19160816_regridded.nc
2026-07-22 15:47:27,883 - WARNING - [storyline.find_cmip6_ua_historical_file] - Excluding overlapping non-standard historical UA file: ua_Amon_EC-Earth3-CC_historical_r1i1p1f1_gr_19160916-19330416_regridded.nc
2026-07-22 15:47:27,883 - WARNING - [storyline.find_cmip6_ua_historical_file] - Excluding overlapping non-standard historical UA file: ua_Amon_EC-Earth3-CC_historical_r1i1p1f1_gr_19330516-19491216_regridded.nc
2026-07-22 15:47:27,884 - WARNING - [storyline.find_cmip6_ua_historical_file] - Excluding overlapping non-standard historical UA file: ua_Amon_EC-Earth3-CC_historical_r1i1p1f1_gr_19500116-19660816_regridded.nc
2026-07-22 15:47:27,884 - WARNING - [storyline.find_cmip6_ua_historical_file] - Excluding overlapping non-standard historical UA file: ua_Amon_EC-Earth3-CC_historical_r1i1p1f1_gr_19660916-19830416_regridded.nc
2026-07-22 15:47:27,884 - WARNING - [storyline.find_cmip6_ua_historical_file] - Excluding overlapping non-standard historical UA file: ua_Amon_EC-Earth3-CC_historical_r1i1p1f1_gr_19830516-19991216_regridded.nc
2026-07-22 15:47:27,884 - WARNING - [storyline.find_cmip6_ua_historical_file] - Excluding overlapping non-standard historical UA file: ua_Amon_EC-Earth3-CC_historical_r1i1p1f1_gr_20000116-20141216_regridded.nc
2026-07-22 15:47:29,518 - INFO - [storyline.find_cmip6_ua_historical_file] - Selected historical UA member 'r1i1p1f1' for ACCESS-CM2 from available: ['r1i1p1f1']
2026-07-22 15:47:29,519 - WARNING - [storyline.find_cmip6_ua_historical_file] - Excluding overlapping non-standard historical UA file: ua_Amon_ACCESS-CM2_historical_r1i1p1f1_gn_18500116-19280916_regridded.nc
2026-07-22 15:47:29,519 - WARNING - [storyline.find_cmip6_ua_historical_file] - Excluding overlapping non-standard historical UA file: ua_Amon_ACCESS-CM2_historical_r1i1p1f1_gn_19281016-20070616_regridded.nc
2026-07-22 15:47:29,519 - WARNING - [storyline.find_cmip6_ua_historical_file] - Excluding overlapping non-standard historical UA file: ua_Amon_ACCESS-CM2_historical_r1i1p1f1_gn_20070716-20141216_regridded.nc
2026-07-22 15:47:30,600 - INFO - [storyline.find_cmip6_ua_historical_file] - Selected historical UA member 'r1i1p1f1' for CanESM5 from available: ['r1i1p1f1']
2026-07-22 15:47:30,864 - INFO - [storyline.find_cmip6_ua_historical_file] - Selected historical UA member 'r1i1p1f1' for EC-Earth3-Veg-LR from available: ['r1i1p1f1']
2026-07-22 15:47:30,865 - WARNING - [storyline.find_cmip6_ua_historical_file] - Excluding overlapping non-standard historical UA file: ua_Amon_EC-Earth3-Veg-LR_historical_r1i1p1f1_gr_18500116-18920916_regridded.nc
2026-07-22 15:47:30,865 - WARNING - [storyline.find_cmip6_ua_historical_file] - Excluding overlapping non-standard historical UA file: ua_Amon_EC-Earth3-Veg-LR_historical_r1i1p1f1_gr_18921016-19350616_regridded.nc
2026-07-22 15:47:30,865 - WARNING - [storyline.find_cmip6_ua_historical_file] - Excluding overlapping non-standard historical UA file: ua_Amon_EC-Earth3-Veg-LR_historical_r1i1p1f1_gr_19350716-19780316_regridded.nc
2026-07-22 15:47:30,865 - WARNING - [storyline.find_cmip6_ua_historical_file] - Excluding overlapping non-standard historical UA file: ua_Amon_EC-Earth3-Veg-LR_historical_r1i1p1f1_gr_19780416-20141216_regridded.nc
2026-07-22 15:47:32,501 - INFO - [storyline.find_cmip6_ua_historical_file] - Selected historical UA member 'r1i1p1f1' for GFDL-ESM4 from available: ['r1i1p1f1']
2026-07-22 15:47:32,729 - INFO - [storyline.find_cmip6_ua_historical_file] - Selected historical UA member 'r1i1p1f1' for IITM-ESM from available: ['r1i1p1f1']
2026-07-22 15:47:33,123 - INFO - [storyline.find_cmip6_ua_historical_file] - Selected historical UA member 'r1i1p1f2' for MIROC-ES2L from available: ['r1i1p1f2']
2026-07-22 15:47:33,123 - INFO - [storyline.find_cmip6_ua_historical_file] - Including non-standard historical UA file to fill gap: ua_Amon_MIROC-ES2L_historical_r1i1p1f2_gn_18500116-20141216_regridded.nc
2026-07-22 15:47:33,354 - INFO - [storyline.find_cmip6_ua_historical_file] - Selected historical UA member 'r1i1p1f1' for MPI-ESM1-2-LR from available: ['r1i1p1f1']
2026-07-22 15:47:33,686 - INFO - [storyline.find_cmip6_ua_historical_file] - Selected historical UA member 'r1i1p1f1' for MRI-ESM2-0 from available: ['r1i1p1f1']
2026-07-22 15:47:33,687 - INFO - [storyline.find_cmip6_ua_historical_file] - Including non-standard historical UA file to fill gap: ua_Amon_MRI-ESM2-0_historical_r1i1p1f1_gn_18500116-18920916_regridded.nc
2026-07-22 15:47:33,687 - INFO - [storyline.find_cmip6_ua_historical_file] - Including non-standard historical UA file to fill gap: ua_Amon_MRI-ESM2-0_historical_r1i1p1f1_gn_18921016-19350616_regridded.nc
2026-07-22 15:47:33,687 - INFO - [storyline.find_cmip6_ua_historical_file] - Including non-standard historical UA file to fill gap: ua_Amon_MRI-ESM2-0_historical_r1i1p1f1_gn_19350716-19780316_regridded.nc
2026-07-22 15:47:33,687 - INFO - [storyline.find_cmip6_ua_historical_file] - Including non-standard historical UA file to fill gap: ua_Amon_MRI-ESM2-0_historical_r1i1p1f1_gn_19780416-20141216_regridded.nc
2026-07-22 15:47:34,592 - INFO - [main.run_full_analysis] - UA composite plot for GWL 2.0, Summer already exists and data not needed.
2026-07-22 15:47:34,592 - INFO - [storyline.calculate_ua_composites_for_extremes] - Calculating UA composites for event '30Q10_low' at GWL +2.0°C, Season=Summer...
2026-07-22 15:47:34,627 - INFO - [storyline.calculate_ua_composites_for_extremes] -   UA Extreme Models (N=12): ['MPI-ESM1-2-HR_ssp245', 'HadGEM3-GC31-LL_ssp245', 'NorESM2-MM_ssp245', 'ACCESS-ESM1-5_ssp245', 'CESM2_ssp245', 'KACE-1-0-G_ssp245', 'CMCC-CM2-SR5_ssp245', 'INM-CM4-8_ssp245', 'KIOST-ESM_ssp245', 'UKESM1-0-LL_ssp245', 'ACCESS-CM2_ssp245', 'CESM2-WACCM_ssp245']
2026-07-22 15:47:34,628 - INFO - [storyline.calculate_ua_composites_for_extremes] -   UA Non-Extreme Models (N=12): ['INM-CM5-0_ssp245', 'IPSL-CM6A-LR_ssp245', 'MIROC-ES2L_ssp245', 'MIROC6_ssp245', 'CMCC-ESM2_ssp245', 'CanESM5_ssp245', 'EC-Earth3-Veg-LR_ssp245', 'EC-Earth3_ssp245', 'GFDL-ESM4_ssp245', 'IITM-ESM_ssp245', 'MPI-ESM1-2-LR_ssp245', 'MRI-ESM2-0_ssp245']
2026-07-22 15:47:34,629 - INFO - [storyline.find_cmip6_ua_file] - Selected UA file member 'r1i1p1f1' for MPI-ESM1-2-HR (ssp245) from available: ['r1i1p1f1']
2026-07-22 15:47:34,945 - INFO - [storyline.find_cmip6_ua_file] - Selected UA file member 'r1i1p1f3' for HadGEM3-GC31-LL (ssp245) from available: ['r1i1p1f3']
2026-07-22 15:47:35,101 - INFO - [storyline.find_cmip6_ua_file] - Selected UA file member 'r1i1p1f1' for NorESM2-MM (ssp245) from available: ['r1i1p1f1']
2026-07-22 15:47:35,339 - INFO - [storyline.find_cmip6_ua_file] - Selected UA file member 'r1i1p1f1' for ACCESS-ESM1-5 (ssp245) from available: ['r1i1p1f1']
2026-07-22 15:47:35,494 - INFO - [storyline.find_cmip6_ua_file] - Selected UA file member 'r4i1p1f1' for CESM2 (ssp245) from available: ['r4i1p1f1']
2026-07-22 15:47:35,494 - INFO - [storyline.find_cmip6_ua_file] - Including non-standard UA file to fill gap: ua_Amon_CESM2_ssp245_r4i1p1f1_gn_20150115-20540715_regridded.nc
2026-07-22 15:47:35,494 - INFO - [storyline.find_cmip6_ua_file] - Including non-standard UA file to fill gap: ua_Amon_CESM2_ssp245_r4i1p1f1_gn_20540815-20940214_regridded.nc
2026-07-22 15:47:35,495 - INFO - [storyline.find_cmip6_ua_file] - Including non-standard UA file to fill gap: ua_Amon_CESM2_ssp245_r4i1p1f1_gn_20940315-21001215_regridded.nc
2026-07-22 15:47:35,692 - INFO - [storyline.find_cmip6_ua_file] - Selected UA file member 'r1i1p1f1' for KACE-1-0-G (ssp245) from available: ['r1i1p1f1']
2026-07-22 15:47:35,834 - INFO - [storyline.find_cmip6_ua_file] - Selected UA file member 'r1i1p1f1' for CMCC-CM2-SR5 (ssp245) from available: ['r1i1p1f1']
2026-07-22 15:47:35,835 - INFO - [storyline.find_cmip6_ua_file] - Including non-standard UA file to fill gap: ua_Amon_CMCC-CM2-SR5_ssp245_r1i1p1f1_gn_20400116-20641216_regridded.nc
2026-07-22 15:47:36,030 - INFO - [storyline.find_cmip6_ua_file] - Selected UA file member 'r1i1p1f1' for INM-CM4-8 (ssp245) from available: ['r1i1p1f1']
2026-07-22 15:47:36,607 - INFO - [storyline.find_cmip6_ua_file] - Selected UA file member 'r1i1p1f1' for KIOST-ESM (ssp245) from available: ['r1i1p1f1']
2026-07-22 15:47:36,767 - INFO - [storyline.find_cmip6_ua_file] - Selected UA file member 'r1i1p1f2' for UKESM1-0-LL (ssp245) from available: ['r13i1p1f2', 'r1i1p1f2']
2026-07-22 15:47:36,768 - INFO - [storyline.find_cmip6_ua_file] - Including non-standard UA file to fill gap: ua_Amon_UKESM1-0-LL_ssp245_r1i1p1f2_gn_20150116-20930916_regridded.nc
2026-07-22 15:47:36,768 - INFO - [storyline.find_cmip6_ua_file] - Including non-standard UA file to fill gap: ua_Amon_UKESM1-0-LL_ssp245_r1i1p1f2_gn_20931016-21001216_regridded.nc
2026-07-22 15:47:36,945 - INFO - [storyline.find_cmip6_ua_file] - Selected UA file member 'r1i1p1f1' for ACCESS-CM2 (ssp245) from available: ['r1i1p1f1']
2026-07-22 15:47:37,104 - INFO - [storyline.find_cmip6_ua_file] - Selected UA file member 'r1i1p1f1' for CESM2-WACCM (ssp245) from available: ['r1i1p1f1']
2026-07-22 15:47:37,294 - INFO - [storyline.find_cmip6_ua_file] - Selected UA file member 'r1i1p1f1' for INM-CM5-0 (ssp245) from available: ['r1i1p1f1']
2026-07-22 15:47:37,294 - INFO - [storyline.find_cmip6_ua_file] - Including non-standard UA file to fill gap: ua_Amon_INM-CM5-0_ssp245_r1i1p1f1_gr1_20750116-20841216_regridded.nc
2026-07-22 15:47:37,526 - INFO - [storyline.find_cmip6_ua_file] - Selected UA file member 'r1i1p1f1' for IPSL-CM6A-LR (ssp245) from available: ['r1i1p1f1']
2026-07-22 15:47:37,685 - INFO - [storyline.find_cmip6_ua_file] - Selected UA file member 'r1i1p1f2' for MIROC-ES2L (ssp245) from available: ['r1i1p1f2']
2026-07-22 15:47:37,685 - INFO - [storyline.find_cmip6_ua_file] - Including non-standard UA file to fill gap: ua_Amon_MIROC-ES2L_ssp245_r1i1p1f2_gn_20150116-21001216_regridded.nc
2026-07-22 15:47:37,842 - INFO - [storyline.find_cmip6_ua_file] - Selected UA file member 'r1i1p1f1' for MIROC6 (ssp245) from available: ['r1i1p1f1']
2026-07-22 15:47:37,842 - WARNING - [storyline.find_cmip6_ua_file] - Excluding overlapping non-standard UA file: ua_Amon_MIROC6_ssp245_r1i1p1f1_gn_20150116-20741216_regridded.nc
2026-07-22 15:47:38,024 - INFO - [storyline.find_cmip6_ua_file] - Selected UA file member 'r1i1p1f1' for CMCC-ESM2 (ssp245) from available: ['r1i1p1f1']
2026-07-22 15:47:38,195 - INFO - [storyline.find_cmip6_ua_file] - Selected UA file member 'r1i1p1f1' for CanESM5 (ssp245) from available: ['r1i1p1f1']
2026-07-22 15:47:38,334 - INFO - [storyline.find_cmip6_ua_file] - Selected UA file member 'r1i1p1f1' for EC-Earth3-Veg-LR (ssp245) from available: ['r1i1p1f1']
2026-07-22 15:47:38,334 - WARNING - [storyline.find_cmip6_ua_file] - Excluding overlapping non-standard UA file: ua_Amon_EC-Earth3-Veg-LR_ssp245_r1i1p1f1_gr_20150116-20791216_regridded.nc
2026-07-22 15:47:39,130 - INFO - [storyline.find_cmip6_ua_file] - Selected UA file member 'r1i1p1f1' for EC-Earth3 (ssp245) from available: ['r1i1p1f1']
2026-07-22 15:47:39,903 - INFO - [storyline.find_cmip6_ua_file] - Selected UA file member 'r1i1p1f1' for GFDL-ESM4 (ssp245) from available: ['r1i1p1f1']
2026-07-22 15:47:40,030 - INFO - [storyline.find_cmip6_ua_file] - Selected UA file member 'r1i1p1f1' for IITM-ESM (ssp245) from available: ['r1i1p1f1']
2026-07-22 15:47:40,030 - WARNING - [storyline.find_cmip6_ua_file] - Excluding overlapping non-standard UA file: ua_Amon_IITM-ESM_ssp245_r1i1p1f1_gn_20150116-20991216_regridded.nc
2026-07-22 15:47:40,227 - INFO - [storyline.find_cmip6_ua_file] - Selected UA file member 'r1i1p1f1' for MPI-ESM1-2-LR (ssp245) from available: ['r1i1p1f1']
2026-07-22 15:47:40,419 - INFO - [storyline.find_cmip6_ua_file] - Selected UA file member 'r1i1p1f1' for MRI-ESM2-0 (ssp245) from available: ['r1i1p1f1']
2026-07-22 15:47:40,419 - INFO - [storyline.find_cmip6_ua_file] - Including non-standard UA file to fill gap: ua_Amon_MRI-ESM2-0_ssp245_r1i1p1f1_gn_20650116-20991216_regridded.nc
2026-07-22 15:47:40,586 - INFO - [storyline.find_cmip6_ua_historical_file] - Selected historical UA member 'r1i1p1f1' for MPI-ESM1-2-HR from available: ['r1i1p1f1']
2026-07-22 15:47:40,587 - WARNING - [storyline.find_cmip6_ua_historical_file] - Excluding overlapping non-standard historical UA file: ua_Amon_MPI-ESM1-2-HR_historical_r1i1p1f1_gn_18500116-18790816_regridded.nc
2026-07-22 15:47:40,587 - WARNING - [storyline.find_cmip6_ua_historical_file] - Excluding overlapping non-standard historical UA file: ua_Amon_MPI-ESM1-2-HR_historical_r1i1p1f1_gn_18790916-19090416_regridded.nc
2026-07-22 15:47:40,587 - WARNING - [storyline.find_cmip6_ua_historical_file] - Excluding overlapping non-standard historical UA file: ua_Amon_MPI-ESM1-2-HR_historical_r1i1p1f1_gn_19090516-19381216_regridded.nc
2026-07-22 15:47:40,587 - WARNING - [storyline.find_cmip6_ua_historical_file] - Excluding overlapping non-standard historical UA file: ua_Amon_MPI-ESM1-2-HR_historical_r1i1p1f1_gn_19390116-19680816_regridded.nc
2026-07-22 15:47:40,587 - WARNING - [storyline.find_cmip6_ua_historical_file] - Excluding overlapping non-standard historical UA file: ua_Amon_MPI-ESM1-2-HR_historical_r1i1p1f1_gn_19680916-19980416_regridded.nc
2026-07-22 15:47:40,587 - WARNING - [storyline.find_cmip6_ua_historical_file] - Excluding overlapping non-standard historical UA file: ua_Amon_MPI-ESM1-2-HR_historical_r1i1p1f1_gn_19980516-20141216_regridded.nc
2026-07-22 15:47:41,065 - INFO - [storyline.find_cmip6_ua_historical_file] - Selected historical UA member 'r1i1p1f3' for HadGEM3-GC31-LL from available: ['r1i1p1f3']
2026-07-22 15:47:41,065 - INFO - [storyline.find_cmip6_ua_historical_file] - Including non-standard historical UA file to fill gap: ua_Amon_HadGEM3-GC31-LL_historical_r1i1p1f3_gn_18500116-19280916_regridded.nc
2026-07-22 15:47:41,065 - INFO - [storyline.find_cmip6_ua_historical_file] - Including non-standard historical UA file to fill gap: ua_Amon_HadGEM3-GC31-LL_historical_r1i1p1f3_gn_19281016-20070616_regridded.nc
2026-07-22 15:47:41,066 - INFO - [storyline.find_cmip6_ua_historical_file] - Including non-standard historical UA file to fill gap: ua_Amon_HadGEM3-GC31-LL_historical_r1i1p1f3_gn_20070716-20141216_regridded.nc
2026-07-22 15:47:41,338 - INFO - [storyline.find_cmip6_ua_historical_file] - Selected historical UA member 'r1i1p1f1' for NorESM2-MM from available: ['r1i1p1f1']
2026-07-22 15:47:41,339 - WARNING - [storyline.find_cmip6_ua_historical_file] - Excluding overlapping non-standard historical UA file: ua_Amon_NorESM2-MM_historical_r1i1p1f1_gn_19100116-19191216_regridded.nc
2026-07-22 15:47:41,712 - INFO - [storyline.find_cmip6_ua_historical_file] - Selected historical UA member 'r1i1p1f1' for ACCESS-ESM1-5 from available: ['r1i1p1f1']
2026-07-22 15:47:42,280 - INFO - [storyline.find_cmip6_ua_historical_file] - Selected historical UA member 'r1i1p1f1' for CESM2 from available: ['r1i1p1f1']
2026-07-22 15:47:42,515 - INFO - [storyline.find_cmip6_ua_historical_file] - Selected historical UA member 'r1i1p1f1' for KACE-1-0-G from available: ['r1i1p1f1']
2026-07-22 15:47:42,751 - INFO - [storyline.find_cmip6_ua_historical_file] - Selected historical UA member 'r1i1p1f1' for CMCC-CM2-SR5 from available: ['r1i1p1f1']
2026-07-22 15:47:42,752 - WARNING - [storyline.find_cmip6_ua_historical_file] - Excluding overlapping non-standard historical UA file: ua_Amon_CMCC-CM2-SR5_historical_r1i1p1f1_gn_19500116-19741216_regridded.nc
2026-07-22 15:47:43,057 - INFO - [storyline.find_cmip6_ua_historical_file] - Selected historical UA member 'r1i1p1f1' for INM-CM4-8 from available: ['r1i1p1f1']
2026-07-22 15:47:43,441 - INFO - [storyline.find_cmip6_ua_historical_file] - Selected historical UA member 'r1i1p1f1' for KIOST-ESM from available: ['r1i1p1f1']
2026-07-22 15:47:43,673 - INFO - [storyline.find_cmip6_ua_historical_file] - Selected historical UA member 'r1i1p1f2' for UKESM1-0-LL from available: ['r1i1p1f2']
2026-07-22 15:47:43,674 - INFO - [storyline.find_cmip6_ua_historical_file] - Including non-standard historical UA file to fill gap: ua_Amon_UKESM1-0-LL_historical_r1i1p1f2_gn_18500116-19280916_regridded.nc
2026-07-22 15:47:43,674 - INFO - [storyline.find_cmip6_ua_historical_file] - Including non-standard historical UA file to fill gap: ua_Amon_UKESM1-0-LL_historical_r1i1p1f2_gn_19281016-20070616_regridded.nc
2026-07-22 15:47:43,674 - INFO - [storyline.find_cmip6_ua_historical_file] - Including non-standard historical UA file to fill gap: ua_Amon_UKESM1-0-LL_historical_r1i1p1f2_gn_20070716-20141216_regridded.nc
2026-07-22 15:47:43,962 - INFO - [storyline.find_cmip6_ua_historical_file] - Selected historical UA member 'r1i1p1f1' for ACCESS-CM2 from available: ['r1i1p1f1']
2026-07-22 15:47:43,962 - WARNING - [storyline.find_cmip6_ua_historical_file] - Excluding overlapping non-standard historical UA file: ua_Amon_ACCESS-CM2_historical_r1i1p1f1_gn_18500116-19280916_regridded.nc
2026-07-22 15:47:43,962 - WARNING - [storyline.find_cmip6_ua_historical_file] - Excluding overlapping non-standard historical UA file: ua_Amon_ACCESS-CM2_historical_r1i1p1f1_gn_19281016-20070616_regridded.nc
2026-07-22 15:47:43,963 - WARNING - [storyline.find_cmip6_ua_historical_file] - Excluding overlapping non-standard historical UA file: ua_Amon_ACCESS-CM2_historical_r1i1p1f1_gn_20070716-20141216_regridded.nc
2026-07-22 15:47:44,222 - INFO - [storyline.find_cmip6_ua_historical_file] - Selected historical UA member 'r1i1p1f1' for CESM2-WACCM from available: ['r1i1p1f1']
2026-07-22 15:47:44,222 - INFO - [storyline.find_cmip6_ua_historical_file] - Including non-standard historical UA file to fill gap: ua_Amon_CESM2-WACCM_historical_r1i1p1f1_gn_18500115-18890715_regridded.nc
2026-07-22 15:47:44,222 - INFO - [storyline.find_cmip6_ua_historical_file] - Including non-standard historical UA file to fill gap: ua_Amon_CESM2-WACCM_historical_r1i1p1f1_gn_18890815-19290214_regridded.nc
2026-07-22 15:47:44,223 - INFO - [storyline.find_cmip6_ua_historical_file] - Including non-standard historical UA file to fill gap: ua_Amon_CESM2-WACCM_historical_r1i1p1f1_gn_19290315-19680915_regridded.nc
2026-07-22 15:47:44,223 - INFO - [storyline.find_cmip6_ua_historical_file] - Including non-standard historical UA file to fill gap: ua_Amon_CESM2-WACCM_historical_r1i1p1f1_gn_19681015-20080415_regridded.nc
2026-07-22 15:47:44,223 - INFO - [storyline.find_cmip6_ua_historical_file] - Including non-standard historical UA file to fill gap: ua_Amon_CESM2-WACCM_historical_r1i1p1f1_gn_20080515-20141215_regridded.nc
2026-07-22 15:47:44,389 - INFO - [storyline.find_cmip6_ua_historical_file] - Selected historical UA member 'r1i1p1f1' for INM-CM5-0 from available: ['r1i1p1f1']
2026-07-22 15:47:44,390 - WARNING - [storyline.find_cmip6_ua_historical_file] - Excluding overlapping non-standard historical UA file: ua_Amon_INM-CM5-0_historical_r1i1p1f1_gr1_19000116-19491216_regridded.nc
2026-07-22 15:47:44,740 - INFO - [storyline.find_cmip6_ua_historical_file] - Selected historical UA member 'r1i1p1f1' for IPSL-CM6A-LR from available: ['r1i1p1f1']
2026-07-22 15:47:44,983 - INFO - [storyline.find_cmip6_ua_historical_file] - Selected historical UA member 'r1i1p1f2' for MIROC-ES2L from available: ['r1i1p1f2']
2026-07-22 15:47:44,983 - INFO - [storyline.find_cmip6_ua_historical_file] - Including non-standard historical UA file to fill gap: ua_Amon_MIROC-ES2L_historical_r1i1p1f2_gn_18500116-20141216_regridded.nc
2026-07-22 15:47:45,227 - INFO - [storyline.find_cmip6_ua_historical_file] - Selected historical UA member 'r1i1p1f1' for MIROC6 from available: ['r1i1p1f1']
2026-07-22 15:47:45,618 - INFO - [storyline.find_cmip6_ua_historical_file] - Selected historical UA member 'r1i1p1f1' for CMCC-ESM2 from available: ['r1i1p1f1']
2026-07-22 15:47:45,619 - WARNING - [storyline.find_cmip6_ua_historical_file] - Excluding overlapping non-standard historical UA file: ua_Amon_CMCC-ESM2_historical_r1i1p1f1_gn_18500116-18890716_regridded.nc
2026-07-22 15:47:45,619 - WARNING - [storyline.find_cmip6_ua_historical_file] - Excluding overlapping non-standard historical UA file: ua_Amon_CMCC-ESM2_historical_r1i1p1f1_gn_18890816-18991216_regridded.nc
2026-07-22 15:47:45,920 - INFO - [storyline.find_cmip6_ua_historical_file] - Selected historical UA member 'r1i1p1f1' for CanESM5 from available: ['r1i1p1f1']
2026-07-22 15:47:46,161 - INFO - [storyline.find_cmip6_ua_historical_file] - Selected historical UA member 'r1i1p1f1' for EC-Earth3-Veg-LR from available: ['r1i1p1f1']
2026-07-22 15:47:46,161 - WARNING - [storyline.find_cmip6_ua_historical_file] - Excluding overlapping non-standard historical UA file: ua_Amon_EC-Earth3-Veg-LR_historical_r1i1p1f1_gr_18500116-18920916_regridded.nc
2026-07-22 15:47:46,162 - WARNING - [storyline.find_cmip6_ua_historical_file] - Excluding overlapping non-standard historical UA file: ua_Amon_EC-Earth3-Veg-LR_historical_r1i1p1f1_gr_18921016-19350616_regridded.nc
2026-07-22 15:47:46,162 - WARNING - [storyline.find_cmip6_ua_historical_file] - Excluding overlapping non-standard historical UA file: ua_Amon_EC-Earth3-Veg-LR_historical_r1i1p1f1_gr_19350716-19780316_regridded.nc
2026-07-22 15:47:46,162 - WARNING - [storyline.find_cmip6_ua_historical_file] - Excluding overlapping non-standard historical UA file: ua_Amon_EC-Earth3-Veg-LR_historical_r1i1p1f1_gr_19780416-20141216_regridded.nc
2026-07-22 15:47:47,992 - INFO - [storyline.find_cmip6_ua_historical_file] - Selected historical UA member 'r1i1p1f1' for EC-Earth3 from available: ['r1i1p1f1']
2026-07-22 15:47:49,453 - INFO - [storyline.find_cmip6_ua_historical_file] - Selected historical UA member 'r1i1p1f1' for GFDL-ESM4 from available: ['r1i1p1f1']
2026-07-22 15:47:49,682 - INFO - [storyline.find_cmip6_ua_historical_file] - Selected historical UA member 'r1i1p1f1' for IITM-ESM from available: ['r1i1p1f1']
2026-07-22 15:47:50,057 - INFO - [storyline.find_cmip6_ua_historical_file] - Selected historical UA member 'r1i1p1f1' for MPI-ESM1-2-LR from available: ['r1i1p1f1']
2026-07-22 15:47:50,379 - INFO - [storyline.find_cmip6_ua_historical_file] - Selected historical UA member 'r1i1p1f1' for MRI-ESM2-0 from available: ['r1i1p1f1']
2026-07-22 15:47:50,379 - INFO - [storyline.find_cmip6_ua_historical_file] - Including non-standard historical UA file to fill gap: ua_Amon_MRI-ESM2-0_historical_r1i1p1f1_gn_18500116-18920916_regridded.nc
2026-07-22 15:47:50,379 - INFO - [storyline.find_cmip6_ua_historical_file] - Including non-standard historical UA file to fill gap: ua_Amon_MRI-ESM2-0_historical_r1i1p1f1_gn_18921016-19350616_regridded.nc
2026-07-22 15:47:50,380 - INFO - [storyline.find_cmip6_ua_historical_file] - Including non-standard historical UA file to fill gap: ua_Amon_MRI-ESM2-0_historical_r1i1p1f1_gn_19350716-19780316_regridded.nc
2026-07-22 15:47:50,380 - INFO - [storyline.find_cmip6_ua_historical_file] - Including non-standard historical UA file to fill gap: ua_Amon_MRI-ESM2-0_historical_r1i1p1f1_gn_19780416-20141216_regridded.nc
2026-07-22 15:47:51,273 - INFO - [main.run_full_analysis] - UA composite plot for GWL 3.0, Winter already exists and data not needed.
2026-07-22 15:47:51,273 - INFO - [storyline.calculate_ua_composites_for_extremes] - Calculating UA composites for event '30Q10_low' at GWL +3.0°C, Season=Winter...
2026-07-22 15:47:51,301 - INFO - [storyline.calculate_ua_composites_for_extremes] -   UA Extreme Models (N=5): ['KACE-1-0-G_ssp245', 'CESM2_ssp245', 'CESM2-WACCM_ssp245', 'HadGEM3-GC31-LL_ssp245', 'UKESM1-0-LL_ssp245']
2026-07-22 15:47:51,301 - INFO - [storyline.calculate_ua_composites_for_extremes] -   UA Non-Extreme Models (N=5): ['EC-Earth3-CC_ssp245', 'IPSL-CM6A-LR_ssp245', 'CMCC-CM2-SR5_ssp245', 'CMCC-ESM2_ssp245', 'CanESM5_ssp245']
2026-07-22 15:47:51,303 - INFO - [storyline.find_cmip6_ua_file] - Selected UA file member 'r1i1p1f1' for KACE-1-0-G (ssp245) from available: ['r1i1p1f1']
2026-07-22 15:47:51,445 - INFO - [storyline.find_cmip6_ua_file] - Selected UA file member 'r4i1p1f1' for CESM2 (ssp245) from available: ['r4i1p1f1']
2026-07-22 15:47:51,445 - INFO - [storyline.find_cmip6_ua_file] - Including non-standard UA file to fill gap: ua_Amon_CESM2_ssp245_r4i1p1f1_gn_20150115-20540715_regridded.nc
2026-07-22 15:47:51,445 - INFO - [storyline.find_cmip6_ua_file] - Including non-standard UA file to fill gap: ua_Amon_CESM2_ssp245_r4i1p1f1_gn_20540815-20940214_regridded.nc
2026-07-22 15:47:51,446 - INFO - [storyline.find_cmip6_ua_file] - Including non-standard UA file to fill gap: ua_Amon_CESM2_ssp245_r4i1p1f1_gn_20940315-21001215_regridded.nc
2026-07-22 15:47:51,624 - INFO - [storyline.find_cmip6_ua_file] - Selected UA file member 'r1i1p1f1' for CESM2-WACCM (ssp245) from available: ['r1i1p1f1']
2026-07-22 15:47:51,793 - INFO - [storyline.find_cmip6_ua_file] - Selected UA file member 'r1i1p1f3' for HadGEM3-GC31-LL (ssp245) from available: ['r1i1p1f3']
2026-07-22 15:47:51,968 - INFO - [storyline.find_cmip6_ua_file] - Selected UA file member 'r1i1p1f2' for UKESM1-0-LL (ssp245) from available: ['r13i1p1f2', 'r1i1p1f2']
2026-07-22 15:47:51,968 - INFO - [storyline.find_cmip6_ua_file] - Including non-standard UA file to fill gap: ua_Amon_UKESM1-0-LL_ssp245_r1i1p1f2_gn_20150116-20930916_regridded.nc
2026-07-22 15:47:51,968 - INFO - [storyline.find_cmip6_ua_file] - Including non-standard UA file to fill gap: ua_Amon_UKESM1-0-LL_ssp245_r1i1p1f2_gn_20931016-21001216_regridded.nc
2026-07-22 15:47:52,323 - INFO - [storyline.find_cmip6_ua_file] - Selected UA file member 'r1i1p1f1' for EC-Earth3-CC (ssp245) from available: ['r1i1p1f1']
2026-07-22 15:47:52,324 - WARNING - [storyline.find_cmip6_ua_file] - Excluding overlapping non-standard UA file: ua_Amon_EC-Earth3-CC_ssp245_r1i1p1f1_gr_20150116-20310816_regridded.nc
2026-07-22 15:47:52,324 - WARNING - [storyline.find_cmip6_ua_file] - Excluding overlapping non-standard UA file: ua_Amon_EC-Earth3-CC_ssp245_r1i1p1f1_gr_20310916-20480416_regridded.nc
2026-07-22 15:47:52,324 - WARNING - [storyline.find_cmip6_ua_file] - Excluding overlapping non-standard UA file: ua_Amon_EC-Earth3-CC_ssp245_r1i1p1f1_gr_20480516-20641216_regridded.nc
2026-07-22 15:47:52,324 - WARNING - [storyline.find_cmip6_ua_file] - Excluding overlapping non-standard UA file: ua_Amon_EC-Earth3-CC_ssp245_r1i1p1f1_gr_20650116-20810816_regridded.nc
2026-07-22 15:47:52,324 - WARNING - [storyline.find_cmip6_ua_file] - Excluding overlapping non-standard UA file: ua_Amon_EC-Earth3-CC_ssp245_r1i1p1f1_gr_20810916-20980416_regridded.nc
2026-07-22 15:47:52,324 - WARNING - [storyline.find_cmip6_ua_file] - Excluding overlapping non-standard UA file: ua_Amon_EC-Earth3-CC_ssp245_r1i1p1f1_gr_20980516-21001216_regridded.nc
2026-07-22 15:47:53,563 - INFO - [storyline.find_cmip6_ua_file] - Selected UA file member 'r1i1p1f1' for IPSL-CM6A-LR (ssp245) from available: ['r1i1p1f1']
2026-07-22 15:47:53,709 - INFO - [storyline.find_cmip6_ua_file] - Selected UA file member 'r1i1p1f1' for CMCC-CM2-SR5 (ssp245) from available: ['r1i1p1f1']
2026-07-22 15:47:53,709 - INFO - [storyline.find_cmip6_ua_file] - Including non-standard UA file to fill gap: ua_Amon_CMCC-CM2-SR5_ssp245_r1i1p1f1_gn_20400116-20641216_regridded.nc
2026-07-22 15:47:53,900 - INFO - [storyline.find_cmip6_ua_file] - Selected UA file member 'r1i1p1f1' for CMCC-ESM2 (ssp245) from available: ['r1i1p1f1']
2026-07-22 15:47:54,088 - INFO - [storyline.find_cmip6_ua_file] - Selected UA file member 'r1i1p1f1' for CanESM5 (ssp245) from available: ['r1i1p1f1']
2026-07-22 15:47:54,265 - INFO - [storyline.find_cmip6_ua_historical_file] - Selected historical UA member 'r1i1p1f1' for KACE-1-0-G from available: ['r1i1p1f1']
2026-07-22 15:47:54,494 - INFO - [storyline.find_cmip6_ua_historical_file] - Selected historical UA member 'r1i1p1f1' for CESM2 from available: ['r1i1p1f1']
2026-07-22 15:47:54,725 - INFO - [storyline.find_cmip6_ua_historical_file] - Selected historical UA member 'r1i1p1f1' for CESM2-WACCM from available: ['r1i1p1f1']
2026-07-22 15:47:54,725 - INFO - [storyline.find_cmip6_ua_historical_file] - Including non-standard historical UA file to fill gap: ua_Amon_CESM2-WACCM_historical_r1i1p1f1_gn_18500115-18890715_regridded.nc
2026-07-22 15:47:54,726 - INFO - [storyline.find_cmip6_ua_historical_file] - Including non-standard historical UA file to fill gap: ua_Amon_CESM2-WACCM_historical_r1i1p1f1_gn_18890815-19290214_regridded.nc
2026-07-22 15:47:54,726 - INFO - [storyline.find_cmip6_ua_historical_file] - Including non-standard historical UA file to fill gap: ua_Amon_CESM2-WACCM_historical_r1i1p1f1_gn_19290315-19680915_regridded.nc
2026-07-22 15:47:54,726 - INFO - [storyline.find_cmip6_ua_historical_file] - Including non-standard historical UA file to fill gap: ua_Amon_CESM2-WACCM_historical_r1i1p1f1_gn_19681015-20080415_regridded.nc
2026-07-22 15:47:54,726 - INFO - [storyline.find_cmip6_ua_historical_file] - Including non-standard historical UA file to fill gap: ua_Amon_CESM2-WACCM_historical_r1i1p1f1_gn_20080515-20141215_regridded.nc
2026-07-22 15:47:54,893 - INFO - [storyline.find_cmip6_ua_historical_file] - Selected historical UA member 'r1i1p1f3' for HadGEM3-GC31-LL from available: ['r1i1p1f3']
2026-07-22 15:47:54,893 - INFO - [storyline.find_cmip6_ua_historical_file] - Including non-standard historical UA file to fill gap: ua_Amon_HadGEM3-GC31-LL_historical_r1i1p1f3_gn_18500116-19280916_regridded.nc
2026-07-22 15:47:54,893 - INFO - [storyline.find_cmip6_ua_historical_file] - Including non-standard historical UA file to fill gap: ua_Amon_HadGEM3-GC31-LL_historical_r1i1p1f3_gn_19281016-20070616_regridded.nc
2026-07-22 15:47:54,893 - INFO - [storyline.find_cmip6_ua_historical_file] - Including non-standard historical UA file to fill gap: ua_Amon_HadGEM3-GC31-LL_historical_r1i1p1f3_gn_20070716-20141216_regridded.nc
2026-07-22 15:47:55,142 - INFO - [storyline.find_cmip6_ua_historical_file] - Selected historical UA member 'r1i1p1f2' for UKESM1-0-LL from available: ['r1i1p1f2']
2026-07-22 15:47:55,142 - INFO - [storyline.find_cmip6_ua_historical_file] - Including non-standard historical UA file to fill gap: ua_Amon_UKESM1-0-LL_historical_r1i1p1f2_gn_18500116-19280916_regridded.nc
2026-07-22 15:47:55,142 - INFO - [storyline.find_cmip6_ua_historical_file] - Including non-standard historical UA file to fill gap: ua_Amon_UKESM1-0-LL_historical_r1i1p1f2_gn_19281016-20070616_regridded.nc
2026-07-22 15:47:55,143 - INFO - [storyline.find_cmip6_ua_historical_file] - Including non-standard historical UA file to fill gap: ua_Amon_UKESM1-0-LL_historical_r1i1p1f2_gn_20070716-20141216_regridded.nc
2026-07-22 15:47:55,419 - INFO - [storyline.find_cmip6_ua_historical_file] - Selected historical UA member 'r1i1p1f1' for EC-Earth3-CC from available: ['r1i1p1f1']
2026-07-22 15:47:55,420 - WARNING - [storyline.find_cmip6_ua_historical_file] - Excluding overlapping non-standard historical UA file: ua_Amon_EC-Earth3-CC_historical_r1i1p1f1_gr_18500116-18660816_regridded.nc
2026-07-22 15:47:55,420 - WARNING - [storyline.find_cmip6_ua_historical_file] - Excluding overlapping non-standard historical UA file: ua_Amon_EC-Earth3-CC_historical_r1i1p1f1_gr_18660916-18830416_regridded.nc
2026-07-22 15:47:55,420 - WARNING - [storyline.find_cmip6_ua_historical_file] - Excluding overlapping non-standard historical UA file: ua_Amon_EC-Earth3-CC_historical_r1i1p1f1_gr_18830516-18991216_regridded.nc
2026-07-22 15:47:55,420 - WARNING - [storyline.find_cmip6_ua_historical_file] - Excluding overlapping non-standard historical UA file: ua_Amon_EC-Earth3-CC_historical_r1i1p1f1_gr_19000116-19160816_regridded.nc
2026-07-22 15:47:55,420 - WARNING - [storyline.find_cmip6_ua_historical_file] - Excluding overlapping non-standard historical UA file: ua_Amon_EC-Earth3-CC_historical_r1i1p1f1_gr_19160916-19330416_regridded.nc
2026-07-22 15:47:55,421 - WARNING - [storyline.find_cmip6_ua_historical_file] - Excluding overlapping non-standard historical UA file: ua_Amon_EC-Earth3-CC_historical_r1i1p1f1_gr_19330516-19491216_regridded.nc
2026-07-22 15:47:55,421 - WARNING - [storyline.find_cmip6_ua_historical_file] - Excluding overlapping non-standard historical UA file: ua_Amon_EC-Earth3-CC_historical_r1i1p1f1_gr_19500116-19660816_regridded.nc
2026-07-22 15:47:55,421 - WARNING - [storyline.find_cmip6_ua_historical_file] - Excluding overlapping non-standard historical UA file: ua_Amon_EC-Earth3-CC_historical_r1i1p1f1_gr_19660916-19830416_regridded.nc
2026-07-22 15:47:55,421 - WARNING - [storyline.find_cmip6_ua_historical_file] - Excluding overlapping non-standard historical UA file: ua_Amon_EC-Earth3-CC_historical_r1i1p1f1_gr_19830516-19991216_regridded.nc
2026-07-22 15:47:55,421 - WARNING - [storyline.find_cmip6_ua_historical_file] - Excluding overlapping non-standard historical UA file: ua_Amon_EC-Earth3-CC_historical_r1i1p1f1_gr_20000116-20141216_regridded.nc
2026-07-22 15:47:56,913 - INFO - [storyline.find_cmip6_ua_historical_file] - Selected historical UA member 'r1i1p1f1' for IPSL-CM6A-LR from available: ['r1i1p1f1']
2026-07-22 15:47:57,120 - INFO - [storyline.find_cmip6_ua_historical_file] - Selected historical UA member 'r1i1p1f1' for CMCC-CM2-SR5 from available: ['r1i1p1f1']
2026-07-22 15:47:57,120 - WARNING - [storyline.find_cmip6_ua_historical_file] - Excluding overlapping non-standard historical UA file: ua_Amon_CMCC-CM2-SR5_historical_r1i1p1f1_gn_19500116-19741216_regridded.nc
2026-07-22 15:47:57,410 - INFO - [storyline.find_cmip6_ua_historical_file] - Selected historical UA member 'r1i1p1f1' for CMCC-ESM2 from available: ['r1i1p1f1']
2026-07-22 15:47:57,410 - WARNING - [storyline.find_cmip6_ua_historical_file] - Excluding overlapping non-standard historical UA file: ua_Amon_CMCC-ESM2_historical_r1i1p1f1_gn_18500116-18890716_regridded.nc
2026-07-22 15:47:57,411 - WARNING - [storyline.find_cmip6_ua_historical_file] - Excluding overlapping non-standard historical UA file: ua_Amon_CMCC-ESM2_historical_r1i1p1f1_gn_18890816-18991216_regridded.nc
2026-07-22 15:47:57,699 - INFO - [storyline.find_cmip6_ua_historical_file] - Selected historical UA member 'r1i1p1f1' for CanESM5 from available: ['r1i1p1f1']
2026-07-22 15:47:58,315 - INFO - [main.run_full_analysis] - UA composite plot for GWL 3.0, Summer already exists and data not needed.
2026-07-22 15:47:58,315 - INFO - [storyline.calculate_ua_composites_for_extremes] - Calculating UA composites for event '30Q10_low' at GWL +3.0°C, Season=Summer...
2026-07-22 15:47:58,343 - INFO - [storyline.calculate_ua_composites_for_extremes] -   UA Extreme Models (N=5): ['KACE-1-0-G_ssp245', 'CESM2_ssp245', 'HadGEM3-GC31-LL_ssp245', 'UKESM1-0-LL_ssp245', 'IPSL-CM6A-LR_ssp245']
2026-07-22 15:47:58,343 - INFO - [storyline.calculate_ua_composites_for_extremes] -   UA Non-Extreme Models (N=5): ['ACCESS-CM2_ssp245', 'CMCC-CM2-SR5_ssp245', 'CMCC-ESM2_ssp245', 'CanESM5_ssp245', 'EC-Earth3-CC_ssp245']
2026-07-22 15:47:58,345 - INFO - [storyline.find_cmip6_ua_file] - Selected UA file member 'r1i1p1f1' for KACE-1-0-G (ssp245) from available: ['r1i1p1f1']
2026-07-22 15:47:58,477 - INFO - [storyline.find_cmip6_ua_file] - Selected UA file member 'r4i1p1f1' for CESM2 (ssp245) from available: ['r4i1p1f1']
2026-07-22 15:47:58,477 - INFO - [storyline.find_cmip6_ua_file] - Including non-standard UA file to fill gap: ua_Amon_CESM2_ssp245_r4i1p1f1_gn_20150115-20540715_regridded.nc
2026-07-22 15:47:58,477 - INFO - [storyline.find_cmip6_ua_file] - Including non-standard UA file to fill gap: ua_Amon_CESM2_ssp245_r4i1p1f1_gn_20540815-20940214_regridded.nc
2026-07-22 15:47:58,477 - INFO - [storyline.find_cmip6_ua_file] - Including non-standard UA file to fill gap: ua_Amon_CESM2_ssp245_r4i1p1f1_gn_20940315-21001215_regridded.nc
2026-07-22 15:47:58,652 - INFO - [storyline.find_cmip6_ua_file] - Selected UA file member 'r1i1p1f3' for HadGEM3-GC31-LL (ssp245) from available: ['r1i1p1f3']
2026-07-22 15:47:58,828 - INFO - [storyline.find_cmip6_ua_file] - Selected UA file member 'r1i1p1f2' for UKESM1-0-LL (ssp245) from available: ['r13i1p1f2', 'r1i1p1f2']
2026-07-22 15:47:58,828 - INFO - [storyline.find_cmip6_ua_file] - Including non-standard UA file to fill gap: ua_Amon_UKESM1-0-LL_ssp245_r1i1p1f2_gn_20150116-20930916_regridded.nc
2026-07-22 15:47:58,828 - INFO - [storyline.find_cmip6_ua_file] - Including non-standard UA file to fill gap: ua_Amon_UKESM1-0-LL_ssp245_r1i1p1f2_gn_20931016-21001216_regridded.nc
2026-07-22 15:47:59,331 - INFO - [storyline.find_cmip6_ua_file] - Selected UA file member 'r1i1p1f1' for IPSL-CM6A-LR (ssp245) from available: ['r1i1p1f1']
2026-07-22 15:47:59,504 - INFO - [storyline.find_cmip6_ua_file] - Selected UA file member 'r1i1p1f1' for ACCESS-CM2 (ssp245) from available: ['r1i1p1f1']
2026-07-22 15:47:59,669 - INFO - [storyline.find_cmip6_ua_file] - Selected UA file member 'r1i1p1f1' for CMCC-CM2-SR5 (ssp245) from available: ['r1i1p1f1']
2026-07-22 15:47:59,669 - INFO - [storyline.find_cmip6_ua_file] - Including non-standard UA file to fill gap: ua_Amon_CMCC-CM2-SR5_ssp245_r1i1p1f1_gn_20400116-20641216_regridded.nc
2026-07-22 15:47:59,864 - INFO - [storyline.find_cmip6_ua_file] - Selected UA file member 'r1i1p1f1' for CMCC-ESM2 (ssp245) from available: ['r1i1p1f1']
2026-07-22 15:48:00,054 - INFO - [storyline.find_cmip6_ua_file] - Selected UA file member 'r1i1p1f1' for CanESM5 (ssp245) from available: ['r1i1p1f1']
2026-07-22 15:48:00,190 - INFO - [storyline.find_cmip6_ua_file] - Selected UA file member 'r1i1p1f1' for EC-Earth3-CC (ssp245) from available: ['r1i1p1f1']
2026-07-22 15:48:00,190 - WARNING - [storyline.find_cmip6_ua_file] - Excluding overlapping non-standard UA file: ua_Amon_EC-Earth3-CC_ssp245_r1i1p1f1_gr_20150116-20310816_regridded.nc
2026-07-22 15:48:00,191 - WARNING - [storyline.find_cmip6_ua_file] - Excluding overlapping non-standard UA file: ua_Amon_EC-Earth3-CC_ssp245_r1i1p1f1_gr_20310916-20480416_regridded.nc
2026-07-22 15:48:00,191 - WARNING - [storyline.find_cmip6_ua_file] - Excluding overlapping non-standard UA file: ua_Amon_EC-Earth3-CC_ssp245_r1i1p1f1_gr_20480516-20641216_regridded.nc
2026-07-22 15:48:00,191 - WARNING - [storyline.find_cmip6_ua_file] - Excluding overlapping non-standard UA file: ua_Amon_EC-Earth3-CC_ssp245_r1i1p1f1_gr_20650116-20810816_regridded.nc
2026-07-22 15:48:00,191 - WARNING - [storyline.find_cmip6_ua_file] - Excluding overlapping non-standard UA file: ua_Amon_EC-Earth3-CC_ssp245_r1i1p1f1_gr_20810916-20980416_regridded.nc
2026-07-22 15:48:00,191 - WARNING - [storyline.find_cmip6_ua_file] - Excluding overlapping non-standard UA file: ua_Amon_EC-Earth3-CC_ssp245_r1i1p1f1_gr_20980516-21001216_regridded.nc
2026-07-22 15:48:00,945 - INFO - [storyline.find_cmip6_ua_historical_file] - Selected historical UA member 'r1i1p1f1' for KACE-1-0-G from available: ['r1i1p1f1']
2026-07-22 15:48:01,137 - INFO - [storyline.find_cmip6_ua_historical_file] - Selected historical UA member 'r1i1p1f1' for CESM2 from available: ['r1i1p1f1']
2026-07-22 15:48:01,360 - INFO - [storyline.find_cmip6_ua_historical_file] - Selected historical UA member 'r1i1p1f3' for HadGEM3-GC31-LL from available: ['r1i1p1f3']
2026-07-22 15:48:01,360 - INFO - [storyline.find_cmip6_ua_historical_file] - Including non-standard historical UA file to fill gap: ua_Amon_HadGEM3-GC31-LL_historical_r1i1p1f3_gn_18500116-19280916_regridded.nc
2026-07-22 15:48:01,360 - INFO - [storyline.find_cmip6_ua_historical_file] - Including non-standard historical UA file to fill gap: ua_Amon_HadGEM3-GC31-LL_historical_r1i1p1f3_gn_19281016-20070616_regridded.nc
2026-07-22 15:48:01,361 - INFO - [storyline.find_cmip6_ua_historical_file] - Including non-standard historical UA file to fill gap: ua_Amon_HadGEM3-GC31-LL_historical_r1i1p1f3_gn_20070716-20141216_regridded.nc
2026-07-22 15:48:01,626 - INFO - [storyline.find_cmip6_ua_historical_file] - Selected historical UA member 'r1i1p1f2' for UKESM1-0-LL from available: ['r1i1p1f2']
2026-07-22 15:48:01,626 - INFO - [storyline.find_cmip6_ua_historical_file] - Including non-standard historical UA file to fill gap: ua_Amon_UKESM1-0-LL_historical_r1i1p1f2_gn_18500116-19280916_regridded.nc
2026-07-22 15:48:01,627 - INFO - [storyline.find_cmip6_ua_historical_file] - Including non-standard historical UA file to fill gap: ua_Amon_UKESM1-0-LL_historical_r1i1p1f2_gn_19281016-20070616_regridded.nc
2026-07-22 15:48:01,627 - INFO - [storyline.find_cmip6_ua_historical_file] - Including non-standard historical UA file to fill gap: ua_Amon_UKESM1-0-LL_historical_r1i1p1f2_gn_20070716-20141216_regridded.nc
2026-07-22 15:48:01,890 - INFO - [storyline.find_cmip6_ua_historical_file] - Selected historical UA member 'r1i1p1f1' for IPSL-CM6A-LR from available: ['r1i1p1f1']
2026-07-22 15:48:02,112 - INFO - [storyline.find_cmip6_ua_historical_file] - Selected historical UA member 'r1i1p1f1' for ACCESS-CM2 from available: ['r1i1p1f1']
2026-07-22 15:48:02,113 - WARNING - [storyline.find_cmip6_ua_historical_file] - Excluding overlapping non-standard historical UA file: ua_Amon_ACCESS-CM2_historical_r1i1p1f1_gn_18500116-19280916_regridded.nc
2026-07-22 15:48:02,113 - WARNING - [storyline.find_cmip6_ua_historical_file] - Excluding overlapping non-standard historical UA file: ua_Amon_ACCESS-CM2_historical_r1i1p1f1_gn_19281016-20070616_regridded.nc
2026-07-22 15:48:02,113 - WARNING - [storyline.find_cmip6_ua_historical_file] - Excluding overlapping non-standard historical UA file: ua_Amon_ACCESS-CM2_historical_r1i1p1f1_gn_20070716-20141216_regridded.nc
2026-07-22 15:48:02,350 - INFO - [storyline.find_cmip6_ua_historical_file] - Selected historical UA member 'r1i1p1f1' for CMCC-CM2-SR5 from available: ['r1i1p1f1']
2026-07-22 15:48:02,351 - WARNING - [storyline.find_cmip6_ua_historical_file] - Excluding overlapping non-standard historical UA file: ua_Amon_CMCC-CM2-SR5_historical_r1i1p1f1_gn_19500116-19741216_regridded.nc
2026-07-22 15:48:02,601 - INFO - [storyline.find_cmip6_ua_historical_file] - Selected historical UA member 'r1i1p1f1' for CMCC-ESM2 from available: ['r1i1p1f1']
2026-07-22 15:48:02,602 - WARNING - [storyline.find_cmip6_ua_historical_file] - Excluding overlapping non-standard historical UA file: ua_Amon_CMCC-ESM2_historical_r1i1p1f1_gn_18500116-18890716_regridded.nc
2026-07-22 15:48:02,602 - WARNING - [storyline.find_cmip6_ua_historical_file] - Excluding overlapping non-standard historical UA file: ua_Amon_CMCC-ESM2_historical_r1i1p1f1_gn_18890816-18991216_regridded.nc
2026-07-22 15:48:02,877 - INFO - [storyline.find_cmip6_ua_historical_file] - Selected historical UA member 'r1i1p1f1' for CanESM5 from available: ['r1i1p1f1']
2026-07-22 15:48:03,090 - INFO - [storyline.find_cmip6_ua_historical_file] - Selected historical UA member 'r1i1p1f1' for EC-Earth3-CC from available: ['r1i1p1f1']
2026-07-22 15:48:03,091 - WARNING - [storyline.find_cmip6_ua_historical_file] - Excluding overlapping non-standard historical UA file: ua_Amon_EC-Earth3-CC_historical_r1i1p1f1_gr_18500116-18660816_regridded.nc
2026-07-22 15:48:03,091 - WARNING - [storyline.find_cmip6_ua_historical_file] - Excluding overlapping non-standard historical UA file: ua_Amon_EC-Earth3-CC_historical_r1i1p1f1_gr_18660916-18830416_regridded.nc
2026-07-22 15:48:03,091 - WARNING - [storyline.find_cmip6_ua_historical_file] - Excluding overlapping non-standard historical UA file: ua_Amon_EC-Earth3-CC_historical_r1i1p1f1_gr_18830516-18991216_regridded.nc
2026-07-22 15:48:03,091 - WARNING - [storyline.find_cmip6_ua_historical_file] - Excluding overlapping non-standard historical UA file: ua_Amon_EC-Earth3-CC_historical_r1i1p1f1_gr_19000116-19160816_regridded.nc
2026-07-22 15:48:03,091 - WARNING - [storyline.find_cmip6_ua_historical_file] - Excluding overlapping non-standard historical UA file: ua_Amon_EC-Earth3-CC_historical_r1i1p1f1_gr_19160916-19330416_regridded.nc
2026-07-22 15:48:03,091 - WARNING - [storyline.find_cmip6_ua_historical_file] - Excluding overlapping non-standard historical UA file: ua_Amon_EC-Earth3-CC_historical_r1i1p1f1_gr_19330516-19491216_regridded.nc
2026-07-22 15:48:03,092 - WARNING - [storyline.find_cmip6_ua_historical_file] - Excluding overlapping non-standard historical UA file: ua_Amon_EC-Earth3-CC_historical_r1i1p1f1_gr_19500116-19660816_regridded.nc
2026-07-22 15:48:03,092 - WARNING - [storyline.find_cmip6_ua_historical_file] - Excluding overlapping non-standard historical UA file: ua_Amon_EC-Earth3-CC_historical_r1i1p1f1_gr_19660916-19830416_regridded.nc
2026-07-22 15:48:03,092 - WARNING - [storyline.find_cmip6_ua_historical_file] - Excluding overlapping non-standard historical UA file: ua_Amon_EC-Earth3-CC_historical_r1i1p1f1_gr_19830516-19991216_regridded.nc
2026-07-22 15:48:03,092 - WARNING - [storyline.find_cmip6_ua_historical_file] - Excluding overlapping non-standard historical UA file: ua_Amon_EC-Earth3-CC_historical_r1i1p1f1_gr_20000116-20141216_regridded.nc
2026-07-22 15:48:05,228 - INFO - [main.run_full_analysis] - Combined UA diff plot for GWL 2.0 already exists.
2026-07-22 15:48:05,229 - INFO - [main.run_full_analysis] - Final figure 3 for GWL 2.0 already exists.
2026-07-22 15:48:05,229 - INFO - [main.run_full_analysis] - Combined UA diff plot for GWL 3.0 already exists.
2026-07-22 15:48:05,229 - INFO - [main.run_full_analysis] - Final figure 3 for GWL 3.0 already exists.
2026-07-22 15:48:05,229 - INFO - [main.run_full_analysis] - TAS composite plot for GWL 2.0, Winter already exists.
2026-07-22 15:48:05,229 - INFO - [main.run_full_analysis] - TAS composite plot for GWL 2.0, Summer already exists.
2026-07-22 15:48:05,229 - INFO - [main.run_full_analysis] - TAS composite plot for GWL 3.0, Winter already exists.
2026-07-22 15:48:05,229 - INFO - [main.run_full_analysis] - TAS composite plot for GWL 3.0, Summer already exists.
2026-07-22 15:48:05,230 - INFO - [main.run_full_analysis] - Plot '/nas/home/vlw/Desktop/STREAM/paper1-plots/storyline_impacts_summary_4x2_boxplots_ssp245.png' already exists.
2026-07-22 15:48:05,230 - INFO - [main.run_full_analysis] - Plot '/nas/home/vlw/Desktop/STREAM/paper1-plots/storyline_lnwl_monthly_distribution_ssp245.png' already exists. Skipping.
2026-07-22 15:48:05,230 - INFO - [main.run_full_analysis] - Calculating LNWL aggregation data...
2026-07-22 15:48:05,230 - INFO - [storyline.analyze_storyline_lnwl_aggregation_metrics] - Analyzing LNWL Aggregation Metrics (Threshold: 970 m³/s)...
2026-07-22 15:48:05,230 - INFO - [storyline.analyze_storyline_lnwl_aggregation_metrics] - Calculating historical LNWL return periods for all aggregations (Winter, Summer, Full Year)...
2026-07-22 15:48:05,404 - INFO - [storyline.analyze_storyline_lnwl_aggregation_metrics] -   -> Historical LNWL aggregation thresholds stored: {
  "winter": {
    "Q_daily_low": {
      "name": "Daily Minimum < LNWL",
      "threshold_m3s": 970.0,
      "hist_return_period": 1.24,
      "type": "low",
      "metric_key_base": "Q_daily_low"
    },
    "Q_7day_low": {
      "name": "7-Day Minimum < LNWL",
      "threshold_m3s": 970.0,
      "hist_return_period": 1.5121951219512195,
      "type": "low",
      "metric_key_base": "Q_7day_low"
    },
    "Q_30day_low": {
      "name": "30-Day Minimum < LNWL",
      "threshold_m3s": 970.0,
      "hist_return_period": 2.2962962962962963,
      "type": "low",
      "metric_key_base": "Q_30day_low"
    },
    "Q_3month_low": {
      "name": "3-Month Minimum < LNWL",
      "threshold_m3s": 970.0,
      "hist_return_period": 6.2,
      "type": "low",
      "metric_key_base": "Q_3month_low"
    }
  },
  "summer": {
    "Q_daily_low": {
      "name": "Daily Minimum < LNWL",
      "threshold_m3s": 970.0,
      "hist_return_period": 2.3846153846153846,
      "type": "low",
      "metric_key_base": "Q_daily_low"
    },
    "Q_7day_low": {
      "name": "7-Day Minimum < LNWL",
      "threshold_m3s": 970.0,
      "hist_return_period": 3.1,
      "type": "low",
      "metric_key_base": "Q_7day_low"
    },
    "Q_30day_low": {
      "name": "30-Day Minimum < LNWL",
      "threshold_m3s": 970.0,
      "hist_return_period": 4.769230769230769,
      "type": "low",
      "metric_key_base": "Q_30day_low"
    },
    "Q_3month_low": {
      "name": "3-Month Minimum < LNWL",
      "threshold_m3s": 970.0,
      "hist_return_period": 15.5,
      "type": "low",
      "metric_key_base": "Q_3month_low"
    }
  },
  "full_year": {
    "Q_daily_low": {
      "name": "Daily Minimum < LNWL",
      "threshold_m3s": 970.0,
      "hist_return_period": 1.2156862745098038,
      "type": "low",
      "metric_key_base": "Q_daily_low"
    },
    "Q_7day_low": {
      "name": "7-Day Minimum < LNWL",
      "threshold_m3s": 970.0,
      "hist_return_period": 1.5121951219512195,
      "type": "low",
      "metric_key_base": "Q_7day_low"
    },
    "Q_30day_low": {
      "name": "30-Day Minimum < LNWL",
      "threshold_m3s": 970.0,
      "hist_return_period": 2.2142857142857144,
      "type": "low",
      "metric_key_base": "Q_30day_low"
    },
    "Q_3month_low": {
      "name": "3-Month Minimum < LNWL",
      "threshold_m3s": 970.0,
      "hist_return_period": 5.166666666666667,
      "type": "low",
      "metric_key_base": "Q_3month_low"
    }
  }
}
2026-07-22 15:48:50,658 - INFO - [visualization.plot_storyline_lnwl_aggregation_comparison] - Plotting LNWL Aggregation Comparison (3x4 grid, 30-Day) for ssp245...
2026-07-22 15:48:51,396 - INFO - [visualization.plot_storyline_lnwl_aggregation_comparison] - Applying shared column X-limits based on widest 'zoomed' range...
2026-07-22 15:48:54,121 - INFO - [visualization.plot_storyline_lnwl_aggregation_comparison] - Saved LNWL aggregation comparison plot (3x4 grid, 30-Day, FullYear) to /nas/home/vlw/Desktop/STREAM/paper1-plots/storyline_lnwl_aggregation_comparison_ssp245.png
2026-07-22 15:48:54,121 - INFO - [visualization.plot_erl_figure4_lnwl_summary] - Plotting ERL Figure 4 (Summer LNWL Impact) for ssp245...
/nas/home/vlw/Desktop/STREAM/Code/paper1-project/visualization.py:4686: UserWarning: set_ticklabels() should only be used with a fixed number of ticks, i.e. after set_ticks() or using a FixedLocator.
  ax.set_yticklabels(labels, fontsize=10)
2026-07-22 15:48:54,765 - INFO - [visualization.plot_erl_figure4_lnwl_summary] - Saved ERL Figure 4 to /nas/home/vlw/Desktop/STREAM/paper1-plots/Figure4_impact_navigation_lnwl_ssp245.png
2026-07-22 15:48:54,766 - INFO - [main.run_full_analysis] - Figure 5 '/nas/home/vlw/Desktop/STREAM/paper1-plots/Figure5_mechanism_drivers_summary_ssp245.png' already exists.
2026-07-22 15:48:54,766 - INFO - [main.run_full_analysis] - Plot '/nas/home/vlw/Desktop/STREAM/paper1-plots/cmip6_fidelity_vs_future_temporal_slopes_ssp245.png' already exists.
2026-07-22 15:48:54,767 - INFO - [main.run_full_analysis] - Plot '/nas/home/vlw/Desktop/STREAM/paper1-plots/cmip6_scatter_comparison_gwl_2.0_ssp245.png' already exists.
2026-07-22 15:48:54,767 - INFO - [main.run_full_analysis] - Plot '/nas/home/vlw/Desktop/STREAM/paper1-plots/cmip6_scatter_comparison_gwl_3.0_ssp245.png' already exists.
2026-07-22 15:48:54,767 - INFO - [main.run_full_analysis] - 

--- CMIP6 Model 2D Storyline Classification for SSP245 ---
2026-07-22 15:48:54,767 - INFO - [main.run_full_analysis] - Models are classified based on zones relative to MMM.
2026-07-22 15:48:54,767 - INFO - [main.run_full_analysis] - 
GWL +2.0°C:
2026-07-22 15:48:54,768 - INFO - [main.run_full_analysis] -    - Storyline 'Extreme Models' (Winter (DJF)):
2026-07-22 15:48:54,768 - INFO - [main.run_full_analysis] -      - Models (12): ACCESS-ESM1-5_ssp245, CESM2-WACCM_ssp245, CESM2_ssp245, CMCC-ESM2_ssp245, EC-Earth3_ssp245, HadGEM3-GC31-LL_ssp245, INM-CM4-8_ssp245, INM-CM5-0_ssp245, KACE-1-0-G_ssp245, MIROC6_ssp245, MPI-ESM1-2-HR_ssp245, NorESM2-MM_ssp245
2026-07-22 15:48:54,768 - INFO - [main.run_full_analysis] -    - Storyline 'Fast Jet & Northward Shift' (Winter (DJF)):
2026-07-22 15:48:54,768 - INFO - [main.run_full_analysis] -      - Models (4): INM-CM4-8_ssp245, MIROC-ES2L_ssp245, MIROC6_ssp245, UKESM1-0-LL_ssp245
2026-07-22 15:48:54,768 - INFO - [main.run_full_analysis] -    - Storyline 'Fast Jet & Southward Shift' (Winter (DJF)):
2026-07-22 15:48:54,768 - INFO - [main.run_full_analysis] -      - Models (3): ACCESS-ESM1-5_ssp245, CESM2_ssp245, IPSL-CM6A-LR_ssp245
2026-07-22 15:48:54,768 - INFO - [main.run_full_analysis] -    - Storyline 'MMM' (Winter (DJF)):
2026-07-22 15:48:54,768 - INFO - [main.run_full_analysis] -      - Models (25): ACCESS-CM2_ssp245, ACCESS-ESM1-5_ssp245, CESM2-WACCM_ssp245, CESM2_ssp245, CMCC-CM2-SR5_ssp245, CMCC-ESM2_ssp245, CanESM5_ssp245, EC-Earth3-CC_ssp245, EC-Earth3-Veg-LR_ssp245, EC-Earth3_ssp245, GFDL-ESM4_ssp245, HadGEM3-GC31-LL_ssp245, IITM-ESM_ssp245, INM-CM4-8_ssp245, INM-CM5-0_ssp245, IPSL-CM6A-LR_ssp245, KACE-1-0-G_ssp245, KIOST-ESM_ssp245, MIROC-ES2L_ssp245, MIROC6_ssp245, MPI-ESM1-2-HR_ssp245, MPI-ESM1-2-LR_ssp245, MRI-ESM2-0_ssp245, NorESM2-MM_ssp245, UKESM1-0-LL_ssp245
2026-07-22 15:48:54,768 - INFO - [main.run_full_analysis] -    - Storyline 'Non-Extreme Models' (Winter (DJF)):
2026-07-22 15:48:54,768 - INFO - [main.run_full_analysis] -      - Models (12): ACCESS-CM2_ssp245, CMCC-CM2-SR5_ssp245, CanESM5_ssp245, EC-Earth3-CC_ssp245, EC-Earth3-Veg-LR_ssp245, GFDL-ESM4_ssp245, IITM-ESM_ssp245, KIOST-ESM_ssp245, MIROC-ES2L_ssp245, MPI-ESM1-2-LR_ssp245, MRI-ESM2-0_ssp245, UKESM1-0-LL_ssp245
2026-07-22 15:48:54,768 - INFO - [main.run_full_analysis] -    - Storyline 'Slow Jet & Northward Shift' (Winter (DJF)):
2026-07-22 15:48:54,768 - INFO - [main.run_full_analysis] -      - Models (8): CMCC-CM2-SR5_ssp245, CanESM5_ssp245, EC-Earth3-Veg-LR_ssp245, HadGEM3-GC31-LL_ssp245, KACE-1-0-G_ssp245, KIOST-ESM_ssp245, MPI-ESM1-2-HR_ssp245, NorESM2-MM_ssp245
2026-07-22 15:48:54,768 - INFO - [main.run_full_analysis] -    - Storyline 'Slow Jet & Southward Shift' (Winter (DJF)):
2026-07-22 15:48:54,768 - INFO - [main.run_full_analysis] -      - Models (5): CESM2-WACCM_ssp245, EC-Earth3_ssp245, IITM-ESM_ssp245, INM-CM5-0_ssp245, MRI-ESM2-0_ssp245
2026-07-22 15:48:54,768 - INFO - [main.run_full_analysis] -    - Storyline 'Extreme Models' (Summer (JJA)):
2026-07-22 15:48:54,768 - INFO - [main.run_full_analysis] -      - Models (12): ACCESS-CM2_ssp245, ACCESS-ESM1-5_ssp245, CESM2-WACCM_ssp245, CESM2_ssp245, CMCC-CM2-SR5_ssp245, HadGEM3-GC31-LL_ssp245, INM-CM4-8_ssp245, KACE-1-0-G_ssp245, KIOST-ESM_ssp245, MPI-ESM1-2-HR_ssp245, NorESM2-MM_ssp245, UKESM1-0-LL_ssp245
2026-07-22 15:48:54,768 - INFO - [main.run_full_analysis] -    - Storyline 'Fast Jet & Northward Shift' (Summer (JJA)):
2026-07-22 15:48:54,768 - INFO - [main.run_full_analysis] -      - Models (4): ACCESS-CM2_ssp245, IITM-ESM_ssp245, KIOST-ESM_ssp245, MPI-ESM1-2-HR_ssp245
2026-07-22 15:48:54,768 - INFO - [main.run_full_analysis] -    - Storyline 'Fast Jet & Southward Shift' (Summer (JJA)):
2026-07-22 15:48:54,768 - INFO - [main.run_full_analysis] -      - Models (4): ACCESS-ESM1-5_ssp245, CMCC-ESM2_ssp245, EC-Earth3-CC_ssp245, MIROC-ES2L_ssp245
2026-07-22 15:48:54,768 - INFO - [main.run_full_analysis] -    - Storyline 'MMM' (Summer (JJA)):
2026-07-22 15:48:54,768 - INFO - [main.run_full_analysis] -      - Models (25): ACCESS-CM2_ssp245, ACCESS-ESM1-5_ssp245, CESM2-WACCM_ssp245, CESM2_ssp245, CMCC-CM2-SR5_ssp245, CMCC-ESM2_ssp245, CanESM5_ssp245, EC-Earth3-CC_ssp245, EC-Earth3-Veg-LR_ssp245, EC-Earth3_ssp245, GFDL-ESM4_ssp245, HadGEM3-GC31-LL_ssp245, IITM-ESM_ssp245, INM-CM4-8_ssp245, INM-CM5-0_ssp245, IPSL-CM6A-LR_ssp245, KACE-1-0-G_ssp245, KIOST-ESM_ssp245, MIROC-ES2L_ssp245, MIROC6_ssp245, MPI-ESM1-2-HR_ssp245, MPI-ESM1-2-LR_ssp245, MRI-ESM2-0_ssp245, NorESM2-MM_ssp245, UKESM1-0-LL_ssp245
2026-07-22 15:48:54,768 - INFO - [main.run_full_analysis] -    - Storyline 'Non-Extreme Models' (Summer (JJA)):
2026-07-22 15:48:54,768 - INFO - [main.run_full_analysis] -      - Models (12): CMCC-ESM2_ssp245, CanESM5_ssp245, EC-Earth3-Veg-LR_ssp245, EC-Earth3_ssp245, GFDL-ESM4_ssp245, IITM-ESM_ssp245, INM-CM5-0_ssp245, IPSL-CM6A-LR_ssp245, MIROC-ES2L_ssp245, MIROC6_ssp245, MPI-ESM1-2-LR_ssp245, MRI-ESM2-0_ssp245
2026-07-22 15:48:54,768 - INFO - [main.run_full_analysis] -    - Storyline 'Slow Jet & Northward Shift' (Summer (JJA)):
2026-07-22 15:48:54,768 - INFO - [main.run_full_analysis] -      - Models (5): CESM2-WACCM_ssp245, EC-Earth3_ssp245, GFDL-ESM4_ssp245, HadGEM3-GC31-LL_ssp245, MRI-ESM2-0_ssp245
2026-07-22 15:48:54,769 - INFO - [main.run_full_analysis] -    - Storyline 'Slow Jet & Southward Shift' (Summer (JJA)):
2026-07-22 15:48:54,769 - INFO - [main.run_full_analysis] -      - Models (4): CESM2_ssp245, CanESM5_ssp245, EC-Earth3-Veg-LR_ssp245, MPI-ESM1-2-LR_ssp245
2026-07-22 15:48:54,769 - INFO - [main.run_full_analysis] - 
GWL +3.0°C:
2026-07-22 15:48:54,769 - INFO - [main.run_full_analysis] -    - Storyline 'Extreme Models' (Winter (DJF)):
2026-07-22 15:48:54,769 - INFO - [main.run_full_analysis] -      - Models (5): CESM2-WACCM_ssp245, CESM2_ssp245, HadGEM3-GC31-LL_ssp245, KACE-1-0-G_ssp245, UKESM1-0-LL_ssp245
2026-07-22 15:48:54,769 - INFO - [main.run_full_analysis] -    - Storyline 'Fast Jet & Southward Shift' (Winter (DJF)):
2026-07-22 15:48:54,769 - INFO - [main.run_full_analysis] -      - Models (4): CESM2-WACCM_ssp245, CESM2_ssp245, CMCC-ESM2_ssp245, UKESM1-0-LL_ssp245
2026-07-22 15:48:54,769 - INFO - [main.run_full_analysis] -    - Storyline 'MMM' (Winter (DJF)):
2026-07-22 15:48:54,769 - INFO - [main.run_full_analysis] -      - Models (11): ACCESS-CM2_ssp245, CESM2-WACCM_ssp245, CESM2_ssp245, CMCC-CM2-SR5_ssp245, CMCC-ESM2_ssp245, CanESM5_ssp245, EC-Earth3-CC_ssp245, HadGEM3-GC31-LL_ssp245, IPSL-CM6A-LR_ssp245, KACE-1-0-G_ssp245, UKESM1-0-LL_ssp245
2026-07-22 15:48:54,769 - INFO - [main.run_full_analysis] -    - Storyline 'Non-Extreme Models' (Winter (DJF)):
2026-07-22 15:48:54,769 - INFO - [main.run_full_analysis] -      - Models (5): CMCC-CM2-SR5_ssp245, CMCC-ESM2_ssp245, CanESM5_ssp245, EC-Earth3-CC_ssp245, IPSL-CM6A-LR_ssp245
2026-07-22 15:48:54,769 - INFO - [main.run_full_analysis] -    - Storyline 'Slow Jet & Northward Shift' (Winter (DJF)):
2026-07-22 15:48:54,769 - INFO - [main.run_full_analysis] -      - Models (5): ACCESS-CM2_ssp245, CMCC-CM2-SR5_ssp245, EC-Earth3-CC_ssp245, HadGEM3-GC31-LL_ssp245, KACE-1-0-G_ssp245
2026-07-22 15:48:54,769 - INFO - [main.run_full_analysis] -    - Storyline 'Extreme Models' (Summer (JJA)):
2026-07-22 15:48:54,769 - INFO - [main.run_full_analysis] -      - Models (5): CESM2_ssp245, HadGEM3-GC31-LL_ssp245, IPSL-CM6A-LR_ssp245, KACE-1-0-G_ssp245, UKESM1-0-LL_ssp245
2026-07-22 15:48:54,769 - INFO - [main.run_full_analysis] -    - Storyline 'Fast Jet & Northward Shift' (Summer (JJA)):
2026-07-22 15:48:54,770 - INFO - [main.run_full_analysis] -      - Models (2): HadGEM3-GC31-LL_ssp245, IPSL-CM6A-LR_ssp245
2026-07-22 15:48:54,770 - INFO - [main.run_full_analysis] -    - Storyline 'Fast Jet & Southward Shift' (Summer (JJA)):
2026-07-22 15:48:54,770 - INFO - [main.run_full_analysis] -      - Models (2): ACCESS-CM2_ssp245, CMCC-ESM2_ssp245
2026-07-22 15:48:54,770 - INFO - [main.run_full_analysis] -    - Storyline 'MMM' (Summer (JJA)):
2026-07-22 15:48:54,770 - INFO - [main.run_full_analysis] -      - Models (11): ACCESS-CM2_ssp245, CESM2-WACCM_ssp245, CESM2_ssp245, CMCC-CM2-SR5_ssp245, CMCC-ESM2_ssp245, CanESM5_ssp245, EC-Earth3-CC_ssp245, HadGEM3-GC31-LL_ssp245, IPSL-CM6A-LR_ssp245, KACE-1-0-G_ssp245, UKESM1-0-LL_ssp245
2026-07-22 15:48:54,770 - INFO - [main.run_full_analysis] -    - Storyline 'Non-Extreme Models' (Summer (JJA)):
2026-07-22 15:48:54,770 - INFO - [main.run_full_analysis] -      - Models (5): ACCESS-CM2_ssp245, CMCC-CM2-SR5_ssp245, CMCC-ESM2_ssp245, CanESM5_ssp245, EC-Earth3-CC_ssp245
2026-07-22 15:48:54,770 - INFO - [main.run_full_analysis] -    - Storyline 'Slow Jet & Northward Shift' (Summer (JJA)):
2026-07-22 15:48:54,770 - INFO - [main.run_full_analysis] -      - Models (2): CESM2-WACCM_ssp245, CMCC-CM2-SR5_ssp245
2026-07-22 15:48:54,770 - INFO - [main.run_full_analysis] -    - Storyline 'Slow Jet & Southward Shift' (Summer (JJA)):
2026-07-22 15:48:54,770 - INFO - [main.run_full_analysis] -      - Models (2): CESM2_ssp245, CanESM5_ssp245
2026-07-22 15:48:54,770 - INFO - [main.run_full_analysis] - -----------------------------------------------------------------
2026-07-22 15:48:54,770 - INFO - [main.run_full_analysis] - 
========================= FINISHED CMIP6 ANALYSIS FOR SCENARIO: SSP245 =========================

2026-07-22 15:48:54,770 - INFO - [main.run_full_analysis] - Discharge events combined plot not found or requested to recreate. Creating...
2026-07-22 15:48:54,770 - INFO - [visualization.plot_discharge_events_timeseries] - Plotting discharge events timeseries for combined...

================================================================================
CMIP6 INDIVIDUAL MODEL TREND SUMMARY STATISTICS (2015–2100)
Metric: 30-day Minimum Discharge Trend (m³/s per decade)
================================================================================

--- SSP2-4.5 (n = 25) ---
  * Range of individual model trends (min, max): -46.55 to +15.59 m³/s per decade
  * Percentage of models with negative trend (< 0 m³/s/dec): 72.0% (18/25)
  * Percentage of models with sig. negative trend (p < 0.05): 24.0% (6/25)
  * Multi-model mean (MMM) trend: -10.24 m³/s per decade (p < 0.001)

--- SSP5-8.5 (n = 31) ---
  * Range of individual model trends (min, max): -67.30 to +5.14 m³/s per decade
  * Percentage of models with negative trend (< 0 m³/s/dec): 93.5% (29/31)
  * Percentage of models with sig. negative trend (p < 0.05): 67.7% (21/31)
  * Multi-model mean (MMM) trend: -28.54 m³/s per decade (p < 0.001)
================================================================================

2026-07-22 15:48:54,852 - INFO - [visualization.plot_discharge_events_timeseries] - 
================================================================================
CMIP6 INDIVIDUAL MODEL TREND SUMMARY STATISTICS (2015–2100)
Metric: 30-day Minimum Discharge Trend (m³/s per decade)
================================================================================

--- SSP2-4.5 (n = 25) ---
  * Range of individual model trends (min, max): -46.55 to +15.59 m³/s per decade
  * Percentage of models with negative trend (< 0 m³/s/dec): 72.0% (18/25)
  * Percentage of models with sig. negative trend (p < 0.05): 24.0% (6/25)
  * Multi-model mean (MMM) trend: -10.24 m³/s per decade (p < 0.001)

--- SSP5-8.5 (n = 31) ---
  * Range of individual model trends (min, max): -67.30 to +5.14 m³/s per decade
  * Percentage of models with negative trend (< 0 m³/s/dec): 93.5% (29/31)
  * Percentage of models with sig. negative trend (p < 0.05): 67.7% (21/31)
  * Multi-model mean (MMM) trend: -28.54 m³/s per decade (p < 0.001)
================================================================================

2026-07-22 15:49:00,822 - INFO - [visualization.plot_discharge_events_timeseries] - Saved discharge events timeseries plot to /nas/home/vlw/Desktop/STREAM/paper1-plots/final_figure_1_storyline_discharge_events_combined.png and /nas/home/vlw/Desktop/STREAM/paper1-plots/final_figure_1_storyline_discharge_events_combined.pdf
2026-07-22 15:49:00,826 - INFO - [main.run_full_analysis] - 

=====================================================
2026-07-22 15:49:00,826 - INFO - [main.run_full_analysis] - === FULL ANALYSIS COMPLETED ===
2026-07-22 15:49:00,827 - INFO - [main.run_full_analysis] - All plots saved to: /nas/home/vlw/Desktop/STREAM/paper1-plots
2026-07-22 15:49:00,827 - INFO - [main.run_full_analysis] - Log file saved to: paper1_log.log
2026-07-22 15:49:00,827 - INFO - [main.run_full_analysis] - =====================================================

