2026-07-22 11:43:06,384 - INFO - [main.<module>] - Logging initialized.
2026-07-22 11:43:06,384 - INFO - [main.main] - Initializing climate analysis tool...
2026-07-22 11:43:06,385 - INFO - [main.run_full_analysis] - =====================================================
2026-07-22 11:43:06,385 - INFO - [main.run_full_analysis] - === STARTING FULL CLIMATE ANALYSIS WORKFLOW ===
2026-07-22 11:43:06,385 - INFO - [main.run_full_analysis] - =====================================================

2026-07-22 11:43:06,385 - INFO - [main.run_full_analysis] - 
--- Processing Reanalysis Datasets ---
2026-07-22 11:43:06,385 - INFO - [main.process_20crv3_data] - Loading and processing 20CRv3 climate data...
2026-07-22 11:43:06,385 - INFO - [data_processing.process_ncfile] - Processing 20CRv3 data from /nas/home/vlw/Desktop/STREAM/STREAM/prate.mon.mean.nc...
2026-07-22 11:43:07,265 - INFO - [data_processing.process_ncfile] - Converting 20CRv3 precipitation from 'kg/m^2/s' to 'mm/day' for prate.mon.mean.nc.
2026-07-22 11:43:07,268 - INFO - [data_processing.process_ncfile] - Processing 20CRv3 data from /nas/home/vlw/Desktop/STREAM/STREAM/air.2m.mon.mean.nc...
2026-07-22 11:43:07,296 - INFO - [data_processing.process_ncfile] - Processing 20CRv3 data from /nas/home/vlw/Desktop/STREAM/STREAM/uwnd.mon.mean.nc...
2026-07-22 11:43:10,538 - INFO - [main.process_era5_data] - All plots depending on ERA5 already exist. Skipping loading and processing of heavy ERA5 daily files to save memory and time.
2026-07-22 11:43:10,538 - INFO - [main.run_full_analysis] - 
--- Calculating SPEI for Reanalysis Datasets ---
2026-07-22 11:43:10,538 - INFO - [main.run_full_analysis] -   All plots depending on Reanalysis SPEI already exist. Skipping SPEI calculation to save time.
2026-07-22 11:43:10,538 - INFO - [main.load_historical_qobs_from_csv] - Loading DAILY historical QOBS discharge data from CSV...
2026-07-22 11:43:10,662 - INFO - [main.load_historical_qobs_from_csv] - Successfully loaded DAILY QOBS historical data from 1960-2021.
2026-07-22 11:43:10,663 - INFO - [main.load_historical_qobs_long_term] - Loading LONG-TERM MONTHLY historical QOBS discharge data from Excel...
2026-07-22 11:43:11,183 - INFO - [main.load_historical_qobs_long_term] - Successfully loaded LONG-TERM QOBS data: 1548 months (1893-2021).
2026-07-22 11:43:11,183 - INFO - [main.process_historical_discharge_data] - Processing QOBS historical data (daily and monthly) for analysis...
2026-07-22 11:43:11,321 - INFO - [main.process_historical_discharge_data] - Adding fixed low-flow thresholds: 1417 (30th), 1064 (10th), 970 (LNWL).
2026-07-22 11:43:11,321 - INFO - [main.load_amo_index] - Loading and processing AMO index from /nas/home/vlw/Desktop/STREAM/CMIP6-datasets/amo_index.csv...
2026-07-22 11:43:11,386 - INFO - [main.load_amo_index] - AMO index processing finished successfully.
2026-07-22 11:43:11,386 - INFO - [main.run_full_analysis] - 
--- Calculating Base Reanalysis Jet Indices ---
2026-07-22 11:43:11,386 - INFO - [main.run_full_analysis] -   All plots depending on Reanalysis Jet Indices already exist. Skipping Jet Indices calculation to save time.
2026-07-22 11:43:11,387 - INFO - [storyline.calculate_reanalysis_betas] - Calculating all 8 beta_obs slopes from ERA5 reanalysis...
2026-07-22 11:43:11,387 - WARNING - [storyline.calculate_reanalysis_betas] -   Could not calculate beta for 'DJF_JetSpeed_vs_tas': Missing jet or impact data.
2026-07-22 11:43:11,387 - WARNING - [storyline.calculate_reanalysis_betas] -   Could not calculate beta for 'DJF_JetSpeed_vs_pr': Missing jet or impact data.
2026-07-22 11:43:11,387 - WARNING - [storyline.calculate_reanalysis_betas] -   Could not calculate beta for 'DJF_JetLat_vs_tas': Missing jet or impact data.
2026-07-22 11:43:11,387 - WARNING - [storyline.calculate_reanalysis_betas] -   Could not calculate beta for 'DJF_JetLat_vs_pr': Missing jet or impact data.
2026-07-22 11:43:11,387 - WARNING - [storyline.calculate_reanalysis_betas] -   Could not calculate beta for 'JJA_JetSpeed_vs_tas': Missing jet or impact data.
2026-07-22 11:43:11,387 - WARNING - [storyline.calculate_reanalysis_betas] -   Could not calculate beta for 'JJA_JetSpeed_vs_pr': Missing jet or impact data.
2026-07-22 11:43:11,387 - WARNING - [storyline.calculate_reanalysis_betas] -   Could not calculate beta for 'JJA_JetLat_vs_tas': Missing jet or impact data.
2026-07-22 11:43:11,387 - WARNING - [storyline.calculate_reanalysis_betas] -   Could not calculate beta for 'JJA_JetLat_vs_pr': Missing jet or impact data.
2026-07-22 11:43:11,387 - INFO - [main.run_full_analysis] - 
--- Checking for Reanalysis Regression Maps ---
2026-07-22 11:43:11,387 - INFO - [main.run_full_analysis] - Regression plots for 20CRv3 already exist. Skipping.
2026-07-22 11:43:11,387 - INFO - [main.run_full_analysis] - Regression plots for ERA5 already exist. Skipping.
2026-07-22 11:43:11,387 - INFO - [main.run_full_analysis] - 

--- Checking for Reanalysis Jet Index Comparison Timeseries ---
2026-07-22 11:43:11,387 - INFO - [main.run_full_analysis] - Plot '/nas/home/vlw/Desktop/STREAM/paper1-plots/jet_indices_comparison_seasonal_detrended.png' already exists. Skipping.
2026-07-22 11:43:11,387 - INFO - [main.run_full_analysis] - 

--- Checking for Reanalysis Jet Impact Comparison Maps ---
2026-07-22 11:43:11,387 - INFO - [main.run_full_analysis] - Plot '/nas/home/vlw/Desktop/STREAM/paper1-plots/jet_impact_regression_maps_winter.png' already exists. Skipping.
2026-07-22 11:43:11,387 - INFO - [main.run_full_analysis] - Plot '/nas/home/vlw/Desktop/STREAM/paper1-plots/jet_impact_regression_maps_summer.png' already exists. Skipping.
2026-07-22 11:43:11,388 - INFO - [main.run_full_analysis] - 

--- Checking for Reanalysis Jet Correlation Maps ---
2026-07-22 11:43:11,388 - INFO - [main.run_full_analysis] - Plot '/nas/home/vlw/Desktop/STREAM/paper1-plots/jet_correlation_maps_winter.png' already exists. Skipping.
2026-07-22 11:43:11,388 - INFO - [main.run_full_analysis] - Plot '/nas/home/vlw/Desktop/STREAM/paper1-plots/jet_correlation_maps_summer.png' already exists. Skipping.
2026-07-22 11:43:11,388 - INFO - [main.run_full_analysis] - 

--- Checking for Correlation Timeseries & Bar Charts ---
2026-07-22 11:43:11,388 - INFO - [main.run_full_analysis] - Plot '/nas/home/vlw/Desktop/STREAM/paper1-plots/winter_correlations_comparison_detrended.png' already exists.
2026-07-22 11:43:11,388 - INFO - [main.run_full_analysis] - Plot '/nas/home/vlw/Desktop/STREAM/paper1-plots/correlation_matrix_comparison_winter_detrended_grouped.png' already exists.
2026-07-22 11:43:11,388 - INFO - [main.run_full_analysis] - Plot '/nas/home/vlw/Desktop/STREAM/paper1-plots/summer_correlations_comparison_detrended.png' already exists.
2026-07-22 11:43:11,388 - INFO - [main.run_full_analysis] - Plot '/nas/home/vlw/Desktop/STREAM/paper1-plots/correlation_matrix_comparison_summer_detrended_grouped.png' already exists.
2026-07-22 11:43:11,388 - INFO - [main.run_full_analysis] - Plot '/nas/home/vlw/Desktop/STREAM/paper1-plots/danube_box_correlation_comparison.png' already exists.
2026-07-22 11:43:11,388 - INFO - [main.run_full_analysis] - 

--- Checking for AMO-Jet Correlation Plot ---
2026-07-22 11:43:11,388 - INFO - [main.run_full_analysis] - Plot '/nas/home/vlw/Desktop/STREAM/paper1-plots/amo_jet_correlations_comparison_rolling_15yr.png' already exists.
2026-07-22 11:43:11,388 - INFO - [main.run_full_analysis] - 

--- Checking for Seasonal Drought Analysis Plot ---
2026-07-22 11:43:11,388 - INFO - [main.run_full_analysis] - Plot '/nas/home/vlw/Desktop/STREAM/paper1-plots/spei_drought_analysis_seasonal_comparison.png' already exists.
2026-07-22 11:43:11,388 - INFO - [main.run_full_analysis] - 

--- Checking for Combined Spatial SPEI & Discharge Analysis Map ---
2026-07-22 11:43:11,388 - INFO - [main.run_full_analysis] - Plot '/nas/home/vlw/Desktop/STREAM/paper1-plots/spatial_spei_discharge_analysis_era5_summer.png' already exists.
2026-07-22 11:43:11,388 - INFO - [main.run_full_analysis] - 

--- Checking for Single CMIP6 Model Regression Maps ---
2026-07-22 11:43:11,388 - INFO - [main.run_full_analysis] - Plot '/nas/home/vlw/Desktop/STREAM/paper1-plots/regression_maps_norm_CMIP6_single_models.png' already exists.
2026-07-22 11:43:11,388 - INFO - [main.process_cmip6_discharge_data] - Processing all CMIP6 discharge data...
2026-07-22 11:43:11,388 - INFO - [data_processing.process_discharge_data] - Processing Danube discharge data for specified CMIP6 models...
2026-07-22 11:43:11,494 - INFO - [data_processing.process_discharge_data] - Successfully processed discharge data for ACCESS-CM2_ssp245
2026-07-22 11:43:11,495 - INFO - [data_processing.process_discharge_data] - Successfully processed discharge data for ACCESS-ESM1-5_ssp245
2026-07-22 11:43:11,496 - INFO - [data_processing.process_discharge_data] - Successfully processed discharge data for CESM2_ssp245
2026-07-22 11:43:11,496 - INFO - [data_processing.process_discharge_data] - Successfully processed discharge data for CESM2-WACCM_ssp245
2026-07-22 11:43:11,497 - INFO - [data_processing.process_discharge_data] - Successfully processed discharge data for CMCC-CM2-SR5_ssp245
2026-07-22 11:43:11,498 - INFO - [data_processing.process_discharge_data] - Successfully processed discharge data for CMCC-ESM2_ssp245
2026-07-22 11:43:11,498 - INFO - [data_processing.process_discharge_data] - Successfully processed discharge data for CanESM5_ssp245
2026-07-22 11:43:11,499 - INFO - [data_processing.process_discharge_data] - Successfully processed discharge data for EC-Earth3-CC_ssp245
2026-07-22 11:43:11,500 - INFO - [data_processing.process_discharge_data] - Successfully processed discharge data for EC-Earth3-Veg-LR_ssp245
2026-07-22 11:43:11,500 - INFO - [data_processing.process_discharge_data] - Successfully processed discharge data for EC-Earth3_ssp245
2026-07-22 11:43:11,501 - INFO - [data_processing.process_discharge_data] - Successfully processed discharge data for GFDL-ESM4_ssp245
2026-07-22 11:43:11,502 - INFO - [data_processing.process_discharge_data] - Successfully processed discharge data for HadGEM3-GC31-LL_ssp245
2026-07-22 11:43:11,502 - INFO - [data_processing.process_discharge_data] - Successfully processed discharge data for IITM-ESM_ssp245
2026-07-22 11:43:11,503 - INFO - [data_processing.process_discharge_data] - Successfully processed discharge data for INM-CM4-8_ssp245
2026-07-22 11:43:11,504 - INFO - [data_processing.process_discharge_data] - Successfully processed discharge data for INM-CM5-0_ssp245
2026-07-22 11:43:11,505 - INFO - [data_processing.process_discharge_data] - Successfully processed discharge data for IPSL-CM6A-LR_ssp245
2026-07-22 11:43:11,506 - INFO - [data_processing.process_discharge_data] - Successfully processed discharge data for KACE-1-0-G_ssp245
2026-07-22 11:43:11,507 - INFO - [data_processing.process_discharge_data] - Successfully processed discharge data for KIOST-ESM_ssp245
2026-07-22 11:43:11,508 - INFO - [data_processing.process_discharge_data] - Successfully processed discharge data for MIROC-ES2L_ssp245
2026-07-22 11:43:11,509 - INFO - [data_processing.process_discharge_data] - Successfully processed discharge data for MIROC6_ssp245
2026-07-22 11:43:11,510 - INFO - [data_processing.process_discharge_data] - Successfully processed discharge data for MPI-ESM1-2-HR_ssp245
2026-07-22 11:43:11,511 - INFO - [data_processing.process_discharge_data] - Successfully processed discharge data for MPI-ESM1-2-LR_ssp245
2026-07-22 11:43:11,512 - INFO - [data_processing.process_discharge_data] - Successfully processed discharge data for MRI-ESM2-0_ssp245
2026-07-22 11:43:11,513 - INFO - [data_processing.process_discharge_data] - Successfully processed discharge data for NorESM2-MM_ssp245
2026-07-22 11:43:11,515 - INFO - [data_processing.process_discharge_data] - Successfully processed discharge data for UKESM1-0-LL_ssp245
2026-07-22 11:43:11,645 - INFO - [data_processing.process_discharge_data] - Successfully processed discharge data for ACCESS-CM2_ssp585
2026-07-22 11:43:11,646 - INFO - [data_processing.process_discharge_data] - Successfully processed discharge data for ACCESS-ESM1-5_ssp585
2026-07-22 11:43:11,647 - INFO - [data_processing.process_discharge_data] - Successfully processed discharge data for BCC-CSM2-MR_ssp585
2026-07-22 11:43:11,647 - INFO - [data_processing.process_discharge_data] - Successfully processed discharge data for CESM2_ssp585
2026-07-22 11:43:11,648 - INFO - [data_processing.process_discharge_data] - Successfully processed discharge data for CESM2-WACCM_ssp585
2026-07-22 11:43:11,649 - INFO - [data_processing.process_discharge_data] - Successfully processed discharge data for CMCC-CM2-SR5_ssp585
2026-07-22 11:43:11,649 - INFO - [data_processing.process_discharge_data] - Successfully processed discharge data for CMCC-ESM2_ssp585
2026-07-22 11:43:11,650 - INFO - [data_processing.process_discharge_data] - Successfully processed discharge data for CNRM-CM6-1-HR_ssp585
2026-07-22 11:43:11,651 - INFO - [data_processing.process_discharge_data] - Successfully processed discharge data for CNRM-CM6-1_ssp585
2026-07-22 11:43:11,651 - INFO - [data_processing.process_discharge_data] - Successfully processed discharge data for CNRM-ESM2-1_ssp585
2026-07-22 11:43:11,652 - INFO - [data_processing.process_discharge_data] - Successfully processed discharge data for CanESM5_ssp585
2026-07-22 11:43:11,652 - INFO - [data_processing.process_discharge_data] - Successfully processed discharge data for E3SM-1-0_ssp585
2026-07-22 11:43:11,653 - INFO - [data_processing.process_discharge_data] - Successfully processed discharge data for EC-Earth3-CC_ssp585
2026-07-22 11:43:11,654 - INFO - [data_processing.process_discharge_data] - Successfully processed discharge data for EC-Earth3-Veg-LR_ssp585
2026-07-22 11:43:11,655 - INFO - [data_processing.process_discharge_data] - Successfully processed discharge data for EC-Earth3_ssp585
2026-07-22 11:43:11,656 - INFO - [data_processing.process_discharge_data] - Successfully processed discharge data for GFDL-ESM4_ssp585
2026-07-22 11:43:11,656 - INFO - [data_processing.process_discharge_data] - Successfully processed discharge data for HadGEM3-GC31-LL_ssp585
2026-07-22 11:43:11,657 - INFO - [data_processing.process_discharge_data] - Successfully processed discharge data for HadGEM3-GC31-MM_ssp585
2026-07-22 11:43:11,657 - INFO - [data_processing.process_discharge_data] - Successfully processed discharge data for IITM-ESM_ssp585
2026-07-22 11:43:11,658 - INFO - [data_processing.process_discharge_data] - Successfully processed discharge data for INM-CM4-8_ssp585
2026-07-22 11:43:11,659 - INFO - [data_processing.process_discharge_data] - Successfully processed discharge data for INM-CM5-0_ssp585
2026-07-22 11:43:11,659 - INFO - [data_processing.process_discharge_data] - Successfully processed discharge data for IPSL-CM6A-LR_ssp585
2026-07-22 11:43:11,660 - INFO - [data_processing.process_discharge_data] - Successfully processed discharge data for KACE-1-0-G_ssp585
2026-07-22 11:43:11,660 - INFO - [data_processing.process_discharge_data] - Successfully processed discharge data for KIOST-ESM_ssp585
2026-07-22 11:43:11,661 - INFO - [data_processing.process_discharge_data] - Successfully processed discharge data for MIROC-ES2L_ssp585
2026-07-22 11:43:11,662 - INFO - [data_processing.process_discharge_data] - Successfully processed discharge data for MIROC6_ssp585
2026-07-22 11:43:11,662 - INFO - [data_processing.process_discharge_data] - Successfully processed discharge data for MPI-ESM1-2-HR_ssp585
2026-07-22 11:43:11,663 - INFO - [data_processing.process_discharge_data] - Successfully processed discharge data for MPI-ESM1-2-LR_ssp585
2026-07-22 11:43:11,664 - INFO - [data_processing.process_discharge_data] - Successfully processed discharge data for MRI-ESM2-0_ssp585
2026-07-22 11:43:11,664 - INFO - [data_processing.process_discharge_data] - Successfully processed discharge data for NorESM2-MM_ssp585
2026-07-22 11:43:11,665 - INFO - [data_processing.process_discharge_data] - Successfully processed discharge data for UKESM1-0-LL_ssp585
2026-07-22 11:43:11,666 - INFO - [main.run_full_analysis] - 

========================= STARTING CMIP6 ANALYSIS FOR SCENARIO: SSP585 =========================

2026-07-22 11:43:11,666 - INFO - [storyline.analyze_cmip6_changes_at_gwl] - 
--- Starting CMIP6 Analysis for SCENARIO: ssp585 at Global Warming Levels ---
2026-07-22 11:43:11,666 - INFO - [storyline.analyze_cmip6_changes_at_gwl] - Processing 31 models for scenario ssp585.
2026-07-22 11:43:11,666 - INFO - [storyline._load_and_preprocess_model_data] - Loading ua for ACCESS-CM2 (hist + ['ssp585']), force_regional=False...
2026-07-22 11:43:11,719 - INFO - [storyline._load_and_preprocess_model_data] - Found 10 files for ua (ua requested), ACCESS-CM2.
2026-07-22 11:43:15,121 - INFO - [storyline._load_and_preprocess_model_data] - Loading pr for ACCESS-CM2 (hist + ['ssp585']), force_regional=False...
2026-07-22 11:43:15,152 - INFO - [storyline._load_and_preprocess_model_data] - Found 3 files for pr (pr requested), ACCESS-CM2.
2026-07-22 11:43:16,054 - INFO - [storyline._load_and_preprocess_model_data] - Loading tas for ACCESS-CM2 (hist + ['ssp585']), force_regional=True...
2026-07-22 11:43:16,085 - INFO - [storyline._load_and_preprocess_model_data] - Found 3 files for tas (tas requested), ACCESS-CM2.
2026-07-22 11:43:16,950 - INFO - [storyline._load_and_preprocess_model_data] - Loading tas for ACCESS-CM2 (hist + ['ssp585']), force_regional=False...
2026-07-22 11:43:16,955 - INFO - [storyline._load_and_preprocess_model_data] - Found 3 files for tas (tas requested), ACCESS-CM2.
2026-07-22 11:43:17,227 - INFO - [storyline._load_and_preprocess_model_data] - Loading ua for ACCESS-ESM1-5 (hist + ['ssp585']), force_regional=False...
2026-07-22 11:43:17,233 - INFO - [storyline._load_and_preprocess_model_data] - Found 5 files for ua (ua requested), ACCESS-ESM1-5.
2026-07-22 11:43:19,796 - INFO - [storyline._load_and_preprocess_model_data] - Loading pr for ACCESS-ESM1-5 (hist + ['ssp585']), force_regional=False...
2026-07-22 11:43:19,801 - INFO - [storyline._load_and_preprocess_model_data] - Found 3 files for pr (pr requested), ACCESS-ESM1-5.
2026-07-22 11:43:20,639 - INFO - [storyline._load_and_preprocess_model_data] - Loading tas for ACCESS-ESM1-5 (hist + ['ssp585']), force_regional=True...
2026-07-22 11:43:20,644 - INFO - [storyline._load_and_preprocess_model_data] - Found 3 files for tas (tas requested), ACCESS-ESM1-5.
2026-07-22 11:43:21,530 - INFO - [storyline._load_and_preprocess_model_data] - Loading tas for ACCESS-ESM1-5 (hist + ['ssp585']), force_regional=False...
2026-07-22 11:43:21,534 - INFO - [storyline._load_and_preprocess_model_data] - Found 3 files for tas (tas requested), ACCESS-ESM1-5.
2026-07-22 11:43:21,952 - INFO - [storyline._load_and_preprocess_model_data] - Loading ua for BCC-CSM2-MR (hist + ['ssp585']), force_regional=False...
2026-07-22 11:43:21,958 - INFO - [storyline._load_and_preprocess_model_data] - Found 10 files for ua (ua requested), BCC-CSM2-MR.
2026-07-22 11:43:27,035 - INFO - [storyline._load_and_preprocess_model_data] - Loading pr for BCC-CSM2-MR (hist + ['ssp585']), force_regional=False...
2026-07-22 11:43:27,041 - INFO - [storyline._load_and_preprocess_model_data] - Found 2 files for pr (pr requested), BCC-CSM2-MR.
2026-07-22 11:43:29,351 - INFO - [storyline._load_and_preprocess_model_data] - Loading tas for BCC-CSM2-MR (hist + ['ssp585']), force_regional=True...
2026-07-22 11:43:29,356 - INFO - [storyline._load_and_preprocess_model_data] - Found 2 files for tas (tas requested), BCC-CSM2-MR.
2026-07-22 11:43:31,467 - INFO - [storyline._load_and_preprocess_model_data] - Loading tas for BCC-CSM2-MR (hist + ['ssp585']), force_regional=False...
2026-07-22 11:43:31,471 - INFO - [storyline._load_and_preprocess_model_data] - Found 2 files for tas (tas requested), BCC-CSM2-MR.
2026-07-22 11:43:31,748 - INFO - [storyline._load_and_preprocess_model_data] - Loading ua for CESM2 (hist + ['ssp585']), force_regional=False...
2026-07-22 11:43:31,754 - INFO - [storyline._load_and_preprocess_model_data] - Found 4 files for ua (ua requested), CESM2.
2026-07-22 11:43:34,354 - INFO - [storyline._load_and_preprocess_model_data] - Loading pr for CESM2 (hist + ['ssp585']), force_regional=False...
2026-07-22 11:43:34,359 - INFO - [storyline._load_and_preprocess_model_data] - Found 2 files for pr (pr requested), CESM2.
2026-07-22 11:43:35,215 - INFO - [storyline._load_and_preprocess_model_data] - Loading tas for CESM2 (hist + ['ssp585']), force_regional=True...
2026-07-22 11:43:35,221 - INFO - [storyline._load_and_preprocess_model_data] - Found 2 files for tas (tas requested), CESM2.
2026-07-22 11:43:36,070 - INFO - [storyline._load_and_preprocess_model_data] - Loading tas for CESM2 (hist + ['ssp585']), force_regional=False...
2026-07-22 11:43:36,074 - INFO - [storyline._load_and_preprocess_model_data] - Found 2 files for tas (tas requested), CESM2.
2026-07-22 11:43:36,303 - INFO - [storyline._load_and_preprocess_model_data] - Loading ua for CESM2-WACCM (hist + ['ssp585']), force_regional=False...
2026-07-22 11:43:36,309 - INFO - [storyline._load_and_preprocess_model_data] - Found 8 files for ua (ua requested), CESM2-WACCM.
2026-07-22 11:43:38,531 - INFO - [storyline._load_and_preprocess_model_data] - Loading pr for CESM2-WACCM (hist + ['ssp585']), force_regional=False...
2026-07-22 11:43:38,536 - INFO - [storyline._load_and_preprocess_model_data] - Found 6 files for pr (pr requested), CESM2-WACCM.
2026-07-22 11:43:39,530 - INFO - [storyline._load_and_preprocess_model_data] - Loading tas for CESM2-WACCM (hist + ['ssp585']), force_regional=True...
2026-07-22 11:43:39,534 - INFO - [storyline._load_and_preprocess_model_data] - Found 6 files for tas (tas requested), CESM2-WACCM.
2026-07-22 11:43:40,529 - INFO - [storyline._load_and_preprocess_model_data] - Loading tas for CESM2-WACCM (hist + ['ssp585']), force_regional=False...
2026-07-22 11:43:40,533 - INFO - [storyline._load_and_preprocess_model_data] - Found 6 files for tas (tas requested), CESM2-WACCM.
2026-07-22 11:43:40,825 - INFO - [storyline._load_and_preprocess_model_data] - Loading ua for CMCC-CM2-SR5 (hist + ['ssp585']), force_regional=False...
2026-07-22 11:43:40,831 - INFO - [storyline._load_and_preprocess_model_data] - Found 14 files for ua (ua requested), CMCC-CM2-SR5.
2026-07-22 11:43:43,607 - INFO - [storyline._load_and_preprocess_model_data] - Loading pr for CMCC-CM2-SR5 (hist + ['ssp585']), force_regional=False...
2026-07-22 11:43:43,614 - INFO - [storyline._load_and_preprocess_model_data] - Found 2 files for pr (pr requested), CMCC-CM2-SR5.
2026-07-22 11:43:44,524 - INFO - [storyline._load_and_preprocess_model_data] - Loading tas for CMCC-CM2-SR5 (hist + ['ssp585']), force_regional=True...
2026-07-22 11:43:44,529 - INFO - [storyline._load_and_preprocess_model_data] - Found 2 files for tas (tas requested), CMCC-CM2-SR5.
2026-07-22 11:43:45,452 - INFO - [storyline._load_and_preprocess_model_data] - Loading tas for CMCC-CM2-SR5 (hist + ['ssp585']), force_regional=False...
2026-07-22 11:43:45,457 - INFO - [storyline._load_and_preprocess_model_data] - Found 2 files for tas (tas requested), CMCC-CM2-SR5.
2026-07-22 11:43:45,868 - INFO - [storyline._load_and_preprocess_model_data] - Loading ua for CMCC-ESM2 (hist + ['ssp585']), force_regional=False...
2026-07-22 11:43:45,873 - INFO - [storyline._load_and_preprocess_model_data] - Found 15 files for ua (ua requested), CMCC-ESM2.
2026-07-22 11:43:49,223 - INFO - [storyline._load_and_preprocess_model_data] - Loading pr for CMCC-ESM2 (hist + ['ssp585']), force_regional=False...
2026-07-22 11:43:49,229 - INFO - [storyline._load_and_preprocess_model_data] - Found 2 files for pr (pr requested), CMCC-ESM2.
2026-07-22 11:43:50,117 - INFO - [storyline._load_and_preprocess_model_data] - Loading tas for CMCC-ESM2 (hist + ['ssp585']), force_regional=True...
2026-07-22 11:43:50,122 - INFO - [storyline._load_and_preprocess_model_data] - Found 2 files for tas (tas requested), CMCC-ESM2.
2026-07-22 11:43:51,004 - INFO - [storyline._load_and_preprocess_model_data] - Loading tas for CMCC-ESM2 (hist + ['ssp585']), force_regional=False...
2026-07-22 11:43:51,008 - INFO - [storyline._load_and_preprocess_model_data] - Found 2 files for tas (tas requested), CMCC-ESM2.
2026-07-22 11:43:51,247 - INFO - [storyline._load_and_preprocess_model_data] - Loading ua for CNRM-CM6-1-HR (hist + ['ssp585']), force_regional=False...
2026-07-22 11:43:51,253 - INFO - [storyline._load_and_preprocess_model_data] - Found 14 files for ua (ua requested), CNRM-CM6-1-HR.
2026-07-22 11:43:54,088 - INFO - [storyline._load_and_preprocess_model_data] - Loading pr for CNRM-CM6-1-HR (hist + ['ssp585']), force_regional=False...
2026-07-22 11:43:54,093 - INFO - [storyline._load_and_preprocess_model_data] - Found 3 files for pr (pr requested), CNRM-CM6-1-HR.
2026-07-22 11:43:54,968 - INFO - [storyline._load_and_preprocess_model_data] - Loading tas for CNRM-CM6-1-HR (hist + ['ssp585']), force_regional=True...
2026-07-22 11:43:54,973 - INFO - [storyline._load_and_preprocess_model_data] - Found 3 files for tas (tas requested), CNRM-CM6-1-HR.
2026-07-22 11:43:55,853 - INFO - [storyline._load_and_preprocess_model_data] - Loading tas for CNRM-CM6-1-HR (hist + ['ssp585']), force_regional=False...
2026-07-22 11:43:55,857 - INFO - [storyline._load_and_preprocess_model_data] - Found 3 files for tas (tas requested), CNRM-CM6-1-HR.
2026-07-22 11:43:56,110 - INFO - [storyline._load_and_preprocess_model_data] - Loading ua for CNRM-CM6-1 (hist + ['ssp585']), force_regional=False...
2026-07-22 11:43:56,115 - INFO - [storyline._load_and_preprocess_model_data] - Found 5 files for ua (ua requested), CNRM-CM6-1.
2026-07-22 11:43:58,904 - INFO - [storyline._load_and_preprocess_model_data] - Loading pr for CNRM-CM6-1 (hist + ['ssp585']), force_regional=False...
2026-07-22 11:43:58,909 - INFO - [storyline._load_and_preprocess_model_data] - Found 2 files for pr (pr requested), CNRM-CM6-1.
2026-07-22 11:43:59,769 - INFO - [storyline._load_and_preprocess_model_data] - Loading tas for CNRM-CM6-1 (hist + ['ssp585']), force_regional=True...
2026-07-22 11:43:59,773 - INFO - [storyline._load_and_preprocess_model_data] - Found 2 files for tas (tas requested), CNRM-CM6-1.
2026-07-22 11:44:00,638 - INFO - [storyline._load_and_preprocess_model_data] - Loading tas for CNRM-CM6-1 (hist + ['ssp585']), force_regional=False...
2026-07-22 11:44:00,642 - INFO - [storyline._load_and_preprocess_model_data] - Found 2 files for tas (tas requested), CNRM-CM6-1.
2026-07-22 11:44:00,876 - INFO - [storyline._load_and_preprocess_model_data] - Loading ua for CNRM-ESM2-1 (hist + ['ssp585']), force_regional=False...
2026-07-22 11:44:00,882 - INFO - [storyline._load_and_preprocess_model_data] - Found 5 files for ua (ua requested), CNRM-ESM2-1.
2026-07-22 11:44:03,733 - INFO - [storyline._load_and_preprocess_model_data] - Loading pr for CNRM-ESM2-1 (hist + ['ssp585']), force_regional=False...
2026-07-22 11:44:03,739 - INFO - [storyline._load_and_preprocess_model_data] - Found 2 files for pr (pr requested), CNRM-ESM2-1.
2026-07-22 11:44:04,573 - INFO - [storyline._load_and_preprocess_model_data] - Loading tas for CNRM-ESM2-1 (hist + ['ssp585']), force_regional=True...
2026-07-22 11:44:04,579 - INFO - [storyline._load_and_preprocess_model_data] - Found 2 files for tas (tas requested), CNRM-ESM2-1.
2026-07-22 11:44:05,443 - INFO - [storyline._load_and_preprocess_model_data] - Loading tas for CNRM-ESM2-1 (hist + ['ssp585']), force_regional=False...
2026-07-22 11:44:05,448 - INFO - [storyline._load_and_preprocess_model_data] - Found 2 files for tas (tas requested), CNRM-ESM2-1.
2026-07-22 11:44:05,687 - INFO - [storyline._load_and_preprocess_model_data] - Loading ua for CanESM5 (hist + ['ssp585']), force_regional=False...
2026-07-22 11:44:05,692 - INFO - [storyline._load_and_preprocess_model_data] - Found 2 files for ua (ua requested), CanESM5.
2026-07-22 11:44:08,014 - INFO - [storyline._load_and_preprocess_model_data] - Loading pr for CanESM5 (hist + ['ssp585']), force_regional=False...
2026-07-22 11:44:08,019 - INFO - [storyline._load_and_preprocess_model_data] - Found 2 files for pr (pr requested), CanESM5.
2026-07-22 11:44:08,891 - INFO - [storyline._load_and_preprocess_model_data] - Loading tas for CanESM5 (hist + ['ssp585']), force_regional=True...
2026-07-22 11:44:08,896 - INFO - [storyline._load_and_preprocess_model_data] - Found 2 files for tas (tas requested), CanESM5.
2026-07-22 11:44:09,768 - INFO - [storyline._load_and_preprocess_model_data] - Loading tas for CanESM5 (hist + ['ssp585']), force_regional=False...
2026-07-22 11:44:09,773 - INFO - [storyline._load_and_preprocess_model_data] - Found 2 files for tas (tas requested), CanESM5.
2026-07-22 11:44:10,186 - INFO - [storyline._load_and_preprocess_model_data] - Loading ua for E3SM-1-0 (hist + ['ssp585']), force_regional=False...
2026-07-22 11:44:10,192 - INFO - [storyline._load_and_preprocess_model_data] - Found 13 files for ua (ua requested), E3SM-1-0.
2026-07-22 11:44:13,186 - INFO - [storyline._load_and_preprocess_model_data] - Loading pr for E3SM-1-0 (hist + ['ssp585']), force_regional=False...
2026-07-22 11:44:13,191 - INFO - [storyline._load_and_preprocess_model_data] - Found 9 files for pr (pr requested), E3SM-1-0.
2026-07-22 11:44:14,052 - INFO - [storyline._load_and_preprocess_model_data] - Loading tas for E3SM-1-0 (hist + ['ssp585']), force_regional=True...
2026-07-22 11:44:14,057 - INFO - [storyline._load_and_preprocess_model_data] - Found 9 files for tas (tas requested), E3SM-1-0.
2026-07-22 11:44:14,955 - INFO - [storyline._load_and_preprocess_model_data] - Loading tas for E3SM-1-0 (hist + ['ssp585']), force_regional=False...
2026-07-22 11:44:14,959 - INFO - [storyline._load_and_preprocess_model_data] - Found 9 files for tas (tas requested), E3SM-1-0.
2026-07-22 11:44:15,249 - INFO - [storyline._load_and_preprocess_model_data] - Loading ua for EC-Earth3-CC (hist + ['ssp585']), force_regional=False...
2026-07-22 11:44:15,256 - INFO - [storyline._load_and_preprocess_model_data] - Found 261 files for ua (ua requested), EC-Earth3-CC.
2026-07-22 11:44:22,478 - INFO - [storyline._load_and_preprocess_model_data] - Loading pr for EC-Earth3-CC (hist + ['ssp585']), force_regional=False...
2026-07-22 11:44:22,487 - INFO - [storyline._load_and_preprocess_model_data] - Found 252 files for pr (pr requested), EC-Earth3-CC.
2026-07-22 11:44:26,519 - INFO - [storyline._load_and_preprocess_model_data] - Loading tas for EC-Earth3-CC (hist + ['ssp585']), force_regional=True...
2026-07-22 11:44:26,525 - INFO - [storyline._load_and_preprocess_model_data] - Found 252 files for tas (tas requested), EC-Earth3-CC.
2026-07-22 11:44:30,550 - INFO - [storyline._load_and_preprocess_model_data] - Loading tas for EC-Earth3-CC (hist + ['ssp585']), force_regional=False...
2026-07-22 11:44:30,554 - INFO - [storyline._load_and_preprocess_model_data] - Found 252 files for tas (tas requested), EC-Earth3-CC.
2026-07-22 11:44:33,707 - INFO - [storyline._load_and_preprocess_model_data] - Loading ua for EC-Earth3-Veg-LR (hist + ['ssp585']), force_regional=False...
2026-07-22 11:44:33,713 - INFO - [storyline._load_and_preprocess_model_data] - Found 255 files for ua (ua requested), EC-Earth3-Veg-LR.
2026-07-22 11:44:41,935 - INFO - [storyline._load_and_preprocess_model_data] - Loading pr for EC-Earth3-Veg-LR (hist + ['ssp585']), force_regional=False...
2026-07-22 11:44:41,944 - INFO - [storyline._load_and_preprocess_model_data] - Found 252 files for pr (pr requested), EC-Earth3-Veg-LR.
2026-07-22 11:44:45,894 - INFO - [storyline._load_and_preprocess_model_data] - Loading tas for EC-Earth3-Veg-LR (hist + ['ssp585']), force_regional=True...
2026-07-22 11:44:45,900 - INFO - [storyline._load_and_preprocess_model_data] - Found 252 files for tas (tas requested), EC-Earth3-Veg-LR.
2026-07-22 11:44:50,173 - INFO - [storyline._load_and_preprocess_model_data] - Loading tas for EC-Earth3-Veg-LR (hist + ['ssp585']), force_regional=False...
2026-07-22 11:44:50,180 - INFO - [storyline._load_and_preprocess_model_data] - Found 252 files for tas (tas requested), EC-Earth3-Veg-LR.
2026-07-22 11:44:53,519 - INFO - [storyline._load_and_preprocess_model_data] - Loading ua for EC-Earth3 (hist + ['ssp585']), force_regional=False...
2026-07-22 11:44:53,524 - INFO - [storyline._load_and_preprocess_model_data] - Found 251 files for ua (ua requested), EC-Earth3.
2026-07-22 11:45:00,855 - INFO - [storyline._load_and_preprocess_model_data] - Loading pr for EC-Earth3 (hist + ['ssp585']), force_regional=False...
2026-07-22 11:45:00,862 - INFO - [storyline._load_and_preprocess_model_data] - Found 251 files for pr (pr requested), EC-Earth3.
2026-07-22 11:45:04,579 - INFO - [storyline._load_and_preprocess_model_data] - Loading tas for EC-Earth3 (hist + ['ssp585']), force_regional=True...
2026-07-22 11:45:04,586 - INFO - [storyline._load_and_preprocess_model_data] - Found 251 files for tas (tas requested), EC-Earth3.
2026-07-22 11:45:08,639 - INFO - [storyline._load_and_preprocess_model_data] - Loading tas for EC-Earth3 (hist + ['ssp585']), force_regional=False...
2026-07-22 11:45:08,645 - INFO - [storyline._load_and_preprocess_model_data] - Found 251 files for tas (tas requested), EC-Earth3.
2026-07-22 11:45:12,111 - INFO - [storyline._load_and_preprocess_model_data] - Loading ua for GFDL-ESM4 (hist + ['ssp585']), force_regional=False...
2026-07-22 11:45:12,116 - INFO - [storyline._load_and_preprocess_model_data] - Found 6 files for ua (ua requested), GFDL-ESM4.
2026-07-22 11:45:14,665 - INFO - [storyline._load_and_preprocess_model_data] - Loading pr for GFDL-ESM4 (hist + ['ssp585']), force_regional=False...
2026-07-22 11:45:14,671 - INFO - [storyline._load_and_preprocess_model_data] - Found 2 files for pr (pr requested), GFDL-ESM4.
2026-07-22 11:45:15,546 - INFO - [storyline._load_and_preprocess_model_data] - Loading tas for GFDL-ESM4 (hist + ['ssp585']), force_regional=True...
2026-07-22 11:45:15,551 - INFO - [storyline._load_and_preprocess_model_data] - Found 4 files for tas (tas requested), GFDL-ESM4.
2026-07-22 11:45:16,509 - INFO - [storyline._load_and_preprocess_model_data] - Loading tas for GFDL-ESM4 (hist + ['ssp585']), force_regional=False...
2026-07-22 11:45:16,514 - INFO - [storyline._load_and_preprocess_model_data] - Found 4 files for tas (tas requested), GFDL-ESM4.
2026-07-22 11:45:16,822 - INFO - [storyline._load_and_preprocess_model_data] - Loading ua for HadGEM3-GC31-LL (hist + ['ssp585']), force_regional=False...
2026-07-22 11:45:16,828 - INFO - [storyline._load_and_preprocess_model_data] - Found 5 files for ua (ua requested), HadGEM3-GC31-LL.
2026-07-22 11:45:19,419 - INFO - [storyline._load_and_preprocess_model_data] - Loading pr for HadGEM3-GC31-LL (hist + ['ssp585']), force_regional=False...
2026-07-22 11:45:19,424 - INFO - [storyline._load_and_preprocess_model_data] - Found 2 files for pr (pr requested), HadGEM3-GC31-LL.
2026-07-22 11:45:20,310 - INFO - [storyline._load_and_preprocess_model_data] - Loading tas for HadGEM3-GC31-LL (hist + ['ssp585']), force_regional=True...
2026-07-22 11:45:20,316 - INFO - [storyline._load_and_preprocess_model_data] - Found 2 files for tas (tas requested), HadGEM3-GC31-LL.
2026-07-22 11:45:21,194 - INFO - [storyline._load_and_preprocess_model_data] - Loading tas for HadGEM3-GC31-LL (hist + ['ssp585']), force_regional=False...
2026-07-22 11:45:21,199 - INFO - [storyline._load_and_preprocess_model_data] - Found 2 files for tas (tas requested), HadGEM3-GC31-LL.
2026-07-22 11:45:21,461 - INFO - [storyline._load_and_preprocess_model_data] - Loading ua for HadGEM3-GC31-MM (hist + ['ssp585']), force_regional=False...
2026-07-22 11:45:21,467 - INFO - [storyline._load_and_preprocess_model_data] - Found 17 files for ua (ua requested), HadGEM3-GC31-MM.
2026-07-22 11:45:24,399 - INFO - [storyline._load_and_preprocess_model_data] - Loading pr for HadGEM3-GC31-MM (hist + ['ssp585']), force_regional=False...
2026-07-22 11:45:24,407 - INFO - [storyline._load_and_preprocess_model_data] - Found 2 files for pr (pr requested), HadGEM3-GC31-MM.
2026-07-22 11:45:25,534 - INFO - [storyline._load_and_preprocess_model_data] - Loading tas for HadGEM3-GC31-MM (hist + ['ssp585']), force_regional=True...
2026-07-22 11:45:25,539 - INFO - [storyline._load_and_preprocess_model_data] - Found 2 files for tas (tas requested), HadGEM3-GC31-MM.
2026-07-22 11:45:26,716 - INFO - [storyline._load_and_preprocess_model_data] - Loading tas for HadGEM3-GC31-MM (hist + ['ssp585']), force_regional=False...
2026-07-22 11:45:26,720 - INFO - [storyline._load_and_preprocess_model_data] - Found 2 files for tas (tas requested), HadGEM3-GC31-MM.
2026-07-22 11:45:26,971 - INFO - [storyline._load_and_preprocess_model_data] - Loading ua for IITM-ESM (hist + ['ssp585']), force_regional=False...
2026-07-22 11:45:26,977 - INFO - [storyline._load_and_preprocess_model_data] - Found 20 files for ua (ua requested), IITM-ESM.
2026-07-22 11:45:30,218 - INFO - [storyline._load_and_preprocess_model_data] - Loading pr for IITM-ESM (hist + ['ssp585']), force_regional=False...
2026-07-22 11:45:30,225 - INFO - [storyline._load_and_preprocess_model_data] - Found 26 files for pr (pr requested), IITM-ESM.
2026-07-22 11:45:31,240 - INFO - [storyline._load_and_preprocess_model_data] - Loading tas for IITM-ESM (hist + ['ssp585']), force_regional=True...
2026-07-22 11:45:31,248 - INFO - [storyline._load_and_preprocess_model_data] - Found 26 files for tas (tas requested), IITM-ESM.
2026-07-22 11:45:32,502 - INFO - [storyline._load_and_preprocess_model_data] - Loading tas for IITM-ESM (hist + ['ssp585']), force_regional=False...
2026-07-22 11:45:32,509 - INFO - [storyline._load_and_preprocess_model_data] - Found 26 files for tas (tas requested), IITM-ESM.
2026-07-22 11:45:33,224 - INFO - [storyline._load_and_preprocess_model_data] - Loading ua for INM-CM4-8 (hist + ['ssp585']), force_regional=False...
2026-07-22 11:45:33,230 - INFO - [storyline._load_and_preprocess_model_data] - Found 26 files for ua (ua requested), INM-CM4-8.
2026-07-22 11:45:36,544 - INFO - [storyline._load_and_preprocess_model_data] - Loading pr for INM-CM4-8 (hist + ['ssp585']), force_regional=False...
2026-07-22 11:45:36,552 - INFO - [storyline._load_and_preprocess_model_data] - Found 4 files for pr (pr requested), INM-CM4-8.
2026-07-22 11:45:37,493 - INFO - [storyline._load_and_preprocess_model_data] - Loading tas for INM-CM4-8 (hist + ['ssp585']), force_regional=True...
2026-07-22 11:45:37,498 - INFO - [storyline._load_and_preprocess_model_data] - Found 4 files for tas (tas requested), INM-CM4-8.
2026-07-22 11:45:38,449 - INFO - [storyline._load_and_preprocess_model_data] - Loading tas for INM-CM4-8 (hist + ['ssp585']), force_regional=False...
2026-07-22 11:45:38,453 - INFO - [storyline._load_and_preprocess_model_data] - Found 4 files for tas (tas requested), INM-CM4-8.
2026-07-22 11:45:38,731 - INFO - [storyline._load_and_preprocess_model_data] - Loading ua for INM-CM5-0 (hist + ['ssp585']), force_regional=False...
2026-07-22 11:45:38,737 - INFO - [storyline._load_and_preprocess_model_data] - Found 27 files for ua (ua requested), INM-CM5-0.
2026-07-22 11:45:41,697 - INFO - [storyline._load_and_preprocess_model_data] - Loading pr for INM-CM5-0 (hist + ['ssp585']), force_regional=False...
2026-07-22 11:45:41,705 - INFO - [storyline._load_and_preprocess_model_data] - Found 3 files for pr (pr requested), INM-CM5-0.
2026-07-22 11:45:42,605 - INFO - [storyline._load_and_preprocess_model_data] - Loading tas for INM-CM5-0 (hist + ['ssp585']), force_regional=True...
2026-07-22 11:45:42,610 - INFO - [storyline._load_and_preprocess_model_data] - Found 3 files for tas (tas requested), INM-CM5-0.
2026-07-22 11:45:43,816 - INFO - [storyline._load_and_preprocess_model_data] - Loading tas for INM-CM5-0 (hist + ['ssp585']), force_regional=False...
2026-07-22 11:45:43,821 - INFO - [storyline._load_and_preprocess_model_data] - Found 3 files for tas (tas requested), INM-CM5-0.
2026-07-22 11:45:44,117 - INFO - [storyline._load_and_preprocess_model_data] - Loading ua for IPSL-CM6A-LR (hist + ['ssp585']), force_regional=False...
2026-07-22 11:45:44,123 - INFO - [storyline._load_and_preprocess_model_data] - Found 3 files for ua (ua requested), IPSL-CM6A-LR.
2026-07-22 11:45:46,736 - INFO - [storyline._load_and_preprocess_model_data] - Loading pr for IPSL-CM6A-LR (hist + ['ssp585']), force_regional=False...
2026-07-22 11:45:46,741 - INFO - [storyline._load_and_preprocess_model_data] - Found 3 files for pr (pr requested), IPSL-CM6A-LR.
2026-07-22 11:45:47,935 - INFO - [storyline._load_and_preprocess_model_data] - Loading tas for IPSL-CM6A-LR (hist + ['ssp585']), force_regional=True...
2026-07-22 11:45:47,940 - INFO - [storyline._load_and_preprocess_model_data] - Found 3 files for tas (tas requested), IPSL-CM6A-LR.
2026-07-22 11:45:48,866 - INFO - [storyline._load_and_preprocess_model_data] - Loading tas for IPSL-CM6A-LR (hist + ['ssp585']), force_regional=False...
2026-07-22 11:45:48,870 - INFO - [storyline._load_and_preprocess_model_data] - Found 3 files for tas (tas requested), IPSL-CM6A-LR.
2026-07-22 11:45:49,143 - INFO - [storyline._load_and_preprocess_model_data] - Loading ua for KACE-1-0-G (hist + ['ssp585']), force_regional=False...
2026-07-22 11:45:49,149 - INFO - [storyline._load_and_preprocess_model_data] - Found 4 files for ua (ua requested), KACE-1-0-G.
2026-07-22 11:45:52,676 - INFO - [storyline._load_and_preprocess_model_data] - Loading pr for KACE-1-0-G (hist + ['ssp585']), force_regional=False...
2026-07-22 11:45:52,682 - INFO - [storyline._load_and_preprocess_model_data] - Found 2 files for pr (pr requested), KACE-1-0-G.
2026-07-22 11:45:54,361 - INFO - [storyline._load_and_preprocess_model_data] - Loading tas for KACE-1-0-G (hist + ['ssp585']), force_regional=True...
2026-07-22 11:45:54,367 - INFO - [storyline._load_and_preprocess_model_data] - Found 2 files for tas (tas requested), KACE-1-0-G.
2026-07-22 11:45:55,616 - INFO - [storyline._load_and_preprocess_model_data] - Loading tas for KACE-1-0-G (hist + ['ssp585']), force_regional=False...
2026-07-22 11:45:55,620 - INFO - [storyline._load_and_preprocess_model_data] - Found 2 files for tas (tas requested), KACE-1-0-G.
2026-07-22 11:45:55,885 - INFO - [storyline._load_and_preprocess_model_data] - Loading ua for KIOST-ESM (hist + ['ssp585']), force_regional=False...
2026-07-22 11:45:55,891 - INFO - [storyline._load_and_preprocess_model_data] - Found 2 files for ua (ua requested), KIOST-ESM.
2026-07-22 11:46:01,321 - INFO - [storyline._load_and_preprocess_model_data] - Loading pr for KIOST-ESM (hist + ['ssp585']), force_regional=False...
2026-07-22 11:46:01,327 - INFO - [storyline._load_and_preprocess_model_data] - Found 2 files for pr (pr requested), KIOST-ESM.
2026-07-22 11:46:02,427 - INFO - [storyline._load_and_preprocess_model_data] - Loading tas for KIOST-ESM (hist + ['ssp585']), force_regional=True...
2026-07-22 11:46:02,433 - INFO - [storyline._load_and_preprocess_model_data] - Found 3 files for tas (tas requested), KIOST-ESM.
2026-07-22 11:46:04,848 - INFO - [storyline._load_and_preprocess_model_data] - Loading tas for KIOST-ESM (hist + ['ssp585']), force_regional=False...
2026-07-22 11:46:04,852 - INFO - [storyline._load_and_preprocess_model_data] - Found 3 files for tas (tas requested), KIOST-ESM.
2026-07-22 11:46:05,177 - INFO - [storyline._load_and_preprocess_model_data] - Loading ua for MIROC-ES2L (hist + ['ssp585']), force_regional=False...
2026-07-22 11:46:05,183 - INFO - [storyline._load_and_preprocess_model_data] - Found 2 files for ua (ua requested), MIROC-ES2L.
2026-07-22 11:46:08,264 - INFO - [storyline._load_and_preprocess_model_data] - Loading pr for MIROC-ES2L (hist + ['ssp585']), force_regional=False...
2026-07-22 11:46:08,269 - INFO - [storyline._load_and_preprocess_model_data] - Found 2 files for pr (pr requested), MIROC-ES2L.
2026-07-22 11:46:09,164 - INFO - [storyline._load_and_preprocess_model_data] - Loading tas for MIROC-ES2L (hist + ['ssp585']), force_regional=True...
2026-07-22 11:46:09,169 - INFO - [storyline._load_and_preprocess_model_data] - Found 2 files for tas (tas requested), MIROC-ES2L.
2026-07-22 11:46:10,097 - INFO - [storyline._load_and_preprocess_model_data] - Loading tas for MIROC-ES2L (hist + ['ssp585']), force_regional=False...
2026-07-22 11:46:10,102 - INFO - [storyline._load_and_preprocess_model_data] - Found 2 files for tas (tas requested), MIROC-ES2L.
2026-07-22 11:46:10,367 - INFO - [storyline._load_and_preprocess_model_data] - Loading ua for MIROC6 (hist + ['ssp585']), force_regional=False...
2026-07-22 11:46:10,373 - INFO - [storyline._load_and_preprocess_model_data] - Found 25 files for ua (ua requested), MIROC6.
2026-07-22 11:46:14,067 - INFO - [storyline._load_and_preprocess_model_data] - Loading pr for MIROC6 (hist + ['ssp585']), force_regional=False...
2026-07-22 11:46:14,075 - INFO - [storyline._load_and_preprocess_model_data] - Found 3 files for pr (pr requested), MIROC6.
2026-07-22 11:46:15,549 - INFO - [storyline._load_and_preprocess_model_data] - Loading tas for MIROC6 (hist + ['ssp585']), force_regional=True...
2026-07-22 11:46:15,554 - INFO - [storyline._load_and_preprocess_model_data] - Found 3 files for tas (tas requested), MIROC6.
2026-07-22 11:46:16,765 - INFO - [storyline._load_and_preprocess_model_data] - Loading tas for MIROC6 (hist + ['ssp585']), force_regional=False...
2026-07-22 11:46:16,769 - INFO - [storyline._load_and_preprocess_model_data] - Found 3 files for tas (tas requested), MIROC6.
2026-07-22 11:46:17,059 - INFO - [storyline._load_and_preprocess_model_data] - Loading ua for MPI-ESM1-2-HR (hist + ['ssp585']), force_regional=False...
2026-07-22 11:46:17,065 - INFO - [storyline._load_and_preprocess_model_data] - Found 57 files for ua (ua requested), MPI-ESM1-2-HR.
2026-07-22 11:46:21,029 - INFO - [storyline._load_and_preprocess_model_data] - Loading pr for MPI-ESM1-2-HR (hist + ['ssp585']), force_regional=False...
2026-07-22 11:46:21,038 - INFO - [storyline._load_and_preprocess_model_data] - Found 51 files for pr (pr requested), MPI-ESM1-2-HR.
2026-07-22 11:46:22,228 - INFO - [storyline._load_and_preprocess_model_data] - Loading tas for MPI-ESM1-2-HR (hist + ['ssp585']), force_regional=True...
2026-07-22 11:46:22,237 - INFO - [storyline._load_and_preprocess_model_data] - Found 51 files for tas (tas requested), MPI-ESM1-2-HR.
2026-07-22 11:46:23,732 - INFO - [storyline._load_and_preprocess_model_data] - Loading tas for MPI-ESM1-2-HR (hist + ['ssp585']), force_regional=False...
2026-07-22 11:46:23,740 - INFO - [storyline._load_and_preprocess_model_data] - Found 51 files for tas (tas requested), MPI-ESM1-2-HR.
2026-07-22 11:46:24,431 - INFO - [storyline._load_and_preprocess_model_data] - Loading ua for MPI-ESM1-2-LR (hist + ['ssp585']), force_regional=False...
2026-07-22 11:46:24,440 - INFO - [storyline._load_and_preprocess_model_data] - Found 14 files for ua (ua requested), MPI-ESM1-2-LR.
2026-07-22 11:46:27,425 - INFO - [storyline._load_and_preprocess_model_data] - Loading pr for MPI-ESM1-2-LR (hist + ['ssp585']), force_regional=False...
2026-07-22 11:46:27,430 - INFO - [storyline._load_and_preprocess_model_data] - Found 14 files for pr (pr requested), MPI-ESM1-2-LR.
2026-07-22 11:46:28,735 - INFO - [storyline._load_and_preprocess_model_data] - Loading tas for MPI-ESM1-2-LR (hist + ['ssp585']), force_regional=True...
2026-07-22 11:46:28,742 - INFO - [storyline._load_and_preprocess_model_data] - Found 14 files for tas (tas requested), MPI-ESM1-2-LR.
2026-07-22 11:46:29,962 - INFO - [storyline._load_and_preprocess_model_data] - Loading tas for MPI-ESM1-2-LR (hist + ['ssp585']), force_regional=False...
2026-07-22 11:46:29,968 - INFO - [storyline._load_and_preprocess_model_data] - Found 14 files for tas (tas requested), MPI-ESM1-2-LR.
2026-07-22 11:46:30,366 - INFO - [storyline._load_and_preprocess_model_data] - Loading ua for MRI-ESM2-0 (hist + ['ssp585']), force_regional=False...
2026-07-22 11:46:30,372 - INFO - [storyline._load_and_preprocess_model_data] - Found 6 files for ua (ua requested), MRI-ESM2-0.
2026-07-22 11:46:33,370 - INFO - [storyline._load_and_preprocess_model_data] - Loading pr for MRI-ESM2-0 (hist + ['ssp585']), force_regional=False...
2026-07-22 11:46:33,377 - INFO - [storyline._load_and_preprocess_model_data] - Found 2 files for pr (pr requested), MRI-ESM2-0.
2026-07-22 11:46:34,371 - INFO - [storyline._load_and_preprocess_model_data] - Loading tas for MRI-ESM2-0 (hist + ['ssp585']), force_regional=True...
2026-07-22 11:46:34,377 - INFO - [storyline._load_and_preprocess_model_data] - Found 2 files for tas (tas requested), MRI-ESM2-0.
2026-07-22 11:46:35,424 - INFO - [storyline._load_and_preprocess_model_data] - Loading tas for MRI-ESM2-0 (hist + ['ssp585']), force_regional=False...
2026-07-22 11:46:35,429 - INFO - [storyline._load_and_preprocess_model_data] - Found 2 files for tas (tas requested), MRI-ESM2-0.
2026-07-22 11:46:35,716 - INFO - [storyline._load_and_preprocess_model_data] - Loading ua for NorESM2-MM (hist + ['ssp585']), force_regional=False...
2026-07-22 11:46:35,722 - INFO - [storyline._load_and_preprocess_model_data] - Found 47 files for ua (ua requested), NorESM2-MM.
2026-07-22 11:46:39,104 - INFO - [storyline._load_and_preprocess_model_data] - Loading pr for NorESM2-MM (hist + ['ssp585']), force_regional=False...
2026-07-22 11:46:39,113 - INFO - [storyline._load_and_preprocess_model_data] - Found 46 files for pr (pr requested), NorESM2-MM.
2026-07-22 11:46:40,581 - INFO - [storyline._load_and_preprocess_model_data] - Loading tas for NorESM2-MM (hist + ['ssp585']), force_regional=True...
2026-07-22 11:46:40,589 - INFO - [storyline._load_and_preprocess_model_data] - Found 46 files for tas (tas requested), NorESM2-MM.
2026-07-22 11:46:42,013 - INFO - [storyline._load_and_preprocess_model_data] - Loading tas for NorESM2-MM (hist + ['ssp585']), force_regional=False...
2026-07-22 11:46:42,021 - INFO - [storyline._load_and_preprocess_model_data] - Found 46 files for tas (tas requested), NorESM2-MM.
2026-07-22 11:46:42,685 - INFO - [storyline._load_and_preprocess_model_data] - Loading ua for UKESM1-0-LL (hist + ['ssp585']), force_regional=False...
2026-07-22 11:46:42,692 - INFO - [storyline._load_and_preprocess_model_data] - Found 5 files for ua (ua requested), UKESM1-0-LL.
2026-07-22 11:46:45,676 - INFO - [storyline._load_and_preprocess_model_data] - Loading pr for UKESM1-0-LL (hist + ['ssp585']), force_regional=False...
2026-07-22 11:46:45,682 - INFO - [storyline._load_and_preprocess_model_data] - Found 3 files for pr (pr requested), UKESM1-0-LL.
2026-07-22 11:46:46,974 - INFO - [storyline._load_and_preprocess_model_data] - Loading tas for UKESM1-0-LL (hist + ['ssp585']), force_regional=True...
2026-07-22 11:46:46,980 - INFO - [storyline._load_and_preprocess_model_data] - Found 2 files for tas (tas requested), UKESM1-0-LL.
2026-07-22 11:46:47,874 - INFO - [storyline._load_and_preprocess_model_data] - Loading tas for UKESM1-0-LL (hist + ['ssp585']), force_regional=False...
2026-07-22 11:46:47,878 - INFO - [storyline._load_and_preprocess_model_data] - Found 2 files for tas (tas requested), UKESM1-0-LL.
2026-07-22 11:46:48,211 - INFO - [storyline.analyze_cmip6_changes_at_gwl] - 
--- Loading Danube Discharge Data ---
2026-07-22 11:46:48,211 - INFO - [data_processing.process_discharge_data] - Processing Danube discharge data for specified CMIP6 models...
2026-07-22 11:46:48,348 - INFO - [data_processing.process_discharge_data] - Successfully processed discharge data for CESM2-WACCM_ssp245
2026-07-22 11:46:48,349 - INFO - [data_processing.process_discharge_data] - Successfully processed discharge data for UKESM1-0-LL_ssp245
2026-07-22 11:46:48,350 - INFO - [data_processing.process_discharge_data] - Successfully processed discharge data for GFDL-ESM4_ssp245
2026-07-22 11:46:48,351 - INFO - [data_processing.process_discharge_data] - Successfully processed discharge data for ACCESS-CM2_ssp245
2026-07-22 11:46:48,351 - INFO - [data_processing.process_discharge_data] - Successfully processed discharge data for CMCC-ESM2_ssp245
2026-07-22 11:46:48,352 - INFO - [data_processing.process_discharge_data] - Successfully processed discharge data for HadGEM3-GC31-LL_ssp245
2026-07-22 11:46:48,353 - INFO - [data_processing.process_discharge_data] - Successfully processed discharge data for ACCESS-ESM1-5_ssp245
2026-07-22 11:46:48,353 - INFO - [data_processing.process_discharge_data] - Successfully processed discharge data for INM-CM5-0_ssp245
2026-07-22 11:46:48,354 - INFO - [data_processing.process_discharge_data] - Successfully processed discharge data for NorESM2-MM_ssp245
2026-07-22 11:46:48,355 - INFO - [data_processing.process_discharge_data] - Successfully processed discharge data for KIOST-ESM_ssp245
2026-07-22 11:46:48,355 - INFO - [data_processing.process_discharge_data] - Successfully processed discharge data for MPI-ESM1-2-LR_ssp245
2026-07-22 11:46:48,356 - INFO - [data_processing.process_discharge_data] - Successfully processed discharge data for MPI-ESM1-2-HR_ssp245
2026-07-22 11:46:48,357 - INFO - [data_processing.process_discharge_data] - Successfully processed discharge data for EC-Earth3-Veg-LR_ssp245
2026-07-22 11:46:48,358 - INFO - [data_processing.process_discharge_data] - Successfully processed discharge data for IITM-ESM_ssp245
2026-07-22 11:46:48,358 - INFO - [data_processing.process_discharge_data] - Successfully processed discharge data for INM-CM4-8_ssp245
2026-07-22 11:46:48,359 - INFO - [data_processing.process_discharge_data] - Successfully processed discharge data for CESM2_ssp245
2026-07-22 11:46:48,359 - INFO - [data_processing.process_discharge_data] - Successfully processed discharge data for EC-Earth3_ssp245
2026-07-22 11:46:48,360 - INFO - [data_processing.process_discharge_data] - Successfully processed discharge data for EC-Earth3-CC_ssp245
2026-07-22 11:46:48,361 - INFO - [data_processing.process_discharge_data] - Successfully processed discharge data for MIROC6_ssp245
2026-07-22 11:46:48,362 - INFO - [data_processing.process_discharge_data] - Successfully processed discharge data for MRI-ESM2-0_ssp245
2026-07-22 11:46:48,362 - INFO - [data_processing.process_discharge_data] - Successfully processed discharge data for CanESM5_ssp245
2026-07-22 11:46:48,363 - INFO - [data_processing.process_discharge_data] - Successfully processed discharge data for IPSL-CM6A-LR_ssp245
2026-07-22 11:46:48,363 - INFO - [data_processing.process_discharge_data] - Successfully processed discharge data for CMCC-CM2-SR5_ssp245
2026-07-22 11:46:48,364 - INFO - [data_processing.process_discharge_data] - Successfully processed discharge data for MIROC-ES2L_ssp245
2026-07-22 11:46:48,365 - INFO - [data_processing.process_discharge_data] - Successfully processed discharge data for KACE-1-0-G_ssp245
2026-07-22 11:46:48,487 - INFO - [data_processing.process_discharge_data] - Successfully processed discharge data for CESM2-WACCM_ssp585
2026-07-22 11:46:48,488 - INFO - [data_processing.process_discharge_data] - Successfully processed discharge data for CNRM-CM6-1-HR_ssp585
2026-07-22 11:46:48,489 - INFO - [data_processing.process_discharge_data] - Successfully processed discharge data for CNRM-ESM2-1_ssp585
2026-07-22 11:46:48,489 - INFO - [data_processing.process_discharge_data] - Successfully processed discharge data for UKESM1-0-LL_ssp585
2026-07-22 11:46:48,490 - INFO - [data_processing.process_discharge_data] - Successfully processed discharge data for GFDL-ESM4_ssp585
2026-07-22 11:46:48,491 - INFO - [data_processing.process_discharge_data] - Successfully processed discharge data for HadGEM3-GC31-MM_ssp585
2026-07-22 11:46:48,491 - INFO - [data_processing.process_discharge_data] - Successfully processed discharge data for ACCESS-CM2_ssp585
2026-07-22 11:46:48,492 - INFO - [data_processing.process_discharge_data] - Successfully processed discharge data for CMCC-ESM2_ssp585
2026-07-22 11:46:48,493 - INFO - [data_processing.process_discharge_data] - Successfully processed discharge data for HadGEM3-GC31-LL_ssp585
2026-07-22 11:46:48,493 - INFO - [data_processing.process_discharge_data] - Successfully processed discharge data for ACCESS-ESM1-5_ssp585
2026-07-22 11:46:48,494 - INFO - [data_processing.process_discharge_data] - Successfully processed discharge data for CNRM-CM6-1_ssp585
2026-07-22 11:46:48,495 - INFO - [data_processing.process_discharge_data] - Successfully processed discharge data for INM-CM5-0_ssp585
2026-07-22 11:46:48,495 - INFO - [data_processing.process_discharge_data] - Successfully processed discharge data for NorESM2-MM_ssp585
2026-07-22 11:46:48,496 - INFO - [data_processing.process_discharge_data] - Successfully processed discharge data for KIOST-ESM_ssp585
2026-07-22 11:46:48,497 - INFO - [data_processing.process_discharge_data] - Successfully processed discharge data for MPI-ESM1-2-LR_ssp585
2026-07-22 11:46:48,497 - INFO - [data_processing.process_discharge_data] - Successfully processed discharge data for MPI-ESM1-2-HR_ssp585
2026-07-22 11:46:48,498 - INFO - [data_processing.process_discharge_data] - Successfully processed discharge data for EC-Earth3-Veg-LR_ssp585
2026-07-22 11:46:48,499 - INFO - [data_processing.process_discharge_data] - Successfully processed discharge data for IITM-ESM_ssp585
2026-07-22 11:46:48,499 - INFO - [data_processing.process_discharge_data] - Successfully processed discharge data for INM-CM4-8_ssp585
2026-07-22 11:46:48,500 - INFO - [data_processing.process_discharge_data] - Successfully processed discharge data for CESM2_ssp585
2026-07-22 11:46:48,501 - INFO - [data_processing.process_discharge_data] - Successfully processed discharge data for EC-Earth3_ssp585
2026-07-22 11:46:48,501 - INFO - [data_processing.process_discharge_data] - Successfully processed discharge data for EC-Earth3-CC_ssp585
2026-07-22 11:46:48,502 - INFO - [data_processing.process_discharge_data] - Successfully processed discharge data for MIROC6_ssp585
2026-07-22 11:46:48,503 - INFO - [data_processing.process_discharge_data] - Successfully processed discharge data for MRI-ESM2-0_ssp585
2026-07-22 11:46:48,504 - INFO - [data_processing.process_discharge_data] - Successfully processed discharge data for CanESM5_ssp585
2026-07-22 11:46:48,505 - INFO - [data_processing.process_discharge_data] - Successfully processed discharge data for IPSL-CM6A-LR_ssp585
2026-07-22 11:46:48,506 - INFO - [data_processing.process_discharge_data] - Successfully processed discharge data for CMCC-CM2-SR5_ssp585
2026-07-22 11:46:48,506 - INFO - [data_processing.process_discharge_data] - Successfully processed discharge data for MIROC-ES2L_ssp585
2026-07-22 11:46:48,508 - INFO - [data_processing.process_discharge_data] - Successfully processed discharge data for E3SM-1-0_ssp585
2026-07-22 11:46:48,509 - INFO - [data_processing.process_discharge_data] - Successfully processed discharge data for KACE-1-0-G_ssp585
2026-07-22 11:46:48,510 - INFO - [data_processing.process_discharge_data] - Successfully processed discharge data for BCC-CSM2-MR_ssp585
2026-07-22 11:46:49,511 - INFO - [storyline.analyze_cmip6_changes_at_gwl] - 
--- GWL Timing and Analysis Window Details ---
2026-07-22 11:46:49,511 - INFO - [storyline.analyze_cmip6_changes_at_gwl] - GWL 2.0°C reached in 2038 for ACCESS-CM2 (ssp585). Analysis Window: 2023-2053 (31 years)
2026-07-22 11:46:49,511 - INFO - [storyline.analyze_cmip6_changes_at_gwl] - GWL 3.0°C reached in 2056 for ACCESS-CM2 (ssp585). Analysis Window: 2041-2071 (31 years)
2026-07-22 11:46:49,511 - INFO - [storyline.analyze_cmip6_changes_at_gwl] - GWL 2.0°C reached in 2039 for ACCESS-ESM1-5 (ssp585). Analysis Window: 2024-2054 (31 years)
2026-07-22 11:46:49,511 - INFO - [storyline.analyze_cmip6_changes_at_gwl] - GWL 3.0°C reached in 2060 for ACCESS-ESM1-5 (ssp585). Analysis Window: 2045-2075 (31 years)
2026-07-22 11:46:49,511 - INFO - [storyline.analyze_cmip6_changes_at_gwl] - GWL 2.0°C reached in 2043 for BCC-CSM2-MR (ssp585). Analysis Window: 2028-2058 (31 years)
2026-07-22 11:46:49,511 - INFO - [storyline.analyze_cmip6_changes_at_gwl] - GWL 3.0°C reached in 2066 for BCC-CSM2-MR (ssp585). Analysis Window: 2051-2081 (31 years)
2026-07-22 11:46:49,511 - INFO - [storyline.analyze_cmip6_changes_at_gwl] - GWL 2.0°C reached in 2036 for CESM2 (ssp585). Analysis Window: 2021-2051 (31 years)
2026-07-22 11:46:49,511 - INFO - [storyline.analyze_cmip6_changes_at_gwl] - GWL 3.0°C reached in 2056 for CESM2 (ssp585). Analysis Window: 2041-2071 (31 years)
2026-07-22 11:46:49,511 - INFO - [storyline.analyze_cmip6_changes_at_gwl] - GWL 2.0°C reached in 2033 for CESM2-WACCM (ssp585). Analysis Window: 2018-2048 (31 years)
2026-07-22 11:46:49,511 - INFO - [storyline.analyze_cmip6_changes_at_gwl] - GWL 3.0°C reached in 2053 for CESM2-WACCM (ssp585). Analysis Window: 2038-2068 (31 years)
2026-07-22 11:46:49,511 - INFO - [storyline.analyze_cmip6_changes_at_gwl] - GWL 2.0°C reached in 2034 for CMCC-CM2-SR5 (ssp585). Analysis Window: 2019-2049 (31 years)
2026-07-22 11:46:49,511 - INFO - [storyline.analyze_cmip6_changes_at_gwl] - GWL 3.0°C reached in 2052 for CMCC-CM2-SR5 (ssp585). Analysis Window: 2037-2067 (31 years)
2026-07-22 11:46:49,512 - INFO - [storyline.analyze_cmip6_changes_at_gwl] - GWL 2.0°C reached in 2039 for CMCC-ESM2 (ssp585). Analysis Window: 2024-2054 (31 years)
2026-07-22 11:46:49,512 - INFO - [storyline.analyze_cmip6_changes_at_gwl] - GWL 3.0°C reached in 2055 for CMCC-ESM2 (ssp585). Analysis Window: 2040-2070 (31 years)
2026-07-22 11:46:49,512 - INFO - [storyline.analyze_cmip6_changes_at_gwl] - GWL 2.0°C reached in 2030 for CNRM-CM6-1-HR (ssp585). Analysis Window: 2015-2045 (31 years)
2026-07-22 11:46:49,512 - INFO - [storyline.analyze_cmip6_changes_at_gwl] - GWL 3.0°C reached in 2050 for CNRM-CM6-1-HR (ssp585). Analysis Window: 2035-2065 (31 years)
2026-07-22 11:46:49,512 - INFO - [storyline.analyze_cmip6_changes_at_gwl] - GWL 2.0°C reached in 2040 for CNRM-CM6-1 (ssp585). Analysis Window: 2025-2055 (31 years)
2026-07-22 11:46:49,512 - INFO - [storyline.analyze_cmip6_changes_at_gwl] - GWL 3.0°C reached in 2058 for CNRM-CM6-1 (ssp585). Analysis Window: 2043-2073 (31 years)
2026-07-22 11:46:49,512 - INFO - [storyline.analyze_cmip6_changes_at_gwl] - GWL 2.0°C reached in 2045 for CNRM-ESM2-1 (ssp585). Analysis Window: 2030-2060 (31 years)
2026-07-22 11:46:49,512 - INFO - [storyline.analyze_cmip6_changes_at_gwl] - GWL 3.0°C reached in 2064 for CNRM-ESM2-1 (ssp585). Analysis Window: 2049-2079 (31 years)
2026-07-22 11:46:49,512 - INFO - [storyline.analyze_cmip6_changes_at_gwl] - GWL 2.0°C reached in 2023 for CanESM5 (ssp585). Analysis Window: 2008-2038 (31 years)
2026-07-22 11:46:49,512 - INFO - [storyline.analyze_cmip6_changes_at_gwl] - GWL 3.0°C reached in 2041 for CanESM5 (ssp585). Analysis Window: 2026-2056 (31 years)
2026-07-22 11:46:49,512 - INFO - [storyline.analyze_cmip6_changes_at_gwl] - GWL 2.0°C reached in 2032 for E3SM-1-0 (ssp585). Analysis Window: 2017-2047 (31 years)
2026-07-22 11:46:49,512 - INFO - [storyline.analyze_cmip6_changes_at_gwl] - GWL 3.0°C reached in 2047 for E3SM-1-0 (ssp585). Analysis Window: 2032-2062 (31 years)
2026-07-22 11:46:49,512 - INFO - [storyline.analyze_cmip6_changes_at_gwl] - GWL 2.0°C reached in 2035 for EC-Earth3-CC (ssp585). Analysis Window: 2020-2050 (31 years)
2026-07-22 11:46:49,512 - INFO - [storyline.analyze_cmip6_changes_at_gwl] - GWL 3.0°C reached in 2056 for EC-Earth3-CC (ssp585). Analysis Window: 2041-2071 (31 years)
2026-07-22 11:46:49,512 - INFO - [storyline.analyze_cmip6_changes_at_gwl] - GWL 2.0°C reached in 2042 for EC-Earth3-Veg-LR (ssp585). Analysis Window: 2027-2057 (31 years)
2026-07-22 11:46:49,512 - INFO - [storyline.analyze_cmip6_changes_at_gwl] - GWL 3.0°C reached in 2061 for EC-Earth3-Veg-LR (ssp585). Analysis Window: 2046-2076 (31 years)
2026-07-22 11:46:49,512 - INFO - [storyline.analyze_cmip6_changes_at_gwl] - GWL 2.0°C reached in 2036 for EC-Earth3 (ssp585). Analysis Window: 2021-2051 (31 years)
2026-07-22 11:46:49,512 - INFO - [storyline.analyze_cmip6_changes_at_gwl] - GWL 3.0°C reached in 2057 for EC-Earth3 (ssp585). Analysis Window: 2042-2072 (31 years)
2026-07-22 11:46:49,512 - INFO - [storyline.analyze_cmip6_changes_at_gwl] - GWL 2.0°C reached in 2053 for GFDL-ESM4 (ssp585). Analysis Window: 2038-2068 (31 years)
2026-07-22 11:46:49,512 - INFO - [storyline.analyze_cmip6_changes_at_gwl] - GWL 3.0°C reached in 2076 for GFDL-ESM4 (ssp585). Analysis Window: 2061-2091 (31 years)
2026-07-22 11:46:49,512 - INFO - [storyline.analyze_cmip6_changes_at_gwl] - GWL 2.0°C reached in 2030 for HadGEM3-GC31-LL (ssp585). Analysis Window: 2015-2045 (31 years)
2026-07-22 11:46:49,512 - INFO - [storyline.analyze_cmip6_changes_at_gwl] - GWL 3.0°C reached in 2048 for HadGEM3-GC31-LL (ssp585). Analysis Window: 2033-2063 (31 years)
2026-07-22 11:46:49,512 - INFO - [storyline.analyze_cmip6_changes_at_gwl] - GWL 2.0°C reached in 2034 for HadGEM3-GC31-MM (ssp585). Analysis Window: 2019-2049 (31 years)
2026-07-22 11:46:49,512 - INFO - [storyline.analyze_cmip6_changes_at_gwl] - GWL 3.0°C reached in 2050 for HadGEM3-GC31-MM (ssp585). Analysis Window: 2035-2065 (31 years)
2026-07-22 11:46:49,512 - INFO - [storyline.analyze_cmip6_changes_at_gwl] - GWL 2.0°C reached in 2049 for IITM-ESM (ssp585). Analysis Window: 2034-2064 (31 years)
2026-07-22 11:46:49,513 - INFO - [storyline.analyze_cmip6_changes_at_gwl] - GWL 3.0°C reached in 2076 for IITM-ESM (ssp585). Analysis Window: 2061-2091 (31 years)
2026-07-22 11:46:49,513 - INFO - [storyline.analyze_cmip6_changes_at_gwl] - GWL 2.0°C reached in 2046 for INM-CM4-8 (ssp585). Analysis Window: 2031-2061 (31 years)
2026-07-22 11:46:49,513 - INFO - [storyline.analyze_cmip6_changes_at_gwl] - GWL 3.0°C reached in 2070 for INM-CM4-8 (ssp585). Analysis Window: 2055-2085 (31 years)
2026-07-22 11:46:49,513 - INFO - [storyline.analyze_cmip6_changes_at_gwl] - GWL 2.0°C reached in 2046 for INM-CM5-0 (ssp585). Analysis Window: 2031-2061 (31 years)
2026-07-22 11:46:49,513 - INFO - [storyline.analyze_cmip6_changes_at_gwl] - GWL 3.0°C reached in 2074 for INM-CM5-0 (ssp585). Analysis Window: 2059-2089 (31 years)
2026-07-22 11:46:49,513 - INFO - [storyline.analyze_cmip6_changes_at_gwl] - GWL 2.0°C reached in 2033 for IPSL-CM6A-LR (ssp585). Analysis Window: 2018-2048 (31 years)
2026-07-22 11:46:49,513 - INFO - [storyline.analyze_cmip6_changes_at_gwl] - GWL 3.0°C reached in 2051 for IPSL-CM6A-LR (ssp585). Analysis Window: 2036-2066 (31 years)
2026-07-22 11:46:49,513 - INFO - [storyline.analyze_cmip6_changes_at_gwl] - GWL 2.0°C reached in 2024 for KACE-1-0-G (ssp585). Analysis Window: 2009-2039 (31 years)
2026-07-22 11:46:49,513 - INFO - [storyline.analyze_cmip6_changes_at_gwl] - GWL 3.0°C reached in 2043 for KACE-1-0-G (ssp585). Analysis Window: 2028-2058 (31 years)
2026-07-22 11:46:49,513 - INFO - [storyline.analyze_cmip6_changes_at_gwl] - GWL 2.0°C reached in 2037 for KIOST-ESM (ssp585). Analysis Window: 2022-2052 (31 years)
2026-07-22 11:46:49,513 - INFO - [storyline.analyze_cmip6_changes_at_gwl] - GWL 3.0°C reached in 2065 for KIOST-ESM (ssp585). Analysis Window: 2050-2080 (31 years)
2026-07-22 11:46:49,513 - INFO - [storyline.analyze_cmip6_changes_at_gwl] - GWL 2.0°C reached in 2047 for MIROC-ES2L (ssp585). Analysis Window: 2032-2062 (31 years)
2026-07-22 11:46:49,513 - INFO - [storyline.analyze_cmip6_changes_at_gwl] - GWL 3.0°C reached in 2070 for MIROC-ES2L (ssp585). Analysis Window: 2055-2085 (31 years)
2026-07-22 11:46:49,513 - INFO - [storyline.analyze_cmip6_changes_at_gwl] - GWL 2.0°C reached in 2053 for MIROC6 (ssp585). Analysis Window: 2038-2068 (31 years)
2026-07-22 11:46:49,513 - INFO - [storyline.analyze_cmip6_changes_at_gwl] - GWL 3.0°C reached in 2076 for MIROC6 (ssp585). Analysis Window: 2061-2091 (31 years)
2026-07-22 11:46:49,513 - INFO - [storyline.analyze_cmip6_changes_at_gwl] - GWL 2.0°C reached in 2049 for MPI-ESM1-2-HR (ssp585). Analysis Window: 2034-2064 (31 years)
2026-07-22 11:46:49,513 - INFO - [storyline.analyze_cmip6_changes_at_gwl] - GWL 3.0°C reached in 2073 for MPI-ESM1-2-HR (ssp585). Analysis Window: 2058-2088 (31 years)
2026-07-22 11:46:49,513 - INFO - [storyline.analyze_cmip6_changes_at_gwl] - GWL 2.0°C reached in 2049 for MPI-ESM1-2-LR (ssp585). Analysis Window: 2034-2064 (31 years)
2026-07-22 11:46:49,513 - INFO - [storyline.analyze_cmip6_changes_at_gwl] - GWL 3.0°C reached in 2072 for MPI-ESM1-2-LR (ssp585). Analysis Window: 2057-2087 (31 years)
2026-07-22 11:46:49,513 - INFO - [storyline.analyze_cmip6_changes_at_gwl] - GWL 2.0°C reached in 2038 for MRI-ESM2-0 (ssp585). Analysis Window: 2023-2053 (31 years)
2026-07-22 11:46:49,513 - INFO - [storyline.analyze_cmip6_changes_at_gwl] - GWL 3.0°C reached in 2064 for MRI-ESM2-0 (ssp585). Analysis Window: 2049-2079 (31 years)
2026-07-22 11:46:49,514 - INFO - [storyline.analyze_cmip6_changes_at_gwl] - GWL 2.0°C reached in 2054 for NorESM2-MM (ssp585). Analysis Window: 2039-2069 (31 years)
2026-07-22 11:46:49,514 - INFO - [storyline.analyze_cmip6_changes_at_gwl] - GWL 3.0°C reached in 2076 for NorESM2-MM (ssp585). Analysis Window: 2061-2091 (31 years)
2026-07-22 11:46:49,514 - INFO - [storyline.analyze_cmip6_changes_at_gwl] - GWL 2.0°C reached in 2032 for UKESM1-0-LL (ssp585). Analysis Window: 2017-2047 (31 years)
2026-07-22 11:46:49,514 - INFO - [storyline.analyze_cmip6_changes_at_gwl] - GWL 3.0°C reached in 2047 for UKESM1-0-LL (ssp585). Analysis Window: 2032-2062 (31 years)
2026-07-22 11:46:51,343 - INFO - [data_processing.calculate_spei] - Calculating SPEI with a 4-month scale (Spatial: False)...
2026-07-22 11:46:53,324 - INFO - [data_processing.calculate_spei] - Calculating SPEI with a 4-month scale (Spatial: False)...
2026-07-22 11:46:55,297 - INFO - [data_processing.calculate_spei] - Calculating SPEI with a 4-month scale (Spatial: False)...
2026-07-22 11:46:57,270 - INFO - [data_processing.calculate_spei] - Calculating SPEI with a 4-month scale (Spatial: False)...
2026-07-22 11:46:59,172 - INFO - [data_processing.calculate_spei] - Calculating SPEI with a 4-month scale (Spatial: False)...
2026-07-22 11:47:01,312 - INFO - [data_processing.calculate_spei] - Calculating SPEI with a 4-month scale (Spatial: False)...
2026-07-22 11:47:03,289 - INFO - [data_processing.calculate_spei] - Calculating SPEI with a 4-month scale (Spatial: False)...
2026-07-22 11:47:05,204 - INFO - [data_processing.calculate_spei] - Calculating SPEI with a 4-month scale (Spatial: False)...
2026-07-22 11:47:07,133 - INFO - [data_processing.calculate_spei] - Calculating SPEI with a 4-month scale (Spatial: False)...
2026-07-22 11:47:09,085 - INFO - [data_processing.calculate_spei] - Calculating SPEI with a 4-month scale (Spatial: False)...
2026-07-22 11:47:10,965 - INFO - [data_processing.calculate_spei] - Calculating SPEI with a 4-month scale (Spatial: False)...
2026-07-22 11:47:12,862 - INFO - [data_processing.calculate_spei] - Calculating SPEI with a 4-month scale (Spatial: False)...
2026-07-22 11:47:14,770 - INFO - [data_processing.calculate_spei] - Calculating SPEI with a 4-month scale (Spatial: False)...
2026-07-22 11:47:16,684 - INFO - [data_processing.calculate_spei] - Calculating SPEI with a 4-month scale (Spatial: False)...
2026-07-22 11:47:18,592 - INFO - [data_processing.calculate_spei] - Calculating SPEI with a 4-month scale (Spatial: False)...
2026-07-22 11:47:20,508 - INFO - [data_processing.calculate_spei] - Calculating SPEI with a 4-month scale (Spatial: False)...
2026-07-22 11:47:22,434 - INFO - [data_processing.calculate_spei] - Calculating SPEI with a 4-month scale (Spatial: False)...
2026-07-22 11:47:24,366 - INFO - [data_processing.calculate_spei] - Calculating SPEI with a 4-month scale (Spatial: False)...
2026-07-22 11:47:26,235 - INFO - [data_processing.calculate_spei] - Calculating SPEI with a 4-month scale (Spatial: False)...
2026-07-22 11:47:28,148 - INFO - [data_processing.calculate_spei] - Calculating SPEI with a 4-month scale (Spatial: False)...
2026-07-22 11:47:30,074 - INFO - [data_processing.calculate_spei] - Calculating SPEI with a 4-month scale (Spatial: False)...
2026-07-22 11:47:31,989 - INFO - [data_processing.calculate_spei] - Calculating SPEI with a 4-month scale (Spatial: False)...
2026-07-22 11:47:33,892 - INFO - [data_processing.calculate_spei] - Calculating SPEI with a 4-month scale (Spatial: False)...
2026-07-22 11:47:35,814 - INFO - [data_processing.calculate_spei] - Calculating SPEI with a 4-month scale (Spatial: False)...
2026-07-22 11:47:37,719 - INFO - [data_processing.calculate_spei] - Calculating SPEI with a 4-month scale (Spatial: False)...
2026-07-22 11:47:39,644 - INFO - [data_processing.calculate_spei] - Calculating SPEI with a 4-month scale (Spatial: False)...
2026-07-22 11:47:41,528 - INFO - [data_processing.calculate_spei] - Calculating SPEI with a 4-month scale (Spatial: False)...
2026-07-22 11:47:43,435 - INFO - [data_processing.calculate_spei] - Calculating SPEI with a 4-month scale (Spatial: False)...
2026-07-22 11:47:45,359 - INFO - [data_processing.calculate_spei] - Calculating SPEI with a 4-month scale (Spatial: False)...
2026-07-22 11:47:47,279 - INFO - [data_processing.calculate_spei] - Calculating SPEI with a 4-month scale (Spatial: False)...
2026-07-22 11:47:49,227 - INFO - [data_processing.calculate_spei] - Calculating SPEI with a 4-month scale (Spatial: False)...
2026-07-22 11:47:50,968 - INFO - [storyline.analyze_cmip6_changes_at_gwl] - --- DEBUG: CHECKING MMM_CHANGES ---
2026-07-22 11:47:50,968 - INFO - [storyline.analyze_cmip6_changes_at_gwl] -   GWL 2.0°C -> DJF_pr: 3.896946065052878, JJA_pr: -4.322400804346251
2026-07-22 11:47:50,968 - INFO - [storyline.analyze_cmip6_changes_at_gwl] -   GWL 3.0°C -> DJF_pr: 8.109190664582915, JJA_pr: -10.164216475982139
2026-07-22 11:47:50,968 - INFO - [storyline.analyze_cmip6_changes_at_gwl] - --- END DEBUG ---
2026-07-22 11:47:50,969 - INFO - [storyline.classify_models_into_storylines_2d] - Classifying models into 2D, Axial, and Extreme storylines (Inner Radius for Axial: 0.5 std. dev.)...
2026-07-22 11:47:50,979 - INFO - [main.run_full_analysis] - Plot '/nas/home/vlw/Desktop/STREAM/paper1-plots/cmip6_jet_changes_vs_gwl_ssp585.png' already exists.
2026-07-22 11:47:50,979 - INFO - [main.run_full_analysis] - Plot '/nas/home/vlw/Desktop/STREAM/paper1-plots/cmip6_jet_inter_relationship_scatter_quadrants_ssp585.png' already exists.
2026-07-22 11:47:50,980 - INFO - [main.run_full_analysis] - Plot '/nas/home/vlw/Desktop/STREAM/paper1-plots/cmip6_jet_cross_season_relationship_ssp585.png' already exists.
2026-07-22 11:47:50,982 - INFO - [main.run_full_analysis] - Climate evolution plots and final fig 3 base for ssp585 already exist. Skipping.
2026-07-22 11:47:50,982 - INFO - [main.run_full_analysis] - Plot '/nas/home/vlw/Desktop/STREAM/paper1-plots/storyline_u850_change_maps_ssp585.png' already exists.
2026-07-22 11:47:51,007 - INFO - [main.run_full_analysis] - Injected 10 Extreme and 10 Non-Extreme models for DJF GWL 2.0.
2026-07-22 11:47:51,031 - INFO - [main.run_full_analysis] - Injected 10 Extreme and 10 Non-Extreme models for JJA GWL 2.0.
2026-07-22 11:47:51,055 - INFO - [main.run_full_analysis] - Injected 10 Extreme and 10 Non-Extreme models for DJF GWL 3.0.
2026-07-22 11:47:51,079 - INFO - [main.run_full_analysis] - Injected 10 Extreme and 10 Non-Extreme models for JJA GWL 3.0.
2026-07-22 11:47:51,079 - INFO - [main.run_full_analysis] - Calculating half-year EVA return period data for ssp585...
2026-07-22 11:47:51,079 - INFO - [storyline.analyze_storyline_discharge_extremes] - Analyzing storyline discharge... mit GEPPOOLTER GEV-Logik (v4.3) + BOOTSTRAPPING (Median) + Long-Term Data Support...
2026-07-22 11:47:51,079 - INFO - [storyline.analyze_storyline_discharge_extremes] - Calculating historical EVA thresholds and return periods based on ANNUAL peaks (for all seasons)...
2026-07-22 11:47:51,093 - INFO - [storyline.analyze_storyline_discharge_extremes] -   -> Annual LNWL Return Period: 1.22 years
2026-07-22 11:47:51,093 - INFO - [storyline.analyze_storyline_discharge_extremes] - Calculating REFERENCE historical thresholds (Obs only)...
2026-07-22 11:47:51,093 - INFO - [stats_analyzer.calculate_eva_thresholds] - Calculating EVA thresholds for FULL YEAR...
2026-07-22 11:47:51,104 - INFO - [stats_analyzer.calculate_eva_thresholds] - Calculating EVA thresholds for 1Q (low, full_year) using Empirical Quantiles...
2026-07-22 11:47:51,118 - INFO - [stats_analyzer.calculate_eva_thresholds] - Calculating EVA thresholds for 7Q (low, full_year) using Empirical Quantiles...
2026-07-22 11:47:51,133 - INFO - [stats_analyzer.calculate_eva_thresholds] - Calculating EVA thresholds for 30Q (low, full_year) using Empirical Quantiles...
2026-07-22 11:47:51,133 - INFO - [stats_analyzer.calculate_eva_thresholds] - Calculating EVA thresholds for FULL YEAR...
2026-07-22 11:47:51,144 - INFO - [stats_analyzer.calculate_eva_thresholds] - Calculating EVA thresholds for 1Q (high, full_year) using Empirical Quantiles...
2026-07-22 11:47:51,158 - INFO - [stats_analyzer.calculate_eva_thresholds] - Calculating EVA thresholds for 7Q (high, full_year) using Empirical Quantiles...
2026-07-22 11:47:51,173 - INFO - [stats_analyzer.calculate_eva_thresholds] - Calculating EVA thresholds for 30Q (high, full_year) using Empirical Quantiles...
2026-07-22 11:47:51,173 - INFO - [storyline.analyze_storyline_discharge_extremes] - Calculating historical seasonal breakdown for verification (Hydrological Half-Years: Nov-Apr, May-Oct)...
2026-07-22 11:48:09,061 - INFO - [storyline.analyze_storyline_discharge_extremes] -   Analyzing 7Q10_low for MMM (winter, GWL 2.0)...
2026-07-22 11:48:09,081 - INFO - [storyline.analyze_storyline_discharge_extremes] -     -> Result 7Q10_low: Median T = 9.0 (N=24)
2026-07-22 11:48:09,081 - INFO - [storyline.analyze_storyline_discharge_extremes] -   Analyzing 7Q30_low for MMM (winter, GWL 2.0)...
2026-07-22 11:48:09,098 - INFO - [storyline.analyze_storyline_discharge_extremes] -     -> Result 7Q30_low: Median T = 12.9 (N=16)
2026-07-22 11:48:09,098 - INFO - [storyline.analyze_storyline_discharge_extremes] -   Analyzing 7Q10_high for MMM (winter, GWL 2.0)...
2026-07-22 11:48:09,116 - INFO - [storyline.analyze_storyline_discharge_extremes] -     -> Result 7Q10_high: Median T = 15.5 (N=20)
2026-07-22 11:48:09,116 - INFO - [storyline.analyze_storyline_discharge_extremes] -   Analyzing 7Q30_high for MMM (winter, GWL 2.0)...
2026-07-22 11:48:09,133 - INFO - [storyline.analyze_storyline_discharge_extremes] -     -> Result 7Q30_high: Median T = 15.5 (N=13)
2026-07-22 11:48:09,133 - INFO - [storyline.analyze_storyline_discharge_extremes] -   Analyzing 30Q10_low for MMM (winter, GWL 2.0)...
2026-07-22 11:48:09,151 - INFO - [storyline.analyze_storyline_discharge_extremes] -     -> Result 30Q10_low: Median T = 10.3 (N=25)
2026-07-22 11:48:09,151 - INFO - [storyline.analyze_storyline_discharge_extremes] -   Analyzing 30Q30_low for MMM (winter, GWL 2.0)...
2026-07-22 11:48:09,168 - INFO - [storyline.analyze_storyline_discharge_extremes] -     -> Result 30Q30_low: Median T = 15.5 (N=17)
2026-07-22 11:48:09,168 - INFO - [storyline.analyze_storyline_discharge_extremes] -   Analyzing 30Q10_high for MMM (winter, GWL 2.0)...
2026-07-22 11:48:09,186 - INFO - [storyline.analyze_storyline_discharge_extremes] -     -> Result 30Q10_high: Median T = 15.5 (N=21)
2026-07-22 11:48:09,186 - INFO - [storyline.analyze_storyline_discharge_extremes] -   Analyzing 30Q30_high for MMM (winter, GWL 2.0)...
2026-07-22 11:48:09,203 - INFO - [storyline.analyze_storyline_discharge_extremes] -     -> Result 30Q30_high: Median T = 15.5 (N=9)
2026-07-22 11:48:09,203 - INFO - [storyline.analyze_storyline_discharge_extremes] -   Analyzing 7Q10_low for Fast Jet & Northward Shift (winter, GWL 2.0)...
2026-07-22 11:48:09,206 - INFO - [storyline.analyze_storyline_discharge_extremes] -     -> Result 7Q10_low: Median T = 3.4 (N=3)
2026-07-22 11:48:09,206 - INFO - [storyline.analyze_storyline_discharge_extremes] -   Analyzing 7Q30_low for Fast Jet & Northward Shift (winter, GWL 2.0)...
2026-07-22 11:48:09,209 - INFO - [storyline.analyze_storyline_discharge_extremes] -     -> Result 7Q30_low: Median T = 6.1 (N=2)
2026-07-22 11:48:09,209 - INFO - [storyline.analyze_storyline_discharge_extremes] -   Analyzing 7Q10_high for Fast Jet & Northward Shift (winter, GWL 2.0)...
2026-07-22 11:48:09,212 - INFO - [storyline.analyze_storyline_discharge_extremes] -     -> Result 7Q10_high: Median T = 23.2 (N=2)
2026-07-22 11:48:09,212 - INFO - [storyline.analyze_storyline_discharge_extremes] -   Analyzing 7Q30_high for Fast Jet & Northward Shift (winter, GWL 2.0)...
2026-07-22 11:48:09,215 - INFO - [storyline.analyze_storyline_discharge_extremes] -     -> Result 7Q30_high: Median T = 31.0 (N=1)
2026-07-22 11:48:09,215 - INFO - [storyline.analyze_storyline_discharge_extremes] -   Analyzing 30Q10_low for Fast Jet & Northward Shift (winter, GWL 2.0)...
2026-07-22 11:48:09,218 - INFO - [storyline.analyze_storyline_discharge_extremes] -     -> Result 30Q10_low: Median T = 3.9 (N=3)
2026-07-22 11:48:09,218 - INFO - [storyline.analyze_storyline_discharge_extremes] -   Analyzing 30Q30_low for Fast Jet & Northward Shift (winter, GWL 2.0)...
2026-07-22 11:48:09,221 - INFO - [storyline.analyze_storyline_discharge_extremes] -     -> Result 30Q30_low: Median T = 6.5 (N=2)
2026-07-22 11:48:09,221 - INFO - [storyline.analyze_storyline_discharge_extremes] -   Analyzing 30Q10_high for Fast Jet & Northward Shift (winter, GWL 2.0)...
2026-07-22 11:48:09,224 - INFO - [storyline.analyze_storyline_discharge_extremes] -     -> Result 30Q10_high: Median T = 10.3 (N=1)
2026-07-22 11:48:09,224 - INFO - [storyline.analyze_storyline_discharge_extremes] -   Analyzing 30Q30_high for Fast Jet & Northward Shift (winter, GWL 2.0)...
2026-07-22 11:48:09,227 - INFO - [storyline.analyze_storyline_discharge_extremes] -     -> Result 30Q30_high: Median T = nan (N=0)
2026-07-22 11:48:09,227 - INFO - [storyline.analyze_storyline_discharge_extremes] -   Analyzing 7Q10_low for Slow Jet & Northward Shift (winter, GWL 2.0)...
2026-07-22 11:48:09,229 - INFO - [storyline.analyze_storyline_discharge_extremes] -     -> Result 7Q10_low: Median T = 15.5 (N=3)
2026-07-22 11:48:09,229 - INFO - [storyline.analyze_storyline_discharge_extremes] -   Analyzing 7Q30_low for Slow Jet & Northward Shift (winter, GWL 2.0)...
2026-07-22 11:48:09,231 - INFO - [storyline.analyze_storyline_discharge_extremes] -     -> Result 7Q30_low: Median T = nan (N=0)
2026-07-22 11:48:09,231 - INFO - [storyline.analyze_storyline_discharge_extremes] -   Analyzing 7Q10_high for Slow Jet & Northward Shift (winter, GWL 2.0)...
2026-07-22 11:48:09,234 - INFO - [storyline.analyze_storyline_discharge_extremes] -     -> Result 7Q10_high: Median T = 7.8 (N=4)
2026-07-22 11:48:09,234 - INFO - [storyline.analyze_storyline_discharge_extremes] -   Analyzing 7Q30_high for Slow Jet & Northward Shift (winter, GWL 2.0)...
2026-07-22 11:48:09,236 - INFO - [storyline.analyze_storyline_discharge_extremes] -     -> Result 7Q30_high: Median T = 31.0 (N=3)
2026-07-22 11:48:09,236 - INFO - [storyline.analyze_storyline_discharge_extremes] -   Analyzing 30Q10_low for Slow Jet & Northward Shift (winter, GWL 2.0)...
2026-07-22 11:48:09,239 - INFO - [storyline.analyze_storyline_discharge_extremes] -     -> Result 30Q10_low: Median T = 7.8 (N=3)
2026-07-22 11:48:09,239 - INFO - [storyline.analyze_storyline_discharge_extremes] -   Analyzing 30Q30_low for Slow Jet & Northward Shift (winter, GWL 2.0)...
2026-07-22 11:48:09,241 - INFO - [storyline.analyze_storyline_discharge_extremes] -     -> Result 30Q30_low: Median T = nan (N=0)
2026-07-22 11:48:09,241 - INFO - [storyline.analyze_storyline_discharge_extremes] -   Analyzing 30Q10_high for Slow Jet & Northward Shift (winter, GWL 2.0)...
2026-07-22 11:48:09,244 - INFO - [storyline.analyze_storyline_discharge_extremes] -     -> Result 30Q10_high: Median T = 6.2 (N=3)
2026-07-22 11:48:09,244 - INFO - [storyline.analyze_storyline_discharge_extremes] -   Analyzing 30Q30_high for Slow Jet & Northward Shift (winter, GWL 2.0)...
2026-07-22 11:48:09,247 - INFO - [storyline.analyze_storyline_discharge_extremes] -     -> Result 30Q30_high: Median T = 9.0 (N=2)
2026-07-22 11:48:09,247 - INFO - [storyline.analyze_storyline_discharge_extremes] -   Analyzing 7Q10_low for Slow Jet & Southward Shift (winter, GWL 2.0)...
2026-07-22 11:48:09,251 - INFO - [storyline.analyze_storyline_discharge_extremes] -     -> Result 7Q10_low: Median T = 15.5 (N=5)
2026-07-22 11:48:09,251 - INFO - [storyline.analyze_storyline_discharge_extremes] -   Analyzing 7Q30_low for Slow Jet & Southward Shift (winter, GWL 2.0)...
2026-07-22 11:48:09,256 - INFO - [storyline.analyze_storyline_discharge_extremes] -     -> Result 7Q30_low: Median T = 15.5 (N=2)
2026-07-22 11:48:09,256 - INFO - [storyline.analyze_storyline_discharge_extremes] -   Analyzing 7Q10_high for Slow Jet & Southward Shift (winter, GWL 2.0)...
2026-07-22 11:48:09,260 - INFO - [storyline.analyze_storyline_discharge_extremes] -     -> Result 7Q10_high: Median T = 15.5 (N=5)
2026-07-22 11:48:09,260 - INFO - [storyline.analyze_storyline_discharge_extremes] -   Analyzing 7Q30_high for Slow Jet & Southward Shift (winter, GWL 2.0)...
2026-07-22 11:48:09,264 - INFO - [storyline.analyze_storyline_discharge_extremes] -     -> Result 7Q30_high: Median T = 15.5 (N=3)
2026-07-22 11:48:09,264 - INFO - [storyline.analyze_storyline_discharge_extremes] -   Analyzing 30Q10_low for Slow Jet & Southward Shift (winter, GWL 2.0)...
2026-07-22 11:48:09,269 - INFO - [storyline.analyze_storyline_discharge_extremes] -     -> Result 30Q10_low: Median T = 23.2 (N=6)
2026-07-22 11:48:09,269 - INFO - [storyline.analyze_storyline_discharge_extremes] -   Analyzing 30Q30_low for Slow Jet & Southward Shift (winter, GWL 2.0)...
2026-07-22 11:48:09,273 - INFO - [storyline.analyze_storyline_discharge_extremes] -     -> Result 30Q30_low: Median T = 23.2 (N=2)
2026-07-22 11:48:09,274 - INFO - [storyline.analyze_storyline_discharge_extremes] -   Analyzing 30Q10_high for Slow Jet & Southward Shift (winter, GWL 2.0)...
2026-07-22 11:48:09,278 - INFO - [storyline.analyze_storyline_discharge_extremes] -     -> Result 30Q10_high: Median T = 15.5 (N=5)
2026-07-22 11:48:09,278 - INFO - [storyline.analyze_storyline_discharge_extremes] -   Analyzing 30Q30_high for Slow Jet & Southward Shift (winter, GWL 2.0)...
2026-07-22 11:48:09,282 - INFO - [storyline.analyze_storyline_discharge_extremes] -     -> Result 30Q30_high: Median T = 23.2 (N=2)
2026-07-22 11:48:09,282 - INFO - [storyline.analyze_storyline_discharge_extremes] -   Analyzing 7Q10_low for Fast Jet & Southward Shift (winter, GWL 2.0)...
2026-07-22 11:48:09,285 - INFO - [storyline.analyze_storyline_discharge_extremes] -     -> Result 7Q10_low: Median T = 4.4 (N=5)
2026-07-22 11:48:09,285 - INFO - [storyline.analyze_storyline_discharge_extremes] -   Analyzing 7Q30_low for Fast Jet & Southward Shift (winter, GWL 2.0)...
2026-07-22 11:48:09,288 - INFO - [storyline.analyze_storyline_discharge_extremes] -     -> Result 7Q30_low: Median T = 10.3 (N=5)
2026-07-22 11:48:09,288 - INFO - [storyline.analyze_storyline_discharge_extremes] -   Analyzing 7Q10_high for Fast Jet & Southward Shift (winter, GWL 2.0)...
2026-07-22 11:48:09,291 - INFO - [storyline.analyze_storyline_discharge_extremes] -     -> Result 7Q10_high: Median T = 15.5 (N=3)
2026-07-22 11:48:09,291 - INFO - [storyline.analyze_storyline_discharge_extremes] -   Analyzing 7Q30_high for Fast Jet & Southward Shift (winter, GWL 2.0)...
2026-07-22 11:48:09,294 - INFO - [storyline.analyze_storyline_discharge_extremes] -     -> Result 7Q30_high: Median T = 31.0 (N=3)
2026-07-22 11:48:09,294 - INFO - [storyline.analyze_storyline_discharge_extremes] -   Analyzing 30Q10_low for Fast Jet & Southward Shift (winter, GWL 2.0)...
2026-07-22 11:48:09,297 - INFO - [storyline.analyze_storyline_discharge_extremes] -     -> Result 30Q10_low: Median T = 5.2 (N=5)
2026-07-22 11:48:09,297 - INFO - [storyline.analyze_storyline_discharge_extremes] -   Analyzing 30Q30_low for Fast Jet & Southward Shift (winter, GWL 2.0)...
2026-07-22 11:48:09,300 - INFO - [storyline.analyze_storyline_discharge_extremes] -     -> Result 30Q30_low: Median T = 10.3 (N=5)
2026-07-22 11:48:09,300 - INFO - [storyline.analyze_storyline_discharge_extremes] -   Analyzing 30Q10_high for Fast Jet & Southward Shift (winter, GWL 2.0)...
2026-07-22 11:48:09,303 - INFO - [storyline.analyze_storyline_discharge_extremes] -     -> Result 30Q10_high: Median T = 23.2 (N=4)
2026-07-22 11:48:09,303 - INFO - [storyline.analyze_storyline_discharge_extremes] -   Analyzing 30Q30_high for Fast Jet & Southward Shift (winter, GWL 2.0)...
2026-07-22 11:48:09,306 - INFO - [storyline.analyze_storyline_discharge_extremes] -     -> Result 30Q30_high: Median T = 31.0 (N=1)
2026-07-22 11:48:09,306 - INFO - [storyline.analyze_storyline_discharge_extremes] -   Analyzing 7Q10_low for Extreme Models (winter, GWL 2.0)...
2026-07-22 11:48:09,311 - INFO - [storyline.analyze_storyline_discharge_extremes] -     -> Result 7Q10_low: Median T = 4.4 (N=10)
2026-07-22 11:48:09,312 - INFO - [storyline.analyze_storyline_discharge_extremes] -   Analyzing 7Q30_low for Extreme Models (winter, GWL 2.0)...
2026-07-22 11:48:09,317 - INFO - [storyline.analyze_storyline_discharge_extremes] -     -> Result 7Q30_low: Median T = 10.3 (N=9)
2026-07-22 11:48:09,317 - INFO - [storyline.analyze_storyline_discharge_extremes] -   Analyzing 7Q10_high for Extreme Models (winter, GWL 2.0)...
2026-07-22 11:48:09,323 - INFO - [storyline.analyze_storyline_discharge_extremes] -     -> Result 7Q10_high: Median T = 23.2 (N=6)
2026-07-22 11:48:09,323 - INFO - [storyline.analyze_storyline_discharge_extremes] -   Analyzing 7Q30_high for Extreme Models (winter, GWL 2.0)...
2026-07-22 11:48:09,328 - INFO - [storyline.analyze_storyline_discharge_extremes] -     -> Result 7Q30_high: Median T = 10.3 (N=4)
2026-07-22 11:48:09,328 - INFO - [storyline.analyze_storyline_discharge_extremes] -   Analyzing 30Q10_low for Extreme Models (winter, GWL 2.0)...
2026-07-22 11:48:09,334 - INFO - [storyline.analyze_storyline_discharge_extremes] -     -> Result 30Q10_low: Median T = 5.2 (N=10)
2026-07-22 11:48:09,334 - INFO - [storyline.analyze_storyline_discharge_extremes] -   Analyzing 30Q30_low for Extreme Models (winter, GWL 2.0)...
2026-07-22 11:48:09,340 - INFO - [storyline.analyze_storyline_discharge_extremes] -     -> Result 30Q30_low: Median T = 10.3 (N=9)
2026-07-22 11:48:09,340 - INFO - [storyline.analyze_storyline_discharge_extremes] -   Analyzing 30Q10_high for Extreme Models (winter, GWL 2.0)...
2026-07-22 11:48:09,345 - INFO - [storyline.analyze_storyline_discharge_extremes] -     -> Result 30Q10_high: Median T = 15.5 (N=8)
2026-07-22 11:48:09,346 - INFO - [storyline.analyze_storyline_discharge_extremes] -   Analyzing 30Q30_high for Extreme Models (winter, GWL 2.0)...
2026-07-22 11:48:09,351 - INFO - [storyline.analyze_storyline_discharge_extremes] -     -> Result 30Q30_high: Median T = 31.0 (N=3)
2026-07-22 11:48:09,351 - INFO - [storyline.analyze_storyline_discharge_extremes] -   Analyzing 7Q10_low for Non-Extreme Models (winter, GWL 2.0)...
2026-07-22 11:48:09,357 - INFO - [storyline.analyze_storyline_discharge_extremes] -     -> Result 7Q10_low: Median T = 31.0 (N=3)
2026-07-22 11:48:09,357 - INFO - [storyline.analyze_storyline_discharge_extremes] -   Analyzing 7Q30_low for Non-Extreme Models (winter, GWL 2.0)...
2026-07-22 11:48:09,363 - INFO - [storyline.analyze_storyline_discharge_extremes] -     -> Result 7Q30_low: Median T = 31.0 (N=1)
2026-07-22 11:48:09,363 - INFO - [storyline.analyze_storyline_discharge_extremes] -   Analyzing 7Q10_high for Non-Extreme Models (winter, GWL 2.0)...
2026-07-22 11:48:09,368 - INFO - [storyline.analyze_storyline_discharge_extremes] -     -> Result 7Q10_high: Median T = 15.5 (N=5)
2026-07-22 11:48:09,368 - INFO - [storyline.analyze_storyline_discharge_extremes] -   Analyzing 7Q30_high for Non-Extreme Models (winter, GWL 2.0)...
2026-07-22 11:48:09,374 - INFO - [storyline.analyze_storyline_discharge_extremes] -     -> Result 7Q30_high: Median T = 15.5 (N=5)
2026-07-22 11:48:09,374 - INFO - [storyline.analyze_storyline_discharge_extremes] -   Analyzing 30Q10_low for Non-Extreme Models (winter, GWL 2.0)...
2026-07-22 11:48:09,380 - INFO - [storyline.analyze_storyline_discharge_extremes] -     -> Result 30Q10_low: Median T = 31.0 (N=4)
2026-07-22 11:48:09,380 - INFO - [storyline.analyze_storyline_discharge_extremes] -   Analyzing 30Q30_low for Non-Extreme Models (winter, GWL 2.0)...
2026-07-22 11:48:09,385 - INFO - [storyline.analyze_storyline_discharge_extremes] -     -> Result 30Q30_low: Median T = 31.0 (N=1)
2026-07-22 11:48:09,385 - INFO - [storyline.analyze_storyline_discharge_extremes] -   Analyzing 30Q10_high for Non-Extreme Models (winter, GWL 2.0)...
2026-07-22 11:48:09,391 - INFO - [storyline.analyze_storyline_discharge_extremes] -     -> Result 30Q10_high: Median T = 15.5 (N=6)
2026-07-22 11:48:09,391 - INFO - [storyline.analyze_storyline_discharge_extremes] -   Analyzing 30Q30_high for Non-Extreme Models (winter, GWL 2.0)...
2026-07-22 11:48:09,396 - INFO - [storyline.analyze_storyline_discharge_extremes] -     -> Result 30Q30_high: Median T = 15.5 (N=4)
2026-07-22 11:48:09,397 - INFO - [storyline.analyze_storyline_discharge_extremes] -   Analyzing 7Q10_low for MMM (summer, GWL 2.0)...
2026-07-22 11:48:09,414 - INFO - [storyline.analyze_storyline_discharge_extremes] -     -> Result 7Q10_low: Median T = 15.5 (N=18)
2026-07-22 11:48:09,415 - INFO - [storyline.analyze_storyline_discharge_extremes] -   Analyzing 7Q30_low for MMM (summer, GWL 2.0)...
2026-07-22 11:48:09,431 - INFO - [storyline.analyze_storyline_discharge_extremes] -     -> Result 7Q30_low: Median T = 31.0 (N=12)
2026-07-22 11:48:09,431 - INFO - [storyline.analyze_storyline_discharge_extremes] -   Analyzing 7Q10_high for MMM (summer, GWL 2.0)...
2026-07-22 11:48:09,448 - INFO - [storyline.analyze_storyline_discharge_extremes] -     -> Result 7Q10_high: Median T = 10.3 (N=28)
2026-07-22 11:48:09,449 - INFO - [storyline.analyze_storyline_discharge_extremes] -   Analyzing 7Q30_high for MMM (summer, GWL 2.0)...
2026-07-22 11:48:09,465 - INFO - [storyline.analyze_storyline_discharge_extremes] -     -> Result 7Q30_high: Median T = 31.0 (N=22)
2026-07-22 11:48:09,465 - INFO - [storyline.analyze_storyline_discharge_extremes] -   Analyzing 30Q10_low for MMM (summer, GWL 2.0)...
2026-07-22 11:48:09,483 - INFO - [storyline.analyze_storyline_discharge_extremes] -     -> Result 30Q10_low: Median T = 12.9 (N=20)
2026-07-22 11:48:09,483 - INFO - [storyline.analyze_storyline_discharge_extremes] -   Analyzing 30Q30_low for MMM (summer, GWL 2.0)...
2026-07-22 11:48:09,500 - INFO - [storyline.analyze_storyline_discharge_extremes] -     -> Result 30Q30_low: Median T = 23.2 (N=12)
2026-07-22 11:48:09,500 - INFO - [storyline.analyze_storyline_discharge_extremes] -   Analyzing 30Q10_high for MMM (summer, GWL 2.0)...
2026-07-22 11:48:09,517 - INFO - [storyline.analyze_storyline_discharge_extremes] -     -> Result 30Q10_high: Median T = 15.5 (N=29)
2026-07-22 11:48:09,517 - INFO - [storyline.analyze_storyline_discharge_extremes] -   Analyzing 30Q30_high for MMM (summer, GWL 2.0)...
2026-07-22 11:48:09,536 - INFO - [storyline.analyze_storyline_discharge_extremes] -     -> Result 30Q30_high: Median T = 23.2 (N=20)
2026-07-22 11:48:09,537 - INFO - [storyline.analyze_storyline_discharge_extremes] -   Analyzing 7Q10_low for Fast Jet & Northward Shift (summer, GWL 2.0)...
2026-07-22 11:48:09,541 - INFO - [storyline.analyze_storyline_discharge_extremes] -     -> Result 7Q10_low: Median T = 15.5 (N=5)
2026-07-22 11:48:09,541 - INFO - [storyline.analyze_storyline_discharge_extremes] -   Analyzing 7Q30_low for Fast Jet & Northward Shift (summer, GWL 2.0)...
2026-07-22 11:48:09,546 - INFO - [storyline.analyze_storyline_discharge_extremes] -     -> Result 7Q30_low: Median T = 31.0 (N=5)
2026-07-22 11:48:09,546 - INFO - [storyline.analyze_storyline_discharge_extremes] -   Analyzing 7Q10_high for Fast Jet & Northward Shift (summer, GWL 2.0)...
2026-07-22 11:48:09,551 - INFO - [storyline.analyze_storyline_discharge_extremes] -     -> Result 7Q10_high: Median T = 12.9 (N=6)
2026-07-22 11:48:09,551 - INFO - [storyline.analyze_storyline_discharge_extremes] -   Analyzing 7Q30_high for Fast Jet & Northward Shift (summer, GWL 2.0)...
2026-07-22 11:48:09,555 - INFO - [storyline.analyze_storyline_discharge_extremes] -     -> Result 7Q30_high: Median T = 31.0 (N=4)
2026-07-22 11:48:09,555 - INFO - [storyline.analyze_storyline_discharge_extremes] -   Analyzing 30Q10_low for Fast Jet & Northward Shift (summer, GWL 2.0)...
2026-07-22 11:48:09,560 - INFO - [storyline.analyze_storyline_discharge_extremes] -     -> Result 30Q10_low: Median T = 7.8 (N=5)
2026-07-22 11:48:09,560 - INFO - [storyline.analyze_storyline_discharge_extremes] -   Analyzing 30Q30_low for Fast Jet & Northward Shift (summer, GWL 2.0)...
2026-07-22 11:48:09,564 - INFO - [storyline.analyze_storyline_discharge_extremes] -     -> Result 30Q30_low: Median T = 15.5 (N=5)
2026-07-22 11:48:09,564 - INFO - [storyline.analyze_storyline_discharge_extremes] -   Analyzing 30Q10_high for Fast Jet & Northward Shift (summer, GWL 2.0)...
2026-07-22 11:48:09,569 - INFO - [storyline.analyze_storyline_discharge_extremes] -     -> Result 30Q10_high: Median T = 15.5 (N=7)
2026-07-22 11:48:09,569 - INFO - [storyline.analyze_storyline_discharge_extremes] -   Analyzing 30Q30_high for Fast Jet & Northward Shift (summer, GWL 2.0)...
2026-07-22 11:48:09,573 - INFO - [storyline.analyze_storyline_discharge_extremes] -     -> Result 30Q30_high: Median T = 31.0 (N=5)
2026-07-22 11:48:09,573 - INFO - [storyline.analyze_storyline_discharge_extremes] -   Analyzing 7Q10_low for Slow Jet & Northward Shift (summer, GWL 2.0)...
2026-07-22 11:48:09,576 - INFO - [storyline.analyze_storyline_discharge_extremes] -     -> Result 7Q10_low: Median T = 20.7 (N=4)
2026-07-22 11:48:09,576 - INFO - [storyline.analyze_storyline_discharge_extremes] -   Analyzing 7Q30_low for Slow Jet & Northward Shift (summer, GWL 2.0)...
2026-07-22 11:48:09,579 - INFO - [storyline.analyze_storyline_discharge_extremes] -     -> Result 7Q30_low: Median T = 31.0 (N=3)
2026-07-22 11:48:09,579 - INFO - [storyline.analyze_storyline_discharge_extremes] -   Analyzing 7Q10_high for Slow Jet & Northward Shift (summer, GWL 2.0)...
2026-07-22 11:48:09,582 - INFO - [storyline.analyze_storyline_discharge_extremes] -     -> Result 7Q10_high: Median T = 15.5 (N=5)
2026-07-22 11:48:09,582 - INFO - [storyline.analyze_storyline_discharge_extremes] -   Analyzing 7Q30_high for Slow Jet & Northward Shift (summer, GWL 2.0)...
2026-07-22 11:48:09,585 - INFO - [storyline.analyze_storyline_discharge_extremes] -     -> Result 7Q30_high: Median T = 31.0 (N=5)
2026-07-22 11:48:09,585 - INFO - [storyline.analyze_storyline_discharge_extremes] -   Analyzing 30Q10_low for Slow Jet & Northward Shift (summer, GWL 2.0)...
2026-07-22 11:48:09,588 - INFO - [storyline.analyze_storyline_discharge_extremes] -     -> Result 30Q10_low: Median T = 15.5 (N=5)
2026-07-22 11:48:09,588 - INFO - [storyline.analyze_storyline_discharge_extremes] -   Analyzing 30Q30_low for Slow Jet & Northward Shift (summer, GWL 2.0)...
2026-07-22 11:48:09,591 - INFO - [storyline.analyze_storyline_discharge_extremes] -     -> Result 30Q30_low: Median T = 31.0 (N=3)
2026-07-22 11:48:09,591 - INFO - [storyline.analyze_storyline_discharge_extremes] -   Analyzing 30Q10_high for Slow Jet & Northward Shift (summer, GWL 2.0)...
2026-07-22 11:48:09,594 - INFO - [storyline.analyze_storyline_discharge_extremes] -     -> Result 30Q10_high: Median T = 10.3 (N=5)
2026-07-22 11:48:09,594 - INFO - [storyline.analyze_storyline_discharge_extremes] -   Analyzing 30Q30_high for Slow Jet & Northward Shift (summer, GWL 2.0)...
2026-07-22 11:48:09,597 - INFO - [storyline.analyze_storyline_discharge_extremes] -     -> Result 30Q30_high: Median T = 15.5 (N=4)
2026-07-22 11:48:09,597 - INFO - [storyline.analyze_storyline_discharge_extremes] -   Analyzing 7Q10_low for Slow Jet & Southward Shift (summer, GWL 2.0)...
2026-07-22 11:48:09,600 - INFO - [storyline.analyze_storyline_discharge_extremes] -     -> Result 7Q10_low: Median T = 31.0 (N=2)
2026-07-22 11:48:09,600 - INFO - [storyline.analyze_storyline_discharge_extremes] -   Analyzing 7Q30_low for Slow Jet & Southward Shift (summer, GWL 2.0)...
2026-07-22 11:48:09,603 - INFO - [storyline.analyze_storyline_discharge_extremes] -     -> Result 7Q30_low: Median T = nan (N=0)
2026-07-22 11:48:09,603 - INFO - [storyline.analyze_storyline_discharge_extremes] -   Analyzing 7Q10_high for Slow Jet & Southward Shift (summer, GWL 2.0)...
2026-07-22 11:48:09,606 - INFO - [storyline.analyze_storyline_discharge_extremes] -     -> Result 7Q10_high: Median T = 10.3 (N=5)
2026-07-22 11:48:09,606 - INFO - [storyline.analyze_storyline_discharge_extremes] -   Analyzing 7Q30_high for Slow Jet & Southward Shift (summer, GWL 2.0)...
2026-07-22 11:48:09,609 - INFO - [storyline.analyze_storyline_discharge_extremes] -     -> Result 7Q30_high: Median T = 31.0 (N=5)
2026-07-22 11:48:09,609 - INFO - [storyline.analyze_storyline_discharge_extremes] -   Analyzing 30Q10_low for Slow Jet & Southward Shift (summer, GWL 2.0)...
2026-07-22 11:48:09,612 - INFO - [storyline.analyze_storyline_discharge_extremes] -     -> Result 30Q10_low: Median T = 31.0 (N=2)
2026-07-22 11:48:09,612 - INFO - [storyline.analyze_storyline_discharge_extremes] -   Analyzing 30Q30_low for Slow Jet & Southward Shift (summer, GWL 2.0)...
2026-07-22 11:48:09,615 - INFO - [storyline.analyze_storyline_discharge_extremes] -     -> Result 30Q30_low: Median T = nan (N=0)
2026-07-22 11:48:09,615 - INFO - [storyline.analyze_storyline_discharge_extremes] -   Analyzing 30Q10_high for Slow Jet & Southward Shift (summer, GWL 2.0)...
2026-07-22 11:48:09,618 - INFO - [storyline.analyze_storyline_discharge_extremes] -     -> Result 30Q10_high: Median T = 10.3 (N=5)
2026-07-22 11:48:09,618 - INFO - [storyline.analyze_storyline_discharge_extremes] -   Analyzing 30Q30_high for Slow Jet & Southward Shift (summer, GWL 2.0)...
2026-07-22 11:48:09,620 - INFO - [storyline.analyze_storyline_discharge_extremes] -     -> Result 30Q30_high: Median T = 15.5 (N=4)
2026-07-22 11:48:09,621 - INFO - [storyline.analyze_storyline_discharge_extremes] -   Analyzing 7Q10_low for Fast Jet & Southward Shift (summer, GWL 2.0)...
2026-07-22 11:48:09,624 - INFO - [storyline.analyze_storyline_discharge_extremes] -     -> Result 7Q10_low: Median T = 31.0 (N=2)
2026-07-22 11:48:09,624 - INFO - [storyline.analyze_storyline_discharge_extremes] -   Analyzing 7Q30_low for Fast Jet & Southward Shift (summer, GWL 2.0)...
2026-07-22 11:48:09,627 - INFO - [storyline.analyze_storyline_discharge_extremes] -     -> Result 7Q30_low: Median T = nan (N=0)
2026-07-22 11:48:09,627 - INFO - [storyline.analyze_storyline_discharge_extremes] -   Analyzing 7Q10_high for Fast Jet & Southward Shift (summer, GWL 2.0)...
2026-07-22 11:48:09,631 - INFO - [storyline.analyze_storyline_discharge_extremes] -     -> Result 7Q10_high: Median T = 10.3 (N=6)
2026-07-22 11:48:09,631 - INFO - [storyline.analyze_storyline_discharge_extremes] -   Analyzing 7Q30_high for Fast Jet & Southward Shift (summer, GWL 2.0)...
2026-07-22 11:48:09,634 - INFO - [storyline.analyze_storyline_discharge_extremes] -     -> Result 7Q30_high: Median T = 15.5 (N=3)
2026-07-22 11:48:09,635 - INFO - [storyline.analyze_storyline_discharge_extremes] -   Analyzing 30Q10_low for Fast Jet & Southward Shift (summer, GWL 2.0)...
2026-07-22 11:48:09,638 - INFO - [storyline.analyze_storyline_discharge_extremes] -     -> Result 30Q10_low: Median T = 31.0 (N=3)
2026-07-22 11:48:09,638 - INFO - [storyline.analyze_storyline_discharge_extremes] -   Analyzing 30Q30_low for Fast Jet & Southward Shift (summer, GWL 2.0)...
2026-07-22 11:48:09,641 - INFO - [storyline.analyze_storyline_discharge_extremes] -     -> Result 30Q30_low: Median T = nan (N=0)
2026-07-22 11:48:09,641 - INFO - [storyline.analyze_storyline_discharge_extremes] -   Analyzing 30Q10_high for Fast Jet & Southward Shift (summer, GWL 2.0)...
2026-07-22 11:48:09,645 - INFO - [storyline.analyze_storyline_discharge_extremes] -     -> Result 30Q10_high: Median T = 15.5 (N=6)
2026-07-22 11:48:09,645 - INFO - [storyline.analyze_storyline_discharge_extremes] -   Analyzing 30Q30_high for Fast Jet & Southward Shift (summer, GWL 2.0)...
2026-07-22 11:48:09,648 - INFO - [storyline.analyze_storyline_discharge_extremes] -     -> Result 30Q30_high: Median T = 31.0 (N=3)
2026-07-22 11:48:09,648 - INFO - [storyline.analyze_storyline_discharge_extremes] -   Analyzing 7Q10_low for Extreme Models (summer, GWL 2.0)...
2026-07-22 11:48:09,654 - INFO - [storyline.analyze_storyline_discharge_extremes] -     -> Result 7Q10_low: Median T = 7.8 (N=10)
2026-07-22 11:48:09,654 - INFO - [storyline.analyze_storyline_discharge_extremes] -   Analyzing 7Q30_low for Extreme Models (summer, GWL 2.0)...
2026-07-22 11:48:09,660 - INFO - [storyline.analyze_storyline_discharge_extremes] -     -> Result 7Q30_low: Median T = 15.5 (N=9)
2026-07-22 11:48:09,660 - INFO - [storyline.analyze_storyline_discharge_extremes] -   Analyzing 7Q10_high for Extreme Models (summer, GWL 2.0)...
2026-07-22 11:48:09,665 - INFO - [storyline.analyze_storyline_discharge_extremes] -     -> Result 7Q10_high: Median T = 10.3 (N=10)
2026-07-22 11:48:09,665 - INFO - [storyline.analyze_storyline_discharge_extremes] -   Analyzing 7Q30_high for Extreme Models (summer, GWL 2.0)...
2026-07-22 11:48:09,671 - INFO - [storyline.analyze_storyline_discharge_extremes] -     -> Result 7Q30_high: Median T = 31.0 (N=9)
2026-07-22 11:48:09,671 - INFO - [storyline.analyze_storyline_discharge_extremes] -   Analyzing 30Q10_low for Extreme Models (summer, GWL 2.0)...
2026-07-22 11:48:09,677 - INFO - [storyline.analyze_storyline_discharge_extremes] -     -> Result 30Q10_low: Median T = 6.2 (N=10)
2026-07-22 11:48:09,677 - INFO - [storyline.analyze_storyline_discharge_extremes] -   Analyzing 30Q30_low for Extreme Models (summer, GWL 2.0)...
2026-07-22 11:48:09,682 - INFO - [storyline.analyze_storyline_discharge_extremes] -     -> Result 30Q30_low: Median T = 15.5 (N=9)
2026-07-22 11:48:09,682 - INFO - [storyline.analyze_storyline_discharge_extremes] -   Analyzing 30Q10_high for Extreme Models (summer, GWL 2.0)...
2026-07-22 11:48:09,688 - INFO - [storyline.analyze_storyline_discharge_extremes] -     -> Result 30Q10_high: Median T = 12.9 (N=10)
2026-07-22 11:48:09,688 - INFO - [storyline.analyze_storyline_discharge_extremes] -   Analyzing 30Q30_high for Extreme Models (summer, GWL 2.0)...
2026-07-22 11:48:09,694 - INFO - [storyline.analyze_storyline_discharge_extremes] -     -> Result 30Q30_high: Median T = 31.0 (N=7)
2026-07-22 11:48:09,694 - INFO - [storyline.analyze_storyline_discharge_extremes] -   Analyzing 7Q10_low for Non-Extreme Models (summer, GWL 2.0)...
2026-07-22 11:48:09,699 - INFO - [storyline.analyze_storyline_discharge_extremes] -     -> Result 7Q10_low: Median T = nan (N=0)
2026-07-22 11:48:09,699 - INFO - [storyline.analyze_storyline_discharge_extremes] -   Analyzing 7Q30_low for Non-Extreme Models (summer, GWL 2.0)...
2026-07-22 11:48:09,705 - INFO - [storyline.analyze_storyline_discharge_extremes] -     -> Result 7Q30_low: Median T = nan (N=0)
2026-07-22 11:48:09,705 - INFO - [storyline.analyze_storyline_discharge_extremes] -   Analyzing 7Q10_high for Non-Extreme Models (summer, GWL 2.0)...
2026-07-22 11:48:09,710 - INFO - [storyline.analyze_storyline_discharge_extremes] -     -> Result 7Q10_high: Median T = 10.3 (N=7)
2026-07-22 11:48:09,710 - INFO - [storyline.analyze_storyline_discharge_extremes] -   Analyzing 7Q30_high for Non-Extreme Models (summer, GWL 2.0)...
2026-07-22 11:48:09,716 - INFO - [storyline.analyze_storyline_discharge_extremes] -     -> Result 7Q30_high: Median T = 23.2 (N=6)
2026-07-22 11:48:09,716 - INFO - [storyline.analyze_storyline_discharge_extremes] -   Analyzing 30Q10_low for Non-Extreme Models (summer, GWL 2.0)...
2026-07-22 11:48:09,722 - INFO - [storyline.analyze_storyline_discharge_extremes] -     -> Result 30Q10_low: Median T = nan (N=0)
2026-07-22 11:48:09,722 - INFO - [storyline.analyze_storyline_discharge_extremes] -   Analyzing 30Q30_low for Non-Extreme Models (summer, GWL 2.0)...
2026-07-22 11:48:09,727 - INFO - [storyline.analyze_storyline_discharge_extremes] -     -> Result 30Q30_low: Median T = nan (N=0)
2026-07-22 11:48:09,727 - INFO - [storyline.analyze_storyline_discharge_extremes] -   Analyzing 30Q10_high for Non-Extreme Models (summer, GWL 2.0)...
2026-07-22 11:48:09,733 - INFO - [storyline.analyze_storyline_discharge_extremes] -     -> Result 30Q10_high: Median T = 10.3 (N=9)
2026-07-22 11:48:09,733 - INFO - [storyline.analyze_storyline_discharge_extremes] -   Analyzing 30Q30_high for Non-Extreme Models (summer, GWL 2.0)...
2026-07-22 11:48:09,738 - INFO - [storyline.analyze_storyline_discharge_extremes] -     -> Result 30Q30_high: Median T = 31.0 (N=7)
2026-07-22 11:48:09,738 - INFO - [storyline.analyze_storyline_discharge_extremes] -   Analyzing 7Q10_low for MMM (full_year, GWL 2.0)...
2026-07-22 11:48:09,755 - INFO - [storyline.analyze_storyline_discharge_extremes] -     -> Result 7Q10_low: Median T = 9.0 (N=26)
2026-07-22 11:48:09,755 - INFO - [storyline.analyze_storyline_discharge_extremes] -   Analyzing 7Q30_low for MMM (full_year, GWL 2.0)...
2026-07-22 11:48:09,772 - INFO - [storyline.analyze_storyline_discharge_extremes] -     -> Result 7Q30_low: Median T = 12.9 (N=16)
2026-07-22 11:48:09,772 - INFO - [storyline.analyze_storyline_discharge_extremes] -   Analyzing 7Q10_high for MMM (full_year, GWL 2.0)...
2026-07-22 11:48:09,789 - INFO - [storyline.analyze_storyline_discharge_extremes] -     -> Result 7Q10_high: Median T = 10.3 (N=30)
2026-07-22 11:48:09,789 - INFO - [storyline.analyze_storyline_discharge_extremes] -   Analyzing 7Q30_high for MMM (full_year, GWL 2.0)...
2026-07-22 11:48:09,806 - INFO - [storyline.analyze_storyline_discharge_extremes] -     -> Result 7Q30_high: Median T = 31.0 (N=25)
2026-07-22 11:48:09,806 - INFO - [storyline.analyze_storyline_discharge_extremes] -   Analyzing 30Q10_low for MMM (full_year, GWL 2.0)...
2026-07-22 11:48:09,823 - INFO - [storyline.analyze_storyline_discharge_extremes] -     -> Result 30Q10_low: Median T = 7.8 (N=27)
2026-07-22 11:48:09,823 - INFO - [storyline.analyze_storyline_discharge_extremes] -   Analyzing 30Q30_low for MMM (full_year, GWL 2.0)...
2026-07-22 11:48:09,840 - INFO - [storyline.analyze_storyline_discharge_extremes] -     -> Result 30Q30_low: Median T = 15.5 (N=17)
2026-07-22 11:48:09,840 - INFO - [storyline.analyze_storyline_discharge_extremes] -   Analyzing 30Q10_high for MMM (full_year, GWL 2.0)...
2026-07-22 11:48:09,857 - INFO - [storyline.analyze_storyline_discharge_extremes] -     -> Result 30Q10_high: Median T = 9.0 (N=30)
2026-07-22 11:48:09,857 - INFO - [storyline.analyze_storyline_discharge_extremes] -   Analyzing 30Q30_high for MMM (full_year, GWL 2.0)...
2026-07-22 11:48:09,873 - INFO - [storyline.analyze_storyline_discharge_extremes] -     -> Result 30Q30_high: Median T = 23.2 (N=22)
2026-07-22 11:48:09,873 - INFO - [storyline.analyze_storyline_discharge_extremes] -   Analyzing 7Q10_low for Fast Jet & Northward Shift (full_year, GWL 2.0)...
2026-07-22 11:48:09,876 - INFO - [storyline.analyze_storyline_discharge_extremes] -     -> Result 7Q10_low: Median T = 17.1 (N=4)
2026-07-22 11:48:09,876 - INFO - [storyline.analyze_storyline_discharge_extremes] -   Analyzing 7Q30_low for Fast Jet & Northward Shift (full_year, GWL 2.0)...
2026-07-22 11:48:09,879 - INFO - [storyline.analyze_storyline_discharge_extremes] -     -> Result 7Q30_low: Median T = 6.1 (N=2)
2026-07-22 11:48:09,879 - INFO - [storyline.analyze_storyline_discharge_extremes] -   Analyzing 7Q10_high for Fast Jet & Northward Shift (full_year, GWL 2.0)...
2026-07-22 11:48:09,882 - INFO - [storyline.analyze_storyline_discharge_extremes] -     -> Result 7Q10_high: Median T = 8.3 (N=4)
2026-07-22 11:48:09,882 - INFO - [storyline.analyze_storyline_discharge_extremes] -   Analyzing 7Q30_high for Fast Jet & Northward Shift (full_year, GWL 2.0)...
2026-07-22 11:48:09,885 - INFO - [storyline.analyze_storyline_discharge_extremes] -     -> Result 7Q30_high: Median T = 31.0 (N=3)
2026-07-22 11:48:09,885 - INFO - [storyline.analyze_storyline_discharge_extremes] -   Analyzing 30Q10_low for Fast Jet & Northward Shift (full_year, GWL 2.0)...
2026-07-22 11:48:09,888 - INFO - [storyline.analyze_storyline_discharge_extremes] -     -> Result 30Q10_low: Median T = 16.9 (N=4)
2026-07-22 11:48:09,888 - INFO - [storyline.analyze_storyline_discharge_extremes] -   Analyzing 30Q30_low for Fast Jet & Northward Shift (full_year, GWL 2.0)...
2026-07-22 11:48:09,891 - INFO - [storyline.analyze_storyline_discharge_extremes] -     -> Result 30Q30_low: Median T = 6.5 (N=2)
2026-07-22 11:48:09,891 - INFO - [storyline.analyze_storyline_discharge_extremes] -   Analyzing 30Q10_high for Fast Jet & Northward Shift (full_year, GWL 2.0)...
2026-07-22 11:48:09,894 - INFO - [storyline.analyze_storyline_discharge_extremes] -     -> Result 30Q10_high: Median T = 15.5 (N=5)
2026-07-22 11:48:09,894 - INFO - [storyline.analyze_storyline_discharge_extremes] -   Analyzing 30Q30_high for Fast Jet & Northward Shift (full_year, GWL 2.0)...
2026-07-22 11:48:09,897 - INFO - [storyline.analyze_storyline_discharge_extremes] -     -> Result 30Q30_high: Median T = 23.2 (N=2)
2026-07-22 11:48:09,897 - INFO - [storyline.analyze_storyline_discharge_extremes] -   Analyzing 7Q10_low for Slow Jet & Northward Shift (full_year, GWL 2.0)...
2026-07-22 11:48:09,899 - INFO - [storyline.analyze_storyline_discharge_extremes] -     -> Result 7Q10_low: Median T = 23.2 (N=4)
2026-07-22 11:48:09,899 - INFO - [storyline.analyze_storyline_discharge_extremes] -   Analyzing 7Q30_low for Slow Jet & Northward Shift (full_year, GWL 2.0)...
2026-07-22 11:48:09,902 - INFO - [storyline.analyze_storyline_discharge_extremes] -     -> Result 7Q30_low: Median T = nan (N=0)
2026-07-22 11:48:09,902 - INFO - [storyline.analyze_storyline_discharge_extremes] -   Analyzing 7Q10_high for Slow Jet & Northward Shift (full_year, GWL 2.0)...
2026-07-22 11:48:09,904 - INFO - [storyline.analyze_storyline_discharge_extremes] -     -> Result 7Q10_high: Median T = 4.5 (N=4)
2026-07-22 11:48:09,904 - INFO - [storyline.analyze_storyline_discharge_extremes] -   Analyzing 7Q30_high for Slow Jet & Northward Shift (full_year, GWL 2.0)...
2026-07-22 11:48:09,906 - INFO - [storyline.analyze_storyline_discharge_extremes] -     -> Result 7Q30_high: Median T = 11.6 (N=4)
2026-07-22 11:48:09,906 - INFO - [storyline.analyze_storyline_discharge_extremes] -   Analyzing 30Q10_low for Slow Jet & Northward Shift (full_year, GWL 2.0)...
2026-07-22 11:48:09,909 - INFO - [storyline.analyze_storyline_discharge_extremes] -     -> Result 30Q10_low: Median T = 11.6 (N=4)
2026-07-22 11:48:09,909 - INFO - [storyline.analyze_storyline_discharge_extremes] -   Analyzing 30Q30_low for Slow Jet & Northward Shift (full_year, GWL 2.0)...
2026-07-22 11:48:09,911 - INFO - [storyline.analyze_storyline_discharge_extremes] -     -> Result 30Q30_low: Median T = nan (N=0)
2026-07-22 11:48:09,911 - INFO - [storyline.analyze_storyline_discharge_extremes] -   Analyzing 30Q10_high for Slow Jet & Northward Shift (full_year, GWL 2.0)...
2026-07-22 11:48:09,913 - INFO - [storyline.analyze_storyline_discharge_extremes] -     -> Result 30Q10_high: Median T = 8.3 (N=4)
2026-07-22 11:48:09,913 - INFO - [storyline.analyze_storyline_discharge_extremes] -   Analyzing 30Q30_high for Slow Jet & Northward Shift (full_year, GWL 2.0)...
2026-07-22 11:48:09,916 - INFO - [storyline.analyze_storyline_discharge_extremes] -     -> Result 30Q30_high: Median T = 7.8 (N=3)
2026-07-22 11:48:09,916 - INFO - [storyline.analyze_storyline_discharge_extremes] -   Analyzing 7Q10_low for Slow Jet & Southward Shift (full_year, GWL 2.0)...
2026-07-22 11:48:09,920 - INFO - [storyline.analyze_storyline_discharge_extremes] -     -> Result 7Q10_low: Median T = 10.3 (N=5)
2026-07-22 11:48:09,920 - INFO - [storyline.analyze_storyline_discharge_extremes] -   Analyzing 7Q30_low for Slow Jet & Southward Shift (full_year, GWL 2.0)...
2026-07-22 11:48:09,924 - INFO - [storyline.analyze_storyline_discharge_extremes] -     -> Result 7Q30_low: Median T = 15.5 (N=2)
2026-07-22 11:48:09,924 - INFO - [storyline.analyze_storyline_discharge_extremes] -   Analyzing 7Q10_high for Slow Jet & Southward Shift (full_year, GWL 2.0)...
2026-07-22 11:48:09,928 - INFO - [storyline.analyze_storyline_discharge_extremes] -     -> Result 7Q10_high: Median T = 10.3 (N=7)
2026-07-22 11:48:09,928 - INFO - [storyline.analyze_storyline_discharge_extremes] -   Analyzing 7Q30_high for Slow Jet & Southward Shift (full_year, GWL 2.0)...
2026-07-22 11:48:09,932 - INFO - [storyline.analyze_storyline_discharge_extremes] -     -> Result 7Q30_high: Median T = 23.2 (N=6)
2026-07-22 11:48:09,932 - INFO - [storyline.analyze_storyline_discharge_extremes] -   Analyzing 30Q10_low for Slow Jet & Southward Shift (full_year, GWL 2.0)...
2026-07-22 11:48:09,936 - INFO - [storyline.analyze_storyline_discharge_extremes] -     -> Result 30Q10_low: Median T = 15.5 (N=6)
2026-07-22 11:48:09,936 - INFO - [storyline.analyze_storyline_discharge_extremes] -   Analyzing 30Q30_low for Slow Jet & Southward Shift (full_year, GWL 2.0)...
2026-07-22 11:48:09,940 - INFO - [storyline.analyze_storyline_discharge_extremes] -     -> Result 30Q30_low: Median T = 23.2 (N=2)
2026-07-22 11:48:09,940 - INFO - [storyline.analyze_storyline_discharge_extremes] -   Analyzing 30Q10_high for Slow Jet & Southward Shift (full_year, GWL 2.0)...
2026-07-22 11:48:09,944 - INFO - [storyline.analyze_storyline_discharge_extremes] -     -> Result 30Q10_high: Median T = 10.3 (N=7)
2026-07-22 11:48:09,944 - INFO - [storyline.analyze_storyline_discharge_extremes] -   Analyzing 30Q30_high for Slow Jet & Southward Shift (full_year, GWL 2.0)...
2026-07-22 11:48:09,948 - INFO - [storyline.analyze_storyline_discharge_extremes] -     -> Result 30Q30_high: Median T = 31.0 (N=6)
2026-07-22 11:48:09,948 - INFO - [storyline.analyze_storyline_discharge_extremes] -   Analyzing 7Q10_low for Fast Jet & Southward Shift (full_year, GWL 2.0)...
2026-07-22 11:48:09,951 - INFO - [storyline.analyze_storyline_discharge_extremes] -     -> Result 7Q10_low: Median T = 3.9 (N=5)
2026-07-22 11:48:09,951 - INFO - [storyline.analyze_storyline_discharge_extremes] -   Analyzing 7Q30_low for Fast Jet & Southward Shift (full_year, GWL 2.0)...
2026-07-22 11:48:09,954 - INFO - [storyline.analyze_storyline_discharge_extremes] -     -> Result 7Q30_low: Median T = 10.3 (N=5)
2026-07-22 11:48:09,954 - INFO - [storyline.analyze_storyline_discharge_extremes] -   Analyzing 7Q10_high for Fast Jet & Southward Shift (full_year, GWL 2.0)...
2026-07-22 11:48:09,956 - INFO - [storyline.analyze_storyline_discharge_extremes] -     -> Result 7Q10_high: Median T = 10.3 (N=5)
2026-07-22 11:48:09,957 - INFO - [storyline.analyze_storyline_discharge_extremes] -   Analyzing 7Q30_high for Fast Jet & Southward Shift (full_year, GWL 2.0)...
2026-07-22 11:48:09,959 - INFO - [storyline.analyze_storyline_discharge_extremes] -     -> Result 7Q30_high: Median T = 31.0 (N=5)
2026-07-22 11:48:09,960 - INFO - [storyline.analyze_storyline_discharge_extremes] -   Analyzing 30Q10_low for Fast Jet & Southward Shift (full_year, GWL 2.0)...
2026-07-22 11:48:09,962 - INFO - [storyline.analyze_storyline_discharge_extremes] -     -> Result 30Q10_low: Median T = 4.4 (N=5)
2026-07-22 11:48:09,962 - INFO - [storyline.analyze_storyline_discharge_extremes] -   Analyzing 30Q30_low for Fast Jet & Southward Shift (full_year, GWL 2.0)...
2026-07-22 11:48:09,965 - INFO - [storyline.analyze_storyline_discharge_extremes] -     -> Result 30Q30_low: Median T = 10.3 (N=5)
2026-07-22 11:48:09,965 - INFO - [storyline.analyze_storyline_discharge_extremes] -   Analyzing 30Q10_high for Fast Jet & Southward Shift (full_year, GWL 2.0)...
2026-07-22 11:48:09,968 - INFO - [storyline.analyze_storyline_discharge_extremes] -     -> Result 30Q10_high: Median T = 7.8 (N=5)
2026-07-22 11:48:09,968 - INFO - [storyline.analyze_storyline_discharge_extremes] -   Analyzing 30Q30_high for Fast Jet & Southward Shift (full_year, GWL 2.0)...
2026-07-22 11:48:09,971 - INFO - [storyline.analyze_storyline_discharge_extremes] -     -> Result 30Q30_high: Median T = 15.5 (N=5)
2026-07-22 11:48:09,971 - INFO - [storyline.analyze_storyline_discharge_extremes] -   Analyzing 7Q10_low for Extreme Models (full_year, GWL 2.0)...
2026-07-22 11:48:09,977 - INFO - [storyline.analyze_storyline_discharge_extremes] -     -> Result 7Q10_low: Median T = 4.2 (N=10)
2026-07-22 11:48:09,977 - INFO - [storyline.analyze_storyline_discharge_extremes] -   Analyzing 7Q30_low for Extreme Models (full_year, GWL 2.0)...
2026-07-22 11:48:09,982 - INFO - [storyline.analyze_storyline_discharge_extremes] -     -> Result 7Q30_low: Median T = 7.8 (N=9)
2026-07-22 11:48:09,982 - INFO - [storyline.analyze_storyline_discharge_extremes] -   Analyzing 7Q10_high for Extreme Models (full_year, GWL 2.0)...
2026-07-22 11:48:09,988 - INFO - [storyline.analyze_storyline_discharge_extremes] -     -> Result 7Q10_high: Median T = 10.3 (N=10)
2026-07-22 11:48:09,988 - INFO - [storyline.analyze_storyline_discharge_extremes] -   Analyzing 7Q30_high for Extreme Models (full_year, GWL 2.0)...
2026-07-22 11:48:09,994 - INFO - [storyline.analyze_storyline_discharge_extremes] -     -> Result 7Q30_high: Median T = 31.0 (N=9)
2026-07-22 11:48:09,994 - INFO - [storyline.analyze_storyline_discharge_extremes] -   Analyzing 30Q10_low for Extreme Models (full_year, GWL 2.0)...
2026-07-22 11:48:09,999 - INFO - [storyline.analyze_storyline_discharge_extremes] -     -> Result 30Q10_low: Median T = 4.4 (N=10)
2026-07-22 11:48:09,999 - INFO - [storyline.analyze_storyline_discharge_extremes] -   Analyzing 30Q30_low for Extreme Models (full_year, GWL 2.0)...
2026-07-22 11:48:10,005 - INFO - [storyline.analyze_storyline_discharge_extremes] -     -> Result 30Q30_low: Median T = 7.8 (N=9)
2026-07-22 11:48:10,005 - INFO - [storyline.analyze_storyline_discharge_extremes] -   Analyzing 30Q10_high for Extreme Models (full_year, GWL 2.0)...
2026-07-22 11:48:10,010 - INFO - [storyline.analyze_storyline_discharge_extremes] -     -> Result 30Q10_high: Median T = 7.8 (N=10)
2026-07-22 11:48:10,010 - INFO - [storyline.analyze_storyline_discharge_extremes] -   Analyzing 30Q30_high for Extreme Models (full_year, GWL 2.0)...
2026-07-22 11:48:10,016 - INFO - [storyline.analyze_storyline_discharge_extremes] -     -> Result 30Q30_high: Median T = 31.0 (N=7)
2026-07-22 11:48:10,016 - INFO - [storyline.analyze_storyline_discharge_extremes] -   Analyzing 7Q10_low for Non-Extreme Models (full_year, GWL 2.0)...
2026-07-22 11:48:10,021 - INFO - [storyline.analyze_storyline_discharge_extremes] -     -> Result 7Q10_low: Median T = 31.0 (N=5)
2026-07-22 11:48:10,022 - INFO - [storyline.analyze_storyline_discharge_extremes] -   Analyzing 7Q30_low for Non-Extreme Models (full_year, GWL 2.0)...
2026-07-22 11:48:10,027 - INFO - [storyline.analyze_storyline_discharge_extremes] -     -> Result 7Q30_low: Median T = 31.0 (N=1)
2026-07-22 11:48:10,027 - INFO - [storyline.analyze_storyline_discharge_extremes] -   Analyzing 7Q10_high for Non-Extreme Models (full_year, GWL 2.0)...
2026-07-22 11:48:10,032 - INFO - [storyline.analyze_storyline_discharge_extremes] -     -> Result 7Q10_high: Median T = 6.2 (N=9)
2026-07-22 11:48:10,032 - INFO - [storyline.analyze_storyline_discharge_extremes] -   Analyzing 7Q30_high for Non-Extreme Models (full_year, GWL 2.0)...
2026-07-22 11:48:10,038 - INFO - [storyline.analyze_storyline_discharge_extremes] -     -> Result 7Q30_high: Median T = 15.5 (N=9)
2026-07-22 11:48:10,038 - INFO - [storyline.analyze_storyline_discharge_extremes] -   Analyzing 30Q10_low for Non-Extreme Models (full_year, GWL 2.0)...
2026-07-22 11:48:10,044 - INFO - [storyline.analyze_storyline_discharge_extremes] -     -> Result 30Q10_low: Median T = 31.0 (N=6)
2026-07-22 11:48:10,044 - INFO - [storyline.analyze_storyline_discharge_extremes] -   Analyzing 30Q30_low for Non-Extreme Models (full_year, GWL 2.0)...
2026-07-22 11:48:10,049 - INFO - [storyline.analyze_storyline_discharge_extremes] -     -> Result 30Q30_low: Median T = 31.0 (N=1)
2026-07-22 11:48:10,049 - INFO - [storyline.analyze_storyline_discharge_extremes] -   Analyzing 30Q10_high for Non-Extreme Models (full_year, GWL 2.0)...
2026-07-22 11:48:10,055 - INFO - [storyline.analyze_storyline_discharge_extremes] -     -> Result 30Q10_high: Median T = 9.0 (N=10)
2026-07-22 11:48:10,055 - INFO - [storyline.analyze_storyline_discharge_extremes] -   Analyzing 30Q30_high for Non-Extreme Models (full_year, GWL 2.0)...
2026-07-22 11:48:10,060 - INFO - [storyline.analyze_storyline_discharge_extremes] -     -> Result 30Q30_high: Median T = 15.5 (N=9)
2026-07-22 11:48:10,060 - INFO - [storyline.analyze_storyline_discharge_extremes] -   Analyzing 7Q10_low for MMM (winter, GWL 3.0)...
2026-07-22 11:48:10,077 - INFO - [storyline.analyze_storyline_discharge_extremes] -     -> Result 7Q10_low: Median T = 5.2 (N=24)
2026-07-22 11:48:10,077 - INFO - [storyline.analyze_storyline_discharge_extremes] -   Analyzing 7Q30_low for MMM (winter, GWL 3.0)...
2026-07-22 11:48:10,094 - INFO - [storyline.analyze_storyline_discharge_extremes] -     -> Result 7Q30_low: Median T = 15.5 (N=17)
2026-07-22 11:48:10,094 - INFO - [storyline.analyze_storyline_discharge_extremes] -   Analyzing 7Q10_high for MMM (winter, GWL 3.0)...
2026-07-22 11:48:10,111 - INFO - [storyline.analyze_storyline_discharge_extremes] -     -> Result 7Q10_high: Median T = 15.5 (N=21)
2026-07-22 11:48:10,111 - INFO - [storyline.analyze_storyline_discharge_extremes] -   Analyzing 7Q30_high for MMM (winter, GWL 3.0)...
2026-07-22 11:48:10,128 - INFO - [storyline.analyze_storyline_discharge_extremes] -     -> Result 7Q30_high: Median T = 31.0 (N=13)
2026-07-22 11:48:10,128 - INFO - [storyline.analyze_storyline_discharge_extremes] -   Analyzing 30Q10_low for MMM (winter, GWL 3.0)...
2026-07-22 11:48:10,145 - INFO - [storyline.analyze_storyline_discharge_extremes] -     -> Result 30Q10_low: Median T = 5.2 (N=24)
2026-07-22 11:48:10,145 - INFO - [storyline.analyze_storyline_discharge_extremes] -   Analyzing 30Q30_low for MMM (winter, GWL 3.0)...
2026-07-22 11:48:10,161 - INFO - [storyline.analyze_storyline_discharge_extremes] -     -> Result 30Q30_low: Median T = 15.5 (N=19)
2026-07-22 11:48:10,161 - INFO - [storyline.analyze_storyline_discharge_extremes] -   Analyzing 30Q10_high for MMM (winter, GWL 3.0)...
2026-07-22 11:48:10,178 - INFO - [storyline.analyze_storyline_discharge_extremes] -     -> Result 30Q10_high: Median T = 15.5 (N=20)
2026-07-22 11:48:10,178 - INFO - [storyline.analyze_storyline_discharge_extremes] -   Analyzing 30Q30_high for MMM (winter, GWL 3.0)...
2026-07-22 11:48:10,195 - INFO - [storyline.analyze_storyline_discharge_extremes] -     -> Result 30Q30_high: Median T = 15.5 (N=11)
2026-07-22 11:48:10,195 - INFO - [storyline.analyze_storyline_discharge_extremes] -   Analyzing 7Q10_low for Fast Jet & Northward Shift (winter, GWL 3.0)...
2026-07-22 11:48:10,199 - INFO - [storyline.analyze_storyline_discharge_extremes] -     -> Result 7Q10_low: Median T = 4.5 (N=6)
2026-07-22 11:48:10,199 - INFO - [storyline.analyze_storyline_discharge_extremes] -   Analyzing 7Q30_low for Fast Jet & Northward Shift (winter, GWL 3.0)...
2026-07-22 11:48:10,203 - INFO - [storyline.analyze_storyline_discharge_extremes] -     -> Result 7Q30_low: Median T = 10.8 (N=6)
2026-07-22 11:48:10,203 - INFO - [storyline.analyze_storyline_discharge_extremes] -   Analyzing 7Q10_high for Fast Jet & Northward Shift (winter, GWL 3.0)...
2026-07-22 11:48:10,207 - INFO - [storyline.analyze_storyline_discharge_extremes] -     -> Result 7Q10_high: Median T = 31.0 (N=4)
2026-07-22 11:48:10,207 - INFO - [storyline.analyze_storyline_discharge_extremes] -   Analyzing 7Q30_high for Fast Jet & Northward Shift (winter, GWL 3.0)...
2026-07-22 11:48:10,211 - INFO - [storyline.analyze_storyline_discharge_extremes] -     -> Result 7Q30_high: Median T = 31.0 (N=2)
2026-07-22 11:48:10,211 - INFO - [storyline.analyze_storyline_discharge_extremes] -   Analyzing 30Q10_low for Fast Jet & Northward Shift (winter, GWL 3.0)...
2026-07-22 11:48:10,216 - INFO - [storyline.analyze_storyline_discharge_extremes] -     -> Result 30Q10_low: Median T = 4.8 (N=6)
2026-07-22 11:48:10,216 - INFO - [storyline.analyze_storyline_discharge_extremes] -   Analyzing 30Q30_low for Fast Jet & Northward Shift (winter, GWL 3.0)...
2026-07-22 11:48:10,220 - INFO - [storyline.analyze_storyline_discharge_extremes] -     -> Result 30Q30_low: Median T = 5.2 (N=5)
2026-07-22 11:48:10,220 - INFO - [storyline.analyze_storyline_discharge_extremes] -   Analyzing 30Q10_high for Fast Jet & Northward Shift (winter, GWL 3.0)...
2026-07-22 11:48:10,224 - INFO - [storyline.analyze_storyline_discharge_extremes] -     -> Result 30Q10_high: Median T = 23.2 (N=4)
2026-07-22 11:48:10,224 - INFO - [storyline.analyze_storyline_discharge_extremes] -   Analyzing 30Q30_high for Fast Jet & Northward Shift (winter, GWL 3.0)...
2026-07-22 11:48:10,228 - INFO - [storyline.analyze_storyline_discharge_extremes] -     -> Result 30Q30_high: Median T = 31.0 (N=1)
2026-07-22 11:48:10,228 - INFO - [storyline.analyze_storyline_discharge_extremes] -   Analyzing 7Q10_low for Slow Jet & Northward Shift (winter, GWL 3.0)...
2026-07-22 11:48:10,229 - INFO - [storyline.analyze_storyline_discharge_extremes] -     -> Result 7Q10_low: Median T = 6.2 (N=1)
2026-07-22 11:48:10,230 - INFO - [storyline.analyze_storyline_discharge_extremes] -   Analyzing 7Q30_low for Slow Jet & Northward Shift (winter, GWL 3.0)...
2026-07-22 11:48:10,231 - INFO - [storyline.analyze_storyline_discharge_extremes] -     -> Result 7Q30_low: Median T = 31.0 (N=1)
2026-07-22 11:48:10,231 - INFO - [storyline.analyze_storyline_discharge_extremes] -   Analyzing 7Q10_high for Slow Jet & Northward Shift (winter, GWL 3.0)...
2026-07-22 11:48:10,232 - INFO - [storyline.analyze_storyline_discharge_extremes] -     -> Result 7Q10_high: Median T = 5.7 (N=2)
2026-07-22 11:48:10,232 - INFO - [storyline.analyze_storyline_discharge_extremes] -   Analyzing 7Q30_high for Slow Jet & Northward Shift (winter, GWL 3.0)...
2026-07-22 11:48:10,233 - INFO - [storyline.analyze_storyline_discharge_extremes] -     -> Result 7Q30_high: Median T = 18.1 (N=2)
2026-07-22 11:48:10,233 - INFO - [storyline.analyze_storyline_discharge_extremes] -   Analyzing 30Q10_low for Slow Jet & Northward Shift (winter, GWL 3.0)...
2026-07-22 11:48:10,235 - INFO - [storyline.analyze_storyline_discharge_extremes] -     -> Result 30Q10_low: Median T = 4.4 (N=1)
2026-07-22 11:48:10,235 - INFO - [storyline.analyze_storyline_discharge_extremes] -   Analyzing 30Q30_low for Slow Jet & Northward Shift (winter, GWL 3.0)...
2026-07-22 11:48:10,236 - INFO - [storyline.analyze_storyline_discharge_extremes] -     -> Result 30Q30_low: Median T = 15.5 (N=1)
2026-07-22 11:48:10,236 - INFO - [storyline.analyze_storyline_discharge_extremes] -   Analyzing 30Q10_high for Slow Jet & Northward Shift (winter, GWL 3.0)...
2026-07-22 11:48:10,237 - INFO - [storyline.analyze_storyline_discharge_extremes] -     -> Result 30Q10_high: Median T = 5.7 (N=2)
2026-07-22 11:48:10,237 - INFO - [storyline.analyze_storyline_discharge_extremes] -   Analyzing 30Q30_high for Slow Jet & Northward Shift (winter, GWL 3.0)...
2026-07-22 11:48:10,239 - INFO - [storyline.analyze_storyline_discharge_extremes] -     -> Result 30Q30_high: Median T = 10.3 (N=2)
2026-07-22 11:48:10,239 - INFO - [storyline.analyze_storyline_discharge_extremes] -   Analyzing 7Q10_low for Slow Jet & Southward Shift (winter, GWL 3.0)...
2026-07-22 11:48:10,244 - INFO - [storyline.analyze_storyline_discharge_extremes] -     -> Result 7Q10_low: Median T = 7.8 (N=7)
2026-07-22 11:48:10,244 - INFO - [storyline.analyze_storyline_discharge_extremes] -   Analyzing 7Q30_low for Slow Jet & Southward Shift (winter, GWL 3.0)...
2026-07-22 11:48:10,250 - INFO - [storyline.analyze_storyline_discharge_extremes] -     -> Result 7Q30_low: Median T = 31.0 (N=4)
2026-07-22 11:48:10,250 - INFO - [storyline.analyze_storyline_discharge_extremes] -   Analyzing 7Q10_high for Slow Jet & Southward Shift (winter, GWL 3.0)...
2026-07-22 11:48:10,255 - INFO - [storyline.analyze_storyline_discharge_extremes] -     -> Result 7Q10_high: Median T = 10.3 (N=7)
2026-07-22 11:48:10,255 - INFO - [storyline.analyze_storyline_discharge_extremes] -   Analyzing 7Q30_high for Slow Jet & Southward Shift (winter, GWL 3.0)...
2026-07-22 11:48:10,260 - INFO - [storyline.analyze_storyline_discharge_extremes] -     -> Result 7Q30_high: Median T = 31.0 (N=4)
2026-07-22 11:48:10,260 - INFO - [storyline.analyze_storyline_discharge_extremes] -   Analyzing 30Q10_low for Slow Jet & Southward Shift (winter, GWL 3.0)...
2026-07-22 11:48:10,266 - INFO - [storyline.analyze_storyline_discharge_extremes] -     -> Result 30Q10_low: Median T = 7.8 (N=7)
2026-07-22 11:48:10,266 - INFO - [storyline.analyze_storyline_discharge_extremes] -   Analyzing 30Q30_low for Slow Jet & Southward Shift (winter, GWL 3.0)...
2026-07-22 11:48:10,271 - INFO - [storyline.analyze_storyline_discharge_extremes] -     -> Result 30Q30_low: Median T = 31.0 (N=6)
2026-07-22 11:48:10,271 - INFO - [storyline.analyze_storyline_discharge_extremes] -   Analyzing 30Q10_high for Slow Jet & Southward Shift (winter, GWL 3.0)...
2026-07-22 11:48:10,276 - INFO - [storyline.analyze_storyline_discharge_extremes] -     -> Result 30Q10_high: Median T = 31.0 (N=7)
2026-07-22 11:48:10,276 - INFO - [storyline.analyze_storyline_discharge_extremes] -   Analyzing 30Q30_high for Slow Jet & Southward Shift (winter, GWL 3.0)...
2026-07-22 11:48:10,281 - INFO - [storyline.analyze_storyline_discharge_extremes] -     -> Result 30Q30_high: Median T = 23.2 (N=4)
2026-07-22 11:48:10,281 - INFO - [storyline.analyze_storyline_discharge_extremes] -   Analyzing 7Q10_low for Fast Jet & Southward Shift (winter, GWL 3.0)...
2026-07-22 11:48:10,283 - INFO - [storyline.analyze_storyline_discharge_extremes] -     -> Result 7Q10_low: Median T = 3.9 (N=4)
2026-07-22 11:48:10,283 - INFO - [storyline.analyze_storyline_discharge_extremes] -   Analyzing 7Q30_low for Fast Jet & Southward Shift (winter, GWL 3.0)...
2026-07-22 11:48:10,286 - INFO - [storyline.analyze_storyline_discharge_extremes] -     -> Result 7Q30_low: Median T = 8.3 (N=4)
2026-07-22 11:48:10,286 - INFO - [storyline.analyze_storyline_discharge_extremes] -   Analyzing 7Q10_high for Fast Jet & Southward Shift (winter, GWL 3.0)...
2026-07-22 11:48:10,288 - INFO - [storyline.analyze_storyline_discharge_extremes] -     -> Result 7Q10_high: Median T = 7.8 (N=1)
2026-07-22 11:48:10,288 - INFO - [storyline.analyze_storyline_discharge_extremes] -   Analyzing 7Q30_high for Fast Jet & Southward Shift (winter, GWL 3.0)...
2026-07-22 11:48:10,291 - INFO - [storyline.analyze_storyline_discharge_extremes] -     -> Result 7Q30_high: Median T = 10.3 (N=1)
2026-07-22 11:48:10,291 - INFO - [storyline.analyze_storyline_discharge_extremes] -   Analyzing 30Q10_low for Fast Jet & Southward Shift (winter, GWL 3.0)...
2026-07-22 11:48:10,293 - INFO - [storyline.analyze_storyline_discharge_extremes] -     -> Result 30Q10_low: Median T = 4.2 (N=4)
2026-07-22 11:48:10,293 - INFO - [storyline.analyze_storyline_discharge_extremes] -   Analyzing 30Q30_low for Fast Jet & Southward Shift (winter, GWL 3.0)...
2026-07-22 11:48:10,295 - INFO - [storyline.analyze_storyline_discharge_extremes] -     -> Result 30Q30_low: Median T = 12.9 (N=4)
2026-07-22 11:48:10,296 - INFO - [storyline.analyze_storyline_discharge_extremes] -   Analyzing 30Q10_high for Fast Jet & Southward Shift (winter, GWL 3.0)...
2026-07-22 11:48:10,298 - INFO - [storyline.analyze_storyline_discharge_extremes] -     -> Result 30Q10_high: Median T = 20.7 (N=2)
2026-07-22 11:48:10,298 - INFO - [storyline.analyze_storyline_discharge_extremes] -   Analyzing 30Q30_high for Fast Jet & Southward Shift (winter, GWL 3.0)...
2026-07-22 11:48:10,300 - INFO - [storyline.analyze_storyline_discharge_extremes] -     -> Result 30Q30_high: Median T = nan (N=0)
2026-07-22 11:48:10,300 - INFO - [storyline.analyze_storyline_discharge_extremes] -   Analyzing 7Q10_low for Extreme Models (winter, GWL 3.0)...
2026-07-22 11:48:10,306 - INFO - [storyline.analyze_storyline_discharge_extremes] -     -> Result 7Q10_low: Median T = 3.7 (N=10)
2026-07-22 11:48:10,306 - INFO - [storyline.analyze_storyline_discharge_extremes] -   Analyzing 7Q30_low for Extreme Models (winter, GWL 3.0)...
2026-07-22 11:48:10,311 - INFO - [storyline.analyze_storyline_discharge_extremes] -     -> Result 7Q30_low: Median T = 6.2 (N=10)
2026-07-22 11:48:10,312 - INFO - [storyline.analyze_storyline_discharge_extremes] -   Analyzing 7Q10_high for Extreme Models (winter, GWL 3.0)...
2026-07-22 11:48:10,317 - INFO - [storyline.analyze_storyline_discharge_extremes] -     -> Result 7Q10_high: Median T = 31.0 (N=5)
2026-07-22 11:48:10,317 - INFO - [storyline.analyze_storyline_discharge_extremes] -   Analyzing 7Q30_high for Extreme Models (winter, GWL 3.0)...
2026-07-22 11:48:10,323 - INFO - [storyline.analyze_storyline_discharge_extremes] -     -> Result 7Q30_high: Median T = 10.3 (N=3)
2026-07-22 11:48:10,323 - INFO - [storyline.analyze_storyline_discharge_extremes] -   Analyzing 30Q10_low for Extreme Models (winter, GWL 3.0)...
2026-07-22 11:48:10,328 - INFO - [storyline.analyze_storyline_discharge_extremes] -     -> Result 30Q10_low: Median T = 3.7 (N=10)
2026-07-22 11:48:10,328 - INFO - [storyline.analyze_storyline_discharge_extremes] -   Analyzing 30Q30_low for Extreme Models (winter, GWL 3.0)...
2026-07-22 11:48:10,334 - INFO - [storyline.analyze_storyline_discharge_extremes] -     -> Result 30Q30_low: Median T = 9.0 (N=10)
2026-07-22 11:48:10,334 - INFO - [storyline.analyze_storyline_discharge_extremes] -   Analyzing 30Q10_high for Extreme Models (winter, GWL 3.0)...
2026-07-22 11:48:10,339 - INFO - [storyline.analyze_storyline_discharge_extremes] -     -> Result 30Q10_high: Median T = 23.2 (N=6)
2026-07-22 11:48:10,340 - INFO - [storyline.analyze_storyline_discharge_extremes] -   Analyzing 30Q30_high for Extreme Models (winter, GWL 3.0)...
2026-07-22 11:48:10,345 - INFO - [storyline.analyze_storyline_discharge_extremes] -     -> Result 30Q30_high: Median T = 18.1 (N=2)
2026-07-22 11:48:10,345 - INFO - [storyline.analyze_storyline_discharge_extremes] -   Analyzing 7Q10_low for Non-Extreme Models (winter, GWL 3.0)...
2026-07-22 11:48:10,351 - INFO - [storyline.analyze_storyline_discharge_extremes] -     -> Result 7Q10_low: Median T = 31.0 (N=3)
2026-07-22 11:48:10,351 - INFO - [storyline.analyze_storyline_discharge_extremes] -   Analyzing 7Q30_low for Non-Extreme Models (winter, GWL 3.0)...
2026-07-22 11:48:10,356 - INFO - [storyline.analyze_storyline_discharge_extremes] -     -> Result 7Q30_low: Median T = 31.0 (N=2)
2026-07-22 11:48:10,356 - INFO - [storyline.analyze_storyline_discharge_extremes] -   Analyzing 7Q10_high for Non-Extreme Models (winter, GWL 3.0)...
2026-07-22 11:48:10,362 - INFO - [storyline.analyze_storyline_discharge_extremes] -     -> Result 7Q10_high: Median T = 10.3 (N=8)
2026-07-22 11:48:10,362 - INFO - [storyline.analyze_storyline_discharge_extremes] -   Analyzing 7Q30_high for Non-Extreme Models (winter, GWL 3.0)...
2026-07-22 11:48:10,368 - INFO - [storyline.analyze_storyline_discharge_extremes] -     -> Result 7Q30_high: Median T = 31.0 (N=3)
2026-07-22 11:48:10,368 - INFO - [storyline.analyze_storyline_discharge_extremes] -   Analyzing 30Q10_low for Non-Extreme Models (winter, GWL 3.0)...
2026-07-22 11:48:10,373 - INFO - [storyline.analyze_storyline_discharge_extremes] -     -> Result 30Q10_low: Median T = 31.0 (N=3)
2026-07-22 11:48:10,373 - INFO - [storyline.analyze_storyline_discharge_extremes] -   Analyzing 30Q30_low for Non-Extreme Models (winter, GWL 3.0)...
2026-07-22 11:48:10,379 - INFO - [storyline.analyze_storyline_discharge_extremes] -     -> Result 30Q30_low: Median T = 31.0 (N=2)
2026-07-22 11:48:10,379 - INFO - [storyline.analyze_storyline_discharge_extremes] -   Analyzing 30Q10_high for Non-Extreme Models (winter, GWL 3.0)...
2026-07-22 11:48:10,385 - INFO - [storyline.analyze_storyline_discharge_extremes] -     -> Result 30Q10_high: Median T = 10.3 (N=7)
2026-07-22 11:48:10,385 - INFO - [storyline.analyze_storyline_discharge_extremes] -   Analyzing 30Q30_high for Non-Extreme Models (winter, GWL 3.0)...
2026-07-22 11:48:10,390 - INFO - [storyline.analyze_storyline_discharge_extremes] -     -> Result 30Q30_high: Median T = 15.5 (N=5)
2026-07-22 11:48:10,390 - INFO - [storyline.analyze_storyline_discharge_extremes] -   Analyzing 7Q10_low for MMM (summer, GWL 3.0)...
2026-07-22 11:48:10,407 - INFO - [storyline.analyze_storyline_discharge_extremes] -     -> Result 7Q10_low: Median T = 10.3 (N=22)
2026-07-22 11:48:10,407 - INFO - [storyline.analyze_storyline_discharge_extremes] -   Analyzing 7Q30_low for MMM (summer, GWL 3.0)...
2026-07-22 11:48:10,424 - INFO - [storyline.analyze_storyline_discharge_extremes] -     -> Result 7Q30_low: Median T = 15.5 (N=13)
2026-07-22 11:48:10,424 - INFO - [storyline.analyze_storyline_discharge_extremes] -   Analyzing 7Q10_high for MMM (summer, GWL 3.0)...
2026-07-22 11:48:10,441 - INFO - [storyline.analyze_storyline_discharge_extremes] -     -> Result 7Q10_high: Median T = 15.5 (N=27)
2026-07-22 11:48:10,441 - INFO - [storyline.analyze_storyline_discharge_extremes] -   Analyzing 7Q30_high for MMM (summer, GWL 3.0)...
2026-07-22 11:48:10,458 - INFO - [storyline.analyze_storyline_discharge_extremes] -     -> Result 7Q30_high: Median T = 23.2 (N=20)
2026-07-22 11:48:10,458 - INFO - [storyline.analyze_storyline_discharge_extremes] -   Analyzing 30Q10_low for MMM (summer, GWL 3.0)...
2026-07-22 11:48:10,475 - INFO - [storyline.analyze_storyline_discharge_extremes] -     -> Result 30Q10_low: Median T = 7.8 (N=25)
2026-07-22 11:48:10,475 - INFO - [storyline.analyze_storyline_discharge_extremes] -   Analyzing 30Q30_low for MMM (summer, GWL 3.0)...
2026-07-22 11:48:10,492 - INFO - [storyline.analyze_storyline_discharge_extremes] -     -> Result 30Q30_low: Median T = 12.9 (N=16)
2026-07-22 11:48:10,492 - INFO - [storyline.analyze_storyline_discharge_extremes] -   Analyzing 30Q10_high for MMM (summer, GWL 3.0)...
2026-07-22 11:48:10,509 - INFO - [storyline.analyze_storyline_discharge_extremes] -     -> Result 30Q10_high: Median T = 12.9 (N=26)
2026-07-22 11:48:10,509 - INFO - [storyline.analyze_storyline_discharge_extremes] -   Analyzing 30Q30_high for MMM (summer, GWL 3.0)...
2026-07-22 11:48:10,526 - INFO - [storyline.analyze_storyline_discharge_extremes] -     -> Result 30Q30_high: Median T = 31.0 (N=21)
2026-07-22 11:48:10,526 - INFO - [storyline.analyze_storyline_discharge_extremes] -   Analyzing 7Q10_low for Fast Jet & Northward Shift (summer, GWL 3.0)...
2026-07-22 11:48:10,530 - INFO - [storyline.analyze_storyline_discharge_extremes] -     -> Result 7Q10_low: Median T = 15.5 (N=3)
2026-07-22 11:48:10,530 - INFO - [storyline.analyze_storyline_discharge_extremes] -   Analyzing 7Q30_low for Fast Jet & Northward Shift (summer, GWL 3.0)...
2026-07-22 11:48:10,533 - INFO - [storyline.analyze_storyline_discharge_extremes] -     -> Result 7Q30_low: Median T = 23.2 (N=2)
2026-07-22 11:48:10,533 - INFO - [storyline.analyze_storyline_discharge_extremes] -   Analyzing 7Q10_high for Fast Jet & Northward Shift (summer, GWL 3.0)...
2026-07-22 11:48:10,537 - INFO - [storyline.analyze_storyline_discharge_extremes] -     -> Result 7Q10_high: Median T = 15.5 (N=5)
2026-07-22 11:48:10,537 - INFO - [storyline.analyze_storyline_discharge_extremes] -   Analyzing 7Q30_high for Fast Jet & Northward Shift (summer, GWL 3.0)...
2026-07-22 11:48:10,540 - INFO - [storyline.analyze_storyline_discharge_extremes] -     -> Result 7Q30_high: Median T = 23.2 (N=4)
2026-07-22 11:48:10,540 - INFO - [storyline.analyze_storyline_discharge_extremes] -   Analyzing 30Q10_low for Fast Jet & Northward Shift (summer, GWL 3.0)...
2026-07-22 11:48:10,544 - INFO - [storyline.analyze_storyline_discharge_extremes] -     -> Result 30Q10_low: Median T = 4.4 (N=3)
2026-07-22 11:48:10,544 - INFO - [storyline.analyze_storyline_discharge_extremes] -   Analyzing 30Q30_low for Fast Jet & Northward Shift (summer, GWL 3.0)...
2026-07-22 11:48:10,547 - INFO - [storyline.analyze_storyline_discharge_extremes] -     -> Result 30Q30_low: Median T = 31.0 (N=3)
2026-07-22 11:48:10,547 - INFO - [storyline.analyze_storyline_discharge_extremes] -   Analyzing 30Q10_high for Fast Jet & Northward Shift (summer, GWL 3.0)...
2026-07-22 11:48:10,551 - INFO - [storyline.analyze_storyline_discharge_extremes] -     -> Result 30Q10_high: Median T = 10.3 (N=5)
2026-07-22 11:48:10,551 - INFO - [storyline.analyze_storyline_discharge_extremes] -   Analyzing 30Q30_high for Fast Jet & Northward Shift (summer, GWL 3.0)...
2026-07-22 11:48:10,554 - INFO - [storyline.analyze_storyline_discharge_extremes] -     -> Result 30Q30_high: Median T = 31.0 (N=5)
2026-07-22 11:48:10,554 - INFO - [storyline.analyze_storyline_discharge_extremes] -   Analyzing 7Q10_low for Slow Jet & Northward Shift (summer, GWL 3.0)...
2026-07-22 11:48:10,558 - INFO - [storyline.analyze_storyline_discharge_extremes] -     -> Result 7Q10_low: Median T = 10.3 (N=3)
2026-07-22 11:48:10,558 - INFO - [storyline.analyze_storyline_discharge_extremes] -   Analyzing 7Q30_low for Slow Jet & Northward Shift (summer, GWL 3.0)...
2026-07-22 11:48:10,561 - INFO - [storyline.analyze_storyline_discharge_extremes] -     -> Result 7Q30_low: Median T = 18.6 (N=2)
2026-07-22 11:48:10,561 - INFO - [storyline.analyze_storyline_discharge_extremes] -   Analyzing 7Q10_high for Slow Jet & Northward Shift (summer, GWL 3.0)...
2026-07-22 11:48:10,565 - INFO - [storyline.analyze_storyline_discharge_extremes] -     -> Result 7Q10_high: Median T = 12.9 (N=6)
2026-07-22 11:48:10,565 - INFO - [storyline.analyze_storyline_discharge_extremes] -   Analyzing 7Q30_high for Slow Jet & Northward Shift (summer, GWL 3.0)...
2026-07-22 11:48:10,568 - INFO - [storyline.analyze_storyline_discharge_extremes] -     -> Result 7Q30_high: Median T = 31.0 (N=5)
2026-07-22 11:48:10,568 - INFO - [storyline.analyze_storyline_discharge_extremes] -   Analyzing 30Q10_low for Slow Jet & Northward Shift (summer, GWL 3.0)...
2026-07-22 11:48:10,572 - INFO - [storyline.analyze_storyline_discharge_extremes] -     -> Result 30Q10_low: Median T = 10.3 (N=6)
2026-07-22 11:48:10,572 - INFO - [storyline.analyze_storyline_discharge_extremes] -   Analyzing 30Q30_low for Slow Jet & Northward Shift (summer, GWL 3.0)...
2026-07-22 11:48:10,575 - INFO - [storyline.analyze_storyline_discharge_extremes] -     -> Result 30Q30_low: Median T = 18.6 (N=2)
2026-07-22 11:48:10,575 - INFO - [storyline.analyze_storyline_discharge_extremes] -   Analyzing 30Q10_high for Slow Jet & Northward Shift (summer, GWL 3.0)...
2026-07-22 11:48:10,579 - INFO - [storyline.analyze_storyline_discharge_extremes] -     -> Result 30Q10_high: Median T = 12.9 (N=6)
2026-07-22 11:48:10,579 - INFO - [storyline.analyze_storyline_discharge_extremes] -   Analyzing 30Q30_high for Slow Jet & Northward Shift (summer, GWL 3.0)...
2026-07-22 11:48:10,582 - INFO - [storyline.analyze_storyline_discharge_extremes] -     -> Result 30Q30_high: Median T = 31.0 (N=4)
2026-07-22 11:48:10,582 - INFO - [storyline.analyze_storyline_discharge_extremes] -   Analyzing 7Q10_low for Slow Jet & Southward Shift (summer, GWL 3.0)...
2026-07-22 11:48:10,586 - INFO - [storyline.analyze_storyline_discharge_extremes] -     -> Result 7Q10_low: Median T = 31.0 (N=4)
2026-07-22 11:48:10,586 - INFO - [storyline.analyze_storyline_discharge_extremes] -   Analyzing 7Q30_low for Slow Jet & Southward Shift (summer, GWL 3.0)...
2026-07-22 11:48:10,590 - INFO - [storyline.analyze_storyline_discharge_extremes] -     -> Result 7Q30_low: Median T = 15.5 (N=1)
2026-07-22 11:48:10,590 - INFO - [storyline.analyze_storyline_discharge_extremes] -   Analyzing 7Q10_high for Slow Jet & Southward Shift (summer, GWL 3.0)...
2026-07-22 11:48:10,594 - INFO - [storyline.analyze_storyline_discharge_extremes] -     -> Result 7Q10_high: Median T = 15.5 (N=7)
2026-07-22 11:48:10,594 - INFO - [storyline.analyze_storyline_discharge_extremes] -   Analyzing 7Q30_high for Slow Jet & Southward Shift (summer, GWL 3.0)...
2026-07-22 11:48:10,598 - INFO - [storyline.analyze_storyline_discharge_extremes] -     -> Result 7Q30_high: Median T = 15.5 (N=5)
2026-07-22 11:48:10,598 - INFO - [storyline.analyze_storyline_discharge_extremes] -   Analyzing 30Q10_low for Slow Jet & Southward Shift (summer, GWL 3.0)...
2026-07-22 11:48:10,602 - INFO - [storyline.analyze_storyline_discharge_extremes] -     -> Result 30Q10_low: Median T = 23.2 (N=4)
2026-07-22 11:48:10,602 - INFO - [storyline.analyze_storyline_discharge_extremes] -   Analyzing 30Q30_low for Slow Jet & Southward Shift (summer, GWL 3.0)...
2026-07-22 11:48:10,606 - INFO - [storyline.analyze_storyline_discharge_extremes] -     -> Result 30Q30_low: Median T = 23.2 (N=2)
2026-07-22 11:48:10,606 - INFO - [storyline.analyze_storyline_discharge_extremes] -   Analyzing 30Q10_high for Slow Jet & Southward Shift (summer, GWL 3.0)...
2026-07-22 11:48:10,610 - INFO - [storyline.analyze_storyline_discharge_extremes] -     -> Result 30Q10_high: Median T = 10.3 (N=7)
2026-07-22 11:48:10,610 - INFO - [storyline.analyze_storyline_discharge_extremes] -   Analyzing 30Q30_high for Slow Jet & Southward Shift (summer, GWL 3.0)...
2026-07-22 11:48:10,614 - INFO - [storyline.analyze_storyline_discharge_extremes] -     -> Result 30Q30_high: Median T = 15.5 (N=6)
2026-07-22 11:48:10,614 - INFO - [storyline.analyze_storyline_discharge_extremes] -   Analyzing 7Q10_low for Fast Jet & Southward Shift (summer, GWL 3.0)...
2026-07-22 11:48:10,617 - INFO - [storyline.analyze_storyline_discharge_extremes] -     -> Result 7Q10_low: Median T = 15.5 (N=5)
2026-07-22 11:48:10,617 - INFO - [storyline.analyze_storyline_discharge_extremes] -   Analyzing 7Q30_low for Fast Jet & Southward Shift (summer, GWL 3.0)...
2026-07-22 11:48:10,619 - INFO - [storyline.analyze_storyline_discharge_extremes] -     -> Result 7Q30_low: Median T = 10.8 (N=2)
2026-07-22 11:48:10,619 - INFO - [storyline.analyze_storyline_discharge_extremes] -   Analyzing 7Q10_high for Fast Jet & Southward Shift (summer, GWL 3.0)...
2026-07-22 11:48:10,622 - INFO - [storyline.analyze_storyline_discharge_extremes] -     -> Result 7Q10_high: Median T = 15.5 (N=5)
2026-07-22 11:48:10,622 - INFO - [storyline.analyze_storyline_discharge_extremes] -   Analyzing 7Q30_high for Fast Jet & Southward Shift (summer, GWL 3.0)...
2026-07-22 11:48:10,625 - INFO - [storyline.analyze_storyline_discharge_extremes] -     -> Result 7Q30_high: Median T = 31.0 (N=3)
2026-07-22 11:48:10,625 - INFO - [storyline.analyze_storyline_discharge_extremes] -   Analyzing 30Q10_low for Fast Jet & Southward Shift (summer, GWL 3.0)...
2026-07-22 11:48:10,628 - INFO - [storyline.analyze_storyline_discharge_extremes] -     -> Result 30Q10_low: Median T = 15.5 (N=5)
2026-07-22 11:48:10,628 - INFO - [storyline.analyze_storyline_discharge_extremes] -   Analyzing 30Q30_low for Fast Jet & Southward Shift (summer, GWL 3.0)...
2026-07-22 11:48:10,631 - INFO - [storyline.analyze_storyline_discharge_extremes] -     -> Result 30Q30_low: Median T = 31.0 (N=3)
2026-07-22 11:48:10,631 - INFO - [storyline.analyze_storyline_discharge_extremes] -   Analyzing 30Q10_high for Fast Jet & Southward Shift (summer, GWL 3.0)...
2026-07-22 11:48:10,634 - INFO - [storyline.analyze_storyline_discharge_extremes] -     -> Result 30Q10_high: Median T = 15.5 (N=5)
2026-07-22 11:48:10,634 - INFO - [storyline.analyze_storyline_discharge_extremes] -   Analyzing 30Q30_high for Fast Jet & Southward Shift (summer, GWL 3.0)...
2026-07-22 11:48:10,637 - INFO - [storyline.analyze_storyline_discharge_extremes] -     -> Result 30Q30_high: Median T = 31.0 (N=4)
2026-07-22 11:48:10,637 - INFO - [storyline.analyze_storyline_discharge_extremes] -   Analyzing 7Q10_low for Extreme Models (summer, GWL 3.0)...
2026-07-22 11:48:10,643 - INFO - [storyline.analyze_storyline_discharge_extremes] -     -> Result 7Q10_low: Median T = 4.5 (N=10)
2026-07-22 11:48:10,643 - INFO - [storyline.analyze_storyline_discharge_extremes] -   Analyzing 7Q30_low for Extreme Models (summer, GWL 3.0)...
2026-07-22 11:48:10,648 - INFO - [storyline.analyze_storyline_discharge_extremes] -     -> Result 7Q30_low: Median T = 6.2 (N=9)
2026-07-22 11:48:10,648 - INFO - [storyline.analyze_storyline_discharge_extremes] -   Analyzing 7Q10_high for Extreme Models (summer, GWL 3.0)...
2026-07-22 11:48:10,654 - INFO - [storyline.analyze_storyline_discharge_extremes] -     -> Result 7Q10_high: Median T = 15.5 (N=7)
2026-07-22 11:48:10,654 - INFO - [storyline.analyze_storyline_discharge_extremes] -   Analyzing 7Q30_high for Extreme Models (summer, GWL 3.0)...
2026-07-22 11:48:10,660 - INFO - [storyline.analyze_storyline_discharge_extremes] -     -> Result 7Q30_high: Median T = 23.2 (N=6)
2026-07-22 11:48:10,660 - INFO - [storyline.analyze_storyline_discharge_extremes] -   Analyzing 30Q10_low for Extreme Models (summer, GWL 3.0)...
2026-07-22 11:48:10,665 - INFO - [storyline.analyze_storyline_discharge_extremes] -     -> Result 30Q10_low: Median T = 3.4 (N=10)
2026-07-22 11:48:10,665 - INFO - [storyline.analyze_storyline_discharge_extremes] -   Analyzing 30Q30_low for Extreme Models (summer, GWL 3.0)...
2026-07-22 11:48:10,671 - INFO - [storyline.analyze_storyline_discharge_extremes] -     -> Result 30Q30_low: Median T = 6.2 (N=10)
2026-07-22 11:48:10,671 - INFO - [storyline.analyze_storyline_discharge_extremes] -   Analyzing 30Q10_high for Extreme Models (summer, GWL 3.0)...
2026-07-22 11:48:10,676 - INFO - [storyline.analyze_storyline_discharge_extremes] -     -> Result 30Q10_high: Median T = 15.5 (N=6)
2026-07-22 11:48:10,676 - INFO - [storyline.analyze_storyline_discharge_extremes] -   Analyzing 30Q30_high for Extreme Models (summer, GWL 3.0)...
2026-07-22 11:48:10,682 - INFO - [storyline.analyze_storyline_discharge_extremes] -     -> Result 30Q30_high: Median T = 31.0 (N=5)
2026-07-22 11:48:10,682 - INFO - [storyline.analyze_storyline_discharge_extremes] -   Analyzing 7Q10_low for Non-Extreme Models (summer, GWL 3.0)...
2026-07-22 11:48:10,687 - INFO - [storyline.analyze_storyline_discharge_extremes] -     -> Result 7Q10_low: Median T = 31.0 (N=2)
2026-07-22 11:48:10,688 - INFO - [storyline.analyze_storyline_discharge_extremes] -   Analyzing 7Q30_low for Non-Extreme Models (summer, GWL 3.0)...
2026-07-22 11:48:10,693 - INFO - [storyline.analyze_storyline_discharge_extremes] -     -> Result 7Q30_low: Median T = nan (N=0)
2026-07-22 11:48:10,693 - INFO - [storyline.analyze_storyline_discharge_extremes] -   Analyzing 7Q10_high for Non-Extreme Models (summer, GWL 3.0)...
2026-07-22 11:48:10,699 - INFO - [storyline.analyze_storyline_discharge_extremes] -     -> Result 7Q10_high: Median T = 15.5 (N=10)
2026-07-22 11:48:10,699 - INFO - [storyline.analyze_storyline_discharge_extremes] -   Analyzing 7Q30_high for Non-Extreme Models (summer, GWL 3.0)...
2026-07-22 11:48:10,704 - INFO - [storyline.analyze_storyline_discharge_extremes] -     -> Result 7Q30_high: Median T = 15.5 (N=8)
2026-07-22 11:48:10,704 - INFO - [storyline.analyze_storyline_discharge_extremes] -   Analyzing 30Q10_low for Non-Extreme Models (summer, GWL 3.0)...
2026-07-22 11:48:10,710 - INFO - [storyline.analyze_storyline_discharge_extremes] -     -> Result 30Q10_low: Median T = 31.0 (N=4)
2026-07-22 11:48:10,710 - INFO - [storyline.analyze_storyline_discharge_extremes] -   Analyzing 30Q30_low for Non-Extreme Models (summer, GWL 3.0)...
2026-07-22 11:48:10,715 - INFO - [storyline.analyze_storyline_discharge_extremes] -     -> Result 30Q30_low: Median T = 31.0 (N=1)
2026-07-22 11:48:10,715 - INFO - [storyline.analyze_storyline_discharge_extremes] -   Analyzing 30Q10_high for Non-Extreme Models (summer, GWL 3.0)...
2026-07-22 11:48:10,721 - INFO - [storyline.analyze_storyline_discharge_extremes] -     -> Result 30Q10_high: Median T = 12.9 (N=10)
2026-07-22 11:48:10,721 - INFO - [storyline.analyze_storyline_discharge_extremes] -   Analyzing 30Q30_high for Non-Extreme Models (summer, GWL 3.0)...
2026-07-22 11:48:10,727 - INFO - [storyline.analyze_storyline_discharge_extremes] -     -> Result 30Q30_high: Median T = 15.5 (N=9)
2026-07-22 11:48:10,727 - INFO - [storyline.analyze_storyline_discharge_extremes] -   Analyzing 7Q10_low for MMM (full_year, GWL 3.0)...
2026-07-22 11:48:10,744 - INFO - [storyline.analyze_storyline_discharge_extremes] -     -> Result 7Q10_low: Median T = 5.3 (N=26)
2026-07-22 11:48:10,744 - INFO - [storyline.analyze_storyline_discharge_extremes] -   Analyzing 7Q30_low for MMM (full_year, GWL 3.0)...
2026-07-22 11:48:10,760 - INFO - [storyline.analyze_storyline_discharge_extremes] -     -> Result 7Q30_low: Median T = 15.5 (N=18)
2026-07-22 11:48:10,760 - INFO - [storyline.analyze_storyline_discharge_extremes] -   Analyzing 7Q10_high for MMM (full_year, GWL 3.0)...
2026-07-22 11:48:10,777 - INFO - [storyline.analyze_storyline_discharge_extremes] -     -> Result 7Q10_high: Median T = 10.3 (N=29)
2026-07-22 11:48:10,777 - INFO - [storyline.analyze_storyline_discharge_extremes] -   Analyzing 7Q30_high for MMM (full_year, GWL 3.0)...
2026-07-22 11:48:10,794 - INFO - [storyline.analyze_storyline_discharge_extremes] -     -> Result 7Q30_high: Median T = 15.5 (N=22)
2026-07-22 11:48:10,794 - INFO - [storyline.analyze_storyline_discharge_extremes] -   Analyzing 30Q10_low for MMM (full_year, GWL 3.0)...
2026-07-22 11:48:10,811 - INFO - [storyline.analyze_storyline_discharge_extremes] -     -> Result 30Q10_low: Median T = 4.4 (N=27)
2026-07-22 11:48:10,811 - INFO - [storyline.analyze_storyline_discharge_extremes] -   Analyzing 30Q30_low for MMM (full_year, GWL 3.0)...
2026-07-22 11:48:10,828 - INFO - [storyline.analyze_storyline_discharge_extremes] -     -> Result 30Q30_low: Median T = 15.5 (N=19)
2026-07-22 11:48:10,828 - INFO - [storyline.analyze_storyline_discharge_extremes] -   Analyzing 30Q10_high for MMM (full_year, GWL 3.0)...
2026-07-22 11:48:10,845 - INFO - [storyline.analyze_storyline_discharge_extremes] -     -> Result 30Q10_high: Median T = 7.8 (N=28)
2026-07-22 11:48:10,845 - INFO - [storyline.analyze_storyline_discharge_extremes] -   Analyzing 30Q30_high for MMM (full_year, GWL 3.0)...
2026-07-22 11:48:10,861 - INFO - [storyline.analyze_storyline_discharge_extremes] -     -> Result 30Q30_high: Median T = 15.5 (N=22)
2026-07-22 11:48:10,861 - INFO - [storyline.analyze_storyline_discharge_extremes] -   Analyzing 7Q10_low for Fast Jet & Northward Shift (full_year, GWL 3.0)...
2026-07-22 11:48:10,865 - INFO - [storyline.analyze_storyline_discharge_extremes] -     -> Result 7Q10_low: Median T = 3.9 (N=7)
2026-07-22 11:48:10,866 - INFO - [storyline.analyze_storyline_discharge_extremes] -   Analyzing 7Q30_low for Fast Jet & Northward Shift (full_year, GWL 3.0)...
2026-07-22 11:48:10,869 - INFO - [storyline.analyze_storyline_discharge_extremes] -     -> Result 7Q30_low: Median T = 10.3 (N=6)
2026-07-22 11:48:10,870 - INFO - [storyline.analyze_storyline_discharge_extremes] -   Analyzing 7Q10_high for Fast Jet & Northward Shift (full_year, GWL 3.0)...
2026-07-22 11:48:10,874 - INFO - [storyline.analyze_storyline_discharge_extremes] -     -> Result 7Q10_high: Median T = 10.3 (N=5)
2026-07-22 11:48:10,874 - INFO - [storyline.analyze_storyline_discharge_extremes] -   Analyzing 7Q30_high for Fast Jet & Northward Shift (full_year, GWL 3.0)...
2026-07-22 11:48:10,878 - INFO - [storyline.analyze_storyline_discharge_extremes] -     -> Result 7Q30_high: Median T = 15.5 (N=3)
2026-07-22 11:48:10,878 - INFO - [storyline.analyze_storyline_discharge_extremes] -   Analyzing 30Q10_low for Fast Jet & Northward Shift (full_year, GWL 3.0)...
2026-07-22 11:48:10,882 - INFO - [storyline.analyze_storyline_discharge_extremes] -     -> Result 30Q10_low: Median T = 4.4 (N=7)
2026-07-22 11:48:10,882 - INFO - [storyline.analyze_storyline_discharge_extremes] -   Analyzing 30Q30_low for Fast Jet & Northward Shift (full_year, GWL 3.0)...
2026-07-22 11:48:10,886 - INFO - [storyline.analyze_storyline_discharge_extremes] -     -> Result 30Q30_low: Median T = 4.4 (N=5)
2026-07-22 11:48:10,886 - INFO - [storyline.analyze_storyline_discharge_extremes] -   Analyzing 30Q10_high for Fast Jet & Northward Shift (full_year, GWL 3.0)...
2026-07-22 11:48:10,890 - INFO - [storyline.analyze_storyline_discharge_extremes] -     -> Result 30Q10_high: Median T = 15.5 (N=5)
2026-07-22 11:48:10,890 - INFO - [storyline.analyze_storyline_discharge_extremes] -   Analyzing 30Q30_high for Fast Jet & Northward Shift (full_year, GWL 3.0)...
2026-07-22 11:48:10,894 - INFO - [storyline.analyze_storyline_discharge_extremes] -     -> Result 30Q30_high: Median T = 31.0 (N=1)
2026-07-22 11:48:10,894 - INFO - [storyline.analyze_storyline_discharge_extremes] -   Analyzing 7Q10_low for Slow Jet & Northward Shift (full_year, GWL 3.0)...
2026-07-22 11:48:10,895 - INFO - [storyline.analyze_storyline_discharge_extremes] -     -> Result 7Q10_low: Median T = 18.6 (N=2)
2026-07-22 11:48:10,895 - INFO - [storyline.analyze_storyline_discharge_extremes] -   Analyzing 7Q30_low for Slow Jet & Northward Shift (full_year, GWL 3.0)...
2026-07-22 11:48:10,896 - INFO - [storyline.analyze_storyline_discharge_extremes] -     -> Result 7Q30_low: Median T = 31.0 (N=1)
2026-07-22 11:48:10,896 - INFO - [storyline.analyze_storyline_discharge_extremes] -   Analyzing 7Q10_high for Slow Jet & Northward Shift (full_year, GWL 3.0)...
2026-07-22 11:48:10,898 - INFO - [storyline.analyze_storyline_discharge_extremes] -     -> Result 7Q10_high: Median T = 4.8 (N=2)
2026-07-22 11:48:10,898 - INFO - [storyline.analyze_storyline_discharge_extremes] -   Analyzing 7Q30_high for Slow Jet & Northward Shift (full_year, GWL 3.0)...
2026-07-22 11:48:10,899 - INFO - [storyline.analyze_storyline_discharge_extremes] -     -> Result 7Q30_high: Median T = 7.4 (N=2)
2026-07-22 11:48:10,899 - INFO - [storyline.analyze_storyline_discharge_extremes] -   Analyzing 30Q10_low for Slow Jet & Northward Shift (full_year, GWL 3.0)...
2026-07-22 11:48:10,900 - INFO - [storyline.analyze_storyline_discharge_extremes] -     -> Result 30Q10_low: Median T = 17.7 (N=2)
2026-07-22 11:48:10,900 - INFO - [storyline.analyze_storyline_discharge_extremes] -   Analyzing 30Q30_low for Slow Jet & Northward Shift (full_year, GWL 3.0)...
2026-07-22 11:48:10,901 - INFO - [storyline.analyze_storyline_discharge_extremes] -     -> Result 30Q30_low: Median T = 15.5 (N=1)
2026-07-22 11:48:10,902 - INFO - [storyline.analyze_storyline_discharge_extremes] -   Analyzing 30Q10_high for Slow Jet & Northward Shift (full_year, GWL 3.0)...
2026-07-22 11:48:10,903 - INFO - [storyline.analyze_storyline_discharge_extremes] -     -> Result 30Q10_high: Median T = 4.5 (N=2)
2026-07-22 11:48:10,903 - INFO - [storyline.analyze_storyline_discharge_extremes] -   Analyzing 30Q30_high for Slow Jet & Northward Shift (full_year, GWL 3.0)...
2026-07-22 11:48:10,904 - INFO - [storyline.analyze_storyline_discharge_extremes] -     -> Result 30Q30_high: Median T = 6.5 (N=2)
2026-07-22 11:48:10,904 - INFO - [storyline.analyze_storyline_discharge_extremes] -   Analyzing 7Q10_low for Slow Jet & Southward Shift (full_year, GWL 3.0)...
2026-07-22 11:48:10,909 - INFO - [storyline.analyze_storyline_discharge_extremes] -     -> Result 7Q10_low: Median T = 7.8 (N=7)
2026-07-22 11:48:10,909 - INFO - [storyline.analyze_storyline_discharge_extremes] -   Analyzing 7Q30_low for Slow Jet & Southward Shift (full_year, GWL 3.0)...
2026-07-22 11:48:10,914 - INFO - [storyline.analyze_storyline_discharge_extremes] -     -> Result 7Q30_low: Median T = 31.0 (N=5)
2026-07-22 11:48:10,914 - INFO - [storyline.analyze_storyline_discharge_extremes] -   Analyzing 7Q10_high for Slow Jet & Southward Shift (full_year, GWL 3.0)...
2026-07-22 11:48:10,919 - INFO - [storyline.analyze_storyline_discharge_extremes] -     -> Result 7Q10_high: Median T = 10.3 (N=9)
2026-07-22 11:48:10,919 - INFO - [storyline.analyze_storyline_discharge_extremes] -   Analyzing 7Q30_high for Slow Jet & Southward Shift (full_year, GWL 3.0)...
2026-07-22 11:48:10,924 - INFO - [storyline.analyze_storyline_discharge_extremes] -     -> Result 7Q30_high: Median T = 15.5 (N=7)
2026-07-22 11:48:10,924 - INFO - [storyline.analyze_storyline_discharge_extremes] -   Analyzing 30Q10_low for Slow Jet & Southward Shift (full_year, GWL 3.0)...
2026-07-22 11:48:10,929 - INFO - [storyline.analyze_storyline_discharge_extremes] -     -> Result 30Q10_low: Median T = 7.8 (N=7)
2026-07-22 11:48:10,929 - INFO - [storyline.analyze_storyline_discharge_extremes] -   Analyzing 30Q30_low for Slow Jet & Southward Shift (full_year, GWL 3.0)...
2026-07-22 11:48:10,934 - INFO - [storyline.analyze_storyline_discharge_extremes] -     -> Result 30Q30_low: Median T = 31.0 (N=6)
2026-07-22 11:48:10,934 - INFO - [storyline.analyze_storyline_discharge_extremes] -   Analyzing 30Q10_high for Slow Jet & Southward Shift (full_year, GWL 3.0)...
2026-07-22 11:48:10,939 - INFO - [storyline.analyze_storyline_discharge_extremes] -     -> Result 30Q10_high: Median T = 7.8 (N=9)
2026-07-22 11:48:10,939 - INFO - [storyline.analyze_storyline_discharge_extremes] -   Analyzing 30Q30_high for Slow Jet & Southward Shift (full_year, GWL 3.0)...
2026-07-22 11:48:10,944 - INFO - [storyline.analyze_storyline_discharge_extremes] -     -> Result 30Q30_high: Median T = 15.5 (N=8)
2026-07-22 11:48:10,945 - INFO - [storyline.analyze_storyline_discharge_extremes] -   Analyzing 7Q10_low for Fast Jet & Southward Shift (full_year, GWL 3.0)...
2026-07-22 11:48:10,947 - INFO - [storyline.analyze_storyline_discharge_extremes] -     -> Result 7Q10_low: Median T = 3.3 (N=4)
2026-07-22 11:48:10,947 - INFO - [storyline.analyze_storyline_discharge_extremes] -   Analyzing 7Q30_low for Fast Jet & Southward Shift (full_year, GWL 3.0)...
2026-07-22 11:48:10,949 - INFO - [storyline.analyze_storyline_discharge_extremes] -     -> Result 7Q30_low: Median T = 8.3 (N=4)
2026-07-22 11:48:10,949 - INFO - [storyline.analyze_storyline_discharge_extremes] -   Analyzing 7Q10_high for Fast Jet & Southward Shift (full_year, GWL 3.0)...
2026-07-22 11:48:10,952 - INFO - [storyline.analyze_storyline_discharge_extremes] -     -> Result 7Q10_high: Median T = 12.9 (N=4)
2026-07-22 11:48:10,952 - INFO - [storyline.analyze_storyline_discharge_extremes] -   Analyzing 7Q30_high for Fast Jet & Southward Shift (full_year, GWL 3.0)...
2026-07-22 11:48:10,954 - INFO - [storyline.analyze_storyline_discharge_extremes] -     -> Result 7Q30_high: Median T = 15.5 (N=3)
2026-07-22 11:48:10,954 - INFO - [storyline.analyze_storyline_discharge_extremes] -   Analyzing 30Q10_low for Fast Jet & Southward Shift (full_year, GWL 3.0)...
2026-07-22 11:48:10,957 - INFO - [storyline.analyze_storyline_discharge_extremes] -     -> Result 30Q10_low: Median T = 3.4 (N=4)
2026-07-22 11:48:10,957 - INFO - [storyline.analyze_storyline_discharge_extremes] -   Analyzing 30Q30_low for Fast Jet & Southward Shift (full_year, GWL 3.0)...
2026-07-22 11:48:10,959 - INFO - [storyline.analyze_storyline_discharge_extremes] -     -> Result 30Q30_low: Median T = 9.0 (N=4)
2026-07-22 11:48:10,959 - INFO - [storyline.analyze_storyline_discharge_extremes] -   Analyzing 30Q10_high for Fast Jet & Southward Shift (full_year, GWL 3.0)...
2026-07-22 11:48:10,961 - INFO - [storyline.analyze_storyline_discharge_extremes] -     -> Result 30Q10_high: Median T = 19.4 (N=4)
2026-07-22 11:48:10,961 - INFO - [storyline.analyze_storyline_discharge_extremes] -   Analyzing 30Q30_high for Fast Jet & Southward Shift (full_year, GWL 3.0)...
2026-07-22 11:48:10,964 - INFO - [storyline.analyze_storyline_discharge_extremes] -     -> Result 30Q30_high: Median T = 31.0 (N=3)
2026-07-22 11:48:10,964 - INFO - [storyline.analyze_storyline_discharge_extremes] -   Analyzing 7Q10_low for Extreme Models (full_year, GWL 3.0)...
2026-07-22 11:48:10,970 - INFO - [storyline.analyze_storyline_discharge_extremes] -     -> Result 7Q10_low: Median T = 3.0 (N=10)
2026-07-22 11:48:10,970 - INFO - [storyline.analyze_storyline_discharge_extremes] -   Analyzing 7Q30_low for Extreme Models (full_year, GWL 3.0)...
2026-07-22 11:48:10,975 - INFO - [storyline.analyze_storyline_discharge_extremes] -     -> Result 7Q30_low: Median T = 5.7 (N=10)
2026-07-22 11:48:10,975 - INFO - [storyline.analyze_storyline_discharge_extremes] -   Analyzing 7Q10_high for Extreme Models (full_year, GWL 3.0)...
2026-07-22 11:48:10,981 - INFO - [storyline.analyze_storyline_discharge_extremes] -     -> Result 7Q10_high: Median T = 10.3 (N=9)
2026-07-22 11:48:10,981 - INFO - [storyline.analyze_storyline_discharge_extremes] -   Analyzing 7Q30_high for Extreme Models (full_year, GWL 3.0)...
2026-07-22 11:48:10,986 - INFO - [storyline.analyze_storyline_discharge_extremes] -     -> Result 7Q30_high: Median T = 15.5 (N=6)
2026-07-22 11:48:10,986 - INFO - [storyline.analyze_storyline_discharge_extremes] -   Analyzing 30Q10_low for Extreme Models (full_year, GWL 3.0)...
2026-07-22 11:48:10,992 - INFO - [storyline.analyze_storyline_discharge_extremes] -     -> Result 30Q10_low: Median T = 2.7 (N=10)
2026-07-22 11:48:10,992 - INFO - [storyline.analyze_storyline_discharge_extremes] -   Analyzing 30Q30_low for Extreme Models (full_year, GWL 3.0)...
2026-07-22 11:48:10,998 - INFO - [storyline.analyze_storyline_discharge_extremes] -     -> Result 30Q30_low: Median T = 6.5 (N=10)
2026-07-22 11:48:10,998 - INFO - [storyline.analyze_storyline_discharge_extremes] -   Analyzing 30Q10_high for Extreme Models (full_year, GWL 3.0)...
2026-07-22 11:48:11,003 - INFO - [storyline.analyze_storyline_discharge_extremes] -     -> Result 30Q10_high: Median T = 15.5 (N=9)
2026-07-22 11:48:11,003 - INFO - [storyline.analyze_storyline_discharge_extremes] -   Analyzing 30Q30_high for Extreme Models (full_year, GWL 3.0)...
2026-07-22 11:48:11,009 - INFO - [storyline.analyze_storyline_discharge_extremes] -     -> Result 30Q30_high: Median T = 23.2 (N=6)
2026-07-22 11:48:11,009 - INFO - [storyline.analyze_storyline_discharge_extremes] -   Analyzing 7Q10_low for Non-Extreme Models (full_year, GWL 3.0)...
2026-07-22 11:48:11,014 - INFO - [storyline.analyze_storyline_discharge_extremes] -     -> Result 7Q10_low: Median T = 31.0 (N=5)
2026-07-22 11:48:11,014 - INFO - [storyline.analyze_storyline_discharge_extremes] -   Analyzing 7Q30_low for Non-Extreme Models (full_year, GWL 3.0)...
2026-07-22 11:48:11,020 - INFO - [storyline.analyze_storyline_discharge_extremes] -     -> Result 7Q30_low: Median T = 31.0 (N=2)
2026-07-22 11:48:11,020 - INFO - [storyline.analyze_storyline_discharge_extremes] -   Analyzing 7Q10_high for Non-Extreme Models (full_year, GWL 3.0)...
2026-07-22 11:48:11,025 - INFO - [storyline.analyze_storyline_discharge_extremes] -     -> Result 7Q10_high: Median T = 5.7 (N=10)
2026-07-22 11:48:11,025 - INFO - [storyline.analyze_storyline_discharge_extremes] -   Analyzing 7Q30_high for Non-Extreme Models (full_year, GWL 3.0)...
2026-07-22 11:48:11,031 - INFO - [storyline.analyze_storyline_discharge_extremes] -     -> Result 7Q30_high: Median T = 15.5 (N=8)
2026-07-22 11:48:11,031 - INFO - [storyline.analyze_storyline_discharge_extremes] -   Analyzing 30Q10_low for Non-Extreme Models (full_year, GWL 3.0)...
2026-07-22 11:48:11,037 - INFO - [storyline.analyze_storyline_discharge_extremes] -     -> Result 30Q10_low: Median T = 31.0 (N=6)
2026-07-22 11:48:11,037 - INFO - [storyline.analyze_storyline_discharge_extremes] -   Analyzing 30Q30_low for Non-Extreme Models (full_year, GWL 3.0)...
2026-07-22 11:48:11,042 - INFO - [storyline.analyze_storyline_discharge_extremes] -     -> Result 30Q30_low: Median T = 31.0 (N=2)
2026-07-22 11:48:11,042 - INFO - [storyline.analyze_storyline_discharge_extremes] -   Analyzing 30Q10_high for Non-Extreme Models (full_year, GWL 3.0)...
2026-07-22 11:48:11,048 - INFO - [storyline.analyze_storyline_discharge_extremes] -     -> Result 30Q10_high: Median T = 7.0 (N=10)
2026-07-22 11:48:11,048 - INFO - [storyline.analyze_storyline_discharge_extremes] -   Analyzing 30Q30_high for Non-Extreme Models (full_year, GWL 3.0)...
2026-07-22 11:48:11,053 - INFO - [storyline.analyze_storyline_discharge_extremes] -     -> Result 30Q30_high: Median T = 15.5 (N=9)
2026-07-22 11:48:11,054 - INFO - [visualization.plot_storyline_return_period_half_year] - Plotting POOLED GEV return period (6-row, 9-col, Full-Year-MMM) for ssp585...
2026-07-22 11:48:12,649 - INFO - [visualization.plot_storyline_return_period_half_year] - Applying shared column X-limits (Low-Flow and High-Flow separately)...
2026-07-22 11:48:16,167 - INFO - [visualization.plot_storyline_return_period_half_year] - Saved REORGANIZED return period plot (6-row, Empirical, Full-Year-MMM) to /nas/home/vlw/Desktop/STREAM/paper1-plots/storyline_discharge_return_period_BY_EVENT_ssp585.png
2026-07-22 11:48:16,168 - INFO - [visualization.plot_historical_seasonal_verification] - Plotting seasonal verification bar chart (Historical + Future GWLs)...
2026-07-22 11:48:16,878 - INFO - [visualization.plot_historical_seasonal_verification] - Saved seasonal verification plot to /nas/home/vlw/Desktop/STREAM/paper1-plots/historical_seasonal_verification_ssp585.png
2026-07-22 11:48:16,878 - INFO - [visualization.plot_core_finding_gev_panel] - Plotting Figure 3 (Core Finding Empirical Panel) with BROKEN AXIS for ssp585...
2026-07-22 11:48:17,335 - INFO - [visualization.plot_core_finding_gev_panel] - Saved Figure 3 to /nas/home/vlw/Desktop/STREAM/paper1-plots/Figure3_core_finding_regime_shift_ssp585.png
2026-07-22 11:48:17,335 - INFO - [visualization.plot_final_figure_2_shift_and_verification] - Plotting Final Figure 2 (Combined Shift and Verification) for ssp585...
2026-07-22 11:48:19,016 - INFO - [visualization.plot_final_figure_2_shift_and_verification] - Saved Final Figure 2 to /nas/home/vlw/Desktop/STREAM/paper1-plots/final_figure_2_regime_shift_and_verification_ssp585.png and /nas/home/vlw/Desktop/STREAM/paper1-plots/final_figure_2_regime_shift_and_verification_ssp585.pdf
2026-07-22 11:48:19,016 - INFO - [main.run_full_analysis] - Discharge extreme events plot not found or requested to recreate. Creating...
2026-07-22 11:48:19,017 - INFO - [visualization.plot_discharge_events_extreme_timeseries] - Plotting extreme discharge events timeseries for ssp585...
2026-07-22 11:48:19,541 - INFO - [visualization.plot_discharge_events_extreme_timeseries] - Saved extreme discharge events timeseries plot to /nas/home/vlw/Desktop/STREAM/paper1-plots/storyline_discharge_events_extremes_ssp585.png
2026-07-22 11:48:19,542 - INFO - [main.run_full_analysis] - Z500 composite plot for GWL 2.0, Winter already exists.
2026-07-22 11:48:19,543 - INFO - [main.run_full_analysis] - Z500 composite plot for GWL 2.0, Summer already exists.
2026-07-22 11:48:19,543 - INFO - [main.run_full_analysis] - Z500 composite plot for GWL 3.0, Winter already exists.
2026-07-22 11:48:19,543 - INFO - [main.run_full_analysis] - Z500 composite plot for GWL 3.0, Summer already exists.
2026-07-22 11:48:19,544 - INFO - [main.run_full_analysis] - PSL composite plot for GWL 2.0, Winter already exists.
2026-07-22 11:48:19,545 - INFO - [main.run_full_analysis] - PSL composite plot for GWL 2.0, Summer already exists.
2026-07-22 11:48:19,545 - INFO - [main.run_full_analysis] - PSL composite plot for GWL 3.0, Winter already exists.
2026-07-22 11:48:19,545 - INFO - [main.run_full_analysis] - PSL composite plot for GWL 3.0, Summer already exists.
2026-07-22 11:48:19,546 - INFO - [main.run_full_analysis] - PR composite plots already exist, but calculating data for missing Final Figure 4...
2026-07-22 11:48:19,546 - INFO - [storyline.calculate_pr_composites_for_extremes] - Calculating PR composites for event '30Q10_low' at GWL +2.0°C, Season=Winter (Top/Bottom 12 models)...
2026-07-22 11:48:19,546 - INFO - [storyline.calculate_pr_composites_for_extremes] - [PR DEBUG] Keys for ACCESS-CM2_ssp585: ['1Q_low_winter', '1Q_high_winter', '7Q_low_winter', '7Q_high_winter', '30Q_low_winter', '30Q_high_winter', '1Q_low_summer', '1Q_high_summer', '7Q_low_summer', '7Q_high_summer', '30Q_low_summer', '30Q_high_summer', '1Q_low_full_year', '1Q_high_full_year', '7Q_low_full_year', '7Q_high_full_year', '30Q_low_full_year', '30Q_high_full_year', 'Mar_discharge', 'Apr_discharge', 'May_discharge', 'Sep_discharge', 'Oct_discharge', 'Nov_discharge', 'DJF_JetSpeed', 'DJF_JetLat', 'DJF_pr', 'DJF_tas', 'DJF_discharge', 'JJA_JetSpeed', 'JJA_JetLat', 'JJA_pr', 'JJA_tas', 'JJA_discharge', 'Hydro_Winter_JetSpeed', 'Hydro_Winter_JetLat', 'Hydro_Summer_JetSpeed', 'Hydro_Summer_JetLat', 'Annual_tas', 'Annual_pr', 'Annual_discharge', 'Annual_spei']
2026-07-22 11:48:19,566 - INFO - [storyline.calculate_pr_composites_for_extremes] -   Calculated Return Periods for 31 models.
2026-07-22 11:48:19,590 - INFO - [storyline.calculate_pr_composites_for_extremes] -   PR Extreme Models (Shortest T): ['BCC-CSM2-MR_ssp585', 'CESM2_ssp585', 'CNRM-CM6-1_ssp585', 'CNRM-CM6-1-HR_ssp585', 'ACCESS-ESM1-5_ssp585', 'CMCC-ESM2_ssp585', 'MPI-ESM1-2-HR_ssp585', 'HadGEM3-GC31-LL_ssp585', 'HadGEM3-GC31-MM_ssp585', 'INM-CM5-0_ssp585']
2026-07-22 11:48:19,590 - INFO - [storyline.calculate_pr_composites_for_extremes] -   PR Non-Extreme Models (Longest T): ['EC-Earth3-CC_ssp585', 'IPSL-CM6A-LR_ssp585', 'MRI-ESM2-0_ssp585', 'UKESM1-0-LL_ssp585', 'E3SM-1-0_ssp585', 'EC-Earth3-Veg-LR_ssp585', 'GFDL-ESM4_ssp585', 'INM-CM4-8_ssp585', 'MIROC-ES2L_ssp585', 'MIROC6_ssp585']
2026-07-22 11:48:19,742 - INFO - [storyline.find_cmip6_pr_file] - Including non-standard file to fill gap: pr_Amon_CESM2_ssp585_r4i1p1f1_gn_20150115-21001215_regridded.nc
2026-07-22 11:48:19,883 - INFO - [storyline.find_cmip6_pr_file] - Including non-standard file to fill gap: pr_Amon_CNRM-CM6-1_ssp585_r1i1p1f2_gr_20150116-21001216_regridded.nc
2026-07-22 11:48:20,023 - INFO - [storyline.find_cmip6_pr_file] - Including non-standard file to fill gap: pr_Amon_CNRM-CM6-1-HR_ssp585_r1i1p1f2_gr_20150116-21001216_regridded.nc
2026-07-22 11:48:20,764 - INFO - [storyline.find_cmip6_pr_file] - Including non-standard file to fill gap: pr_Amon_HadGEM3-GC31-LL_ssp585_r1i1p1f3_gn_20150116-21001216_regridded.nc
2026-07-22 11:48:20,891 - INFO - [storyline.find_cmip6_pr_file] - Including non-standard file to fill gap: pr_Amon_HadGEM3-GC31-MM_ssp585_r1i1p1f3_gn_20150116-21001216_regridded.nc
2026-07-22 11:48:21,170 - WARNING - [storyline.find_cmip6_pr_file] - Excluding overlapping non-standard file: pr_Amon_EC-Earth3-CC_ssp585_r1i1p1f1_gr_20260116-21001216_regridded.nc
2026-07-22 11:48:22,027 - INFO - [storyline.find_cmip6_pr_file] - Including non-standard file to fill gap: pr_Amon_MRI-ESM2-0_ssp585_r1i1p1f1_gn_20150116-23001216_regridded.nc
2026-07-22 11:48:22,161 - INFO - [storyline.find_cmip6_pr_file] - Including non-standard file to fill gap: pr_Amon_UKESM1-0-LL_ssp585_r1i1p1f2_gn_20150116-21001216_regridded.nc
2026-07-22 11:48:22,460 - WARNING - [storyline.find_cmip6_pr_file] - Excluding overlapping non-standard file: pr_Amon_EC-Earth3-Veg-LR_ssp585_r1i1p1f1_gr_20420116-21001216_regridded.nc
2026-07-22 11:48:23,427 - INFO - [storyline.find_cmip6_pr_file] - Including non-standard file to fill gap: pr_Amon_MIROC-ES2L_ssp585_r1i1p1f2_gn_20150116-21001216_regridded.nc
2026-07-22 11:48:23,716 - INFO - [storyline.find_cmip6_pr_historical_file] - Selected historical PR member 'r1i1p1f1' for BCC-CSM2-MR from available: ['r1i1p1f1']
2026-07-22 11:48:23,918 - INFO - [storyline.find_cmip6_pr_historical_file] - Selected historical PR member 'r1i1p1f1' for CESM2 from available: ['r1i1p1f1']
2026-07-22 11:48:24,127 - INFO - [storyline.find_cmip6_pr_historical_file] - Selected historical PR member 'r1i1p1f2' for CNRM-CM6-1 from available: ['r1i1p1f2']
2026-07-22 11:48:24,127 - INFO - [storyline.find_cmip6_pr_historical_file] - Including non-standard historical PR file to fill gap: pr_Amon_CNRM-CM6-1_historical_r1i1p1f2_gr_18500116-20141216_regridded.nc
2026-07-22 11:48:24,336 - INFO - [storyline.find_cmip6_pr_historical_file] - Selected historical PR member 'r1i1p1f2' for CNRM-CM6-1-HR from available: ['r1i1p1f2']
2026-07-22 11:48:24,336 - INFO - [storyline.find_cmip6_pr_historical_file] - Including non-standard historical PR file to fill gap: pr_Amon_CNRM-CM6-1-HR_historical_r1i1p1f2_gr_18500116-20100916_regridded.nc
2026-07-22 11:48:24,336 - INFO - [storyline.find_cmip6_pr_historical_file] - Including non-standard historical PR file to fill gap: pr_Amon_CNRM-CM6-1-HR_historical_r1i1p1f2_gr_20101016-20141216_regridded.nc
2026-07-22 11:48:24,593 - INFO - [storyline.find_cmip6_pr_historical_file] - Selected historical PR member 'r1i1p1f1' for ACCESS-ESM1-5 from available: ['r1i1p1f1']
2026-07-22 11:48:24,803 - INFO - [storyline.find_cmip6_pr_historical_file] - Selected historical PR member 'r1i1p1f1' for CMCC-ESM2 from available: ['r1i1p1f1']
2026-07-22 11:48:25,013 - INFO - [storyline.find_cmip6_pr_historical_file] - Selected historical PR member 'r1i1p1f1' for MPI-ESM1-2-HR from available: ['r1i1p1f1']
2026-07-22 11:48:25,013 - INFO - [storyline.find_cmip6_pr_historical_file] - Including non-standard historical PR file to fill gap: pr_Amon_MPI-ESM1-2-HR_historical_r1i1p1f1_gn_19000116-19041216_regridded.nc
2026-07-22 11:48:25,486 - INFO - [storyline.find_cmip6_pr_historical_file] - Selected historical PR member 'r1i1p1f3' for HadGEM3-GC31-LL from available: ['r1i1p1f3']
2026-07-22 11:48:25,486 - INFO - [storyline.find_cmip6_pr_historical_file] - Including non-standard historical PR file to fill gap: pr_Amon_HadGEM3-GC31-LL_historical_r1i1p1f3_gn_18500116-20141216_regridded.nc
2026-07-22 11:48:25,692 - INFO - [storyline.find_cmip6_pr_historical_file] - Selected historical PR member 'r1i1p1f3' for HadGEM3-GC31-MM from available: ['r1i1p1f3']
2026-07-22 11:48:25,693 - INFO - [storyline.find_cmip6_pr_historical_file] - Including non-standard historical PR file to fill gap: pr_Amon_HadGEM3-GC31-MM_historical_r1i1p1f3_gn_18500116-20141216_regridded.nc
2026-07-22 11:48:26,322 - INFO - [storyline.find_cmip6_pr_historical_file] - Selected historical PR member 'r1i1p1f1' for INM-CM5-0 from available: ['r1i1p1f1']
2026-07-22 11:48:26,572 - INFO - [storyline.find_cmip6_pr_historical_file] - Selected historical PR member 'r1i1p1f1' for EC-Earth3-CC from available: ['r1i1p1f1']
2026-07-22 11:48:27,885 - INFO - [storyline.find_cmip6_pr_historical_file] - Selected historical PR member 'r1i1p1f1' for IPSL-CM6A-LR from available: ['r1i1p1f1']
2026-07-22 11:48:28,075 - INFO - [storyline.find_cmip6_pr_historical_file] - Selected historical PR member 'r1i1p1f1' for MRI-ESM2-0 from available: ['r1i1p1f1']
2026-07-22 11:48:28,075 - INFO - [storyline.find_cmip6_pr_historical_file] - Including non-standard historical PR file to fill gap: pr_Amon_MRI-ESM2-0_historical_r1i1p1f1_gn_18500116-20141216_regridded.nc
2026-07-22 11:48:28,289 - INFO - [storyline.find_cmip6_pr_historical_file] - Selected historical PR member 'r1i1p1f2' for UKESM1-0-LL from available: ['r13i1p1f2', 'r1i1p1f2']
2026-07-22 11:48:28,289 - INFO - [storyline.find_cmip6_pr_historical_file] - Including non-standard historical PR file to fill gap: pr_Amon_UKESM1-0-LL_historical_r1i1p1f2_gn_18500116-20141216_regridded.nc
2026-07-22 11:48:29,230 - INFO - [storyline.find_cmip6_pr_historical_file] - Selected historical PR member 'r1i1p1f1' for E3SM-1-0 from available: ['r1i1p1f1']
2026-07-22 11:48:29,527 - INFO - [storyline.find_cmip6_pr_historical_file] - Selected historical PR member 'r1i1p1f1' for EC-Earth3-Veg-LR from available: ['r1i1p1f1']
2026-07-22 11:48:30,878 - INFO - [storyline.find_cmip6_pr_historical_file] - Selected historical PR member 'r1i1p1f1' for GFDL-ESM4 from available: ['r1i1p1f1']
2026-07-22 11:48:30,878 - INFO - [storyline.find_cmip6_pr_historical_file] - Including non-standard historical PR file to fill gap: pr_Amon_GFDL-ESM4_historical_r1i1p1f1_gr1_18500116-20141216_regridded.nc
2026-07-22 11:48:31,086 - INFO - [storyline.find_cmip6_pr_historical_file] - Selected historical PR member 'r1i1p1f1' for INM-CM4-8 from available: ['r1i1p1f1']
2026-07-22 11:48:31,339 - INFO - [storyline.find_cmip6_pr_historical_file] - Selected historical PR member 'r1i1p1f2' for MIROC-ES2L from available: ['r1i1p1f2']
2026-07-22 11:48:31,339 - INFO - [storyline.find_cmip6_pr_historical_file] - Including non-standard historical PR file to fill gap: pr_Amon_MIROC-ES2L_historical_r1i1p1f2_gn_18500116-20141216_regridded.nc
2026-07-22 11:48:31,546 - INFO - [storyline.find_cmip6_pr_historical_file] - Selected historical PR member 'r1i1p1f1' for MIROC6 from available: ['r1i1p1f1']
2026-07-22 11:48:31,796 - INFO - [storyline.find_cmip6_pr_historical_file] - Selected historical PR member 'r1i1p1f1' for ACCESS-CM2 from available: ['r1i1p1f1']
2026-07-22 11:48:31,998 - INFO - [storyline.find_cmip6_pr_historical_file] - Selected historical PR member 'r1i1p1f1' for ACCESS-ESM1-5 from available: ['r1i1p1f1']
2026-07-22 11:48:32,453 - INFO - [storyline.find_cmip6_pr_historical_file] - Selected historical PR member 'r1i1p1f1' for BCC-CSM2-MR from available: ['r1i1p1f1']
2026-07-22 11:48:32,654 - INFO - [storyline.find_cmip6_pr_historical_file] - Selected historical PR member 'r1i1p1f1' for CESM2 from available: ['r1i1p1f1']
2026-07-22 11:48:32,850 - INFO - [storyline.find_cmip6_pr_historical_file] - Selected historical PR member 'r1i1p1f1' for CESM2-WACCM from available: ['r1i1p1f1']
2026-07-22 11:48:33,060 - INFO - [storyline.find_cmip6_pr_historical_file] - Selected historical PR member 'r1i1p1f1' for CMCC-CM2-SR5 from available: ['r1i1p1f1']
2026-07-22 11:48:33,268 - INFO - [storyline.find_cmip6_pr_historical_file] - Selected historical PR member 'r1i1p1f1' for CMCC-ESM2 from available: ['r1i1p1f1']
2026-07-22 11:48:33,472 - INFO - [storyline.find_cmip6_pr_historical_file] - Selected historical PR member 'r1i1p1f2' for CNRM-CM6-1-HR from available: ['r1i1p1f2']
2026-07-22 11:48:33,472 - INFO - [storyline.find_cmip6_pr_historical_file] - Including non-standard historical PR file to fill gap: pr_Amon_CNRM-CM6-1-HR_historical_r1i1p1f2_gr_18500116-20100916_regridded.nc
2026-07-22 11:48:33,472 - INFO - [storyline.find_cmip6_pr_historical_file] - Including non-standard historical PR file to fill gap: pr_Amon_CNRM-CM6-1-HR_historical_r1i1p1f2_gr_20101016-20141216_regridded.nc
2026-07-22 11:48:33,730 - INFO - [storyline.find_cmip6_pr_historical_file] - Selected historical PR member 'r1i1p1f2' for CNRM-CM6-1 from available: ['r1i1p1f2']
2026-07-22 11:48:33,730 - INFO - [storyline.find_cmip6_pr_historical_file] - Including non-standard historical PR file to fill gap: pr_Amon_CNRM-CM6-1_historical_r1i1p1f2_gr_18500116-20141216_regridded.nc
2026-07-22 11:48:33,936 - INFO - [storyline.find_cmip6_pr_historical_file] - Selected historical PR member 'r1i1p1f2' for CNRM-ESM2-1 from available: ['r1i1p1f2']
2026-07-22 11:48:33,936 - INFO - [storyline.find_cmip6_pr_historical_file] - Including non-standard historical PR file to fill gap: pr_Amon_CNRM-ESM2-1_historical_r1i1p1f2_gr_18500116-20141216_regridded.nc
2026-07-22 11:48:34,141 - INFO - [storyline.find_cmip6_pr_historical_file] - Selected historical PR member 'r1i1p1f1' for CanESM5 from available: ['r1i1p1f1']
2026-07-22 11:48:34,348 - INFO - [storyline.find_cmip6_pr_historical_file] - Selected historical PR member 'r1i1p1f1' for E3SM-1-0 from available: ['r1i1p1f1']
2026-07-22 11:48:34,662 - INFO - [storyline.find_cmip6_pr_historical_file] - Selected historical PR member 'r1i1p1f1' for EC-Earth3-CC from available: ['r1i1p1f1']
2026-07-22 11:48:35,884 - INFO - [storyline.find_cmip6_pr_historical_file] - Selected historical PR member 'r1i1p1f1' for EC-Earth3-Veg-LR from available: ['r1i1p1f1']
2026-07-22 11:48:37,090 - INFO - [storyline.find_cmip6_pr_historical_file] - Selected historical PR member 'r1i1p1f1' for EC-Earth3 from available: ['r1i1p1f1']
2026-07-22 11:48:38,621 - INFO - [storyline.find_cmip6_pr_historical_file] - Selected historical PR member 'r1i1p1f1' for GFDL-ESM4 from available: ['r1i1p1f1']
2026-07-22 11:48:38,621 - INFO - [storyline.find_cmip6_pr_historical_file] - Including non-standard historical PR file to fill gap: pr_Amon_GFDL-ESM4_historical_r1i1p1f1_gr1_18500116-20141216_regridded.nc
2026-07-22 11:48:38,801 - INFO - [storyline.find_cmip6_pr_historical_file] - Selected historical PR member 'r1i1p1f3' for HadGEM3-GC31-LL from available: ['r1i1p1f3']
2026-07-22 11:48:38,802 - INFO - [storyline.find_cmip6_pr_historical_file] - Including non-standard historical PR file to fill gap: pr_Amon_HadGEM3-GC31-LL_historical_r1i1p1f3_gn_18500116-20141216_regridded.nc
2026-07-22 11:48:39,002 - INFO - [storyline.find_cmip6_pr_historical_file] - Selected historical PR member 'r1i1p1f3' for HadGEM3-GC31-MM from available: ['r1i1p1f3']
2026-07-22 11:48:39,002 - INFO - [storyline.find_cmip6_pr_historical_file] - Including non-standard historical PR file to fill gap: pr_Amon_HadGEM3-GC31-MM_historical_r1i1p1f3_gn_18500116-20141216_regridded.nc
2026-07-22 11:48:39,209 - INFO - [storyline.find_cmip6_pr_historical_file] - Selected historical PR member 'r1i1p1f1' for IITM-ESM from available: ['r1i1p1f1']
2026-07-22 11:48:39,566 - INFO - [storyline.find_cmip6_pr_historical_file] - Selected historical PR member 'r1i1p1f1' for INM-CM4-8 from available: ['r1i1p1f1']
2026-07-22 11:48:39,824 - INFO - [storyline.find_cmip6_pr_historical_file] - Selected historical PR member 'r1i1p1f1' for INM-CM5-0 from available: ['r1i1p1f1']
2026-07-22 11:48:40,064 - INFO - [storyline.find_cmip6_pr_historical_file] - Selected historical PR member 'r1i1p1f1' for IPSL-CM6A-LR from available: ['r1i1p1f1']
2026-07-22 11:48:40,288 - INFO - [storyline.find_cmip6_pr_historical_file] - Selected historical PR member 'r1i1p1f1' for KACE-1-0-G from available: ['r1i1p1f1']
2026-07-22 11:48:40,493 - INFO - [storyline.find_cmip6_pr_historical_file] - Selected historical PR member 'r1i1p1f1' for KIOST-ESM from available: ['r1i1p1f1']
2026-07-22 11:48:40,698 - INFO - [storyline.find_cmip6_pr_historical_file] - Selected historical PR member 'r1i1p1f2' for MIROC-ES2L from available: ['r1i1p1f2']
2026-07-22 11:48:40,699 - INFO - [storyline.find_cmip6_pr_historical_file] - Including non-standard historical PR file to fill gap: pr_Amon_MIROC-ES2L_historical_r1i1p1f2_gn_18500116-20141216_regridded.nc
2026-07-22 11:48:40,908 - INFO - [storyline.find_cmip6_pr_historical_file] - Selected historical PR member 'r1i1p1f1' for MIROC6 from available: ['r1i1p1f1']
2026-07-22 11:48:41,154 - INFO - [storyline.find_cmip6_pr_historical_file] - Selected historical PR member 'r1i1p1f1' for MPI-ESM1-2-HR from available: ['r1i1p1f1']
2026-07-22 11:48:41,154 - INFO - [storyline.find_cmip6_pr_historical_file] - Including non-standard historical PR file to fill gap: pr_Amon_MPI-ESM1-2-HR_historical_r1i1p1f1_gn_19000116-19041216_regridded.nc
2026-07-22 11:48:41,615 - INFO - [storyline.find_cmip6_pr_historical_file] - Selected historical PR member 'r1i1p1f1' for MPI-ESM1-2-LR from available: ['r1i1p1f1']
2026-07-22 11:48:41,908 - INFO - [storyline.find_cmip6_pr_historical_file] - Selected historical PR member 'r1i1p1f1' for MRI-ESM2-0 from available: ['r1i1p1f1']
2026-07-22 11:48:41,909 - INFO - [storyline.find_cmip6_pr_historical_file] - Including non-standard historical PR file to fill gap: pr_Amon_MRI-ESM2-0_historical_r1i1p1f1_gn_18500116-20141216_regridded.nc
2026-07-22 11:48:42,115 - INFO - [storyline.find_cmip6_pr_historical_file] - Selected historical PR member 'r1i1p1f1' for NorESM2-MM from available: ['r1i1p1f1']
2026-07-22 11:48:42,471 - INFO - [storyline.find_cmip6_pr_historical_file] - Selected historical PR member 'r1i1p1f2' for UKESM1-0-LL from available: ['r13i1p1f2', 'r1i1p1f2']
2026-07-22 11:48:42,472 - INFO - [storyline.find_cmip6_pr_historical_file] - Including non-standard historical PR file to fill gap: pr_Amon_UKESM1-0-LL_historical_r1i1p1f2_gn_18500116-20141216_regridded.nc
2026-07-22 11:48:42,688 - INFO - [storyline.calculate_pr_composites_for_extremes] -   PR Future Extreme Models (N=10): ['BCC-CSM2-MR_ssp585', 'CESM2_ssp585', 'CNRM-CM6-1_ssp585', 'CNRM-CM6-1-HR_ssp585', 'ACCESS-ESM1-5_ssp585', 'CMCC-ESM2_ssp585', 'MPI-ESM1-2-HR_ssp585', 'HadGEM3-GC31-LL_ssp585', 'HadGEM3-GC31-MM_ssp585', 'INM-CM5-0_ssp585']
2026-07-22 11:48:42,688 - INFO - [storyline.calculate_pr_composites_for_extremes] -   PR Future Non-Extreme Models (N=10): ['EC-Earth3-CC_ssp585', 'IPSL-CM6A-LR_ssp585', 'MRI-ESM2-0_ssp585', 'UKESM1-0-LL_ssp585', 'E3SM-1-0_ssp585', 'EC-Earth3-Veg-LR_ssp585', 'GFDL-ESM4_ssp585', 'INM-CM4-8_ssp585', 'MIROC-ES2L_ssp585', 'MIROC6_ssp585']
2026-07-22 11:48:42,688 - INFO - [storyline.calculate_pr_composites_for_extremes] -   PR Historical Extreme Models (N=10): ['BCC-CSM2-MR_ssp585', 'CESM2_ssp585', 'CNRM-CM6-1_ssp585', 'CNRM-CM6-1-HR_ssp585', 'ACCESS-ESM1-5_ssp585', 'CMCC-ESM2_ssp585', 'MPI-ESM1-2-HR_ssp585', 'HadGEM3-GC31-LL_ssp585', 'HadGEM3-GC31-MM_ssp585', 'INM-CM5-0_ssp585']
2026-07-22 11:48:42,689 - INFO - [storyline.calculate_pr_composites_for_extremes] -   PR Historical Non-Extreme Models (N=10): ['EC-Earth3-CC_ssp585', 'IPSL-CM6A-LR_ssp585', 'MRI-ESM2-0_ssp585', 'UKESM1-0-LL_ssp585', 'E3SM-1-0_ssp585', 'EC-Earth3-Veg-LR_ssp585', 'GFDL-ESM4_ssp585', 'INM-CM4-8_ssp585', 'MIROC-ES2L_ssp585', 'MIROC6_ssp585']
2026-07-22 11:48:43,295 - INFO - [main.run_full_analysis] - PR composite plots already exist, but calculating data for missing Final Figure 4...
2026-07-22 11:48:43,295 - INFO - [storyline.calculate_pr_composites_for_extremes] - Calculating PR composites for event '30Q10_low' at GWL +2.0°C, Season=Summer (Top/Bottom 12 models)...
2026-07-22 11:48:43,295 - INFO - [storyline.calculate_pr_composites_for_extremes] - [PR DEBUG] Keys for ACCESS-CM2_ssp585: ['1Q_low_winter', '1Q_high_winter', '7Q_low_winter', '7Q_high_winter', '30Q_low_winter', '30Q_high_winter', '1Q_low_summer', '1Q_high_summer', '7Q_low_summer', '7Q_high_summer', '30Q_low_summer', '30Q_high_summer', '1Q_low_full_year', '1Q_high_full_year', '7Q_low_full_year', '7Q_high_full_year', '30Q_low_full_year', '30Q_high_full_year', 'Mar_discharge', 'Apr_discharge', 'May_discharge', 'Sep_discharge', 'Oct_discharge', 'Nov_discharge', 'DJF_JetSpeed', 'DJF_JetLat', 'DJF_pr', 'DJF_tas', 'DJF_discharge', 'JJA_JetSpeed', 'JJA_JetLat', 'JJA_pr', 'JJA_tas', 'JJA_discharge', 'Hydro_Winter_JetSpeed', 'Hydro_Winter_JetLat', 'Hydro_Summer_JetSpeed', 'Hydro_Summer_JetLat', 'Annual_tas', 'Annual_pr', 'Annual_discharge', 'Annual_spei']
2026-07-22 11:48:43,314 - INFO - [storyline.calculate_pr_composites_for_extremes] -   Calculated Return Periods for 31 models.
2026-07-22 11:48:43,339 - INFO - [storyline.calculate_pr_composites_for_extremes] -   PR Extreme Models (Shortest T): ['BCC-CSM2-MR_ssp585', 'CNRM-CM6-1_ssp585', 'CESM2_ssp585', 'CNRM-CM6-1-HR_ssp585', 'MPI-ESM1-2-HR_ssp585', 'NorESM2-MM_ssp585', 'ACCESS-ESM1-5_ssp585', 'CMCC-ESM2_ssp585', 'CMCC-CM2-SR5_ssp585', 'INM-CM5-0_ssp585']
2026-07-22 11:48:43,339 - INFO - [storyline.calculate_pr_composites_for_extremes] -   PR Non-Extreme Models (Longest T): ['E3SM-1-0_ssp585', 'EC-Earth3_ssp585', 'GFDL-ESM4_ssp585', 'HadGEM3-GC31-LL_ssp585', 'IITM-ESM_ssp585', 'IPSL-CM6A-LR_ssp585', 'MIROC-ES2L_ssp585', 'MIROC6_ssp585', 'MPI-ESM1-2-LR_ssp585', 'MRI-ESM2-0_ssp585']
2026-07-22 11:48:43,462 - INFO - [storyline.find_cmip6_pr_file] - Including non-standard file to fill gap: pr_Amon_CNRM-CM6-1_ssp585_r1i1p1f2_gr_20150116-21001216_regridded.nc
2026-07-22 11:48:43,835 - INFO - [storyline.find_cmip6_pr_file] - Including non-standard file to fill gap: pr_Amon_CESM2_ssp585_r4i1p1f1_gn_20150115-21001215_regridded.nc
2026-07-22 11:48:43,963 - INFO - [storyline.find_cmip6_pr_file] - Including non-standard file to fill gap: pr_Amon_CNRM-CM6-1-HR_ssp585_r1i1p1f2_gr_20150116-21001216_regridded.nc
2026-07-22 11:48:46,324 - INFO - [storyline.find_cmip6_pr_file] - Including non-standard file to fill gap: pr_Amon_HadGEM3-GC31-LL_ssp585_r1i1p1f3_gn_20150116-21001216_regridded.nc
2026-07-22 11:48:46,836 - INFO - [storyline.find_cmip6_pr_file] - Including non-standard file to fill gap: pr_Amon_MIROC-ES2L_ssp585_r1i1p1f2_gn_20150116-21001216_regridded.nc
2026-07-22 11:48:47,306 - INFO - [storyline.find_cmip6_pr_file] - Including non-standard file to fill gap: pr_Amon_MRI-ESM2-0_ssp585_r1i1p1f1_gn_20150116-23001216_regridded.nc
2026-07-22 11:48:47,461 - INFO - [storyline.find_cmip6_pr_historical_file] - Selected historical PR member 'r1i1p1f1' for BCC-CSM2-MR from available: ['r1i1p1f1']
2026-07-22 11:48:47,658 - INFO - [storyline.find_cmip6_pr_historical_file] - Selected historical PR member 'r1i1p1f2' for CNRM-CM6-1 from available: ['r1i1p1f2']
2026-07-22 11:48:47,658 - INFO - [storyline.find_cmip6_pr_historical_file] - Including non-standard historical PR file to fill gap: pr_Amon_CNRM-CM6-1_historical_r1i1p1f2_gr_18500116-20141216_regridded.nc
2026-07-22 11:48:47,866 - INFO - [storyline.find_cmip6_pr_historical_file] - Selected historical PR member 'r1i1p1f1' for CESM2 from available: ['r1i1p1f1']
2026-07-22 11:48:48,071 - INFO - [storyline.find_cmip6_pr_historical_file] - Selected historical PR member 'r1i1p1f2' for CNRM-CM6-1-HR from available: ['r1i1p1f2']
2026-07-22 11:48:48,071 - INFO - [storyline.find_cmip6_pr_historical_file] - Including non-standard historical PR file to fill gap: pr_Amon_CNRM-CM6-1-HR_historical_r1i1p1f2_gr_18500116-20100916_regridded.nc
2026-07-22 11:48:48,071 - INFO - [storyline.find_cmip6_pr_historical_file] - Including non-standard historical PR file to fill gap: pr_Amon_CNRM-CM6-1-HR_historical_r1i1p1f2_gr_20101016-20141216_regridded.nc
2026-07-22 11:48:48,321 - INFO - [storyline.find_cmip6_pr_historical_file] - Selected historical PR member 'r1i1p1f1' for MPI-ESM1-2-HR from available: ['r1i1p1f1']
2026-07-22 11:48:48,322 - INFO - [storyline.find_cmip6_pr_historical_file] - Including non-standard historical PR file to fill gap: pr_Amon_MPI-ESM1-2-HR_historical_r1i1p1f1_gn_19000116-19041216_regridded.nc
2026-07-22 11:48:48,777 - INFO - [storyline.find_cmip6_pr_historical_file] - Selected historical PR member 'r1i1p1f1' for NorESM2-MM from available: ['r1i1p1f1']
2026-07-22 11:48:49,107 - INFO - [storyline.find_cmip6_pr_historical_file] - Selected historical PR member 'r1i1p1f1' for ACCESS-ESM1-5 from available: ['r1i1p1f1']
2026-07-22 11:48:49,308 - INFO - [storyline.find_cmip6_pr_historical_file] - Selected historical PR member 'r1i1p1f1' for CMCC-ESM2 from available: ['r1i1p1f1']
2026-07-22 11:48:49,512 - INFO - [storyline.find_cmip6_pr_historical_file] - Selected historical PR member 'r1i1p1f1' for CMCC-CM2-SR5 from available: ['r1i1p1f1']
2026-07-22 11:48:49,720 - INFO - [storyline.find_cmip6_pr_historical_file] - Selected historical PR member 'r1i1p1f1' for INM-CM5-0 from available: ['r1i1p1f1']
2026-07-22 11:48:50,202 - INFO - [storyline.find_cmip6_pr_historical_file] - Selected historical PR member 'r1i1p1f1' for E3SM-1-0 from available: ['r1i1p1f1']
2026-07-22 11:48:50,481 - INFO - [storyline.find_cmip6_pr_historical_file] - Selected historical PR member 'r1i1p1f1' for EC-Earth3 from available: ['r1i1p1f1']
2026-07-22 11:48:51,724 - INFO - [storyline.find_cmip6_pr_historical_file] - Selected historical PR member 'r1i1p1f1' for GFDL-ESM4 from available: ['r1i1p1f1']
2026-07-22 11:48:51,725 - INFO - [storyline.find_cmip6_pr_historical_file] - Including non-standard historical PR file to fill gap: pr_Amon_GFDL-ESM4_historical_r1i1p1f1_gr1_18500116-20141216_regridded.nc
2026-07-22 11:48:51,911 - INFO - [storyline.find_cmip6_pr_historical_file] - Selected historical PR member 'r1i1p1f3' for HadGEM3-GC31-LL from available: ['r1i1p1f3']
2026-07-22 11:48:51,911 - INFO - [storyline.find_cmip6_pr_historical_file] - Including non-standard historical PR file to fill gap: pr_Amon_HadGEM3-GC31-LL_historical_r1i1p1f3_gn_18500116-20141216_regridded.nc
2026-07-22 11:48:52,121 - INFO - [storyline.find_cmip6_pr_historical_file] - Selected historical PR member 'r1i1p1f1' for IITM-ESM from available: ['r1i1p1f1']
2026-07-22 11:48:52,463 - INFO - [storyline.find_cmip6_pr_historical_file] - Selected historical PR member 'r1i1p1f1' for IPSL-CM6A-LR from available: ['r1i1p1f1']
2026-07-22 11:48:52,663 - INFO - [storyline.find_cmip6_pr_historical_file] - Selected historical PR member 'r1i1p1f2' for MIROC-ES2L from available: ['r1i1p1f2']
2026-07-22 11:48:52,663 - INFO - [storyline.find_cmip6_pr_historical_file] - Including non-standard historical PR file to fill gap: pr_Amon_MIROC-ES2L_historical_r1i1p1f2_gn_18500116-20141216_regridded.nc
2026-07-22 11:48:52,874 - INFO - [storyline.find_cmip6_pr_historical_file] - Selected historical PR member 'r1i1p1f1' for MIROC6 from available: ['r1i1p1f1']
2026-07-22 11:48:53,114 - INFO - [storyline.find_cmip6_pr_historical_file] - Selected historical PR member 'r1i1p1f1' for MPI-ESM1-2-LR from available: ['r1i1p1f1']
2026-07-22 11:48:53,405 - INFO - [storyline.find_cmip6_pr_historical_file] - Selected historical PR member 'r1i1p1f1' for MRI-ESM2-0 from available: ['r1i1p1f1']
2026-07-22 11:48:53,405 - INFO - [storyline.find_cmip6_pr_historical_file] - Including non-standard historical PR file to fill gap: pr_Amon_MRI-ESM2-0_historical_r1i1p1f1_gn_18500116-20141216_regridded.nc
2026-07-22 11:48:53,618 - INFO - [storyline.find_cmip6_pr_historical_file] - Selected historical PR member 'r1i1p1f1' for ACCESS-CM2 from available: ['r1i1p1f1']
2026-07-22 11:48:53,824 - INFO - [storyline.find_cmip6_pr_historical_file] - Selected historical PR member 'r1i1p1f1' for ACCESS-ESM1-5 from available: ['r1i1p1f1']
2026-07-22 11:48:54,051 - INFO - [storyline.find_cmip6_pr_historical_file] - Selected historical PR member 'r1i1p1f1' for BCC-CSM2-MR from available: ['r1i1p1f1']
2026-07-22 11:48:54,257 - INFO - [storyline.find_cmip6_pr_historical_file] - Selected historical PR member 'r1i1p1f1' for CESM2 from available: ['r1i1p1f1']
2026-07-22 11:48:54,471 - INFO - [storyline.find_cmip6_pr_historical_file] - Selected historical PR member 'r1i1p1f1' for CESM2-WACCM from available: ['r1i1p1f1']
2026-07-22 11:48:54,677 - INFO - [storyline.find_cmip6_pr_historical_file] - Selected historical PR member 'r1i1p1f1' for CMCC-CM2-SR5 from available: ['r1i1p1f1']
2026-07-22 11:48:54,884 - INFO - [storyline.find_cmip6_pr_historical_file] - Selected historical PR member 'r1i1p1f1' for CMCC-ESM2 from available: ['r1i1p1f1']
2026-07-22 11:48:55,096 - INFO - [storyline.find_cmip6_pr_historical_file] - Selected historical PR member 'r1i1p1f2' for CNRM-CM6-1-HR from available: ['r1i1p1f2']
2026-07-22 11:48:55,096 - INFO - [storyline.find_cmip6_pr_historical_file] - Including non-standard historical PR file to fill gap: pr_Amon_CNRM-CM6-1-HR_historical_r1i1p1f2_gr_18500116-20100916_regridded.nc
2026-07-22 11:48:55,096 - INFO - [storyline.find_cmip6_pr_historical_file] - Including non-standard historical PR file to fill gap: pr_Amon_CNRM-CM6-1-HR_historical_r1i1p1f2_gr_20101016-20141216_regridded.nc
2026-07-22 11:48:55,359 - INFO - [storyline.find_cmip6_pr_historical_file] - Selected historical PR member 'r1i1p1f2' for CNRM-CM6-1 from available: ['r1i1p1f2']
2026-07-22 11:48:55,360 - INFO - [storyline.find_cmip6_pr_historical_file] - Including non-standard historical PR file to fill gap: pr_Amon_CNRM-CM6-1_historical_r1i1p1f2_gr_18500116-20141216_regridded.nc
2026-07-22 11:48:55,832 - INFO - [storyline.find_cmip6_pr_historical_file] - Selected historical PR member 'r1i1p1f2' for CNRM-ESM2-1 from available: ['r1i1p1f2']
2026-07-22 11:48:55,832 - INFO - [storyline.find_cmip6_pr_historical_file] - Including non-standard historical PR file to fill gap: pr_Amon_CNRM-ESM2-1_historical_r1i1p1f2_gr_18500116-20141216_regridded.nc
2026-07-22 11:48:56,046 - INFO - [storyline.find_cmip6_pr_historical_file] - Selected historical PR member 'r1i1p1f1' for CanESM5 from available: ['r1i1p1f1']
2026-07-22 11:48:56,250 - INFO - [storyline.find_cmip6_pr_historical_file] - Selected historical PR member 'r1i1p1f1' for E3SM-1-0 from available: ['r1i1p1f1']
2026-07-22 11:48:56,529 - INFO - [storyline.find_cmip6_pr_historical_file] - Selected historical PR member 'r1i1p1f1' for EC-Earth3-CC from available: ['r1i1p1f1']
2026-07-22 11:48:57,777 - INFO - [storyline.find_cmip6_pr_historical_file] - Selected historical PR member 'r1i1p1f1' for EC-Earth3-Veg-LR from available: ['r1i1p1f1']
2026-07-22 11:48:58,957 - INFO - [storyline.find_cmip6_pr_historical_file] - Selected historical PR member 'r1i1p1f1' for EC-Earth3 from available: ['r1i1p1f1']
2026-07-22 11:49:00,155 - INFO - [storyline.find_cmip6_pr_historical_file] - Selected historical PR member 'r1i1p1f1' for GFDL-ESM4 from available: ['r1i1p1f1']
2026-07-22 11:49:00,155 - INFO - [storyline.find_cmip6_pr_historical_file] - Including non-standard historical PR file to fill gap: pr_Amon_GFDL-ESM4_historical_r1i1p1f1_gr1_18500116-20141216_regridded.nc
2026-07-22 11:49:00,333 - INFO - [storyline.find_cmip6_pr_historical_file] - Selected historical PR member 'r1i1p1f3' for HadGEM3-GC31-LL from available: ['r1i1p1f3']
2026-07-22 11:49:00,333 - INFO - [storyline.find_cmip6_pr_historical_file] - Including non-standard historical PR file to fill gap: pr_Amon_HadGEM3-GC31-LL_historical_r1i1p1f3_gn_18500116-20141216_regridded.nc
2026-07-22 11:49:00,782 - INFO - [storyline.find_cmip6_pr_historical_file] - Selected historical PR member 'r1i1p1f3' for HadGEM3-GC31-MM from available: ['r1i1p1f3']
2026-07-22 11:49:00,783 - INFO - [storyline.find_cmip6_pr_historical_file] - Including non-standard historical PR file to fill gap: pr_Amon_HadGEM3-GC31-MM_historical_r1i1p1f3_gn_18500116-20141216_regridded.nc
2026-07-22 11:49:00,998 - INFO - [storyline.find_cmip6_pr_historical_file] - Selected historical PR member 'r1i1p1f1' for IITM-ESM from available: ['r1i1p1f1']
2026-07-22 11:49:01,339 - INFO - [storyline.find_cmip6_pr_historical_file] - Selected historical PR member 'r1i1p1f1' for INM-CM4-8 from available: ['r1i1p1f1']
2026-07-22 11:49:01,580 - INFO - [storyline.find_cmip6_pr_historical_file] - Selected historical PR member 'r1i1p1f1' for INM-CM5-0 from available: ['r1i1p1f1']
2026-07-22 11:49:01,838 - INFO - [storyline.find_cmip6_pr_historical_file] - Selected historical PR member 'r1i1p1f1' for IPSL-CM6A-LR from available: ['r1i1p1f1']
2026-07-22 11:49:02,044 - INFO - [storyline.find_cmip6_pr_historical_file] - Selected historical PR member 'r1i1p1f1' for KACE-1-0-G from available: ['r1i1p1f1']
2026-07-22 11:49:02,248 - INFO - [storyline.find_cmip6_pr_historical_file] - Selected historical PR member 'r1i1p1f1' for KIOST-ESM from available: ['r1i1p1f1']
2026-07-22 11:49:02,458 - INFO - [storyline.find_cmip6_pr_historical_file] - Selected historical PR member 'r1i1p1f2' for MIROC-ES2L from available: ['r1i1p1f2']
2026-07-22 11:49:02,458 - INFO - [storyline.find_cmip6_pr_historical_file] - Including non-standard historical PR file to fill gap: pr_Amon_MIROC-ES2L_historical_r1i1p1f2_gn_18500116-20141216_regridded.nc
2026-07-22 11:49:02,667 - INFO - [storyline.find_cmip6_pr_historical_file] - Selected historical PR member 'r1i1p1f1' for MIROC6 from available: ['r1i1p1f1']
2026-07-22 11:49:02,912 - INFO - [storyline.find_cmip6_pr_historical_file] - Selected historical PR member 'r1i1p1f1' for MPI-ESM1-2-HR from available: ['r1i1p1f1']
2026-07-22 11:49:02,912 - INFO - [storyline.find_cmip6_pr_historical_file] - Including non-standard historical PR file to fill gap: pr_Amon_MPI-ESM1-2-HR_historical_r1i1p1f1_gn_19000116-19041216_regridded.nc
2026-07-22 11:49:03,380 - INFO - [storyline.find_cmip6_pr_historical_file] - Selected historical PR member 'r1i1p1f1' for MPI-ESM1-2-LR from available: ['r1i1p1f1']
2026-07-22 11:49:03,659 - INFO - [storyline.find_cmip6_pr_historical_file] - Selected historical PR member 'r1i1p1f1' for MRI-ESM2-0 from available: ['r1i1p1f1']
2026-07-22 11:49:03,659 - INFO - [storyline.find_cmip6_pr_historical_file] - Including non-standard historical PR file to fill gap: pr_Amon_MRI-ESM2-0_historical_r1i1p1f1_gn_18500116-20141216_regridded.nc
2026-07-22 11:49:03,865 - INFO - [storyline.find_cmip6_pr_historical_file] - Selected historical PR member 'r1i1p1f1' for NorESM2-MM from available: ['r1i1p1f1']
2026-07-22 11:49:04,220 - INFO - [storyline.find_cmip6_pr_historical_file] - Selected historical PR member 'r1i1p1f2' for UKESM1-0-LL from available: ['r13i1p1f2', 'r1i1p1f2']
2026-07-22 11:49:04,220 - INFO - [storyline.find_cmip6_pr_historical_file] - Including non-standard historical PR file to fill gap: pr_Amon_UKESM1-0-LL_historical_r1i1p1f2_gn_18500116-20141216_regridded.nc
2026-07-22 11:49:04,443 - INFO - [storyline.calculate_pr_composites_for_extremes] -   PR Future Extreme Models (N=10): ['BCC-CSM2-MR_ssp585', 'CNRM-CM6-1_ssp585', 'CESM2_ssp585', 'CNRM-CM6-1-HR_ssp585', 'MPI-ESM1-2-HR_ssp585', 'NorESM2-MM_ssp585', 'ACCESS-ESM1-5_ssp585', 'CMCC-ESM2_ssp585', 'CMCC-CM2-SR5_ssp585', 'INM-CM5-0_ssp585']
2026-07-22 11:49:04,443 - INFO - [storyline.calculate_pr_composites_for_extremes] -   PR Future Non-Extreme Models (N=10): ['E3SM-1-0_ssp585', 'EC-Earth3_ssp585', 'GFDL-ESM4_ssp585', 'HadGEM3-GC31-LL_ssp585', 'IITM-ESM_ssp585', 'IPSL-CM6A-LR_ssp585', 'MIROC-ES2L_ssp585', 'MIROC6_ssp585', 'MPI-ESM1-2-LR_ssp585', 'MRI-ESM2-0_ssp585']
2026-07-22 11:49:04,443 - INFO - [storyline.calculate_pr_composites_for_extremes] -   PR Historical Extreme Models (N=10): ['BCC-CSM2-MR_ssp585', 'CNRM-CM6-1_ssp585', 'CESM2_ssp585', 'CNRM-CM6-1-HR_ssp585', 'MPI-ESM1-2-HR_ssp585', 'NorESM2-MM_ssp585', 'ACCESS-ESM1-5_ssp585', 'CMCC-ESM2_ssp585', 'CMCC-CM2-SR5_ssp585', 'INM-CM5-0_ssp585']
2026-07-22 11:49:04,444 - INFO - [storyline.calculate_pr_composites_for_extremes] -   PR Historical Non-Extreme Models (N=10): ['E3SM-1-0_ssp585', 'EC-Earth3_ssp585', 'GFDL-ESM4_ssp585', 'HadGEM3-GC31-LL_ssp585', 'IITM-ESM_ssp585', 'IPSL-CM6A-LR_ssp585', 'MIROC-ES2L_ssp585', 'MIROC6_ssp585', 'MPI-ESM1-2-LR_ssp585', 'MRI-ESM2-0_ssp585']
2026-07-22 11:49:05,032 - INFO - [main.run_full_analysis] - PR composite plots already exist, but calculating data for missing Final Figure 4...
2026-07-22 11:49:05,033 - INFO - [storyline.calculate_pr_composites_for_extremes] - Calculating PR composites for event '30Q10_low' at GWL +3.0°C, Season=Winter (Top/Bottom 12 models)...
2026-07-22 11:49:05,033 - INFO - [storyline.calculate_pr_composites_for_extremes] - [PR DEBUG] Keys for ACCESS-CM2_ssp585: ['1Q_low_winter', '1Q_high_winter', '7Q_low_winter', '7Q_high_winter', '30Q_low_winter', '30Q_high_winter', '1Q_low_summer', '1Q_high_summer', '7Q_low_summer', '7Q_high_summer', '30Q_low_summer', '30Q_high_summer', '1Q_low_full_year', '1Q_high_full_year', '7Q_low_full_year', '7Q_high_full_year', '30Q_low_full_year', '30Q_high_full_year', 'Mar_discharge', 'Apr_discharge', 'May_discharge', 'Sep_discharge', 'Oct_discharge', 'Nov_discharge', 'DJF_JetSpeed', 'DJF_JetLat', 'DJF_pr', 'DJF_tas', 'DJF_discharge', 'JJA_JetSpeed', 'JJA_JetLat', 'JJA_pr', 'JJA_tas', 'JJA_discharge', 'Hydro_Winter_JetSpeed', 'Hydro_Winter_JetLat', 'Hydro_Summer_JetSpeed', 'Hydro_Summer_JetLat', 'Annual_tas', 'Annual_pr', 'Annual_discharge', 'Annual_spei']
2026-07-22 11:49:05,052 - INFO - [storyline.calculate_pr_composites_for_extremes] -   Calculated Return Periods for 31 models.
2026-07-22 11:49:05,076 - INFO - [storyline.calculate_pr_composites_for_extremes] -   PR Extreme Models (Shortest T): ['BCC-CSM2-MR_ssp585', 'CNRM-CM6-1_ssp585', 'CESM2_ssp585', 'KIOST-ESM_ssp585', 'MPI-ESM1-2-LR_ssp585', 'ACCESS-ESM1-5_ssp585', 'CESM2-WACCM_ssp585', 'CMCC-ESM2_ssp585', 'HadGEM3-GC31-LL_ssp585', 'KACE-1-0-G_ssp585']
2026-07-22 11:49:05,076 - INFO - [storyline.calculate_pr_composites_for_extremes] -   PR Non-Extreme Models (Longest T): ['CMCC-CM2-SR5_ssp585', 'E3SM-1-0_ssp585', 'IITM-ESM_ssp585', 'CNRM-ESM2-1_ssp585', 'CanESM5_ssp585', 'EC-Earth3-Veg-LR_ssp585', 'GFDL-ESM4_ssp585', 'MIROC-ES2L_ssp585', 'MIROC6_ssp585', 'MRI-ESM2-0_ssp585']
2026-07-22 11:49:05,191 - INFO - [storyline.find_cmip6_pr_file] - Including non-standard file to fill gap: pr_Amon_CNRM-CM6-1_ssp585_r1i1p1f2_gr_20150116-21001216_regridded.nc
2026-07-22 11:49:05,318 - INFO - [storyline.find_cmip6_pr_file] - Including non-standard file to fill gap: pr_Amon_CESM2_ssp585_r4i1p1f1_gn_20150115-21001215_regridded.nc
2026-07-22 11:49:05,974 - WARNING - [storyline.find_cmip6_pr_file] - Excluding overlapping non-standard file: pr_Amon_CESM2-WACCM_ssp585_r1i1p1f1_gn_22500115-22991215_regridded.nc
2026-07-22 11:49:06,299 - INFO - [storyline.find_cmip6_pr_file] - Including non-standard file to fill gap: pr_Amon_HadGEM3-GC31-LL_ssp585_r1i1p1f3_gn_20150116-21001216_regridded.nc
2026-07-22 11:49:07,095 - INFO - [storyline.find_cmip6_pr_file] - Including non-standard file to fill gap: pr_Amon_CNRM-ESM2-1_ssp585_r1i1p1f2_gr_20150116-21001216_regridded.nc
2026-07-22 11:49:07,597 - WARNING - [storyline.find_cmip6_pr_file] - Excluding overlapping non-standard file: pr_Amon_EC-Earth3-Veg-LR_ssp585_r1i1p1f1_gr_20420116-21001216_regridded.nc
2026-07-22 11:49:08,388 - INFO - [storyline.find_cmip6_pr_file] - Including non-standard file to fill gap: pr_Amon_MIROC-ES2L_ssp585_r1i1p1f2_gn_20150116-21001216_regridded.nc
2026-07-22 11:49:08,662 - INFO - [storyline.find_cmip6_pr_file] - Including non-standard file to fill gap: pr_Amon_MRI-ESM2-0_ssp585_r1i1p1f1_gn_20150116-23001216_regridded.nc
2026-07-22 11:49:08,795 - INFO - [storyline.find_cmip6_pr_historical_file] - Selected historical PR member 'r1i1p1f1' for BCC-CSM2-MR from available: ['r1i1p1f1']
2026-07-22 11:49:08,998 - INFO - [storyline.find_cmip6_pr_historical_file] - Selected historical PR member 'r1i1p1f2' for CNRM-CM6-1 from available: ['r1i1p1f2']
2026-07-22 11:49:08,998 - INFO - [storyline.find_cmip6_pr_historical_file] - Including non-standard historical PR file to fill gap: pr_Amon_CNRM-CM6-1_historical_r1i1p1f2_gr_18500116-20141216_regridded.nc
2026-07-22 11:49:09,220 - INFO - [storyline.find_cmip6_pr_historical_file] - Selected historical PR member 'r1i1p1f1' for CESM2 from available: ['r1i1p1f1']
2026-07-22 11:49:09,436 - INFO - [storyline.find_cmip6_pr_historical_file] - Selected historical PR member 'r1i1p1f1' for KIOST-ESM from available: ['r1i1p1f1']
2026-07-22 11:49:09,650 - INFO - [storyline.find_cmip6_pr_historical_file] - Selected historical PR member 'r1i1p1f1' for MPI-ESM1-2-LR from available: ['r1i1p1f1']
2026-07-22 11:49:09,951 - INFO - [storyline.find_cmip6_pr_historical_file] - Selected historical PR member 'r1i1p1f1' for ACCESS-ESM1-5 from available: ['r1i1p1f1']
2026-07-22 11:49:10,159 - INFO - [storyline.find_cmip6_pr_historical_file] - Selected historical PR member 'r1i1p1f1' for CESM2-WACCM from available: ['r1i1p1f1']
2026-07-22 11:49:10,367 - INFO - [storyline.find_cmip6_pr_historical_file] - Selected historical PR member 'r1i1p1f1' for CMCC-ESM2 from available: ['r1i1p1f1']
2026-07-22 11:49:10,580 - INFO - [storyline.find_cmip6_pr_historical_file] - Selected historical PR member 'r1i1p1f3' for HadGEM3-GC31-LL from available: ['r1i1p1f3']
2026-07-22 11:49:10,580 - INFO - [storyline.find_cmip6_pr_historical_file] - Including non-standard historical PR file to fill gap: pr_Amon_HadGEM3-GC31-LL_historical_r1i1p1f3_gn_18500116-20141216_regridded.nc
2026-07-22 11:49:10,789 - INFO - [storyline.find_cmip6_pr_historical_file] - Selected historical PR member 'r1i1p1f1' for KACE-1-0-G from available: ['r1i1p1f1']
2026-07-22 11:49:11,005 - INFO - [storyline.find_cmip6_pr_historical_file] - Selected historical PR member 'r1i1p1f1' for CMCC-CM2-SR5 from available: ['r1i1p1f1']
2026-07-22 11:49:11,215 - INFO - [storyline.find_cmip6_pr_historical_file] - Selected historical PR member 'r1i1p1f1' for E3SM-1-0 from available: ['r1i1p1f1']
2026-07-22 11:49:11,499 - INFO - [storyline.find_cmip6_pr_historical_file] - Selected historical PR member 'r1i1p1f1' for IITM-ESM from available: ['r1i1p1f1']
2026-07-22 11:49:11,856 - INFO - [storyline.find_cmip6_pr_historical_file] - Selected historical PR member 'r1i1p1f2' for CNRM-ESM2-1 from available: ['r1i1p1f2']
2026-07-22 11:49:11,857 - INFO - [storyline.find_cmip6_pr_historical_file] - Including non-standard historical PR file to fill gap: pr_Amon_CNRM-ESM2-1_historical_r1i1p1f2_gr_18500116-20141216_regridded.nc
2026-07-22 11:49:12,061 - INFO - [storyline.find_cmip6_pr_historical_file] - Selected historical PR member 'r1i1p1f1' for CanESM5 from available: ['r1i1p1f1']
2026-07-22 11:49:12,271 - INFO - [storyline.find_cmip6_pr_historical_file] - Selected historical PR member 'r1i1p1f1' for EC-Earth3-Veg-LR from available: ['r1i1p1f1']
2026-07-22 11:49:13,799 - INFO - [storyline.find_cmip6_pr_historical_file] - Selected historical PR member 'r1i1p1f1' for GFDL-ESM4 from available: ['r1i1p1f1']
2026-07-22 11:49:13,799 - INFO - [storyline.find_cmip6_pr_historical_file] - Including non-standard historical PR file to fill gap: pr_Amon_GFDL-ESM4_historical_r1i1p1f1_gr1_18500116-20141216_regridded.nc
2026-07-22 11:49:13,986 - INFO - [storyline.find_cmip6_pr_historical_file] - Selected historical PR member 'r1i1p1f2' for MIROC-ES2L from available: ['r1i1p1f2']
2026-07-22 11:49:13,986 - INFO - [storyline.find_cmip6_pr_historical_file] - Including non-standard historical PR file to fill gap: pr_Amon_MIROC-ES2L_historical_r1i1p1f2_gn_18500116-20141216_regridded.nc
2026-07-22 11:49:14,198 - INFO - [storyline.find_cmip6_pr_historical_file] - Selected historical PR member 'r1i1p1f1' for MIROC6 from available: ['r1i1p1f1']
2026-07-22 11:49:14,450 - INFO - [storyline.find_cmip6_pr_historical_file] - Selected historical PR member 'r1i1p1f1' for MRI-ESM2-0 from available: ['r1i1p1f1']
2026-07-22 11:49:14,450 - INFO - [storyline.find_cmip6_pr_historical_file] - Including non-standard historical PR file to fill gap: pr_Amon_MRI-ESM2-0_historical_r1i1p1f1_gn_18500116-20141216_regridded.nc
2026-07-22 11:49:14,677 - INFO - [storyline.find_cmip6_pr_historical_file] - Selected historical PR member 'r1i1p1f1' for ACCESS-CM2 from available: ['r1i1p1f1']
2026-07-22 11:49:14,888 - INFO - [storyline.find_cmip6_pr_historical_file] - Selected historical PR member 'r1i1p1f1' for ACCESS-ESM1-5 from available: ['r1i1p1f1']
2026-07-22 11:49:15,101 - INFO - [storyline.find_cmip6_pr_historical_file] - Selected historical PR member 'r1i1p1f1' for BCC-CSM2-MR from available: ['r1i1p1f1']
2026-07-22 11:49:15,316 - INFO - [storyline.find_cmip6_pr_historical_file] - Selected historical PR member 'r1i1p1f1' for CESM2 from available: ['r1i1p1f1']
2026-07-22 11:49:15,524 - INFO - [storyline.find_cmip6_pr_historical_file] - Selected historical PR member 'r1i1p1f1' for CESM2-WACCM from available: ['r1i1p1f1']
2026-07-22 11:49:15,740 - INFO - [storyline.find_cmip6_pr_historical_file] - Selected historical PR member 'r1i1p1f1' for CMCC-CM2-SR5 from available: ['r1i1p1f1']
2026-07-22 11:49:15,954 - INFO - [storyline.find_cmip6_pr_historical_file] - Selected historical PR member 'r1i1p1f1' for CMCC-ESM2 from available: ['r1i1p1f1']
2026-07-22 11:49:16,170 - INFO - [storyline.find_cmip6_pr_historical_file] - Selected historical PR member 'r1i1p1f2' for CNRM-CM6-1-HR from available: ['r1i1p1f2']
2026-07-22 11:49:16,170 - INFO - [storyline.find_cmip6_pr_historical_file] - Including non-standard historical PR file to fill gap: pr_Amon_CNRM-CM6-1-HR_historical_r1i1p1f2_gr_18500116-20100916_regridded.nc
2026-07-22 11:49:16,170 - INFO - [storyline.find_cmip6_pr_historical_file] - Including non-standard historical PR file to fill gap: pr_Amon_CNRM-CM6-1-HR_historical_r1i1p1f2_gr_20101016-20141216_regridded.nc
2026-07-22 11:49:16,433 - INFO - [storyline.find_cmip6_pr_historical_file] - Selected historical PR member 'r1i1p1f2' for CNRM-CM6-1 from available: ['r1i1p1f2']
2026-07-22 11:49:16,433 - INFO - [storyline.find_cmip6_pr_historical_file] - Including non-standard historical PR file to fill gap: pr_Amon_CNRM-CM6-1_historical_r1i1p1f2_gr_18500116-20141216_regridded.nc
2026-07-22 11:49:16,647 - INFO - [storyline.find_cmip6_pr_historical_file] - Selected historical PR member 'r1i1p1f2' for CNRM-ESM2-1 from available: ['r1i1p1f2']
2026-07-22 11:49:16,647 - INFO - [storyline.find_cmip6_pr_historical_file] - Including non-standard historical PR file to fill gap: pr_Amon_CNRM-ESM2-1_historical_r1i1p1f2_gr_18500116-20141216_regridded.nc
2026-07-22 11:49:16,867 - INFO - [storyline.find_cmip6_pr_historical_file] - Selected historical PR member 'r1i1p1f1' for CanESM5 from available: ['r1i1p1f1']
2026-07-22 11:49:17,085 - INFO - [storyline.find_cmip6_pr_historical_file] - Selected historical PR member 'r1i1p1f1' for E3SM-1-0 from available: ['r1i1p1f1']
2026-07-22 11:49:17,380 - INFO - [storyline.find_cmip6_pr_historical_file] - Selected historical PR member 'r1i1p1f1' for EC-Earth3-CC from available: ['r1i1p1f1']
2026-07-22 11:49:18,853 - INFO - [storyline.find_cmip6_pr_historical_file] - Selected historical PR member 'r1i1p1f1' for EC-Earth3-Veg-LR from available: ['r1i1p1f1']
2026-07-22 11:49:20,027 - INFO - [storyline.find_cmip6_pr_historical_file] - Selected historical PR member 'r1i1p1f1' for EC-Earth3 from available: ['r1i1p1f1']
2026-07-22 11:49:21,211 - INFO - [storyline.find_cmip6_pr_historical_file] - Selected historical PR member 'r1i1p1f1' for GFDL-ESM4 from available: ['r1i1p1f1']
2026-07-22 11:49:21,211 - INFO - [storyline.find_cmip6_pr_historical_file] - Including non-standard historical PR file to fill gap: pr_Amon_GFDL-ESM4_historical_r1i1p1f1_gr1_18500116-20141216_regridded.nc
2026-07-22 11:49:21,403 - INFO - [storyline.find_cmip6_pr_historical_file] - Selected historical PR member 'r1i1p1f3' for HadGEM3-GC31-LL from available: ['r1i1p1f3']
2026-07-22 11:49:21,403 - INFO - [storyline.find_cmip6_pr_historical_file] - Including non-standard historical PR file to fill gap: pr_Amon_HadGEM3-GC31-LL_historical_r1i1p1f3_gn_18500116-20141216_regridded.nc
2026-07-22 11:49:21,620 - INFO - [storyline.find_cmip6_pr_historical_file] - Selected historical PR member 'r1i1p1f3' for HadGEM3-GC31-MM from available: ['r1i1p1f3']
2026-07-22 11:49:21,621 - INFO - [storyline.find_cmip6_pr_historical_file] - Including non-standard historical PR file to fill gap: pr_Amon_HadGEM3-GC31-MM_historical_r1i1p1f3_gn_18500116-20141216_regridded.nc
2026-07-22 11:49:21,833 - INFO - [storyline.find_cmip6_pr_historical_file] - Selected historical PR member 'r1i1p1f1' for IITM-ESM from available: ['r1i1p1f1']
2026-07-22 11:49:22,189 - INFO - [storyline.find_cmip6_pr_historical_file] - Selected historical PR member 'r1i1p1f1' for INM-CM4-8 from available: ['r1i1p1f1']
2026-07-22 11:49:22,437 - INFO - [storyline.find_cmip6_pr_historical_file] - Selected historical PR member 'r1i1p1f1' for INM-CM5-0 from available: ['r1i1p1f1']
2026-07-22 11:49:22,677 - INFO - [storyline.find_cmip6_pr_historical_file] - Selected historical PR member 'r1i1p1f1' for IPSL-CM6A-LR from available: ['r1i1p1f1']
2026-07-22 11:49:22,891 - INFO - [storyline.find_cmip6_pr_historical_file] - Selected historical PR member 'r1i1p1f1' for KACE-1-0-G from available: ['r1i1p1f1']
2026-07-22 11:49:23,107 - INFO - [storyline.find_cmip6_pr_historical_file] - Selected historical PR member 'r1i1p1f1' for KIOST-ESM from available: ['r1i1p1f1']
2026-07-22 11:49:23,321 - INFO - [storyline.find_cmip6_pr_historical_file] - Selected historical PR member 'r1i1p1f2' for MIROC-ES2L from available: ['r1i1p1f2']
2026-07-22 11:49:23,321 - INFO - [storyline.find_cmip6_pr_historical_file] - Including non-standard historical PR file to fill gap: pr_Amon_MIROC-ES2L_historical_r1i1p1f2_gn_18500116-20141216_regridded.nc
2026-07-22 11:49:23,539 - INFO - [storyline.find_cmip6_pr_historical_file] - Selected historical PR member 'r1i1p1f1' for MIROC6 from available: ['r1i1p1f1']
2026-07-22 11:49:23,786 - INFO - [storyline.find_cmip6_pr_historical_file] - Selected historical PR member 'r1i1p1f1' for MPI-ESM1-2-HR from available: ['r1i1p1f1']
2026-07-22 11:49:23,786 - INFO - [storyline.find_cmip6_pr_historical_file] - Including non-standard historical PR file to fill gap: pr_Amon_MPI-ESM1-2-HR_historical_r1i1p1f1_gn_19000116-19041216_regridded.nc
2026-07-22 11:49:24,467 - INFO - [storyline.find_cmip6_pr_historical_file] - Selected historical PR member 'r1i1p1f1' for MPI-ESM1-2-LR from available: ['r1i1p1f1']
2026-07-22 11:49:24,760 - INFO - [storyline.find_cmip6_pr_historical_file] - Selected historical PR member 'r1i1p1f1' for MRI-ESM2-0 from available: ['r1i1p1f1']
2026-07-22 11:49:24,760 - INFO - [storyline.find_cmip6_pr_historical_file] - Including non-standard historical PR file to fill gap: pr_Amon_MRI-ESM2-0_historical_r1i1p1f1_gn_18500116-20141216_regridded.nc
2026-07-22 11:49:24,967 - INFO - [storyline.find_cmip6_pr_historical_file] - Selected historical PR member 'r1i1p1f1' for NorESM2-MM from available: ['r1i1p1f1']
2026-07-22 11:49:25,315 - INFO - [storyline.find_cmip6_pr_historical_file] - Selected historical PR member 'r1i1p1f2' for UKESM1-0-LL from available: ['r13i1p1f2', 'r1i1p1f2']
2026-07-22 11:49:25,315 - INFO - [storyline.find_cmip6_pr_historical_file] - Including non-standard historical PR file to fill gap: pr_Amon_UKESM1-0-LL_historical_r1i1p1f2_gn_18500116-20141216_regridded.nc
2026-07-22 11:49:25,546 - INFO - [storyline.calculate_pr_composites_for_extremes] -   PR Future Extreme Models (N=10): ['BCC-CSM2-MR_ssp585', 'CNRM-CM6-1_ssp585', 'CESM2_ssp585', 'KIOST-ESM_ssp585', 'MPI-ESM1-2-LR_ssp585', 'ACCESS-ESM1-5_ssp585', 'CESM2-WACCM_ssp585', 'CMCC-ESM2_ssp585', 'HadGEM3-GC31-LL_ssp585', 'KACE-1-0-G_ssp585']
2026-07-22 11:49:25,546 - INFO - [storyline.calculate_pr_composites_for_extremes] -   PR Future Non-Extreme Models (N=10): ['CMCC-CM2-SR5_ssp585', 'E3SM-1-0_ssp585', 'IITM-ESM_ssp585', 'CNRM-ESM2-1_ssp585', 'CanESM5_ssp585', 'EC-Earth3-Veg-LR_ssp585', 'GFDL-ESM4_ssp585', 'MIROC-ES2L_ssp585', 'MIROC6_ssp585', 'MRI-ESM2-0_ssp585']
2026-07-22 11:49:25,546 - INFO - [storyline.calculate_pr_composites_for_extremes] -   PR Historical Extreme Models (N=10): ['BCC-CSM2-MR_ssp585', 'CNRM-CM6-1_ssp585', 'CESM2_ssp585', 'KIOST-ESM_ssp585', 'MPI-ESM1-2-LR_ssp585', 'ACCESS-ESM1-5_ssp585', 'CESM2-WACCM_ssp585', 'CMCC-ESM2_ssp585', 'HadGEM3-GC31-LL_ssp585', 'KACE-1-0-G_ssp585']
2026-07-22 11:49:25,546 - INFO - [storyline.calculate_pr_composites_for_extremes] -   PR Historical Non-Extreme Models (N=10): ['CMCC-CM2-SR5_ssp585', 'E3SM-1-0_ssp585', 'IITM-ESM_ssp585', 'CNRM-ESM2-1_ssp585', 'CanESM5_ssp585', 'EC-Earth3-Veg-LR_ssp585', 'GFDL-ESM4_ssp585', 'MIROC-ES2L_ssp585', 'MIROC6_ssp585', 'MRI-ESM2-0_ssp585']
2026-07-22 11:49:26,145 - INFO - [main.run_full_analysis] - PR composite plots already exist, but calculating data for missing Final Figure 4...
2026-07-22 11:49:26,146 - INFO - [storyline.calculate_pr_composites_for_extremes] - Calculating PR composites for event '30Q10_low' at GWL +3.0°C, Season=Summer (Top/Bottom 12 models)...
2026-07-22 11:49:26,146 - INFO - [storyline.calculate_pr_composites_for_extremes] - [PR DEBUG] Keys for ACCESS-CM2_ssp585: ['1Q_low_winter', '1Q_high_winter', '7Q_low_winter', '7Q_high_winter', '30Q_low_winter', '30Q_high_winter', '1Q_low_summer', '1Q_high_summer', '7Q_low_summer', '7Q_high_summer', '30Q_low_summer', '30Q_high_summer', '1Q_low_full_year', '1Q_high_full_year', '7Q_low_full_year', '7Q_high_full_year', '30Q_low_full_year', '30Q_high_full_year', 'Mar_discharge', 'Apr_discharge', 'May_discharge', 'Sep_discharge', 'Oct_discharge', 'Nov_discharge', 'DJF_JetSpeed', 'DJF_JetLat', 'DJF_pr', 'DJF_tas', 'DJF_discharge', 'JJA_JetSpeed', 'JJA_JetLat', 'JJA_pr', 'JJA_tas', 'JJA_discharge', 'Hydro_Winter_JetSpeed', 'Hydro_Winter_JetLat', 'Hydro_Summer_JetSpeed', 'Hydro_Summer_JetLat', 'Annual_tas', 'Annual_pr', 'Annual_discharge', 'Annual_spei']
2026-07-22 11:49:26,164 - INFO - [storyline.calculate_pr_composites_for_extremes] -   Calculated Return Periods for 31 models.
2026-07-22 11:49:26,188 - INFO - [storyline.calculate_pr_composites_for_extremes] -   PR Extreme Models (Shortest T): ['KACE-1-0-G_ssp585', 'BCC-CSM2-MR_ssp585', 'CNRM-CM6-1_ssp585', 'CESM2_ssp585', 'CMCC-ESM2_ssp585', 'MPI-ESM1-2-LR_ssp585', 'INM-CM5-0_ssp585', 'KIOST-ESM_ssp585', 'MPI-ESM1-2-HR_ssp585', 'ACCESS-ESM1-5_ssp585']
2026-07-22 11:49:26,188 - INFO - [storyline.calculate_pr_composites_for_extremes] -   PR Non-Extreme Models (Longest T): ['EC-Earth3-Veg-LR_ssp585', 'GFDL-ESM4_ssp585', 'HadGEM3-GC31-LL_ssp585', 'IPSL-CM6A-LR_ssp585', 'CNRM-ESM2-1_ssp585', 'CanESM5_ssp585', 'EC-Earth3_ssp585', 'IITM-ESM_ssp585', 'MIROC-ES2L_ssp585', 'MRI-ESM2-0_ssp585']
2026-07-22 11:49:26,438 - INFO - [storyline.find_cmip6_pr_file] - Including non-standard file to fill gap: pr_Amon_CNRM-CM6-1_ssp585_r1i1p1f2_gr_20150116-21001216_regridded.nc
2026-07-22 11:49:26,582 - INFO - [storyline.find_cmip6_pr_file] - Including non-standard file to fill gap: pr_Amon_CESM2_ssp585_r4i1p1f1_gn_20150115-21001215_regridded.nc
2026-07-22 11:49:27,808 - WARNING - [storyline.find_cmip6_pr_file] - Excluding overlapping non-standard file: pr_Amon_EC-Earth3-Veg-LR_ssp585_r1i1p1f1_gr_20420116-21001216_regridded.nc
2026-07-22 11:49:28,606 - INFO - [storyline.find_cmip6_pr_file] - Including non-standard file to fill gap: pr_Amon_HadGEM3-GC31-LL_ssp585_r1i1p1f3_gn_20150116-21001216_regridded.nc
2026-07-22 11:49:28,925 - INFO - [storyline.find_cmip6_pr_file] - Including non-standard file to fill gap: pr_Amon_CNRM-ESM2-1_ssp585_r1i1p1f2_gr_20150116-21001216_regridded.nc
2026-07-22 11:49:30,091 - INFO - [storyline.find_cmip6_pr_file] - Including non-standard file to fill gap: pr_Amon_MIROC-ES2L_ssp585_r1i1p1f2_gn_20150116-21001216_regridded.nc
2026-07-22 11:49:30,233 - INFO - [storyline.find_cmip6_pr_file] - Including non-standard file to fill gap: pr_Amon_MRI-ESM2-0_ssp585_r1i1p1f1_gn_20150116-23001216_regridded.nc
2026-07-22 11:49:30,394 - INFO - [storyline.find_cmip6_pr_historical_file] - Selected historical PR member 'r1i1p1f1' for KACE-1-0-G from available: ['r1i1p1f1']
2026-07-22 11:49:30,611 - INFO - [storyline.find_cmip6_pr_historical_file] - Selected historical PR member 'r1i1p1f1' for BCC-CSM2-MR from available: ['r1i1p1f1']
2026-07-22 11:49:30,834 - INFO - [storyline.find_cmip6_pr_historical_file] - Selected historical PR member 'r1i1p1f2' for CNRM-CM6-1 from available: ['r1i1p1f2']
2026-07-22 11:49:30,834 - INFO - [storyline.find_cmip6_pr_historical_file] - Including non-standard historical PR file to fill gap: pr_Amon_CNRM-CM6-1_historical_r1i1p1f2_gr_18500116-20141216_regridded.nc
2026-07-22 11:49:31,054 - INFO - [storyline.find_cmip6_pr_historical_file] - Selected historical PR member 'r1i1p1f1' for CESM2 from available: ['r1i1p1f1']
2026-07-22 11:49:31,494 - INFO - [storyline.find_cmip6_pr_historical_file] - Selected historical PR member 'r1i1p1f1' for CMCC-ESM2 from available: ['r1i1p1f1']
2026-07-22 11:49:31,717 - INFO - [storyline.find_cmip6_pr_historical_file] - Selected historical PR member 'r1i1p1f1' for MPI-ESM1-2-LR from available: ['r1i1p1f1']
2026-07-22 11:49:32,022 - INFO - [storyline.find_cmip6_pr_historical_file] - Selected historical PR member 'r1i1p1f1' for INM-CM5-0 from available: ['r1i1p1f1']
2026-07-22 11:49:32,273 - INFO - [storyline.find_cmip6_pr_historical_file] - Selected historical PR member 'r1i1p1f1' for KIOST-ESM from available: ['r1i1p1f1']
2026-07-22 11:49:32,495 - INFO - [storyline.find_cmip6_pr_historical_file] - Selected historical PR member 'r1i1p1f1' for MPI-ESM1-2-HR from available: ['r1i1p1f1']
2026-07-22 11:49:32,495 - INFO - [storyline.find_cmip6_pr_historical_file] - Including non-standard historical PR file to fill gap: pr_Amon_MPI-ESM1-2-HR_historical_r1i1p1f1_gn_19000116-19041216_regridded.nc
2026-07-22 11:49:32,962 - INFO - [storyline.find_cmip6_pr_historical_file] - Selected historical PR member 'r1i1p1f1' for ACCESS-ESM1-5 from available: ['r1i1p1f1']
2026-07-22 11:49:33,187 - INFO - [storyline.find_cmip6_pr_historical_file] - Selected historical PR member 'r1i1p1f1' for EC-Earth3-Veg-LR from available: ['r1i1p1f1']
2026-07-22 11:49:34,396 - INFO - [storyline.find_cmip6_pr_historical_file] - Selected historical PR member 'r1i1p1f1' for GFDL-ESM4 from available: ['r1i1p1f1']
2026-07-22 11:49:34,397 - INFO - [storyline.find_cmip6_pr_historical_file] - Including non-standard historical PR file to fill gap: pr_Amon_GFDL-ESM4_historical_r1i1p1f1_gr1_18500116-20141216_regridded.nc
2026-07-22 11:49:34,594 - INFO - [storyline.find_cmip6_pr_historical_file] - Selected historical PR member 'r1i1p1f3' for HadGEM3-GC31-LL from available: ['r1i1p1f3']
2026-07-22 11:49:34,594 - INFO - [storyline.find_cmip6_pr_historical_file] - Including non-standard historical PR file to fill gap: pr_Amon_HadGEM3-GC31-LL_historical_r1i1p1f3_gn_18500116-20141216_regridded.nc
2026-07-22 11:49:34,819 - INFO - [storyline.find_cmip6_pr_historical_file] - Selected historical PR member 'r1i1p1f1' for IPSL-CM6A-LR from available: ['r1i1p1f1']
2026-07-22 11:49:35,040 - INFO - [storyline.find_cmip6_pr_historical_file] - Selected historical PR member 'r1i1p1f2' for CNRM-ESM2-1 from available: ['r1i1p1f2']
2026-07-22 11:49:35,040 - INFO - [storyline.find_cmip6_pr_historical_file] - Including non-standard historical PR file to fill gap: pr_Amon_CNRM-ESM2-1_historical_r1i1p1f2_gr_18500116-20141216_regridded.nc
2026-07-22 11:49:35,247 - INFO - [storyline.find_cmip6_pr_historical_file] - Selected historical PR member 'r1i1p1f1' for CanESM5 from available: ['r1i1p1f1']
2026-07-22 11:49:35,431 - INFO - [storyline.find_cmip6_pr_historical_file] - Selected historical PR member 'r1i1p1f1' for EC-Earth3 from available: ['r1i1p1f1']
2026-07-22 11:49:36,856 - INFO - [storyline.find_cmip6_pr_historical_file] - Selected historical PR member 'r1i1p1f1' for IITM-ESM from available: ['r1i1p1f1']
2026-07-22 11:49:37,176 - INFO - [storyline.find_cmip6_pr_historical_file] - Selected historical PR member 'r1i1p1f2' for MIROC-ES2L from available: ['r1i1p1f2']
2026-07-22 11:49:37,176 - INFO - [storyline.find_cmip6_pr_historical_file] - Including non-standard historical PR file to fill gap: pr_Amon_MIROC-ES2L_historical_r1i1p1f2_gn_18500116-20141216_regridded.nc
2026-07-22 11:49:37,392 - INFO - [storyline.find_cmip6_pr_historical_file] - Selected historical PR member 'r1i1p1f1' for MRI-ESM2-0 from available: ['r1i1p1f1']
2026-07-22 11:49:37,392 - INFO - [storyline.find_cmip6_pr_historical_file] - Including non-standard historical PR file to fill gap: pr_Amon_MRI-ESM2-0_historical_r1i1p1f1_gn_18500116-20141216_regridded.nc
2026-07-22 11:49:37,619 - INFO - [storyline.find_cmip6_pr_historical_file] - Selected historical PR member 'r1i1p1f1' for ACCESS-CM2 from available: ['r1i1p1f1']
2026-07-22 11:49:37,841 - INFO - [storyline.find_cmip6_pr_historical_file] - Selected historical PR member 'r1i1p1f1' for ACCESS-ESM1-5 from available: ['r1i1p1f1']
2026-07-22 11:49:38,067 - INFO - [storyline.find_cmip6_pr_historical_file] - Selected historical PR member 'r1i1p1f1' for BCC-CSM2-MR from available: ['r1i1p1f1']
2026-07-22 11:49:38,281 - INFO - [storyline.find_cmip6_pr_historical_file] - Selected historical PR member 'r1i1p1f1' for CESM2 from available: ['r1i1p1f1']
2026-07-22 11:49:38,500 - INFO - [storyline.find_cmip6_pr_historical_file] - Selected historical PR member 'r1i1p1f1' for CESM2-WACCM from available: ['r1i1p1f1']
2026-07-22 11:49:38,717 - INFO - [storyline.find_cmip6_pr_historical_file] - Selected historical PR member 'r1i1p1f1' for CMCC-CM2-SR5 from available: ['r1i1p1f1']
2026-07-22 11:49:38,937 - INFO - [storyline.find_cmip6_pr_historical_file] - Selected historical PR member 'r1i1p1f1' for CMCC-ESM2 from available: ['r1i1p1f1']
2026-07-22 11:49:39,155 - INFO - [storyline.find_cmip6_pr_historical_file] - Selected historical PR member 'r1i1p1f2' for CNRM-CM6-1-HR from available: ['r1i1p1f2']
2026-07-22 11:49:39,155 - INFO - [storyline.find_cmip6_pr_historical_file] - Including non-standard historical PR file to fill gap: pr_Amon_CNRM-CM6-1-HR_historical_r1i1p1f2_gr_18500116-20100916_regridded.nc
2026-07-22 11:49:39,155 - INFO - [storyline.find_cmip6_pr_historical_file] - Including non-standard historical PR file to fill gap: pr_Amon_CNRM-CM6-1-HR_historical_r1i1p1f2_gr_20101016-20141216_regridded.nc
2026-07-22 11:49:39,427 - INFO - [storyline.find_cmip6_pr_historical_file] - Selected historical PR member 'r1i1p1f2' for CNRM-CM6-1 from available: ['r1i1p1f2']
2026-07-22 11:49:39,427 - INFO - [storyline.find_cmip6_pr_historical_file] - Including non-standard historical PR file to fill gap: pr_Amon_CNRM-CM6-1_historical_r1i1p1f2_gr_18500116-20141216_regridded.nc
2026-07-22 11:49:39,652 - INFO - [storyline.find_cmip6_pr_historical_file] - Selected historical PR member 'r1i1p1f2' for CNRM-ESM2-1 from available: ['r1i1p1f2']
2026-07-22 11:49:39,652 - INFO - [storyline.find_cmip6_pr_historical_file] - Including non-standard historical PR file to fill gap: pr_Amon_CNRM-ESM2-1_historical_r1i1p1f2_gr_18500116-20141216_regridded.nc
2026-07-22 11:49:39,879 - INFO - [storyline.find_cmip6_pr_historical_file] - Selected historical PR member 'r1i1p1f1' for CanESM5 from available: ['r1i1p1f1']
2026-07-22 11:49:40,105 - INFO - [storyline.find_cmip6_pr_historical_file] - Selected historical PR member 'r1i1p1f1' for E3SM-1-0 from available: ['r1i1p1f1']
2026-07-22 11:49:40,406 - INFO - [storyline.find_cmip6_pr_historical_file] - Selected historical PR member 'r1i1p1f1' for EC-Earth3-CC from available: ['r1i1p1f1']
2026-07-22 11:49:41,633 - INFO - [storyline.find_cmip6_pr_historical_file] - Selected historical PR member 'r1i1p1f1' for EC-Earth3-Veg-LR from available: ['r1i1p1f1']
2026-07-22 11:49:43,090 - INFO - [storyline.find_cmip6_pr_historical_file] - Selected historical PR member 'r1i1p1f1' for EC-Earth3 from available: ['r1i1p1f1']
2026-07-22 11:49:44,280 - INFO - [storyline.find_cmip6_pr_historical_file] - Selected historical PR member 'r1i1p1f1' for GFDL-ESM4 from available: ['r1i1p1f1']
2026-07-22 11:49:44,280 - INFO - [storyline.find_cmip6_pr_historical_file] - Including non-standard historical PR file to fill gap: pr_Amon_GFDL-ESM4_historical_r1i1p1f1_gr1_18500116-20141216_regridded.nc
2026-07-22 11:49:44,481 - INFO - [storyline.find_cmip6_pr_historical_file] - Selected historical PR member 'r1i1p1f3' for HadGEM3-GC31-LL from available: ['r1i1p1f3']
2026-07-22 11:49:44,481 - INFO - [storyline.find_cmip6_pr_historical_file] - Including non-standard historical PR file to fill gap: pr_Amon_HadGEM3-GC31-LL_historical_r1i1p1f3_gn_18500116-20141216_regridded.nc
2026-07-22 11:49:44,703 - INFO - [storyline.find_cmip6_pr_historical_file] - Selected historical PR member 'r1i1p1f3' for HadGEM3-GC31-MM from available: ['r1i1p1f3']
2026-07-22 11:49:44,703 - INFO - [storyline.find_cmip6_pr_historical_file] - Including non-standard historical PR file to fill gap: pr_Amon_HadGEM3-GC31-MM_historical_r1i1p1f3_gn_18500116-20141216_regridded.nc
2026-07-22 11:49:44,927 - INFO - [storyline.find_cmip6_pr_historical_file] - Selected historical PR member 'r1i1p1f1' for IITM-ESM from available: ['r1i1p1f1']
2026-07-22 11:49:45,296 - INFO - [storyline.find_cmip6_pr_historical_file] - Selected historical PR member 'r1i1p1f1' for INM-CM4-8 from available: ['r1i1p1f1']
2026-07-22 11:49:45,563 - INFO - [storyline.find_cmip6_pr_historical_file] - Selected historical PR member 'r1i1p1f1' for INM-CM5-0 from available: ['r1i1p1f1']
2026-07-22 11:49:45,819 - INFO - [storyline.find_cmip6_pr_historical_file] - Selected historical PR member 'r1i1p1f1' for IPSL-CM6A-LR from available: ['r1i1p1f1']
2026-07-22 11:49:46,045 - INFO - [storyline.find_cmip6_pr_historical_file] - Selected historical PR member 'r1i1p1f1' for KACE-1-0-G from available: ['r1i1p1f1']
2026-07-22 11:49:46,273 - INFO - [storyline.find_cmip6_pr_historical_file] - Selected historical PR member 'r1i1p1f1' for KIOST-ESM from available: ['r1i1p1f1']
2026-07-22 11:49:46,494 - INFO - [storyline.find_cmip6_pr_historical_file] - Selected historical PR member 'r1i1p1f2' for MIROC-ES2L from available: ['r1i1p1f2']
2026-07-22 11:49:46,495 - INFO - [storyline.find_cmip6_pr_historical_file] - Including non-standard historical PR file to fill gap: pr_Amon_MIROC-ES2L_historical_r1i1p1f2_gn_18500116-20141216_regridded.nc
2026-07-22 11:49:46,716 - INFO - [storyline.find_cmip6_pr_historical_file] - Selected historical PR member 'r1i1p1f1' for MIROC6 from available: ['r1i1p1f1']
2026-07-22 11:49:46,978 - INFO - [storyline.find_cmip6_pr_historical_file] - Selected historical PR member 'r1i1p1f1' for MPI-ESM1-2-HR from available: ['r1i1p1f1']
2026-07-22 11:49:46,978 - INFO - [storyline.find_cmip6_pr_historical_file] - Including non-standard historical PR file to fill gap: pr_Amon_MPI-ESM1-2-HR_historical_r1i1p1f1_gn_19000116-19041216_regridded.nc
2026-07-22 11:49:47,456 - INFO - [storyline.find_cmip6_pr_historical_file] - Selected historical PR member 'r1i1p1f1' for MPI-ESM1-2-LR from available: ['r1i1p1f1']
2026-07-22 11:49:47,761 - INFO - [storyline.find_cmip6_pr_historical_file] - Selected historical PR member 'r1i1p1f1' for MRI-ESM2-0 from available: ['r1i1p1f1']
2026-07-22 11:49:47,762 - INFO - [storyline.find_cmip6_pr_historical_file] - Including non-standard historical PR file to fill gap: pr_Amon_MRI-ESM2-0_historical_r1i1p1f1_gn_18500116-20141216_regridded.nc
2026-07-22 11:49:48,204 - INFO - [storyline.find_cmip6_pr_historical_file] - Selected historical PR member 'r1i1p1f1' for NorESM2-MM from available: ['r1i1p1f1']
2026-07-22 11:49:48,567 - INFO - [storyline.find_cmip6_pr_historical_file] - Selected historical PR member 'r1i1p1f2' for UKESM1-0-LL from available: ['r13i1p1f2', 'r1i1p1f2']
2026-07-22 11:49:48,568 - INFO - [storyline.find_cmip6_pr_historical_file] - Including non-standard historical PR file to fill gap: pr_Amon_UKESM1-0-LL_historical_r1i1p1f2_gn_18500116-20141216_regridded.nc
2026-07-22 11:49:48,804 - INFO - [storyline.calculate_pr_composites_for_extremes] -   PR Future Extreme Models (N=10): ['KACE-1-0-G_ssp585', 'BCC-CSM2-MR_ssp585', 'CNRM-CM6-1_ssp585', 'CESM2_ssp585', 'CMCC-ESM2_ssp585', 'MPI-ESM1-2-LR_ssp585', 'INM-CM5-0_ssp585', 'KIOST-ESM_ssp585', 'MPI-ESM1-2-HR_ssp585', 'ACCESS-ESM1-5_ssp585']
2026-07-22 11:49:48,804 - INFO - [storyline.calculate_pr_composites_for_extremes] -   PR Future Non-Extreme Models (N=10): ['EC-Earth3-Veg-LR_ssp585', 'GFDL-ESM4_ssp585', 'HadGEM3-GC31-LL_ssp585', 'IPSL-CM6A-LR_ssp585', 'CNRM-ESM2-1_ssp585', 'CanESM5_ssp585', 'EC-Earth3_ssp585', 'IITM-ESM_ssp585', 'MIROC-ES2L_ssp585', 'MRI-ESM2-0_ssp585']
2026-07-22 11:49:48,804 - INFO - [storyline.calculate_pr_composites_for_extremes] -   PR Historical Extreme Models (N=10): ['KACE-1-0-G_ssp585', 'BCC-CSM2-MR_ssp585', 'CNRM-CM6-1_ssp585', 'CESM2_ssp585', 'CMCC-ESM2_ssp585', 'MPI-ESM1-2-LR_ssp585', 'INM-CM5-0_ssp585', 'KIOST-ESM_ssp585', 'MPI-ESM1-2-HR_ssp585', 'ACCESS-ESM1-5_ssp585']
2026-07-22 11:49:48,804 - INFO - [storyline.calculate_pr_composites_for_extremes] -   PR Historical Non-Extreme Models (N=10): ['EC-Earth3-Veg-LR_ssp585', 'GFDL-ESM4_ssp585', 'HadGEM3-GC31-LL_ssp585', 'IPSL-CM6A-LR_ssp585', 'CNRM-ESM2-1_ssp585', 'CanESM5_ssp585', 'EC-Earth3_ssp585', 'IITM-ESM_ssp585', 'MIROC-ES2L_ssp585', 'MRI-ESM2-0_ssp585']
2026-07-22 11:49:49,394 - INFO - [main.run_full_analysis] - Combined PR diff plot for GWL 2.0 already exists.
2026-07-22 11:49:49,394 - INFO - [visualization.plot_final_figure_4_combined] - Plotting combined final figure 4 for GWL 2.0°C, ssp585...
/nas/home/vlw/Desktop/STREAM/Code/paper1-project/visualization.py:6365: UserWarning: This figure includes Axes that are not compatible with tight_layout, so results might be incorrect.
  fig.tight_layout(rect=(0, 0.07, 1, 0.94), h_pad=1.2, w_pad=1.0)
2026-07-22 11:49:53,535 - INFO - [visualization.plot_final_figure_4_combined] - Saved combined final figure 4 to /nas/home/vlw/Desktop/STREAM/paper1-plots/final_figure_4_combined_ssp585_gwl2.0.png and /nas/home/vlw/Desktop/STREAM/paper1-plots/final_figure_4_combined_ssp585_gwl2.0.pdf
2026-07-22 11:49:53,538 - INFO - [main.run_full_analysis] - Combined PR diff plot for GWL 3.0 already exists.
2026-07-22 11:49:53,539 - INFO - [visualization.plot_final_figure_4_combined] - Plotting combined final figure 4 for GWL 3.0°C, ssp585...
/nas/home/vlw/Desktop/STREAM/Code/paper1-project/visualization.py:6365: UserWarning: This figure includes Axes that are not compatible with tight_layout, so results might be incorrect.
  fig.tight_layout(rect=(0, 0.07, 1, 0.94), h_pad=1.2, w_pad=1.0)
2026-07-22 11:49:57,197 - INFO - [visualization.plot_final_figure_4_combined] - Saved combined final figure 4 to /nas/home/vlw/Desktop/STREAM/paper1-plots/final_figure_4_combined_ssp585_gwl3.0.png and /nas/home/vlw/Desktop/STREAM/paper1-plots/final_figure_4_combined_ssp585_gwl3.0.pdf
2026-07-22 11:49:57,201 - INFO - [main.run_full_analysis] - UA composite plot for GWL 2.0, Winter already exists and data not needed.
2026-07-22 11:49:57,201 - INFO - [storyline.calculate_ua_composites_for_extremes] - Calculating UA composites for event '30Q10_low' at GWL +2.0°C, Season=Winter...
2026-07-22 11:49:57,246 - INFO - [storyline.calculate_ua_composites_for_extremes] -   UA Extreme Models (N=10): ['BCC-CSM2-MR_ssp585', 'CESM2_ssp585', 'CNRM-CM6-1_ssp585', 'CNRM-CM6-1-HR_ssp585', 'ACCESS-ESM1-5_ssp585', 'CMCC-ESM2_ssp585', 'MPI-ESM1-2-HR_ssp585', 'HadGEM3-GC31-LL_ssp585', 'HadGEM3-GC31-MM_ssp585', 'INM-CM5-0_ssp585']
2026-07-22 11:49:57,246 - INFO - [storyline.calculate_ua_composites_for_extremes] -   UA Non-Extreme Models (N=10): ['EC-Earth3-CC_ssp585', 'IPSL-CM6A-LR_ssp585', 'MRI-ESM2-0_ssp585', 'UKESM1-0-LL_ssp585', 'E3SM-1-0_ssp585', 'EC-Earth3-Veg-LR_ssp585', 'GFDL-ESM4_ssp585', 'INM-CM4-8_ssp585', 'MIROC-ES2L_ssp585', 'MIROC6_ssp585']
2026-07-22 11:49:57,248 - INFO - [storyline.find_cmip6_ua_file] - Selected UA file member 'r1i1p1f1' for BCC-CSM2-MR (ssp585) from available: ['r1i1p1f1']
2026-07-22 11:49:57,248 - WARNING - [storyline.find_cmip6_ua_file] - Excluding overlapping non-standard UA file: ua_Amon_BCC-CSM2-MR_ssp585_r1i1p1f1_gn_20550116-20970916_regridded.nc
2026-07-22 11:49:57,248 - WARNING - [storyline.find_cmip6_ua_file] - Excluding overlapping non-standard UA file: ua_Amon_BCC-CSM2-MR_ssp585_r1i1p1f1_gn_20971016-21001216_regridded.nc
2026-07-22 11:49:58,815 - INFO - [storyline.find_cmip6_ua_file] - Selected UA file member 'r4i1p1f1' for CESM2 (ssp585) from available: ['r4i1p1f1']
2026-07-22 11:49:58,815 - INFO - [storyline.find_cmip6_ua_file] - Including non-standard UA file to fill gap: ua_Amon_CESM2_ssp585_r4i1p1f1_gn_20150115-20540715_regridded.nc
2026-07-22 11:49:58,815 - INFO - [storyline.find_cmip6_ua_file] - Including non-standard UA file to fill gap: ua_Amon_CESM2_ssp585_r4i1p1f1_gn_20540815-20940214_regridded.nc
2026-07-22 11:49:58,815 - INFO - [storyline.find_cmip6_ua_file] - Including non-standard UA file to fill gap: ua_Amon_CESM2_ssp585_r4i1p1f1_gn_20940315-21001215_regridded.nc
2026-07-22 11:49:59,012 - INFO - [storyline.find_cmip6_ua_file] - Selected UA file member 'r1i1p1f2' for CNRM-CM6-1 (ssp585) from available: ['r1i1p1f2']
2026-07-22 11:49:59,012 - INFO - [storyline.find_cmip6_ua_file] - Including non-standard UA file to fill gap: ua_Amon_CNRM-CM6-1_ssp585_r1i1p1f2_gr_20150116-20811116_regridded.nc
2026-07-22 11:49:59,012 - INFO - [storyline.find_cmip6_ua_file] - Including non-standard UA file to fill gap: ua_Amon_CNRM-CM6-1_ssp585_r1i1p1f2_gr_20811216-21001216_regridded.nc
2026-07-22 11:49:59,187 - INFO - [storyline.find_cmip6_ua_file] - Selected UA file member 'r1i1p1f2' for CNRM-CM6-1-HR (ssp585) from available: ['r1i1p1f2']
2026-07-22 11:49:59,187 - INFO - [storyline.find_cmip6_ua_file] - Including non-standard UA file to fill gap: ua_Amon_CNRM-CM6-1-HR_ssp585_r1i1p1f2_gr_20150116-20230516_regridded.nc
2026-07-22 11:49:59,187 - INFO - [storyline.find_cmip6_ua_file] - Including non-standard UA file to fill gap: ua_Amon_CNRM-CM6-1-HR_ssp585_r1i1p1f2_gr_20230616-20311016_regridded.nc
2026-07-22 11:49:59,188 - INFO - [storyline.find_cmip6_ua_file] - Including non-standard UA file to fill gap: ua_Amon_CNRM-CM6-1-HR_ssp585_r1i1p1f2_gr_20311116-20400316_regridded.nc
2026-07-22 11:49:59,188 - INFO - [storyline.find_cmip6_ua_file] - Including non-standard UA file to fill gap: ua_Amon_CNRM-CM6-1-HR_ssp585_r1i1p1f2_gr_20400416-20480816_regridded.nc
2026-07-22 11:49:59,188 - INFO - [storyline.find_cmip6_ua_file] - Including non-standard UA file to fill gap: ua_Amon_CNRM-CM6-1-HR_ssp585_r1i1p1f2_gr_20480916-20570116_regridded.nc
2026-07-22 11:49:59,188 - INFO - [storyline.find_cmip6_ua_file] - Including non-standard UA file to fill gap: ua_Amon_CNRM-CM6-1-HR_ssp585_r1i1p1f2_gr_20570215-20650616_regridded.nc
2026-07-22 11:49:59,188 - INFO - [storyline.find_cmip6_ua_file] - Including non-standard UA file to fill gap: ua_Amon_CNRM-CM6-1-HR_ssp585_r1i1p1f2_gr_20650716-20731116_regridded.nc
2026-07-22 11:49:59,188 - INFO - [storyline.find_cmip6_ua_file] - Including non-standard UA file to fill gap: ua_Amon_CNRM-CM6-1-HR_ssp585_r1i1p1f2_gr_20731216-20820416_regridded.nc
2026-07-22 11:49:59,188 - INFO - [storyline.find_cmip6_ua_file] - Including non-standard UA file to fill gap: ua_Amon_CNRM-CM6-1-HR_ssp585_r1i1p1f2_gr_20820516-20900916_regridded.nc
2026-07-22 11:49:59,188 - INFO - [storyline.find_cmip6_ua_file] - Including non-standard UA file to fill gap: ua_Amon_CNRM-CM6-1-HR_ssp585_r1i1p1f2_gr_20901016-20990215_regridded.nc
2026-07-22 11:49:59,189 - INFO - [storyline.find_cmip6_ua_file] - Including non-standard UA file to fill gap: ua_Amon_CNRM-CM6-1-HR_ssp585_r1i1p1f2_gr_20990316-21001216_regridded.nc
2026-07-22 11:49:59,441 - INFO - [storyline.find_cmip6_ua_file] - Selected UA file member 'r1i1p1f1' for ACCESS-ESM1-5 (ssp585) from available: ['r1i1p1f1']
/nas/home/vlw/.mambaenvs/STREAM/lib/python3.10/site-packages/dask/array/core.py:4988: PerformanceWarning: Increasing number of chunks by factor of 38
  result = blockwise(
/nas/home/vlw/.mambaenvs/STREAM/lib/python3.10/site-packages/dask/array/core.py:4988: PerformanceWarning: Increasing number of chunks by factor of 38
  result = blockwise(
/nas/home/vlw/.mambaenvs/STREAM/lib/python3.10/site-packages/dask/array/core.py:4988: PerformanceWarning: Increasing number of chunks by factor of 38
  result = blockwise(
2026-07-22 11:49:59,960 - INFO - [storyline.find_cmip6_ua_file] - Selected UA file member 'r1i1p1f1' for CMCC-ESM2 (ssp585) from available: ['r1i1p1f1']
2026-07-22 11:49:59,960 - WARNING - [storyline.find_cmip6_ua_file] - Excluding overlapping non-standard UA file: ua_Amon_CMCC-ESM2_ssp585_r1i1p1f1_gn_20400116-20790716_regridded.nc
2026-07-22 11:49:59,960 - WARNING - [storyline.find_cmip6_ua_file] - Excluding overlapping non-standard UA file: ua_Amon_CMCC-ESM2_ssp585_r1i1p1f1_gn_20790816-21001216_regridded.nc
2026-07-22 11:50:00,134 - INFO - [storyline.find_cmip6_ua_file] - Selected UA file member 'r1i1p1f1' for MPI-ESM1-2-HR (ssp585) from available: ['r1i1p1f1']
2026-07-22 11:50:00,434 - INFO - [storyline.find_cmip6_ua_file] - Selected UA file member 'r1i1p1f3' for HadGEM3-GC31-LL (ssp585) from available: ['r1i1p1f3']
2026-07-22 11:50:00,434 - INFO - [storyline.find_cmip6_ua_file] - Including non-standard UA file to fill gap: ua_Amon_HadGEM3-GC31-LL_ssp585_r1i1p1f3_gn_20150116-20930916_regridded.nc
2026-07-22 11:50:00,434 - INFO - [storyline.find_cmip6_ua_file] - Including non-standard UA file to fill gap: ua_Amon_HadGEM3-GC31-LL_ssp585_r1i1p1f3_gn_20931016-21001216_regridded.nc
2026-07-22 11:50:00,590 - INFO - [storyline.find_cmip6_ua_file] - Selected UA file member 'r1i1p1f3' for HadGEM3-GC31-MM (ssp585) from available: ['r1i1p1f3']
2026-07-22 11:50:00,590 - INFO - [storyline.find_cmip6_ua_file] - Including non-standard UA file to fill gap: ua_Amon_HadGEM3-GC31-MM_ssp585_r1i1p1f3_gn_20150116-20300716_regridded.nc
2026-07-22 11:50:00,591 - INFO - [storyline.find_cmip6_ua_file] - Including non-standard UA file to fill gap: ua_Amon_HadGEM3-GC31-MM_ssp585_r1i1p1f3_gn_20300816-20460216_regridded.nc
2026-07-22 11:50:00,591 - INFO - [storyline.find_cmip6_ua_file] - Including non-standard UA file to fill gap: ua_Amon_HadGEM3-GC31-MM_ssp585_r1i1p1f3_gn_20460316-20610916_regridded.nc
2026-07-22 11:50:00,591 - INFO - [storyline.find_cmip6_ua_file] - Including non-standard UA file to fill gap: ua_Amon_HadGEM3-GC31-MM_ssp585_r1i1p1f3_gn_20611016-20770416_regridded.nc
2026-07-22 11:50:00,591 - INFO - [storyline.find_cmip6_ua_file] - Including non-standard UA file to fill gap: ua_Amon_HadGEM3-GC31-MM_ssp585_r1i1p1f3_gn_20770516-20921116_regridded.nc
2026-07-22 11:50:00,591 - INFO - [storyline.find_cmip6_ua_file] - Including non-standard UA file to fill gap: ua_Amon_HadGEM3-GC31-MM_ssp585_r1i1p1f3_gn_20921216-21001216_regridded.nc
2026-07-22 11:50:00,830 - INFO - [storyline.find_cmip6_ua_file] - Selected UA file member 'r1i1p1f1' for INM-CM5-0 (ssp585) from available: ['r1i1p1f1']
2026-07-22 11:50:01,065 - INFO - [storyline.find_cmip6_ua_file] - Selected UA file member 'r1i1p1f1' for EC-Earth3-CC (ssp585) from available: ['r1i1p1f1']
2026-07-22 11:50:02,271 - INFO - [storyline.find_cmip6_ua_file] - Selected UA file member 'r1i1p1f1' for IPSL-CM6A-LR (ssp585) from available: ['r1i1p1f1']
2026-07-22 11:50:02,430 - INFO - [storyline.find_cmip6_ua_file] - Selected UA file member 'r1i1p1f1' for MRI-ESM2-0 (ssp585) from available: ['r1i1p1f1']
2026-07-22 11:50:02,589 - INFO - [storyline.find_cmip6_ua_file] - Selected UA file member 'r1i1p1f2' for UKESM1-0-LL (ssp585) from available: ['r1i1p1f2']
2026-07-22 11:50:02,589 - INFO - [storyline.find_cmip6_ua_file] - Including non-standard UA file to fill gap: ua_Amon_UKESM1-0-LL_ssp585_r1i1p1f2_gn_20150116-20930916_regridded.nc
2026-07-22 11:50:02,589 - INFO - [storyline.find_cmip6_ua_file] - Including non-standard UA file to fill gap: ua_Amon_UKESM1-0-LL_ssp585_r1i1p1f2_gn_20931016-21001216_regridded.nc
2026-07-22 11:50:02,758 - INFO - [storyline.find_cmip6_ua_file] - Selected UA file member 'r1i1p1f1' for E3SM-1-0 (ssp585) from available: ['r1i1p1f1']
2026-07-22 11:50:02,861 - INFO - [storyline.find_cmip6_ua_file] - Selected UA file member 'r1i1p1f1' for EC-Earth3-Veg-LR (ssp585) from available: ['r1i1p1f1']
2026-07-22 11:50:02,861 - WARNING - [storyline.find_cmip6_ua_file] - Excluding overlapping non-standard UA file: ua_Amon_EC-Earth3-Veg-LR_ssp585_r1i1p1f1_gr_20170116-20590916_regridded.nc
2026-07-22 11:50:02,861 - WARNING - [storyline.find_cmip6_ua_file] - Excluding overlapping non-standard UA file: ua_Amon_EC-Earth3-Veg-LR_ssp585_r1i1p1f1_gr_20280116-20831216_regridded.nc
2026-07-22 11:50:02,861 - WARNING - [storyline.find_cmip6_ua_file] - Excluding overlapping non-standard UA file: ua_Amon_EC-Earth3-Veg-LR_ssp585_r1i1p1f1_gr_20591016-21001216_regridded.nc
2026-07-22 11:50:04,006 - INFO - [storyline.find_cmip6_ua_file] - Selected UA file member 'r1i1p1f1' for GFDL-ESM4 (ssp585) from available: ['r1i1p1f1']
2026-07-22 11:50:04,006 - WARNING - [storyline.find_cmip6_ua_file] - Excluding overlapping non-standard UA file: ua_Amon_GFDL-ESM4_ssp585_r1i1p1f1_gr1_20150116-20570316_regridded.nc
2026-07-22 11:50:04,006 - WARNING - [storyline.find_cmip6_ua_file] - Excluding overlapping non-standard UA file: ua_Amon_GFDL-ESM4_ssp585_r1i1p1f1_gr1_20570416-20990616_regridded.nc
2026-07-22 11:50:04,006 - WARNING - [storyline.find_cmip6_ua_file] - Excluding overlapping non-standard UA file: ua_Amon_GFDL-ESM4_ssp585_r1i1p1f1_gr1_20990716-21001216_regridded.nc
2026-07-22 11:50:04,159 - INFO - [storyline.find_cmip6_ua_file] - Selected UA file member 'r1i1p1f1' for INM-CM4-8 (ssp585) from available: ['r1i1p1f1']
2026-07-22 11:50:04,401 - INFO - [storyline.find_cmip6_ua_file] - Selected UA file member 'r1i1p1f2' for MIROC-ES2L (ssp585) from available: ['r1i1p1f2']
2026-07-22 11:50:04,402 - INFO - [storyline.find_cmip6_ua_file] - Including non-standard UA file to fill gap: ua_Amon_MIROC-ES2L_ssp585_r1i1p1f2_gn_20150116-21001216_regridded.nc
2026-07-22 11:50:04,560 - INFO - [storyline.find_cmip6_ua_file] - Selected UA file member 'r1i1p1f1' for MIROC6 (ssp585) from available: ['r1i1p1f1']
2026-07-22 11:50:04,560 - WARNING - [storyline.find_cmip6_ua_file] - Excluding overlapping non-standard UA file: ua_Amon_MIROC6_ssp585_r1i1p1f1_gn_20150116-20811116_regridded.nc
2026-07-22 11:50:04,560 - WARNING - [storyline.find_cmip6_ua_file] - Excluding overlapping non-standard UA file: ua_Amon_MIROC6_ssp585_r1i1p1f1_gn_20811216-21001216_regridded.nc
2026-07-22 11:50:04,809 - INFO - [storyline.find_cmip6_ua_historical_file] - Selected historical UA member 'r1i1p1f1' for BCC-CSM2-MR from available: ['r1i1p1f1']
2026-07-22 11:50:07,493 - INFO - [storyline.find_cmip6_ua_historical_file] - Selected historical UA member 'r1i1p1f1' for CESM2 from available: ['r1i1p1f1']
2026-07-22 11:50:07,724 - INFO - [storyline.find_cmip6_ua_historical_file] - Selected historical UA member 'r1i1p1f2' for CNRM-CM6-1 from available: ['r1i1p1f2']
2026-07-22 11:50:07,724 - INFO - [storyline.find_cmip6_ua_historical_file] - Including non-standard historical UA file to fill gap: ua_Amon_CNRM-CM6-1_historical_r1i1p1f2_gr_18500116-19161116_regridded.nc
2026-07-22 11:50:07,724 - INFO - [storyline.find_cmip6_ua_historical_file] - Including non-standard historical UA file to fill gap: ua_Amon_CNRM-CM6-1_historical_r1i1p1f2_gr_19161216-19831016_regridded.nc
2026-07-22 11:50:07,724 - INFO - [storyline.find_cmip6_ua_historical_file] - Including non-standard historical UA file to fill gap: ua_Amon_CNRM-CM6-1_historical_r1i1p1f2_gr_19831116-20141216_regridded.nc
2026-07-22 11:50:08,006 - INFO - [storyline.find_cmip6_ua_historical_file] - Selected historical UA member 'r1i1p1f2' for CNRM-CM6-1-HR from available: ['r1i1p1f2']
2026-07-22 11:50:08,268 - INFO - [storyline.find_cmip6_ua_historical_file] - Selected historical UA member 'r1i1p1f1' for ACCESS-ESM1-5 from available: ['r1i1p1f1']
2026-07-22 11:50:08,524 - INFO - [storyline.find_cmip6_ua_historical_file] - Selected historical UA member 'r1i1p1f1' for CMCC-ESM2 from available: ['r1i1p1f1']
2026-07-22 11:50:08,524 - WARNING - [storyline.find_cmip6_ua_historical_file] - Excluding overlapping non-standard historical UA file: ua_Amon_CMCC-ESM2_historical_r1i1p1f1_gn_18500116-18890716_regridded.nc
2026-07-22 11:50:08,525 - WARNING - [storyline.find_cmip6_ua_historical_file] - Excluding overlapping non-standard historical UA file: ua_Amon_CMCC-ESM2_historical_r1i1p1f1_gn_18890816-18991216_regridded.nc
2026-07-22 11:50:08,831 - INFO - [storyline.find_cmip6_ua_historical_file] - Selected historical UA member 'r1i1p1f1' for MPI-ESM1-2-HR from available: ['r1i1p1f1']
2026-07-22 11:50:08,832 - WARNING - [storyline.find_cmip6_ua_historical_file] - Excluding overlapping non-standard historical UA file: ua_Amon_MPI-ESM1-2-HR_historical_r1i1p1f1_gn_18500116-18790816_regridded.nc
2026-07-22 11:50:08,832 - WARNING - [storyline.find_cmip6_ua_historical_file] - Excluding overlapping non-standard historical UA file: ua_Amon_MPI-ESM1-2-HR_historical_r1i1p1f1_gn_18790916-19090416_regridded.nc
2026-07-22 11:50:08,832 - WARNING - [storyline.find_cmip6_ua_historical_file] - Excluding overlapping non-standard historical UA file: ua_Amon_MPI-ESM1-2-HR_historical_r1i1p1f1_gn_19090516-19381216_regridded.nc
2026-07-22 11:50:08,832 - WARNING - [storyline.find_cmip6_ua_historical_file] - Excluding overlapping non-standard historical UA file: ua_Amon_MPI-ESM1-2-HR_historical_r1i1p1f1_gn_19390116-19680816_regridded.nc
2026-07-22 11:50:08,832 - WARNING - [storyline.find_cmip6_ua_historical_file] - Excluding overlapping non-standard historical UA file: ua_Amon_MPI-ESM1-2-HR_historical_r1i1p1f1_gn_19680916-19980416_regridded.nc
2026-07-22 11:50:08,832 - WARNING - [storyline.find_cmip6_ua_historical_file] - Excluding overlapping non-standard historical UA file: ua_Amon_MPI-ESM1-2-HR_historical_r1i1p1f1_gn_19980516-20141216_regridded.nc
2026-07-22 11:50:09,628 - INFO - [storyline.find_cmip6_ua_historical_file] - Selected historical UA member 'r1i1p1f3' for HadGEM3-GC31-LL from available: ['r1i1p1f3']
2026-07-22 11:50:09,628 - INFO - [storyline.find_cmip6_ua_historical_file] - Including non-standard historical UA file to fill gap: ua_Amon_HadGEM3-GC31-LL_historical_r1i1p1f3_gn_18500116-19280916_regridded.nc
2026-07-22 11:50:09,628 - INFO - [storyline.find_cmip6_ua_historical_file] - Including non-standard historical UA file to fill gap: ua_Amon_HadGEM3-GC31-LL_historical_r1i1p1f3_gn_19281016-20070616_regridded.nc
2026-07-22 11:50:09,629 - INFO - [storyline.find_cmip6_ua_historical_file] - Including non-standard historical UA file to fill gap: ua_Amon_HadGEM3-GC31-LL_historical_r1i1p1f3_gn_20070716-20141216_regridded.nc
2026-07-22 11:50:09,892 - INFO - [storyline.find_cmip6_ua_historical_file] - Selected historical UA member 'r1i1p1f3' for HadGEM3-GC31-MM from available: ['r1i1p1f3']
2026-07-22 11:50:09,893 - INFO - [storyline.find_cmip6_ua_historical_file] - Including non-standard historical UA file to fill gap: ua_Amon_HadGEM3-GC31-MM_historical_r1i1p1f3_gn_18500116-18650716_regridded.nc
2026-07-22 11:50:09,893 - INFO - [storyline.find_cmip6_ua_historical_file] - Including non-standard historical UA file to fill gap: ua_Amon_HadGEM3-GC31-MM_historical_r1i1p1f3_gn_18650816-18810216_regridded.nc
2026-07-22 11:50:09,894 - INFO - [storyline.find_cmip6_ua_historical_file] - Including non-standard historical UA file to fill gap: ua_Amon_HadGEM3-GC31-MM_historical_r1i1p1f3_gn_18810316-18960916_regridded.nc
2026-07-22 11:50:09,894 - INFO - [storyline.find_cmip6_ua_historical_file] - Including non-standard historical UA file to fill gap: ua_Amon_HadGEM3-GC31-MM_historical_r1i1p1f3_gn_18961016-19120416_regridded.nc
2026-07-22 11:50:09,895 - INFO - [storyline.find_cmip6_ua_historical_file] - Including non-standard historical UA file to fill gap: ua_Amon_HadGEM3-GC31-MM_historical_r1i1p1f3_gn_19120516-19271116_regridded.nc
2026-07-22 11:50:09,895 - INFO - [storyline.find_cmip6_ua_historical_file] - Including non-standard historical UA file to fill gap: ua_Amon_HadGEM3-GC31-MM_historical_r1i1p1f3_gn_19271216-19430616_regridded.nc
2026-07-22 11:50:09,895 - INFO - [storyline.find_cmip6_ua_historical_file] - Including non-standard historical UA file to fill gap: ua_Amon_HadGEM3-GC31-MM_historical_r1i1p1f3_gn_19430716-19590116_regridded.nc
2026-07-22 11:50:09,895 - INFO - [storyline.find_cmip6_ua_historical_file] - Including non-standard historical UA file to fill gap: ua_Amon_HadGEM3-GC31-MM_historical_r1i1p1f3_gn_19590216-19740816_regridded.nc
2026-07-22 11:50:09,895 - INFO - [storyline.find_cmip6_ua_historical_file] - Including non-standard historical UA file to fill gap: ua_Amon_HadGEM3-GC31-MM_historical_r1i1p1f3_gn_19740916-19900316_regridded.nc
2026-07-22 11:50:09,895 - INFO - [storyline.find_cmip6_ua_historical_file] - Including non-standard historical UA file to fill gap: ua_Amon_HadGEM3-GC31-MM_historical_r1i1p1f3_gn_19900416-20051016_regridded.nc
2026-07-22 11:50:09,895 - INFO - [storyline.find_cmip6_ua_historical_file] - Including non-standard historical UA file to fill gap: ua_Amon_HadGEM3-GC31-MM_historical_r1i1p1f3_gn_20051116-20141216_regridded.nc
2026-07-22 11:50:10,238 - INFO - [storyline.find_cmip6_ua_historical_file] - Selected historical UA member 'r1i1p1f1' for INM-CM5-0 from available: ['r1i1p1f1']
2026-07-22 11:50:10,238 - WARNING - [storyline.find_cmip6_ua_historical_file] - Excluding overlapping non-standard historical UA file: ua_Amon_INM-CM5-0_historical_r1i1p1f1_gr1_19000116-19491216_regridded.nc
2026-07-22 11:50:10,615 - INFO - [storyline.find_cmip6_ua_historical_file] - Selected historical UA member 'r1i1p1f1' for EC-Earth3-CC from available: ['r1i1p1f1']
2026-07-22 11:50:10,616 - WARNING - [storyline.find_cmip6_ua_historical_file] - Excluding overlapping non-standard historical UA file: ua_Amon_EC-Earth3-CC_historical_r1i1p1f1_gr_18500116-18660816_regridded.nc
2026-07-22 11:50:10,616 - WARNING - [storyline.find_cmip6_ua_historical_file] - Excluding overlapping non-standard historical UA file: ua_Amon_EC-Earth3-CC_historical_r1i1p1f1_gr_18660916-18830416_regridded.nc
2026-07-22 11:50:10,616 - WARNING - [storyline.find_cmip6_ua_historical_file] - Excluding overlapping non-standard historical UA file: ua_Amon_EC-Earth3-CC_historical_r1i1p1f1_gr_18830516-18991216_regridded.nc
2026-07-22 11:50:10,616 - WARNING - [storyline.find_cmip6_ua_historical_file] - Excluding overlapping non-standard historical UA file: ua_Amon_EC-Earth3-CC_historical_r1i1p1f1_gr_19000116-19160816_regridded.nc
2026-07-22 11:50:10,616 - WARNING - [storyline.find_cmip6_ua_historical_file] - Excluding overlapping non-standard historical UA file: ua_Amon_EC-Earth3-CC_historical_r1i1p1f1_gr_19160916-19330416_regridded.nc
2026-07-22 11:50:10,616 - WARNING - [storyline.find_cmip6_ua_historical_file] - Excluding overlapping non-standard historical UA file: ua_Amon_EC-Earth3-CC_historical_r1i1p1f1_gr_19330516-19491216_regridded.nc
2026-07-22 11:50:10,616 - WARNING - [storyline.find_cmip6_ua_historical_file] - Excluding overlapping non-standard historical UA file: ua_Amon_EC-Earth3-CC_historical_r1i1p1f1_gr_19500116-19660816_regridded.nc
2026-07-22 11:50:10,616 - WARNING - [storyline.find_cmip6_ua_historical_file] - Excluding overlapping non-standard historical UA file: ua_Amon_EC-Earth3-CC_historical_r1i1p1f1_gr_19660916-19830416_regridded.nc
2026-07-22 11:50:10,616 - WARNING - [storyline.find_cmip6_ua_historical_file] - Excluding overlapping non-standard historical UA file: ua_Amon_EC-Earth3-CC_historical_r1i1p1f1_gr_19830516-19991216_regridded.nc
2026-07-22 11:50:10,617 - WARNING - [storyline.find_cmip6_ua_historical_file] - Excluding overlapping non-standard historical UA file: ua_Amon_EC-Earth3-CC_historical_r1i1p1f1_gr_20000116-20141216_regridded.nc
2026-07-22 11:50:12,604 - INFO - [storyline.find_cmip6_ua_historical_file] - Selected historical UA member 'r1i1p1f1' for IPSL-CM6A-LR from available: ['r1i1p1f1']
2026-07-22 11:50:12,805 - INFO - [storyline.find_cmip6_ua_historical_file] - Selected historical UA member 'r1i1p1f1' for MRI-ESM2-0 from available: ['r1i1p1f1']
2026-07-22 11:50:12,806 - INFO - [storyline.find_cmip6_ua_historical_file] - Including non-standard historical UA file to fill gap: ua_Amon_MRI-ESM2-0_historical_r1i1p1f1_gn_18500116-18920916_regridded.nc
2026-07-22 11:50:12,806 - INFO - [storyline.find_cmip6_ua_historical_file] - Including non-standard historical UA file to fill gap: ua_Amon_MRI-ESM2-0_historical_r1i1p1f1_gn_18921016-19350616_regridded.nc
2026-07-22 11:50:12,806 - INFO - [storyline.find_cmip6_ua_historical_file] - Including non-standard historical UA file to fill gap: ua_Amon_MRI-ESM2-0_historical_r1i1p1f1_gn_19350716-19780316_regridded.nc
2026-07-22 11:50:12,806 - INFO - [storyline.find_cmip6_ua_historical_file] - Including non-standard historical UA file to fill gap: ua_Amon_MRI-ESM2-0_historical_r1i1p1f1_gn_19780416-20141216_regridded.nc
2026-07-22 11:50:13,092 - INFO - [storyline.find_cmip6_ua_historical_file] - Selected historical UA member 'r1i1p1f2' for UKESM1-0-LL from available: ['r1i1p1f2']
2026-07-22 11:50:13,092 - INFO - [storyline.find_cmip6_ua_historical_file] - Including non-standard historical UA file to fill gap: ua_Amon_UKESM1-0-LL_historical_r1i1p1f2_gn_18500116-19280916_regridded.nc
2026-07-22 11:50:13,092 - INFO - [storyline.find_cmip6_ua_historical_file] - Including non-standard historical UA file to fill gap: ua_Amon_UKESM1-0-LL_historical_r1i1p1f2_gn_19281016-20070616_regridded.nc
2026-07-22 11:50:13,093 - INFO - [storyline.find_cmip6_ua_historical_file] - Including non-standard historical UA file to fill gap: ua_Amon_UKESM1-0-LL_historical_r1i1p1f2_gn_20070716-20141216_regridded.nc
2026-07-22 11:50:13,363 - INFO - [storyline.find_cmip6_ua_historical_file] - Selected historical UA member 'r1i1p1f1' for E3SM-1-0 from available: ['r1i1p1f1']
2026-07-22 11:50:13,363 - WARNING - [storyline.find_cmip6_ua_historical_file] - Excluding overlapping non-standard historical UA file: ua_Amon_E3SM-1-0_historical_r1i1p1f1_gr_19000116-19331016_regridded.nc
2026-07-22 11:50:13,363 - WARNING - [storyline.find_cmip6_ua_historical_file] - Excluding overlapping non-standard historical UA file: ua_Amon_E3SM-1-0_historical_r1i1p1f1_gr_19331116-19670816_regridded.nc
2026-07-22 11:50:13,364 - WARNING - [storyline.find_cmip6_ua_historical_file] - Excluding overlapping non-standard historical UA file: ua_Amon_E3SM-1-0_historical_r1i1p1f1_gr_19670916-20010616_regridded.nc
2026-07-22 11:50:13,364 - WARNING - [storyline.find_cmip6_ua_historical_file] - Excluding overlapping non-standard historical UA file: ua_Amon_E3SM-1-0_historical_r1i1p1f1_gr_20010716-20141216_regridded.nc
2026-07-22 11:50:13,841 - INFO - [storyline.find_cmip6_ua_historical_file] - Selected historical UA member 'r1i1p1f1' for EC-Earth3-Veg-LR from available: ['r1i1p1f1']
2026-07-22 11:50:13,842 - WARNING - [storyline.find_cmip6_ua_historical_file] - Excluding overlapping non-standard historical UA file: ua_Amon_EC-Earth3-Veg-LR_historical_r1i1p1f1_gr_18500116-18920916_regridded.nc
2026-07-22 11:50:13,842 - WARNING - [storyline.find_cmip6_ua_historical_file] - Excluding overlapping non-standard historical UA file: ua_Amon_EC-Earth3-Veg-LR_historical_r1i1p1f1_gr_18921016-19350616_regridded.nc
2026-07-22 11:50:13,842 - WARNING - [storyline.find_cmip6_ua_historical_file] - Excluding overlapping non-standard historical UA file: ua_Amon_EC-Earth3-Veg-LR_historical_r1i1p1f1_gr_19350716-19780316_regridded.nc
2026-07-22 11:50:13,842 - WARNING - [storyline.find_cmip6_ua_historical_file] - Excluding overlapping non-standard historical UA file: ua_Amon_EC-Earth3-Veg-LR_historical_r1i1p1f1_gr_19780416-20141216_regridded.nc
2026-07-22 11:50:15,534 - INFO - [storyline.find_cmip6_ua_historical_file] - Selected historical UA member 'r1i1p1f1' for GFDL-ESM4 from available: ['r1i1p1f1']
2026-07-22 11:50:15,756 - INFO - [storyline.find_cmip6_ua_historical_file] - Selected historical UA member 'r1i1p1f1' for INM-CM4-8 from available: ['r1i1p1f1']
2026-07-22 11:50:16,129 - INFO - [storyline.find_cmip6_ua_historical_file] - Selected historical UA member 'r1i1p1f2' for MIROC-ES2L from available: ['r1i1p1f2']
2026-07-22 11:50:16,129 - INFO - [storyline.find_cmip6_ua_historical_file] - Including non-standard historical UA file to fill gap: ua_Amon_MIROC-ES2L_historical_r1i1p1f2_gn_18500116-20141216_regridded.nc
2026-07-22 11:50:16,354 - INFO - [storyline.find_cmip6_ua_historical_file] - Selected historical UA member 'r1i1p1f1' for MIROC6 from available: ['r1i1p1f1']
2026-07-22 11:50:17,287 - INFO - [main.run_full_analysis] - UA composite plot for GWL 2.0, Summer already exists and data not needed.
2026-07-22 11:50:17,287 - INFO - [storyline.calculate_ua_composites_for_extremes] - Calculating UA composites for event '30Q10_low' at GWL +2.0°C, Season=Summer...
2026-07-22 11:50:17,330 - INFO - [storyline.calculate_ua_composites_for_extremes] -   UA Extreme Models (N=10): ['BCC-CSM2-MR_ssp585', 'CNRM-CM6-1_ssp585', 'CESM2_ssp585', 'CNRM-CM6-1-HR_ssp585', 'MPI-ESM1-2-HR_ssp585', 'NorESM2-MM_ssp585', 'ACCESS-ESM1-5_ssp585', 'CMCC-ESM2_ssp585', 'CMCC-CM2-SR5_ssp585', 'INM-CM5-0_ssp585']
2026-07-22 11:50:17,330 - INFO - [storyline.calculate_ua_composites_for_extremes] -   UA Non-Extreme Models (N=10): ['E3SM-1-0_ssp585', 'EC-Earth3_ssp585', 'GFDL-ESM4_ssp585', 'HadGEM3-GC31-LL_ssp585', 'IITM-ESM_ssp585', 'IPSL-CM6A-LR_ssp585', 'MIROC-ES2L_ssp585', 'MIROC6_ssp585', 'MPI-ESM1-2-LR_ssp585', 'MRI-ESM2-0_ssp585']
2026-07-22 11:50:17,332 - INFO - [storyline.find_cmip6_ua_file] - Selected UA file member 'r1i1p1f1' for BCC-CSM2-MR (ssp585) from available: ['r1i1p1f1']
2026-07-22 11:50:17,332 - WARNING - [storyline.find_cmip6_ua_file] - Excluding overlapping non-standard UA file: ua_Amon_BCC-CSM2-MR_ssp585_r1i1p1f1_gn_20550116-20970916_regridded.nc
2026-07-22 11:50:17,332 - WARNING - [storyline.find_cmip6_ua_file] - Excluding overlapping non-standard UA file: ua_Amon_BCC-CSM2-MR_ssp585_r1i1p1f1_gn_20971016-21001216_regridded.nc
2026-07-22 11:50:17,752 - INFO - [storyline.find_cmip6_ua_file] - Selected UA file member 'r1i1p1f2' for CNRM-CM6-1 (ssp585) from available: ['r1i1p1f2']
2026-07-22 11:50:17,752 - INFO - [storyline.find_cmip6_ua_file] - Including non-standard UA file to fill gap: ua_Amon_CNRM-CM6-1_ssp585_r1i1p1f2_gr_20150116-20811116_regridded.nc
2026-07-22 11:50:17,752 - INFO - [storyline.find_cmip6_ua_file] - Including non-standard UA file to fill gap: ua_Amon_CNRM-CM6-1_ssp585_r1i1p1f2_gr_20811216-21001216_regridded.nc
2026-07-22 11:50:17,930 - INFO - [storyline.find_cmip6_ua_file] - Selected UA file member 'r4i1p1f1' for CESM2 (ssp585) from available: ['r4i1p1f1']
2026-07-22 11:50:17,930 - INFO - [storyline.find_cmip6_ua_file] - Including non-standard UA file to fill gap: ua_Amon_CESM2_ssp585_r4i1p1f1_gn_20150115-20540715_regridded.nc
2026-07-22 11:50:17,930 - INFO - [storyline.find_cmip6_ua_file] - Including non-standard UA file to fill gap: ua_Amon_CESM2_ssp585_r4i1p1f1_gn_20540815-20940214_regridded.nc
2026-07-22 11:50:17,931 - INFO - [storyline.find_cmip6_ua_file] - Including non-standard UA file to fill gap: ua_Amon_CESM2_ssp585_r4i1p1f1_gn_20940315-21001215_regridded.nc
2026-07-22 11:50:18,109 - INFO - [storyline.find_cmip6_ua_file] - Selected UA file member 'r1i1p1f2' for CNRM-CM6-1-HR (ssp585) from available: ['r1i1p1f2']
2026-07-22 11:50:18,109 - INFO - [storyline.find_cmip6_ua_file] - Including non-standard UA file to fill gap: ua_Amon_CNRM-CM6-1-HR_ssp585_r1i1p1f2_gr_20150116-20230516_regridded.nc
2026-07-22 11:50:18,109 - INFO - [storyline.find_cmip6_ua_file] - Including non-standard UA file to fill gap: ua_Amon_CNRM-CM6-1-HR_ssp585_r1i1p1f2_gr_20230616-20311016_regridded.nc
2026-07-22 11:50:18,109 - INFO - [storyline.find_cmip6_ua_file] - Including non-standard UA file to fill gap: ua_Amon_CNRM-CM6-1-HR_ssp585_r1i1p1f2_gr_20311116-20400316_regridded.nc
2026-07-22 11:50:18,109 - INFO - [storyline.find_cmip6_ua_file] - Including non-standard UA file to fill gap: ua_Amon_CNRM-CM6-1-HR_ssp585_r1i1p1f2_gr_20400416-20480816_regridded.nc
2026-07-22 11:50:18,110 - INFO - [storyline.find_cmip6_ua_file] - Including non-standard UA file to fill gap: ua_Amon_CNRM-CM6-1-HR_ssp585_r1i1p1f2_gr_20480916-20570116_regridded.nc
2026-07-22 11:50:18,110 - INFO - [storyline.find_cmip6_ua_file] - Including non-standard UA file to fill gap: ua_Amon_CNRM-CM6-1-HR_ssp585_r1i1p1f2_gr_20570215-20650616_regridded.nc
2026-07-22 11:50:18,110 - INFO - [storyline.find_cmip6_ua_file] - Including non-standard UA file to fill gap: ua_Amon_CNRM-CM6-1-HR_ssp585_r1i1p1f2_gr_20650716-20731116_regridded.nc
2026-07-22 11:50:18,110 - INFO - [storyline.find_cmip6_ua_file] - Including non-standard UA file to fill gap: ua_Amon_CNRM-CM6-1-HR_ssp585_r1i1p1f2_gr_20731216-20820416_regridded.nc
2026-07-22 11:50:18,110 - INFO - [storyline.find_cmip6_ua_file] - Including non-standard UA file to fill gap: ua_Amon_CNRM-CM6-1-HR_ssp585_r1i1p1f2_gr_20820516-20900916_regridded.nc
2026-07-22 11:50:18,110 - INFO - [storyline.find_cmip6_ua_file] - Including non-standard UA file to fill gap: ua_Amon_CNRM-CM6-1-HR_ssp585_r1i1p1f2_gr_20901016-20990215_regridded.nc
2026-07-22 11:50:18,110 - INFO - [storyline.find_cmip6_ua_file] - Including non-standard UA file to fill gap: ua_Amon_CNRM-CM6-1-HR_ssp585_r1i1p1f2_gr_20990316-21001216_regridded.nc
2026-07-22 11:50:18,364 - INFO - [storyline.find_cmip6_ua_file] - Selected UA file member 'r1i1p1f1' for MPI-ESM1-2-HR (ssp585) from available: ['r1i1p1f1']
2026-07-22 11:50:18,914 - INFO - [storyline.find_cmip6_ua_file] - Selected UA file member 'r1i1p1f1' for NorESM2-MM (ssp585) from available: ['r1i1p1f1']
2026-07-22 11:50:19,291 - INFO - [storyline.find_cmip6_ua_file] - Selected UA file member 'r1i1p1f1' for ACCESS-ESM1-5 (ssp585) from available: ['r1i1p1f1']
/nas/home/vlw/.mambaenvs/STREAM/lib/python3.10/site-packages/dask/array/core.py:4988: PerformanceWarning: Increasing number of chunks by factor of 38
  result = blockwise(
/nas/home/vlw/.mambaenvs/STREAM/lib/python3.10/site-packages/dask/array/core.py:4988: PerformanceWarning: Increasing number of chunks by factor of 38
  result = blockwise(
/nas/home/vlw/.mambaenvs/STREAM/lib/python3.10/site-packages/dask/array/core.py:4988: PerformanceWarning: Increasing number of chunks by factor of 38
  result = blockwise(
2026-07-22 11:50:19,617 - INFO - [storyline.find_cmip6_ua_file] - Selected UA file member 'r1i1p1f1' for CMCC-ESM2 (ssp585) from available: ['r1i1p1f1']
2026-07-22 11:50:19,617 - WARNING - [storyline.find_cmip6_ua_file] - Excluding overlapping non-standard UA file: ua_Amon_CMCC-ESM2_ssp585_r1i1p1f1_gn_20400116-20790716_regridded.nc
2026-07-22 11:50:19,617 - WARNING - [storyline.find_cmip6_ua_file] - Excluding overlapping non-standard UA file: ua_Amon_CMCC-ESM2_ssp585_r1i1p1f1_gn_20790816-21001216_regridded.nc
2026-07-22 11:50:19,797 - INFO - [storyline.find_cmip6_ua_file] - Selected UA file member 'r1i1p1f1' for CMCC-CM2-SR5 (ssp585) from available: ['r1i1p1f1']
2026-07-22 11:50:19,797 - WARNING - [storyline.find_cmip6_ua_file] - Excluding overlapping non-standard UA file: ua_Amon_CMCC-CM2-SR5_ssp585_r1i1p1f1_gn_20400116-20790716_regridded.nc
2026-07-22 11:50:19,797 - WARNING - [storyline.find_cmip6_ua_file] - Excluding overlapping non-standard UA file: ua_Amon_CMCC-CM2-SR5_ssp585_r1i1p1f1_gn_20790816-21001216_regridded.nc
2026-07-22 11:50:19,984 - INFO - [storyline.find_cmip6_ua_file] - Selected UA file member 'r1i1p1f1' for INM-CM5-0 (ssp585) from available: ['r1i1p1f1']
2026-07-22 11:50:20,213 - INFO - [storyline.find_cmip6_ua_file] - Selected UA file member 'r1i1p1f1' for E3SM-1-0 (ssp585) from available: ['r1i1p1f1']
2026-07-22 11:50:20,373 - INFO - [storyline.find_cmip6_ua_file] - Selected UA file member 'r1i1p1f1' for EC-Earth3 (ssp585) from available: ['r1i1p1f1']
2026-07-22 11:50:21,161 - INFO - [storyline.find_cmip6_ua_file] - Selected UA file member 'r1i1p1f1' for GFDL-ESM4 (ssp585) from available: ['r1i1p1f1']
2026-07-22 11:50:21,161 - WARNING - [storyline.find_cmip6_ua_file] - Excluding overlapping non-standard UA file: ua_Amon_GFDL-ESM4_ssp585_r1i1p1f1_gr1_20150116-20570316_regridded.nc
2026-07-22 11:50:21,161 - WARNING - [storyline.find_cmip6_ua_file] - Excluding overlapping non-standard UA file: ua_Amon_GFDL-ESM4_ssp585_r1i1p1f1_gr1_20570416-20990616_regridded.nc
2026-07-22 11:50:21,161 - WARNING - [storyline.find_cmip6_ua_file] - Excluding overlapping non-standard UA file: ua_Amon_GFDL-ESM4_ssp585_r1i1p1f1_gr1_20990716-21001216_regridded.nc
2026-07-22 11:50:21,288 - INFO - [storyline.find_cmip6_ua_file] - Selected UA file member 'r1i1p1f3' for HadGEM3-GC31-LL (ssp585) from available: ['r1i1p1f3']
2026-07-22 11:50:21,288 - INFO - [storyline.find_cmip6_ua_file] - Including non-standard UA file to fill gap: ua_Amon_HadGEM3-GC31-LL_ssp585_r1i1p1f3_gn_20150116-20930916_regridded.nc
2026-07-22 11:50:21,288 - INFO - [storyline.find_cmip6_ua_file] - Including non-standard UA file to fill gap: ua_Amon_HadGEM3-GC31-LL_ssp585_r1i1p1f3_gn_20931016-21001216_regridded.nc
2026-07-22 11:50:21,455 - INFO - [storyline.find_cmip6_ua_file] - Selected UA file member 'r1i1p1f1' for IITM-ESM (ssp585) from available: ['r1i1p1f1']
2026-07-22 11:50:21,455 - WARNING - [storyline.find_cmip6_ua_file] - Excluding overlapping non-standard UA file: ua_Amon_IITM-ESM_ssp585_r1i1p1f1_gn_20150116-20991216_regridded.nc
2026-07-22 11:50:21,455 - INFO - [storyline.find_cmip6_ua_file] - Including non-standard UA file to fill gap: ua_Amon_IITM-ESM_ssp585_r1i1p1f1_gn_20250116-20991216_regridded.nc
2026-07-22 11:50:21,690 - INFO - [storyline.find_cmip6_ua_file] - Selected UA file member 'r1i1p1f1' for IPSL-CM6A-LR (ssp585) from available: ['r1i1p1f1']
2026-07-22 11:50:21,874 - INFO - [storyline.find_cmip6_ua_file] - Selected UA file member 'r1i1p1f2' for MIROC-ES2L (ssp585) from available: ['r1i1p1f2']
2026-07-22 11:50:21,874 - INFO - [storyline.find_cmip6_ua_file] - Including non-standard UA file to fill gap: ua_Amon_MIROC-ES2L_ssp585_r1i1p1f2_gn_20150116-21001216_regridded.nc
2026-07-22 11:50:22,025 - INFO - [storyline.find_cmip6_ua_file] - Selected UA file member 'r1i1p1f1' for MIROC6 (ssp585) from available: ['r1i1p1f1']
2026-07-22 11:50:22,025 - WARNING - [storyline.find_cmip6_ua_file] - Excluding overlapping non-standard UA file: ua_Amon_MIROC6_ssp585_r1i1p1f1_gn_20150116-20811116_regridded.nc
2026-07-22 11:50:22,026 - WARNING - [storyline.find_cmip6_ua_file] - Excluding overlapping non-standard UA file: ua_Amon_MIROC6_ssp585_r1i1p1f1_gn_20811216-21001216_regridded.nc
2026-07-22 11:50:22,170 - INFO - [storyline.find_cmip6_ua_file] - Selected UA file member 'r1i1p1f1' for MPI-ESM1-2-LR (ssp585) from available: ['r1i1p1f1']
2026-07-22 11:50:22,339 - INFO - [storyline.find_cmip6_ua_file] - Selected UA file member 'r1i1p1f1' for MRI-ESM2-0 (ssp585) from available: ['r1i1p1f1']
2026-07-22 11:50:22,514 - INFO - [storyline.find_cmip6_ua_historical_file] - Selected historical UA member 'r1i1p1f1' for BCC-CSM2-MR from available: ['r1i1p1f1']
2026-07-22 11:50:23,521 - INFO - [storyline.find_cmip6_ua_historical_file] - Selected historical UA member 'r1i1p1f2' for CNRM-CM6-1 from available: ['r1i1p1f2']
2026-07-22 11:50:23,521 - INFO - [storyline.find_cmip6_ua_historical_file] - Including non-standard historical UA file to fill gap: ua_Amon_CNRM-CM6-1_historical_r1i1p1f2_gr_18500116-19161116_regridded.nc
2026-07-22 11:50:23,521 - INFO - [storyline.find_cmip6_ua_historical_file] - Including non-standard historical UA file to fill gap: ua_Amon_CNRM-CM6-1_historical_r1i1p1f2_gr_19161216-19831016_regridded.nc
2026-07-22 11:50:23,521 - INFO - [storyline.find_cmip6_ua_historical_file] - Including non-standard historical UA file to fill gap: ua_Amon_CNRM-CM6-1_historical_r1i1p1f2_gr_19831116-20141216_regridded.nc
2026-07-22 11:50:23,796 - INFO - [storyline.find_cmip6_ua_historical_file] - Selected historical UA member 'r1i1p1f1' for CESM2 from available: ['r1i1p1f1']
2026-07-22 11:50:24,016 - INFO - [storyline.find_cmip6_ua_historical_file] - Selected historical UA member 'r1i1p1f2' for CNRM-CM6-1-HR from available: ['r1i1p1f2']
2026-07-22 11:50:24,273 - INFO - [storyline.find_cmip6_ua_historical_file] - Selected historical UA member 'r1i1p1f1' for MPI-ESM1-2-HR from available: ['r1i1p1f1']
2026-07-22 11:50:24,273 - WARNING - [storyline.find_cmip6_ua_historical_file] - Excluding overlapping non-standard historical UA file: ua_Amon_MPI-ESM1-2-HR_historical_r1i1p1f1_gn_18500116-18790816_regridded.nc
2026-07-22 11:50:24,274 - WARNING - [storyline.find_cmip6_ua_historical_file] - Excluding overlapping non-standard historical UA file: ua_Amon_MPI-ESM1-2-HR_historical_r1i1p1f1_gn_18790916-19090416_regridded.nc
2026-07-22 11:50:24,274 - WARNING - [storyline.find_cmip6_ua_historical_file] - Excluding overlapping non-standard historical UA file: ua_Amon_MPI-ESM1-2-HR_historical_r1i1p1f1_gn_19090516-19381216_regridded.nc
2026-07-22 11:50:24,274 - WARNING - [storyline.find_cmip6_ua_historical_file] - Excluding overlapping non-standard historical UA file: ua_Amon_MPI-ESM1-2-HR_historical_r1i1p1f1_gn_19390116-19680816_regridded.nc
2026-07-22 11:50:24,274 - WARNING - [storyline.find_cmip6_ua_historical_file] - Excluding overlapping non-standard historical UA file: ua_Amon_MPI-ESM1-2-HR_historical_r1i1p1f1_gn_19680916-19980416_regridded.nc
2026-07-22 11:50:24,274 - WARNING - [storyline.find_cmip6_ua_historical_file] - Excluding overlapping non-standard historical UA file: ua_Amon_MPI-ESM1-2-HR_historical_r1i1p1f1_gn_19980516-20141216_regridded.nc
2026-07-22 11:50:24,760 - INFO - [storyline.find_cmip6_ua_historical_file] - Selected historical UA member 'r1i1p1f1' for NorESM2-MM from available: ['r1i1p1f1']
2026-07-22 11:50:24,761 - WARNING - [storyline.find_cmip6_ua_historical_file] - Excluding overlapping non-standard historical UA file: ua_Amon_NorESM2-MM_historical_r1i1p1f1_gn_19100116-19191216_regridded.nc
2026-07-22 11:50:25,120 - INFO - [storyline.find_cmip6_ua_historical_file] - Selected historical UA member 'r1i1p1f1' for ACCESS-ESM1-5 from available: ['r1i1p1f1']
2026-07-22 11:50:25,362 - INFO - [storyline.find_cmip6_ua_historical_file] - Selected historical UA member 'r1i1p1f1' for CMCC-ESM2 from available: ['r1i1p1f1']
2026-07-22 11:50:25,362 - WARNING - [storyline.find_cmip6_ua_historical_file] - Excluding overlapping non-standard historical UA file: ua_Amon_CMCC-ESM2_historical_r1i1p1f1_gn_18500116-18890716_regridded.nc
2026-07-22 11:50:25,362 - WARNING - [storyline.find_cmip6_ua_historical_file] - Excluding overlapping non-standard historical UA file: ua_Amon_CMCC-ESM2_historical_r1i1p1f1_gn_18890816-18991216_regridded.nc
2026-07-22 11:50:25,652 - INFO - [storyline.find_cmip6_ua_historical_file] - Selected historical UA member 'r1i1p1f1' for CMCC-CM2-SR5 from available: ['r1i1p1f1']
2026-07-22 11:50:25,653 - WARNING - [storyline.find_cmip6_ua_historical_file] - Excluding overlapping non-standard historical UA file: ua_Amon_CMCC-CM2-SR5_historical_r1i1p1f1_gn_19500116-19741216_regridded.nc
2026-07-22 11:50:25,940 - INFO - [storyline.find_cmip6_ua_historical_file] - Selected historical UA member 'r1i1p1f1' for INM-CM5-0 from available: ['r1i1p1f1']
2026-07-22 11:50:25,941 - WARNING - [storyline.find_cmip6_ua_historical_file] - Excluding overlapping non-standard historical UA file: ua_Amon_INM-CM5-0_historical_r1i1p1f1_gr1_19000116-19491216_regridded.nc
2026-07-22 11:50:26,303 - INFO - [storyline.find_cmip6_ua_historical_file] - Selected historical UA member 'r1i1p1f1' for E3SM-1-0 from available: ['r1i1p1f1']
2026-07-22 11:50:26,303 - WARNING - [storyline.find_cmip6_ua_historical_file] - Excluding overlapping non-standard historical UA file: ua_Amon_E3SM-1-0_historical_r1i1p1f1_gr_19000116-19331016_regridded.nc
2026-07-22 11:50:26,303 - WARNING - [storyline.find_cmip6_ua_historical_file] - Excluding overlapping non-standard historical UA file: ua_Amon_E3SM-1-0_historical_r1i1p1f1_gr_19331116-19670816_regridded.nc
2026-07-22 11:50:26,304 - WARNING - [storyline.find_cmip6_ua_historical_file] - Excluding overlapping non-standard historical UA file: ua_Amon_E3SM-1-0_historical_r1i1p1f1_gr_19670916-20010616_regridded.nc
2026-07-22 11:50:26,304 - WARNING - [storyline.find_cmip6_ua_historical_file] - Excluding overlapping non-standard historical UA file: ua_Amon_E3SM-1-0_historical_r1i1p1f1_gr_20010716-20141216_regridded.nc
2026-07-22 11:50:26,588 - INFO - [storyline.find_cmip6_ua_historical_file] - Selected historical UA member 'r1i1p1f1' for EC-Earth3 from available: ['r1i1p1f1']
2026-07-22 11:50:28,065 - INFO - [storyline.find_cmip6_ua_historical_file] - Selected historical UA member 'r1i1p1f1' for GFDL-ESM4 from available: ['r1i1p1f1']
2026-07-22 11:50:28,287 - INFO - [storyline.find_cmip6_ua_historical_file] - Selected historical UA member 'r1i1p1f3' for HadGEM3-GC31-LL from available: ['r1i1p1f3']
2026-07-22 11:50:28,287 - INFO - [storyline.find_cmip6_ua_historical_file] - Including non-standard historical UA file to fill gap: ua_Amon_HadGEM3-GC31-LL_historical_r1i1p1f3_gn_18500116-19280916_regridded.nc
2026-07-22 11:50:28,288 - INFO - [storyline.find_cmip6_ua_historical_file] - Including non-standard historical UA file to fill gap: ua_Amon_HadGEM3-GC31-LL_historical_r1i1p1f3_gn_19281016-20070616_regridded.nc
2026-07-22 11:50:28,288 - INFO - [storyline.find_cmip6_ua_historical_file] - Including non-standard historical UA file to fill gap: ua_Amon_HadGEM3-GC31-LL_historical_r1i1p1f3_gn_20070716-20141216_regridded.nc
2026-07-22 11:50:28,807 - INFO - [storyline.find_cmip6_ua_historical_file] - Selected historical UA member 'r1i1p1f1' for IITM-ESM from available: ['r1i1p1f1']
2026-07-22 11:50:29,190 - INFO - [storyline.find_cmip6_ua_historical_file] - Selected historical UA member 'r1i1p1f1' for IPSL-CM6A-LR from available: ['r1i1p1f1']
2026-07-22 11:50:29,416 - INFO - [storyline.find_cmip6_ua_historical_file] - Selected historical UA member 'r1i1p1f2' for MIROC-ES2L from available: ['r1i1p1f2']
2026-07-22 11:50:29,416 - INFO - [storyline.find_cmip6_ua_historical_file] - Including non-standard historical UA file to fill gap: ua_Amon_MIROC-ES2L_historical_r1i1p1f2_gn_18500116-20141216_regridded.nc
2026-07-22 11:50:29,647 - INFO - [storyline.find_cmip6_ua_historical_file] - Selected historical UA member 'r1i1p1f1' for MIROC6 from available: ['r1i1p1f1']
2026-07-22 11:50:30,018 - INFO - [storyline.find_cmip6_ua_historical_file] - Selected historical UA member 'r1i1p1f1' for MPI-ESM1-2-LR from available: ['r1i1p1f1']
2026-07-22 11:50:30,319 - INFO - [storyline.find_cmip6_ua_historical_file] - Selected historical UA member 'r1i1p1f1' for MRI-ESM2-0 from available: ['r1i1p1f1']
2026-07-22 11:50:30,319 - INFO - [storyline.find_cmip6_ua_historical_file] - Including non-standard historical UA file to fill gap: ua_Amon_MRI-ESM2-0_historical_r1i1p1f1_gn_18500116-18920916_regridded.nc
2026-07-22 11:50:30,319 - INFO - [storyline.find_cmip6_ua_historical_file] - Including non-standard historical UA file to fill gap: ua_Amon_MRI-ESM2-0_historical_r1i1p1f1_gn_18921016-19350616_regridded.nc
2026-07-22 11:50:30,320 - INFO - [storyline.find_cmip6_ua_historical_file] - Including non-standard historical UA file to fill gap: ua_Amon_MRI-ESM2-0_historical_r1i1p1f1_gn_19350716-19780316_regridded.nc
2026-07-22 11:50:30,320 - INFO - [storyline.find_cmip6_ua_historical_file] - Including non-standard historical UA file to fill gap: ua_Amon_MRI-ESM2-0_historical_r1i1p1f1_gn_19780416-20141216_regridded.nc
2026-07-22 11:50:31,163 - INFO - [main.run_full_analysis] - UA composite plot for GWL 3.0, Winter already exists and data not needed.
2026-07-22 11:50:31,164 - INFO - [storyline.calculate_ua_composites_for_extremes] - Calculating UA composites for event '30Q10_low' at GWL +3.0°C, Season=Winter...
2026-07-22 11:50:31,206 - INFO - [storyline.calculate_ua_composites_for_extremes] -   UA Extreme Models (N=10): ['BCC-CSM2-MR_ssp585', 'CNRM-CM6-1_ssp585', 'CESM2_ssp585', 'KIOST-ESM_ssp585', 'MPI-ESM1-2-LR_ssp585', 'ACCESS-ESM1-5_ssp585', 'CESM2-WACCM_ssp585', 'CMCC-ESM2_ssp585', 'HadGEM3-GC31-LL_ssp585', 'KACE-1-0-G_ssp585']
2026-07-22 11:50:31,206 - INFO - [storyline.calculate_ua_composites_for_extremes] -   UA Non-Extreme Models (N=10): ['CMCC-CM2-SR5_ssp585', 'E3SM-1-0_ssp585', 'IITM-ESM_ssp585', 'CNRM-ESM2-1_ssp585', 'CanESM5_ssp585', 'EC-Earth3-Veg-LR_ssp585', 'GFDL-ESM4_ssp585', 'MIROC-ES2L_ssp585', 'MIROC6_ssp585', 'MRI-ESM2-0_ssp585']
2026-07-22 11:50:31,208 - INFO - [storyline.find_cmip6_ua_file] - Selected UA file member 'r1i1p1f1' for BCC-CSM2-MR (ssp585) from available: ['r1i1p1f1']
2026-07-22 11:50:31,208 - WARNING - [storyline.find_cmip6_ua_file] - Excluding overlapping non-standard UA file: ua_Amon_BCC-CSM2-MR_ssp585_r1i1p1f1_gn_20550116-20970916_regridded.nc
2026-07-22 11:50:31,208 - WARNING - [storyline.find_cmip6_ua_file] - Excluding overlapping non-standard UA file: ua_Amon_BCC-CSM2-MR_ssp585_r1i1p1f1_gn_20971016-21001216_regridded.nc
2026-07-22 11:50:32,438 - INFO - [storyline.find_cmip6_ua_file] - Selected UA file member 'r1i1p1f2' for CNRM-CM6-1 (ssp585) from available: ['r1i1p1f2']
2026-07-22 11:50:32,438 - INFO - [storyline.find_cmip6_ua_file] - Including non-standard UA file to fill gap: ua_Amon_CNRM-CM6-1_ssp585_r1i1p1f2_gr_20150116-20811116_regridded.nc
2026-07-22 11:50:32,438 - INFO - [storyline.find_cmip6_ua_file] - Including non-standard UA file to fill gap: ua_Amon_CNRM-CM6-1_ssp585_r1i1p1f2_gr_20811216-21001216_regridded.nc
2026-07-22 11:50:32,616 - INFO - [storyline.find_cmip6_ua_file] - Selected UA file member 'r4i1p1f1' for CESM2 (ssp585) from available: ['r4i1p1f1']
2026-07-22 11:50:32,616 - INFO - [storyline.find_cmip6_ua_file] - Including non-standard UA file to fill gap: ua_Amon_CESM2_ssp585_r4i1p1f1_gn_20150115-20540715_regridded.nc
2026-07-22 11:50:32,617 - INFO - [storyline.find_cmip6_ua_file] - Including non-standard UA file to fill gap: ua_Amon_CESM2_ssp585_r4i1p1f1_gn_20540815-20940214_regridded.nc
2026-07-22 11:50:32,617 - INFO - [storyline.find_cmip6_ua_file] - Including non-standard UA file to fill gap: ua_Amon_CESM2_ssp585_r4i1p1f1_gn_20940315-21001215_regridded.nc
2026-07-22 11:50:32,806 - INFO - [storyline.find_cmip6_ua_file] - Selected UA file member 'r1i1p1f1' for KIOST-ESM (ssp585) from available: ['r1i1p1f1']
2026-07-22 11:50:32,955 - INFO - [storyline.find_cmip6_ua_file] - Selected UA file member 'r1i1p1f1' for MPI-ESM1-2-LR (ssp585) from available: ['r1i1p1f1']
2026-07-22 11:50:33,156 - INFO - [storyline.find_cmip6_ua_file] - Selected UA file member 'r1i1p1f1' for ACCESS-ESM1-5 (ssp585) from available: ['r1i1p1f1']
/nas/home/vlw/.mambaenvs/STREAM/lib/python3.10/site-packages/dask/array/core.py:4988: PerformanceWarning: Increasing number of chunks by factor of 38
  result = blockwise(
/nas/home/vlw/.mambaenvs/STREAM/lib/python3.10/site-packages/dask/array/core.py:4988: PerformanceWarning: Increasing number of chunks by factor of 38
  result = blockwise(
/nas/home/vlw/.mambaenvs/STREAM/lib/python3.10/site-packages/dask/array/core.py:4988: PerformanceWarning: Increasing number of chunks by factor of 38
  result = blockwise(
2026-07-22 11:50:33,635 - INFO - [storyline.find_cmip6_ua_file] - Selected UA file member 'r1i1p1f1' for CESM2-WACCM (ssp585) from available: ['r1i1p1f1']
2026-07-22 11:50:33,821 - INFO - [storyline.find_cmip6_ua_file] - Selected UA file member 'r1i1p1f1' for CMCC-ESM2 (ssp585) from available: ['r1i1p1f1']
2026-07-22 11:50:33,821 - WARNING - [storyline.find_cmip6_ua_file] - Excluding overlapping non-standard UA file: ua_Amon_CMCC-ESM2_ssp585_r1i1p1f1_gn_20400116-20790716_regridded.nc
2026-07-22 11:50:33,822 - WARNING - [storyline.find_cmip6_ua_file] - Excluding overlapping non-standard UA file: ua_Amon_CMCC-ESM2_ssp585_r1i1p1f1_gn_20790816-21001216_regridded.nc
2026-07-22 11:50:34,064 - INFO - [storyline.find_cmip6_ua_file] - Selected UA file member 'r1i1p1f3' for HadGEM3-GC31-LL (ssp585) from available: ['r1i1p1f3']
2026-07-22 11:50:34,065 - INFO - [storyline.find_cmip6_ua_file] - Including non-standard UA file to fill gap: ua_Amon_HadGEM3-GC31-LL_ssp585_r1i1p1f3_gn_20150116-20930916_regridded.nc
2026-07-22 11:50:34,065 - INFO - [storyline.find_cmip6_ua_file] - Including non-standard UA file to fill gap: ua_Amon_HadGEM3-GC31-LL_ssp585_r1i1p1f3_gn_20931016-21001216_regridded.nc
2026-07-22 11:50:34,236 - INFO - [storyline.find_cmip6_ua_file] - Selected UA file member 'r1i1p1f1' for KACE-1-0-G (ssp585) from available: ['r1i1p1f1']
2026-07-22 11:50:34,237 - WARNING - [storyline.find_cmip6_ua_file] - Excluding overlapping non-standard UA file: ua_Amon_KACE-1-0-G_ssp585_r1i1p1f1_gr_20150116-20930916_regridded.nc
2026-07-22 11:50:34,237 - WARNING - [storyline.find_cmip6_ua_file] - Excluding overlapping non-standard UA file: ua_Amon_KACE-1-0-G_ssp585_r1i1p1f1_gr_20931016-21001216_regridded.nc
2026-07-22 11:50:34,642 - INFO - [storyline.find_cmip6_ua_file] - Selected UA file member 'r1i1p1f1' for CMCC-CM2-SR5 (ssp585) from available: ['r1i1p1f1']
2026-07-22 11:50:34,643 - WARNING - [storyline.find_cmip6_ua_file] - Excluding overlapping non-standard UA file: ua_Amon_CMCC-CM2-SR5_ssp585_r1i1p1f1_gn_20400116-20790716_regridded.nc
2026-07-22 11:50:34,643 - WARNING - [storyline.find_cmip6_ua_file] - Excluding overlapping non-standard UA file: ua_Amon_CMCC-CM2-SR5_ssp585_r1i1p1f1_gn_20790816-21001216_regridded.nc
2026-07-22 11:50:34,820 - INFO - [storyline.find_cmip6_ua_file] - Selected UA file member 'r1i1p1f1' for E3SM-1-0 (ssp585) from available: ['r1i1p1f1']
2026-07-22 11:50:34,971 - INFO - [storyline.find_cmip6_ua_file] - Selected UA file member 'r1i1p1f1' for IITM-ESM (ssp585) from available: ['r1i1p1f1']
2026-07-22 11:50:34,972 - WARNING - [storyline.find_cmip6_ua_file] - Excluding overlapping non-standard UA file: ua_Amon_IITM-ESM_ssp585_r1i1p1f1_gn_20150116-20991216_regridded.nc
2026-07-22 11:50:34,972 - INFO - [storyline.find_cmip6_ua_file] - Including non-standard UA file to fill gap: ua_Amon_IITM-ESM_ssp585_r1i1p1f1_gn_20250116-20991216_regridded.nc
2026-07-22 11:50:35,333 - INFO - [storyline.find_cmip6_ua_file] - Selected UA file member 'r1i1p1f2' for CNRM-ESM2-1 (ssp585) from available: ['r1i1p1f2']
2026-07-22 11:50:35,333 - INFO - [storyline.find_cmip6_ua_file] - Including non-standard UA file to fill gap: ua_Amon_CNRM-ESM2-1_ssp585_r1i1p1f2_gr_20150116-20811116_regridded.nc
2026-07-22 11:50:35,333 - INFO - [storyline.find_cmip6_ua_file] - Including non-standard UA file to fill gap: ua_Amon_CNRM-ESM2-1_ssp585_r1i1p1f2_gr_20811216-21001216_regridded.nc
2026-07-22 11:50:35,503 - INFO - [storyline.find_cmip6_ua_file] - Selected UA file member 'r1i1p1f1' for CanESM5 (ssp585) from available: ['r1i1p1f1']
2026-07-22 11:50:35,655 - INFO - [storyline.find_cmip6_ua_file] - Selected UA file member 'r1i1p1f1' for EC-Earth3-Veg-LR (ssp585) from available: ['r1i1p1f1']
2026-07-22 11:50:35,656 - WARNING - [storyline.find_cmip6_ua_file] - Excluding overlapping non-standard UA file: ua_Amon_EC-Earth3-Veg-LR_ssp585_r1i1p1f1_gr_20170116-20590916_regridded.nc
2026-07-22 11:50:35,656 - WARNING - [storyline.find_cmip6_ua_file] - Excluding overlapping non-standard UA file: ua_Amon_EC-Earth3-Veg-LR_ssp585_r1i1p1f1_gr_20280116-20831216_regridded.nc
2026-07-22 11:50:35,656 - WARNING - [storyline.find_cmip6_ua_file] - Excluding overlapping non-standard UA file: ua_Amon_EC-Earth3-Veg-LR_ssp585_r1i1p1f1_gr_20591016-21001216_regridded.nc
2026-07-22 11:50:36,499 - INFO - [storyline.find_cmip6_ua_file] - Selected UA file member 'r1i1p1f1' for GFDL-ESM4 (ssp585) from available: ['r1i1p1f1']
2026-07-22 11:50:36,499 - WARNING - [storyline.find_cmip6_ua_file] - Excluding overlapping non-standard UA file: ua_Amon_GFDL-ESM4_ssp585_r1i1p1f1_gr1_20150116-20570316_regridded.nc
2026-07-22 11:50:36,499 - WARNING - [storyline.find_cmip6_ua_file] - Excluding overlapping non-standard UA file: ua_Amon_GFDL-ESM4_ssp585_r1i1p1f1_gr1_20570416-20990616_regridded.nc
2026-07-22 11:50:36,499 - WARNING - [storyline.find_cmip6_ua_file] - Excluding overlapping non-standard UA file: ua_Amon_GFDL-ESM4_ssp585_r1i1p1f1_gr1_20990716-21001216_regridded.nc
2026-07-22 11:50:36,625 - INFO - [storyline.find_cmip6_ua_file] - Selected UA file member 'r1i1p1f2' for MIROC-ES2L (ssp585) from available: ['r1i1p1f2']
2026-07-22 11:50:36,625 - INFO - [storyline.find_cmip6_ua_file] - Including non-standard UA file to fill gap: ua_Amon_MIROC-ES2L_ssp585_r1i1p1f2_gn_20150116-21001216_regridded.nc
2026-07-22 11:50:36,768 - INFO - [storyline.find_cmip6_ua_file] - Selected UA file member 'r1i1p1f1' for MIROC6 (ssp585) from available: ['r1i1p1f1']
2026-07-22 11:50:36,768 - WARNING - [storyline.find_cmip6_ua_file] - Excluding overlapping non-standard UA file: ua_Amon_MIROC6_ssp585_r1i1p1f1_gn_20150116-20811116_regridded.nc
2026-07-22 11:50:36,768 - WARNING - [storyline.find_cmip6_ua_file] - Excluding overlapping non-standard UA file: ua_Amon_MIROC6_ssp585_r1i1p1f1_gn_20811216-21001216_regridded.nc
2026-07-22 11:50:37,041 - INFO - [storyline.find_cmip6_ua_file] - Selected UA file member 'r1i1p1f1' for MRI-ESM2-0 (ssp585) from available: ['r1i1p1f1']
2026-07-22 11:50:37,221 - INFO - [storyline.find_cmip6_ua_historical_file] - Selected historical UA member 'r1i1p1f1' for BCC-CSM2-MR from available: ['r1i1p1f1']
2026-07-22 11:50:37,960 - INFO - [storyline.find_cmip6_ua_historical_file] - Selected historical UA member 'r1i1p1f2' for CNRM-CM6-1 from available: ['r1i1p1f2']
2026-07-22 11:50:37,960 - INFO - [storyline.find_cmip6_ua_historical_file] - Including non-standard historical UA file to fill gap: ua_Amon_CNRM-CM6-1_historical_r1i1p1f2_gr_18500116-19161116_regridded.nc
2026-07-22 11:50:37,960 - INFO - [storyline.find_cmip6_ua_historical_file] - Including non-standard historical UA file to fill gap: ua_Amon_CNRM-CM6-1_historical_r1i1p1f2_gr_19161216-19831016_regridded.nc
2026-07-22 11:50:37,960 - INFO - [storyline.find_cmip6_ua_historical_file] - Including non-standard historical UA file to fill gap: ua_Amon_CNRM-CM6-1_historical_r1i1p1f2_gr_19831116-20141216_regridded.nc
2026-07-22 11:50:38,209 - INFO - [storyline.find_cmip6_ua_historical_file] - Selected historical UA member 'r1i1p1f1' for CESM2 from available: ['r1i1p1f1']
2026-07-22 11:50:38,401 - INFO - [storyline.find_cmip6_ua_historical_file] - Selected historical UA member 'r1i1p1f1' for KIOST-ESM from available: ['r1i1p1f1']
2026-07-22 11:50:38,611 - INFO - [storyline.find_cmip6_ua_historical_file] - Selected historical UA member 'r1i1p1f1' for MPI-ESM1-2-LR from available: ['r1i1p1f1']
2026-07-22 11:50:38,906 - INFO - [storyline.find_cmip6_ua_historical_file] - Selected historical UA member 'r1i1p1f1' for ACCESS-ESM1-5 from available: ['r1i1p1f1']
2026-07-22 11:50:39,139 - INFO - [storyline.find_cmip6_ua_historical_file] - Selected historical UA member 'r1i1p1f1' for CESM2-WACCM from available: ['r1i1p1f1']
2026-07-22 11:50:39,139 - INFO - [storyline.find_cmip6_ua_historical_file] - Including non-standard historical UA file to fill gap: ua_Amon_CESM2-WACCM_historical_r1i1p1f1_gn_18500115-18890715_regridded.nc
2026-07-22 11:50:39,139 - INFO - [storyline.find_cmip6_ua_historical_file] - Including non-standard historical UA file to fill gap: ua_Amon_CESM2-WACCM_historical_r1i1p1f1_gn_18890815-19290214_regridded.nc
2026-07-22 11:50:39,140 - INFO - [storyline.find_cmip6_ua_historical_file] - Including non-standard historical UA file to fill gap: ua_Amon_CESM2-WACCM_historical_r1i1p1f1_gn_19290315-19680915_regridded.nc
2026-07-22 11:50:39,140 - INFO - [storyline.find_cmip6_ua_historical_file] - Including non-standard historical UA file to fill gap: ua_Amon_CESM2-WACCM_historical_r1i1p1f1_gn_19681015-20080415_regridded.nc
2026-07-22 11:50:39,140 - INFO - [storyline.find_cmip6_ua_historical_file] - Including non-standard historical UA file to fill gap: ua_Amon_CESM2-WACCM_historical_r1i1p1f1_gn_20080515-20141215_regridded.nc
2026-07-22 11:50:39,296 - INFO - [storyline.find_cmip6_ua_historical_file] - Selected historical UA member 'r1i1p1f1' for CMCC-ESM2 from available: ['r1i1p1f1']
2026-07-22 11:50:39,296 - WARNING - [storyline.find_cmip6_ua_historical_file] - Excluding overlapping non-standard historical UA file: ua_Amon_CMCC-ESM2_historical_r1i1p1f1_gn_18500116-18890716_regridded.nc
2026-07-22 11:50:39,296 - WARNING - [storyline.find_cmip6_ua_historical_file] - Excluding overlapping non-standard historical UA file: ua_Amon_CMCC-ESM2_historical_r1i1p1f1_gn_18890816-18991216_regridded.nc
2026-07-22 11:50:39,552 - INFO - [storyline.find_cmip6_ua_historical_file] - Selected historical UA member 'r1i1p1f3' for HadGEM3-GC31-LL from available: ['r1i1p1f3']
2026-07-22 11:50:39,552 - INFO - [storyline.find_cmip6_ua_historical_file] - Including non-standard historical UA file to fill gap: ua_Amon_HadGEM3-GC31-LL_historical_r1i1p1f3_gn_18500116-19280916_regridded.nc
2026-07-22 11:50:39,553 - INFO - [storyline.find_cmip6_ua_historical_file] - Including non-standard historical UA file to fill gap: ua_Amon_HadGEM3-GC31-LL_historical_r1i1p1f3_gn_19281016-20070616_regridded.nc
2026-07-22 11:50:39,553 - INFO - [storyline.find_cmip6_ua_historical_file] - Including non-standard historical UA file to fill gap: ua_Amon_HadGEM3-GC31-LL_historical_r1i1p1f3_gn_20070716-20141216_regridded.nc
2026-07-22 11:50:39,813 - INFO - [storyline.find_cmip6_ua_historical_file] - Selected historical UA member 'r1i1p1f1' for KACE-1-0-G from available: ['r1i1p1f1']
2026-07-22 11:50:40,056 - INFO - [storyline.find_cmip6_ua_historical_file] - Selected historical UA member 'r1i1p1f1' for CMCC-CM2-SR5 from available: ['r1i1p1f1']
2026-07-22 11:50:40,056 - WARNING - [storyline.find_cmip6_ua_historical_file] - Excluding overlapping non-standard historical UA file: ua_Amon_CMCC-CM2-SR5_historical_r1i1p1f1_gn_19500116-19741216_regridded.nc
2026-07-22 11:50:40,349 - INFO - [storyline.find_cmip6_ua_historical_file] - Selected historical UA member 'r1i1p1f1' for E3SM-1-0 from available: ['r1i1p1f1']
2026-07-22 11:50:40,350 - WARNING - [storyline.find_cmip6_ua_historical_file] - Excluding overlapping non-standard historical UA file: ua_Amon_E3SM-1-0_historical_r1i1p1f1_gr_19000116-19331016_regridded.nc
2026-07-22 11:50:40,350 - WARNING - [storyline.find_cmip6_ua_historical_file] - Excluding overlapping non-standard historical UA file: ua_Amon_E3SM-1-0_historical_r1i1p1f1_gr_19331116-19670816_regridded.nc
2026-07-22 11:50:40,350 - WARNING - [storyline.find_cmip6_ua_historical_file] - Excluding overlapping non-standard historical UA file: ua_Amon_E3SM-1-0_historical_r1i1p1f1_gr_19670916-20010616_regridded.nc
2026-07-22 11:50:40,350 - WARNING - [storyline.find_cmip6_ua_historical_file] - Excluding overlapping non-standard historical UA file: ua_Amon_E3SM-1-0_historical_r1i1p1f1_gr_20010716-20141216_regridded.nc
2026-07-22 11:50:40,892 - INFO - [storyline.find_cmip6_ua_historical_file] - Selected historical UA member 'r1i1p1f1' for IITM-ESM from available: ['r1i1p1f1']
2026-07-22 11:50:41,252 - INFO - [storyline.find_cmip6_ua_historical_file] - Selected historical UA member 'r1i1p1f2' for CNRM-ESM2-1 from available: ['r1i1p1f2']
2026-07-22 11:50:41,252 - INFO - [storyline.find_cmip6_ua_historical_file] - Including non-standard historical UA file to fill gap: ua_Amon_CNRM-ESM2-1_historical_r1i1p1f2_gr_18500116-19161116_regridded.nc
2026-07-22 11:50:41,252 - INFO - [storyline.find_cmip6_ua_historical_file] - Including non-standard historical UA file to fill gap: ua_Amon_CNRM-ESM2-1_historical_r1i1p1f2_gr_19161216-19831016_regridded.nc
2026-07-22 11:50:41,253 - INFO - [storyline.find_cmip6_ua_historical_file] - Including non-standard historical UA file to fill gap: ua_Amon_CNRM-ESM2-1_historical_r1i1p1f2_gr_19831116-20141216_regridded.nc
2026-07-22 11:50:41,518 - INFO - [storyline.find_cmip6_ua_historical_file] - Selected historical UA member 'r1i1p1f1' for CanESM5 from available: ['r1i1p1f1']
2026-07-22 11:50:41,742 - INFO - [storyline.find_cmip6_ua_historical_file] - Selected historical UA member 'r1i1p1f1' for EC-Earth3-Veg-LR from available: ['r1i1p1f1']
2026-07-22 11:50:41,743 - WARNING - [storyline.find_cmip6_ua_historical_file] - Excluding overlapping non-standard historical UA file: ua_Amon_EC-Earth3-Veg-LR_historical_r1i1p1f1_gr_18500116-18920916_regridded.nc
2026-07-22 11:50:41,743 - WARNING - [storyline.find_cmip6_ua_historical_file] - Excluding overlapping non-standard historical UA file: ua_Amon_EC-Earth3-Veg-LR_historical_r1i1p1f1_gr_18921016-19350616_regridded.nc
2026-07-22 11:50:41,743 - WARNING - [storyline.find_cmip6_ua_historical_file] - Excluding overlapping non-standard historical UA file: ua_Amon_EC-Earth3-Veg-LR_historical_r1i1p1f1_gr_19350716-19780316_regridded.nc
2026-07-22 11:50:41,743 - WARNING - [storyline.find_cmip6_ua_historical_file] - Excluding overlapping non-standard historical UA file: ua_Amon_EC-Earth3-Veg-LR_historical_r1i1p1f1_gr_19780416-20141216_regridded.nc
2026-07-22 11:50:43,162 - INFO - [storyline.find_cmip6_ua_historical_file] - Selected historical UA member 'r1i1p1f1' for GFDL-ESM4 from available: ['r1i1p1f1']
2026-07-22 11:50:43,377 - INFO - [storyline.find_cmip6_ua_historical_file] - Selected historical UA member 'r1i1p1f2' for MIROC-ES2L from available: ['r1i1p1f2']
2026-07-22 11:50:43,377 - INFO - [storyline.find_cmip6_ua_historical_file] - Including non-standard historical UA file to fill gap: ua_Amon_MIROC-ES2L_historical_r1i1p1f2_gn_18500116-20141216_regridded.nc
2026-07-22 11:50:43,607 - INFO - [storyline.find_cmip6_ua_historical_file] - Selected historical UA member 'r1i1p1f1' for MIROC6 from available: ['r1i1p1f1']
2026-07-22 11:50:43,973 - INFO - [storyline.find_cmip6_ua_historical_file] - Selected historical UA member 'r1i1p1f1' for MRI-ESM2-0 from available: ['r1i1p1f1']
2026-07-22 11:50:43,973 - INFO - [storyline.find_cmip6_ua_historical_file] - Including non-standard historical UA file to fill gap: ua_Amon_MRI-ESM2-0_historical_r1i1p1f1_gn_18500116-18920916_regridded.nc
2026-07-22 11:50:43,973 - INFO - [storyline.find_cmip6_ua_historical_file] - Including non-standard historical UA file to fill gap: ua_Amon_MRI-ESM2-0_historical_r1i1p1f1_gn_18921016-19350616_regridded.nc
2026-07-22 11:50:43,974 - INFO - [storyline.find_cmip6_ua_historical_file] - Including non-standard historical UA file to fill gap: ua_Amon_MRI-ESM2-0_historical_r1i1p1f1_gn_19350716-19780316_regridded.nc
2026-07-22 11:50:43,974 - INFO - [storyline.find_cmip6_ua_historical_file] - Including non-standard historical UA file to fill gap: ua_Amon_MRI-ESM2-0_historical_r1i1p1f1_gn_19780416-20141216_regridded.nc
2026-07-22 11:50:44,805 - INFO - [main.run_full_analysis] - UA composite plot for GWL 3.0, Summer already exists and data not needed.
2026-07-22 11:50:44,805 - INFO - [storyline.calculate_ua_composites_for_extremes] - Calculating UA composites for event '30Q10_low' at GWL +3.0°C, Season=Summer...
2026-07-22 11:50:44,848 - INFO - [storyline.calculate_ua_composites_for_extremes] -   UA Extreme Models (N=10): ['KACE-1-0-G_ssp585', 'BCC-CSM2-MR_ssp585', 'CNRM-CM6-1_ssp585', 'CESM2_ssp585', 'CMCC-ESM2_ssp585', 'MPI-ESM1-2-LR_ssp585', 'INM-CM5-0_ssp585', 'KIOST-ESM_ssp585', 'MPI-ESM1-2-HR_ssp585', 'ACCESS-ESM1-5_ssp585']
2026-07-22 11:50:44,848 - INFO - [storyline.calculate_ua_composites_for_extremes] -   UA Non-Extreme Models (N=10): ['EC-Earth3-Veg-LR_ssp585', 'GFDL-ESM4_ssp585', 'HadGEM3-GC31-LL_ssp585', 'IPSL-CM6A-LR_ssp585', 'CNRM-ESM2-1_ssp585', 'CanESM5_ssp585', 'EC-Earth3_ssp585', 'IITM-ESM_ssp585', 'MIROC-ES2L_ssp585', 'MRI-ESM2-0_ssp585']
2026-07-22 11:50:44,850 - INFO - [storyline.find_cmip6_ua_file] - Selected UA file member 'r1i1p1f1' for KACE-1-0-G (ssp585) from available: ['r1i1p1f1']
2026-07-22 11:50:44,850 - WARNING - [storyline.find_cmip6_ua_file] - Excluding overlapping non-standard UA file: ua_Amon_KACE-1-0-G_ssp585_r1i1p1f1_gr_20150116-20930916_regridded.nc
2026-07-22 11:50:44,850 - WARNING - [storyline.find_cmip6_ua_file] - Excluding overlapping non-standard UA file: ua_Amon_KACE-1-0-G_ssp585_r1i1p1f1_gr_20931016-21001216_regridded.nc
2026-07-22 11:50:44,978 - INFO - [storyline.find_cmip6_ua_file] - Selected UA file member 'r1i1p1f1' for BCC-CSM2-MR (ssp585) from available: ['r1i1p1f1']
2026-07-22 11:50:44,978 - WARNING - [storyline.find_cmip6_ua_file] - Excluding overlapping non-standard UA file: ua_Amon_BCC-CSM2-MR_ssp585_r1i1p1f1_gn_20550116-20970916_regridded.nc
2026-07-22 11:50:44,978 - WARNING - [storyline.find_cmip6_ua_file] - Excluding overlapping non-standard UA file: ua_Amon_BCC-CSM2-MR_ssp585_r1i1p1f1_gn_20971016-21001216_regridded.nc
2026-07-22 11:50:45,413 - INFO - [storyline.find_cmip6_ua_file] - Selected UA file member 'r1i1p1f2' for CNRM-CM6-1 (ssp585) from available: ['r1i1p1f2']
2026-07-22 11:50:45,414 - INFO - [storyline.find_cmip6_ua_file] - Including non-standard UA file to fill gap: ua_Amon_CNRM-CM6-1_ssp585_r1i1p1f2_gr_20150116-20811116_regridded.nc
2026-07-22 11:50:45,414 - INFO - [storyline.find_cmip6_ua_file] - Including non-standard UA file to fill gap: ua_Amon_CNRM-CM6-1_ssp585_r1i1p1f2_gr_20811216-21001216_regridded.nc
2026-07-22 11:50:45,590 - INFO - [storyline.find_cmip6_ua_file] - Selected UA file member 'r4i1p1f1' for CESM2 (ssp585) from available: ['r4i1p1f1']
2026-07-22 11:50:45,590 - INFO - [storyline.find_cmip6_ua_file] - Including non-standard UA file to fill gap: ua_Amon_CESM2_ssp585_r4i1p1f1_gn_20150115-20540715_regridded.nc
2026-07-22 11:50:45,590 - INFO - [storyline.find_cmip6_ua_file] - Including non-standard UA file to fill gap: ua_Amon_CESM2_ssp585_r4i1p1f1_gn_20540815-20940214_regridded.nc
2026-07-22 11:50:45,591 - INFO - [storyline.find_cmip6_ua_file] - Including non-standard UA file to fill gap: ua_Amon_CESM2_ssp585_r4i1p1f1_gn_20940315-21001215_regridded.nc
2026-07-22 11:50:45,792 - INFO - [storyline.find_cmip6_ua_file] - Selected UA file member 'r1i1p1f1' for CMCC-ESM2 (ssp585) from available: ['r1i1p1f1']
2026-07-22 11:50:45,792 - WARNING - [storyline.find_cmip6_ua_file] - Excluding overlapping non-standard UA file: ua_Amon_CMCC-ESM2_ssp585_r1i1p1f1_gn_20400116-20790716_regridded.nc
2026-07-22 11:50:45,792 - WARNING - [storyline.find_cmip6_ua_file] - Excluding overlapping non-standard UA file: ua_Amon_CMCC-ESM2_ssp585_r1i1p1f1_gn_20790816-21001216_regridded.nc
2026-07-22 11:50:45,962 - INFO - [storyline.find_cmip6_ua_file] - Selected UA file member 'r1i1p1f1' for MPI-ESM1-2-LR (ssp585) from available: ['r1i1p1f1']
2026-07-22 11:50:46,130 - INFO - [storyline.find_cmip6_ua_file] - Selected UA file member 'r1i1p1f1' for INM-CM5-0 (ssp585) from available: ['r1i1p1f1']
2026-07-22 11:50:46,348 - INFO - [storyline.find_cmip6_ua_file] - Selected UA file member 'r1i1p1f1' for KIOST-ESM (ssp585) from available: ['r1i1p1f1']
2026-07-22 11:50:46,487 - INFO - [storyline.find_cmip6_ua_file] - Selected UA file member 'r1i1p1f1' for MPI-ESM1-2-HR (ssp585) from available: ['r1i1p1f1']
2026-07-22 11:50:46,770 - INFO - [storyline.find_cmip6_ua_file] - Selected UA file member 'r1i1p1f1' for ACCESS-ESM1-5 (ssp585) from available: ['r1i1p1f1']
/nas/home/vlw/.mambaenvs/STREAM/lib/python3.10/site-packages/dask/array/core.py:4988: PerformanceWarning: Increasing number of chunks by factor of 38
  result = blockwise(
/nas/home/vlw/.mambaenvs/STREAM/lib/python3.10/site-packages/dask/array/core.py:4988: PerformanceWarning: Increasing number of chunks by factor of 38
  result = blockwise(
/nas/home/vlw/.mambaenvs/STREAM/lib/python3.10/site-packages/dask/array/core.py:4988: PerformanceWarning: Increasing number of chunks by factor of 38
  result = blockwise(
2026-07-22 11:50:47,364 - INFO - [storyline.find_cmip6_ua_file] - Selected UA file member 'r1i1p1f1' for EC-Earth3-Veg-LR (ssp585) from available: ['r1i1p1f1']
2026-07-22 11:50:47,365 - WARNING - [storyline.find_cmip6_ua_file] - Excluding overlapping non-standard UA file: ua_Amon_EC-Earth3-Veg-LR_ssp585_r1i1p1f1_gr_20170116-20590916_regridded.nc
2026-07-22 11:50:47,365 - WARNING - [storyline.find_cmip6_ua_file] - Excluding overlapping non-standard UA file: ua_Amon_EC-Earth3-Veg-LR_ssp585_r1i1p1f1_gr_20280116-20831216_regridded.nc
2026-07-22 11:50:47,365 - WARNING - [storyline.find_cmip6_ua_file] - Excluding overlapping non-standard UA file: ua_Amon_EC-Earth3-Veg-LR_ssp585_r1i1p1f1_gr_20591016-21001216_regridded.nc
2026-07-22 11:50:48,083 - INFO - [storyline.find_cmip6_ua_file] - Selected UA file member 'r1i1p1f1' for GFDL-ESM4 (ssp585) from available: ['r1i1p1f1']
2026-07-22 11:50:48,084 - WARNING - [storyline.find_cmip6_ua_file] - Excluding overlapping non-standard UA file: ua_Amon_GFDL-ESM4_ssp585_r1i1p1f1_gr1_20150116-20570316_regridded.nc
2026-07-22 11:50:48,084 - WARNING - [storyline.find_cmip6_ua_file] - Excluding overlapping non-standard UA file: ua_Amon_GFDL-ESM4_ssp585_r1i1p1f1_gr1_20570416-20990616_regridded.nc
2026-07-22 11:50:48,084 - WARNING - [storyline.find_cmip6_ua_file] - Excluding overlapping non-standard UA file: ua_Amon_GFDL-ESM4_ssp585_r1i1p1f1_gr1_20990716-21001216_regridded.nc
2026-07-22 11:50:48,206 - INFO - [storyline.find_cmip6_ua_file] - Selected UA file member 'r1i1p1f3' for HadGEM3-GC31-LL (ssp585) from available: ['r1i1p1f3']
2026-07-22 11:50:48,206 - INFO - [storyline.find_cmip6_ua_file] - Including non-standard UA file to fill gap: ua_Amon_HadGEM3-GC31-LL_ssp585_r1i1p1f3_gn_20150116-20930916_regridded.nc
2026-07-22 11:50:48,207 - INFO - [storyline.find_cmip6_ua_file] - Including non-standard UA file to fill gap: ua_Amon_HadGEM3-GC31-LL_ssp585_r1i1p1f3_gn_20931016-21001216_regridded.nc
2026-07-22 11:50:48,361 - INFO - [storyline.find_cmip6_ua_file] - Selected UA file member 'r1i1p1f1' for IPSL-CM6A-LR (ssp585) from available: ['r1i1p1f1']
2026-07-22 11:50:48,536 - INFO - [storyline.find_cmip6_ua_file] - Selected UA file member 'r1i1p1f2' for CNRM-ESM2-1 (ssp585) from available: ['r1i1p1f2']
2026-07-22 11:50:48,536 - INFO - [storyline.find_cmip6_ua_file] - Including non-standard UA file to fill gap: ua_Amon_CNRM-ESM2-1_ssp585_r1i1p1f2_gr_20150116-20811116_regridded.nc
2026-07-22 11:50:48,536 - INFO - [storyline.find_cmip6_ua_file] - Including non-standard UA file to fill gap: ua_Amon_CNRM-ESM2-1_ssp585_r1i1p1f2_gr_20811216-21001216_regridded.nc
2026-07-22 11:50:48,689 - INFO - [storyline.find_cmip6_ua_file] - Selected UA file member 'r1i1p1f1' for CanESM5 (ssp585) from available: ['r1i1p1f1']
2026-07-22 11:50:48,832 - INFO - [storyline.find_cmip6_ua_file] - Selected UA file member 'r1i1p1f1' for EC-Earth3 (ssp585) from available: ['r1i1p1f1']
2026-07-22 11:50:49,617 - INFO - [storyline.find_cmip6_ua_file] - Selected UA file member 'r1i1p1f1' for IITM-ESM (ssp585) from available: ['r1i1p1f1']
2026-07-22 11:50:49,617 - WARNING - [storyline.find_cmip6_ua_file] - Excluding overlapping non-standard UA file: ua_Amon_IITM-ESM_ssp585_r1i1p1f1_gn_20150116-20991216_regridded.nc
2026-07-22 11:50:49,618 - INFO - [storyline.find_cmip6_ua_file] - Including non-standard UA file to fill gap: ua_Amon_IITM-ESM_ssp585_r1i1p1f1_gn_20250116-20991216_regridded.nc
2026-07-22 11:50:49,759 - INFO - [storyline.find_cmip6_ua_file] - Selected UA file member 'r1i1p1f2' for MIROC-ES2L (ssp585) from available: ['r1i1p1f2']
2026-07-22 11:50:49,759 - INFO - [storyline.find_cmip6_ua_file] - Including non-standard UA file to fill gap: ua_Amon_MIROC-ES2L_ssp585_r1i1p1f2_gn_20150116-21001216_regridded.nc
2026-07-22 11:50:49,905 - INFO - [storyline.find_cmip6_ua_file] - Selected UA file member 'r1i1p1f1' for MRI-ESM2-0 (ssp585) from available: ['r1i1p1f1']
2026-07-22 11:50:50,081 - INFO - [storyline.find_cmip6_ua_historical_file] - Selected historical UA member 'r1i1p1f1' for KACE-1-0-G from available: ['r1i1p1f1']
2026-07-22 11:50:50,301 - INFO - [storyline.find_cmip6_ua_historical_file] - Selected historical UA member 'r1i1p1f1' for BCC-CSM2-MR from available: ['r1i1p1f1']
2026-07-22 11:50:51,040 - INFO - [storyline.find_cmip6_ua_historical_file] - Selected historical UA member 'r1i1p1f2' for CNRM-CM6-1 from available: ['r1i1p1f2']
2026-07-22 11:50:51,040 - INFO - [storyline.find_cmip6_ua_historical_file] - Including non-standard historical UA file to fill gap: ua_Amon_CNRM-CM6-1_historical_r1i1p1f2_gr_18500116-19161116_regridded.nc
2026-07-22 11:50:51,040 - INFO - [storyline.find_cmip6_ua_historical_file] - Including non-standard historical UA file to fill gap: ua_Amon_CNRM-CM6-1_historical_r1i1p1f2_gr_19161216-19831016_regridded.nc
2026-07-22 11:50:51,041 - INFO - [storyline.find_cmip6_ua_historical_file] - Including non-standard historical UA file to fill gap: ua_Amon_CNRM-CM6-1_historical_r1i1p1f2_gr_19831116-20141216_regridded.nc
2026-07-22 11:50:51,572 - INFO - [storyline.find_cmip6_ua_historical_file] - Selected historical UA member 'r1i1p1f1' for CESM2 from available: ['r1i1p1f1']
2026-07-22 11:50:51,801 - INFO - [storyline.find_cmip6_ua_historical_file] - Selected historical UA member 'r1i1p1f1' for CMCC-ESM2 from available: ['r1i1p1f1']
2026-07-22 11:50:51,801 - WARNING - [storyline.find_cmip6_ua_historical_file] - Excluding overlapping non-standard historical UA file: ua_Amon_CMCC-ESM2_historical_r1i1p1f1_gn_18500116-18890716_regridded.nc
2026-07-22 11:50:51,801 - WARNING - [storyline.find_cmip6_ua_historical_file] - Excluding overlapping non-standard historical UA file: ua_Amon_CMCC-ESM2_historical_r1i1p1f1_gn_18890816-18991216_regridded.nc
2026-07-22 11:50:52,102 - INFO - [storyline.find_cmip6_ua_historical_file] - Selected historical UA member 'r1i1p1f1' for MPI-ESM1-2-LR from available: ['r1i1p1f1']
2026-07-22 11:50:52,405 - INFO - [storyline.find_cmip6_ua_historical_file] - Selected historical UA member 'r1i1p1f1' for INM-CM5-0 from available: ['r1i1p1f1']
2026-07-22 11:50:52,405 - WARNING - [storyline.find_cmip6_ua_historical_file] - Excluding overlapping non-standard historical UA file: ua_Amon_INM-CM5-0_historical_r1i1p1f1_gr1_19000116-19491216_regridded.nc
2026-07-22 11:50:52,763 - INFO - [storyline.find_cmip6_ua_historical_file] - Selected historical UA member 'r1i1p1f1' for KIOST-ESM from available: ['r1i1p1f1']
2026-07-22 11:50:52,975 - INFO - [storyline.find_cmip6_ua_historical_file] - Selected historical UA member 'r1i1p1f1' for MPI-ESM1-2-HR from available: ['r1i1p1f1']
2026-07-22 11:50:52,975 - WARNING - [storyline.find_cmip6_ua_historical_file] - Excluding overlapping non-standard historical UA file: ua_Amon_MPI-ESM1-2-HR_historical_r1i1p1f1_gn_18500116-18790816_regridded.nc
2026-07-22 11:50:52,976 - WARNING - [storyline.find_cmip6_ua_historical_file] - Excluding overlapping non-standard historical UA file: ua_Amon_MPI-ESM1-2-HR_historical_r1i1p1f1_gn_18790916-19090416_regridded.nc
2026-07-22 11:50:52,976 - WARNING - [storyline.find_cmip6_ua_historical_file] - Excluding overlapping non-standard historical UA file: ua_Amon_MPI-ESM1-2-HR_historical_r1i1p1f1_gn_19090516-19381216_regridded.nc
2026-07-22 11:50:52,976 - WARNING - [storyline.find_cmip6_ua_historical_file] - Excluding overlapping non-standard historical UA file: ua_Amon_MPI-ESM1-2-HR_historical_r1i1p1f1_gn_19390116-19680816_regridded.nc
2026-07-22 11:50:52,976 - WARNING - [storyline.find_cmip6_ua_historical_file] - Excluding overlapping non-standard historical UA file: ua_Amon_MPI-ESM1-2-HR_historical_r1i1p1f1_gn_19680916-19980416_regridded.nc
2026-07-22 11:50:52,976 - WARNING - [storyline.find_cmip6_ua_historical_file] - Excluding overlapping non-standard historical UA file: ua_Amon_MPI-ESM1-2-HR_historical_r1i1p1f1_gn_19980516-20141216_regridded.nc
2026-07-22 11:50:53,453 - INFO - [storyline.find_cmip6_ua_historical_file] - Selected historical UA member 'r1i1p1f1' for ACCESS-ESM1-5 from available: ['r1i1p1f1']
2026-07-22 11:50:53,699 - INFO - [storyline.find_cmip6_ua_historical_file] - Selected historical UA member 'r1i1p1f1' for EC-Earth3-Veg-LR from available: ['r1i1p1f1']
2026-07-22 11:50:53,700 - WARNING - [storyline.find_cmip6_ua_historical_file] - Excluding overlapping non-standard historical UA file: ua_Amon_EC-Earth3-Veg-LR_historical_r1i1p1f1_gr_18500116-18920916_regridded.nc
2026-07-22 11:50:53,700 - WARNING - [storyline.find_cmip6_ua_historical_file] - Excluding overlapping non-standard historical UA file: ua_Amon_EC-Earth3-Veg-LR_historical_r1i1p1f1_gr_18921016-19350616_regridded.nc
2026-07-22 11:50:53,700 - WARNING - [storyline.find_cmip6_ua_historical_file] - Excluding overlapping non-standard historical UA file: ua_Amon_EC-Earth3-Veg-LR_historical_r1i1p1f1_gr_19350716-19780316_regridded.nc
2026-07-22 11:50:53,700 - WARNING - [storyline.find_cmip6_ua_historical_file] - Excluding overlapping non-standard historical UA file: ua_Amon_EC-Earth3-Veg-LR_historical_r1i1p1f1_gr_19780416-20141216_regridded.nc
2026-07-22 11:50:55,095 - INFO - [storyline.find_cmip6_ua_historical_file] - Selected historical UA member 'r1i1p1f1' for GFDL-ESM4 from available: ['r1i1p1f1']
2026-07-22 11:50:55,307 - INFO - [storyline.find_cmip6_ua_historical_file] - Selected historical UA member 'r1i1p1f3' for HadGEM3-GC31-LL from available: ['r1i1p1f3']
2026-07-22 11:50:55,307 - INFO - [storyline.find_cmip6_ua_historical_file] - Including non-standard historical UA file to fill gap: ua_Amon_HadGEM3-GC31-LL_historical_r1i1p1f3_gn_18500116-19280916_regridded.nc
2026-07-22 11:50:55,307 - INFO - [storyline.find_cmip6_ua_historical_file] - Including non-standard historical UA file to fill gap: ua_Amon_HadGEM3-GC31-LL_historical_r1i1p1f3_gn_19281016-20070616_regridded.nc
2026-07-22 11:50:55,308 - INFO - [storyline.find_cmip6_ua_historical_file] - Including non-standard historical UA file to fill gap: ua_Amon_HadGEM3-GC31-LL_historical_r1i1p1f3_gn_20070716-20141216_regridded.nc
2026-07-22 11:50:55,576 - INFO - [storyline.find_cmip6_ua_historical_file] - Selected historical UA member 'r1i1p1f1' for IPSL-CM6A-LR from available: ['r1i1p1f1']
2026-07-22 11:50:55,803 - INFO - [storyline.find_cmip6_ua_historical_file] - Selected historical UA member 'r1i1p1f2' for CNRM-ESM2-1 from available: ['r1i1p1f2']
2026-07-22 11:50:55,803 - INFO - [storyline.find_cmip6_ua_historical_file] - Including non-standard historical UA file to fill gap: ua_Amon_CNRM-ESM2-1_historical_r1i1p1f2_gr_18500116-19161116_regridded.nc
2026-07-22 11:50:55,804 - INFO - [storyline.find_cmip6_ua_historical_file] - Including non-standard historical UA file to fill gap: ua_Amon_CNRM-ESM2-1_historical_r1i1p1f2_gr_19161216-19831016_regridded.nc
2026-07-22 11:50:55,804 - INFO - [storyline.find_cmip6_ua_historical_file] - Including non-standard historical UA file to fill gap: ua_Amon_CNRM-ESM2-1_historical_r1i1p1f2_gr_19831116-20141216_regridded.nc
2026-07-22 11:50:56,068 - INFO - [storyline.find_cmip6_ua_historical_file] - Selected historical UA member 'r1i1p1f1' for CanESM5 from available: ['r1i1p1f1']
2026-07-22 11:50:56,278 - INFO - [storyline.find_cmip6_ua_historical_file] - Selected historical UA member 'r1i1p1f1' for EC-Earth3 from available: ['r1i1p1f1']
2026-07-22 11:50:57,929 - INFO - [storyline.find_cmip6_ua_historical_file] - Selected historical UA member 'r1i1p1f1' for IITM-ESM from available: ['r1i1p1f1']
2026-07-22 11:50:58,251 - INFO - [storyline.find_cmip6_ua_historical_file] - Selected historical UA member 'r1i1p1f2' for MIROC-ES2L from available: ['r1i1p1f2']
2026-07-22 11:50:58,252 - INFO - [storyline.find_cmip6_ua_historical_file] - Including non-standard historical UA file to fill gap: ua_Amon_MIROC-ES2L_historical_r1i1p1f2_gn_18500116-20141216_regridded.nc
2026-07-22 11:50:58,472 - INFO - [storyline.find_cmip6_ua_historical_file] - Selected historical UA member 'r1i1p1f1' for MRI-ESM2-0 from available: ['r1i1p1f1']
2026-07-22 11:50:58,473 - INFO - [storyline.find_cmip6_ua_historical_file] - Including non-standard historical UA file to fill gap: ua_Amon_MRI-ESM2-0_historical_r1i1p1f1_gn_18500116-18920916_regridded.nc
2026-07-22 11:50:58,473 - INFO - [storyline.find_cmip6_ua_historical_file] - Including non-standard historical UA file to fill gap: ua_Amon_MRI-ESM2-0_historical_r1i1p1f1_gn_18921016-19350616_regridded.nc
2026-07-22 11:50:58,473 - INFO - [storyline.find_cmip6_ua_historical_file] - Including non-standard historical UA file to fill gap: ua_Amon_MRI-ESM2-0_historical_r1i1p1f1_gn_19350716-19780316_regridded.nc
2026-07-22 11:50:58,473 - INFO - [storyline.find_cmip6_ua_historical_file] - Including non-standard historical UA file to fill gap: ua_Amon_MRI-ESM2-0_historical_r1i1p1f1_gn_19780416-20141216_regridded.nc
2026-07-22 11:50:59,319 - INFO - [main.run_full_analysis] - Combined UA diff plot for GWL 2.0 already exists.
2026-07-22 11:50:59,320 - INFO - [main.run_full_analysis] - Final figure 3 for GWL 2.0 already exists.
2026-07-22 11:50:59,320 - INFO - [main.run_full_analysis] - Combined UA diff plot for GWL 3.0 already exists.
2026-07-22 11:50:59,320 - INFO - [main.run_full_analysis] - Final figure 3 for GWL 3.0 already exists.
2026-07-22 11:50:59,320 - INFO - [main.run_full_analysis] - TAS composite plot for GWL 2.0, Winter already exists.
2026-07-22 11:50:59,321 - INFO - [main.run_full_analysis] - TAS composite plot for GWL 2.0, Summer already exists.
2026-07-22 11:50:59,321 - INFO - [main.run_full_analysis] - TAS composite plot for GWL 3.0, Winter already exists.
2026-07-22 11:50:59,322 - INFO - [main.run_full_analysis] - TAS composite plot for GWL 3.0, Summer already exists.
2026-07-22 11:50:59,322 - INFO - [main.run_full_analysis] - Plot '/nas/home/vlw/Desktop/STREAM/paper1-plots/storyline_impacts_summary_4x2_boxplots_ssp585.png' already exists.
2026-07-22 11:50:59,323 - INFO - [storyline.calculate_storyline_impacts] - 
--- Calculating Final Storyline Impacts (by averaging classified models) ---
2026-07-22 11:50:59,323 - INFO - [storyline.calculate_storyline_impacts] - 
  Processing Impacts for GWL +2.0°C...
2026-07-22 11:50:59,324 - INFO - [storyline.calculate_storyline_impacts] - 
  Processing Impacts for GWL +3.0°C...
2026-07-22 11:50:59,325 - INFO - [visualization.plot_mechanism_drivers_panel] - Plotting Figure 5 (Mechanism Drivers Panel) with Boxplots (Horizontal) for ssp585...
/nas/home/vlw/Desktop/STREAM/Code/paper1-project/visualization.py:4558: UserWarning: set_ticklabels() should only be used with a fixed number of ticks, i.e. after set_ticks() or using a FixedLocator.
  ax.set_yticklabels(labels, fontsize=10)
/nas/home/vlw/Desktop/STREAM/Code/paper1-project/visualization.py:4558: UserWarning: set_ticklabels() should only be used with a fixed number of ticks, i.e. after set_ticks() or using a FixedLocator.
  ax.set_yticklabels(labels, fontsize=10)
2026-07-22 11:51:00,495 - INFO - [visualization.plot_mechanism_drivers_panel] - Saved Figure 5 (formerly Figure 4) to /nas/home/vlw/Desktop/STREAM/paper1-plots/Figure5_mechanism_drivers_summary_ssp585.png
2026-07-22 11:51:00,496 - INFO - [main.run_full_analysis] - Plot '/nas/home/vlw/Desktop/STREAM/paper1-plots/storyline_lnwl_monthly_distribution_ssp585.png' already exists. Skipping.
2026-07-22 11:51:00,497 - INFO - [main.run_full_analysis] - Calculating LNWL aggregation data...
2026-07-22 11:51:00,497 - INFO - [storyline.analyze_storyline_lnwl_aggregation_metrics] - Analyzing LNWL Aggregation Metrics (Threshold: 970 m³/s)...
2026-07-22 11:51:00,497 - INFO - [storyline.analyze_storyline_lnwl_aggregation_metrics] - Calculating historical LNWL return periods for all aggregations (Winter, Summer, Full Year)...
2026-07-22 11:51:00,668 - INFO - [storyline.analyze_storyline_lnwl_aggregation_metrics] -   -> Historical LNWL aggregation thresholds stored: {
  "winter": {
    "Q_daily_low": {
      "name": "Daily Minimum < LNWL",
      "threshold_m3s": 970.0,
      "hist_return_period": 1.24,
      "type": "low",
      "metric_key_base": "Q_daily_low"
    },
    "Q_7day_low": {
      "name": "7-Day Minimum < LNWL",
      "threshold_m3s": 970.0,
      "hist_return_period": 1.5121951219512195,
      "type": "low",
      "metric_key_base": "Q_7day_low"
    },
    "Q_30day_low": {
      "name": "30-Day Minimum < LNWL",
      "threshold_m3s": 970.0,
      "hist_return_period": 2.2962962962962963,
      "type": "low",
      "metric_key_base": "Q_30day_low"
    },
    "Q_3month_low": {
      "name": "3-Month Minimum < LNWL",
      "threshold_m3s": 970.0,
      "hist_return_period": 6.2,
      "type": "low",
      "metric_key_base": "Q_3month_low"
    }
  },
  "summer": {
    "Q_daily_low": {
      "name": "Daily Minimum < LNWL",
      "threshold_m3s": 970.0,
      "hist_return_period": 2.3846153846153846,
      "type": "low",
      "metric_key_base": "Q_daily_low"
    },
    "Q_7day_low": {
      "name": "7-Day Minimum < LNWL",
      "threshold_m3s": 970.0,
      "hist_return_period": 3.1,
      "type": "low",
      "metric_key_base": "Q_7day_low"
    },
    "Q_30day_low": {
      "name": "30-Day Minimum < LNWL",
      "threshold_m3s": 970.0,
      "hist_return_period": 4.769230769230769,
      "type": "low",
      "metric_key_base": "Q_30day_low"
    },
    "Q_3month_low": {
      "name": "3-Month Minimum < LNWL",
      "threshold_m3s": 970.0,
      "hist_return_period": 15.5,
      "type": "low",
      "metric_key_base": "Q_3month_low"
    }
  },
  "full_year": {
    "Q_daily_low": {
      "name": "Daily Minimum < LNWL",
      "threshold_m3s": 970.0,
      "hist_return_period": 1.2156862745098038,
      "type": "low",
      "metric_key_base": "Q_daily_low"
    },
    "Q_7day_low": {
      "name": "7-Day Minimum < LNWL",
      "threshold_m3s": 970.0,
      "hist_return_period": 1.5121951219512195,
      "type": "low",
      "metric_key_base": "Q_7day_low"
    },
    "Q_30day_low": {
      "name": "30-Day Minimum < LNWL",
      "threshold_m3s": 970.0,
      "hist_return_period": 2.2142857142857144,
      "type": "low",
      "metric_key_base": "Q_30day_low"
    },
    "Q_3month_low": {
      "name": "3-Month Minimum < LNWL",
      "threshold_m3s": 970.0,
      "hist_return_period": 5.166666666666667,
      "type": "low",
      "metric_key_base": "Q_3month_low"
    }
  }
}
2026-07-22 11:52:08,313 - INFO - [visualization.plot_storyline_lnwl_aggregation_comparison] - Plotting LNWL Aggregation Comparison (3x4 grid, 30-Day) for ssp585...
2026-07-22 11:52:09,360 - INFO - [visualization.plot_storyline_lnwl_aggregation_comparison] - Applying shared column X-limits based on widest 'zoomed' range...
2026-07-22 11:52:11,644 - INFO - [visualization.plot_storyline_lnwl_aggregation_comparison] - Saved LNWL aggregation comparison plot (3x4 grid, 30-Day, FullYear) to /nas/home/vlw/Desktop/STREAM/paper1-plots/storyline_lnwl_aggregation_comparison_ssp585.png
2026-07-22 11:52:11,644 - INFO - [visualization.plot_erl_figure4_lnwl_summary] - Plotting ERL Figure 4 (Summer LNWL Impact) for ssp585...
/nas/home/vlw/Desktop/STREAM/Code/paper1-project/visualization.py:4686: UserWarning: set_ticklabels() should only be used with a fixed number of ticks, i.e. after set_ticks() or using a FixedLocator.
  ax.set_yticklabels(labels, fontsize=10)
2026-07-22 11:52:12,334 - INFO - [visualization.plot_erl_figure4_lnwl_summary] - Saved ERL Figure 4 to /nas/home/vlw/Desktop/STREAM/paper1-plots/Figure4_impact_navigation_lnwl_ssp585.png
2026-07-22 11:52:12,334 - INFO - [main.run_full_analysis] - Figure 5 '/nas/home/vlw/Desktop/STREAM/paper1-plots/Figure5_mechanism_drivers_summary_ssp585.png' already exists.
2026-07-22 11:52:12,335 - INFO - [main.run_full_analysis] - Plot '/nas/home/vlw/Desktop/STREAM/paper1-plots/cmip6_fidelity_vs_future_temporal_slopes_ssp585.png' already exists.
2026-07-22 11:52:12,335 - INFO - [main.run_full_analysis] - Plot '/nas/home/vlw/Desktop/STREAM/paper1-plots/cmip6_scatter_comparison_gwl_2.0_ssp585.png' already exists.
2026-07-22 11:52:12,336 - INFO - [main.run_full_analysis] - Plot '/nas/home/vlw/Desktop/STREAM/paper1-plots/cmip6_scatter_comparison_gwl_3.0_ssp585.png' already exists.
2026-07-22 11:52:12,336 - INFO - [main.run_full_analysis] - 

--- CMIP6 Model 2D Storyline Classification for SSP585 ---
2026-07-22 11:52:12,336 - INFO - [main.run_full_analysis] - Models are classified based on zones relative to MMM.
2026-07-22 11:52:12,336 - INFO - [main.run_full_analysis] - 
GWL +2.0°C:
2026-07-22 11:52:12,336 - INFO - [main.run_full_analysis] -    - Storyline 'Extreme Models' (Winter (DJF)):
2026-07-22 11:52:12,336 - INFO - [main.run_full_analysis] -      - Models (10): ACCESS-ESM1-5_ssp585, BCC-CSM2-MR_ssp585, CESM2_ssp585, CMCC-ESM2_ssp585, CNRM-CM6-1-HR_ssp585, CNRM-CM6-1_ssp585, HadGEM3-GC31-LL_ssp585, HadGEM3-GC31-MM_ssp585, INM-CM5-0_ssp585, MPI-ESM1-2-HR_ssp585
2026-07-22 11:52:12,336 - INFO - [main.run_full_analysis] -    - Storyline 'Fast Jet & Northward Shift' (Winter (DJF)):
2026-07-22 11:52:12,336 - INFO - [main.run_full_analysis] -      - Models (5): BCC-CSM2-MR_ssp585, CNRM-CM6-1_ssp585, INM-CM4-8_ssp585, MIROC6_ssp585, UKESM1-0-LL_ssp585
2026-07-22 11:52:12,336 - INFO - [main.run_full_analysis] -    - Storyline 'Fast Jet & Southward Shift' (Winter (DJF)):
2026-07-22 11:52:12,336 - INFO - [main.run_full_analysis] -      - Models (5): ACCESS-ESM1-5_ssp585, CESM2-WACCM_ssp585, CESM2_ssp585, CMCC-ESM2_ssp585, CNRM-CM6-1-HR_ssp585
2026-07-22 11:52:12,336 - INFO - [main.run_full_analysis] -    - Storyline 'MMM' (Winter (DJF)):
2026-07-22 11:52:12,337 - INFO - [main.run_full_analysis] -      - Models (31): ACCESS-CM2_ssp585, ACCESS-ESM1-5_ssp585, BCC-CSM2-MR_ssp585, CESM2-WACCM_ssp585, CESM2_ssp585, CMCC-CM2-SR5_ssp585, CMCC-ESM2_ssp585, CNRM-CM6-1-HR_ssp585, CNRM-CM6-1_ssp585, CNRM-ESM2-1_ssp585, CanESM5_ssp585, E3SM-1-0_ssp585, EC-Earth3-CC_ssp585, EC-Earth3-Veg-LR_ssp585, EC-Earth3_ssp585, GFDL-ESM4_ssp585, HadGEM3-GC31-LL_ssp585, HadGEM3-GC31-MM_ssp585, IITM-ESM_ssp585, INM-CM4-8_ssp585, INM-CM5-0_ssp585, IPSL-CM6A-LR_ssp585, KACE-1-0-G_ssp585, KIOST-ESM_ssp585, MIROC-ES2L_ssp585, MIROC6_ssp585, MPI-ESM1-2-HR_ssp585, MPI-ESM1-2-LR_ssp585, MRI-ESM2-0_ssp585, NorESM2-MM_ssp585, UKESM1-0-LL_ssp585
2026-07-22 11:52:12,337 - INFO - [main.run_full_analysis] -    - Storyline 'Non-Extreme Models' (Winter (DJF)):
2026-07-22 11:52:12,337 - INFO - [main.run_full_analysis] -      - Models (10): E3SM-1-0_ssp585, EC-Earth3-CC_ssp585, EC-Earth3-Veg-LR_ssp585, GFDL-ESM4_ssp585, INM-CM4-8_ssp585, IPSL-CM6A-LR_ssp585, MIROC-ES2L_ssp585, MIROC6_ssp585, MRI-ESM2-0_ssp585, UKESM1-0-LL_ssp585
2026-07-22 11:52:12,337 - INFO - [main.run_full_analysis] -    - Storyline 'Slow Jet & Northward Shift' (Winter (DJF)):
2026-07-22 11:52:12,337 - INFO - [main.run_full_analysis] -      - Models (4): CNRM-ESM2-1_ssp585, EC-Earth3-Veg-LR_ssp585, HadGEM3-GC31-LL_ssp585, KIOST-ESM_ssp585
2026-07-22 11:52:12,337 - INFO - [main.run_full_analysis] -    - Storyline 'Slow Jet & Southward Shift' (Winter (DJF)):
2026-07-22 11:52:12,337 - INFO - [main.run_full_analysis] -      - Models (7): CMCC-CM2-SR5_ssp585, CanESM5_ssp585, E3SM-1-0_ssp585, EC-Earth3-CC_ssp585, HadGEM3-GC31-MM_ssp585, IITM-ESM_ssp585, MRI-ESM2-0_ssp585
2026-07-22 11:52:12,337 - INFO - [main.run_full_analysis] -    - Storyline 'Extreme Models' (Summer (JJA)):
2026-07-22 11:52:12,337 - INFO - [main.run_full_analysis] -      - Models (10): ACCESS-ESM1-5_ssp585, BCC-CSM2-MR_ssp585, CESM2_ssp585, CMCC-CM2-SR5_ssp585, CMCC-ESM2_ssp585, CNRM-CM6-1-HR_ssp585, CNRM-CM6-1_ssp585, INM-CM5-0_ssp585, MPI-ESM1-2-HR_ssp585, NorESM2-MM_ssp585
2026-07-22 11:52:12,337 - INFO - [main.run_full_analysis] -    - Storyline 'Fast Jet & Northward Shift' (Summer (JJA)):
2026-07-22 11:52:12,337 - INFO - [main.run_full_analysis] -      - Models (8): ACCESS-CM2_ssp585, CMCC-CM2-SR5_ssp585, CMCC-ESM2_ssp585, CNRM-CM6-1_ssp585, IITM-ESM_ssp585, MIROC6_ssp585, MPI-ESM1-2-HR_ssp585, MRI-ESM2-0_ssp585
2026-07-22 11:52:12,337 - INFO - [main.run_full_analysis] -    - Storyline 'Fast Jet & Southward Shift' (Summer (JJA)):
2026-07-22 11:52:12,337 - INFO - [main.run_full_analysis] -      - Models (6): CNRM-ESM2-1_ssp585, CanESM5_ssp585, EC-Earth3-CC_ssp585, IPSL-CM6A-LR_ssp585, KIOST-ESM_ssp585, MPI-ESM1-2-LR_ssp585
2026-07-22 11:52:12,337 - INFO - [main.run_full_analysis] -    - Storyline 'MMM' (Summer (JJA)):
2026-07-22 11:52:12,337 - INFO - [main.run_full_analysis] -      - Models (31): ACCESS-CM2_ssp585, ACCESS-ESM1-5_ssp585, BCC-CSM2-MR_ssp585, CESM2-WACCM_ssp585, CESM2_ssp585, CMCC-CM2-SR5_ssp585, CMCC-ESM2_ssp585, CNRM-CM6-1-HR_ssp585, CNRM-CM6-1_ssp585, CNRM-ESM2-1_ssp585, CanESM5_ssp585, E3SM-1-0_ssp585, EC-Earth3-CC_ssp585, EC-Earth3-Veg-LR_ssp585, EC-Earth3_ssp585, GFDL-ESM4_ssp585, HadGEM3-GC31-LL_ssp585, HadGEM3-GC31-MM_ssp585, IITM-ESM_ssp585, INM-CM4-8_ssp585, INM-CM5-0_ssp585, IPSL-CM6A-LR_ssp585, KACE-1-0-G_ssp585, KIOST-ESM_ssp585, MIROC-ES2L_ssp585, MIROC6_ssp585, MPI-ESM1-2-HR_ssp585, MPI-ESM1-2-LR_ssp585, MRI-ESM2-0_ssp585, NorESM2-MM_ssp585, UKESM1-0-LL_ssp585
2026-07-22 11:52:12,338 - INFO - [main.run_full_analysis] -    - Storyline 'Non-Extreme Models' (Summer (JJA)):
2026-07-22 11:52:12,338 - INFO - [main.run_full_analysis] -      - Models (10): E3SM-1-0_ssp585, EC-Earth3_ssp585, GFDL-ESM4_ssp585, HadGEM3-GC31-LL_ssp585, IITM-ESM_ssp585, IPSL-CM6A-LR_ssp585, MIROC-ES2L_ssp585, MIROC6_ssp585, MPI-ESM1-2-LR_ssp585, MRI-ESM2-0_ssp585
2026-07-22 11:52:12,338 - INFO - [main.run_full_analysis] -    - Storyline 'Slow Jet & Northward Shift' (Summer (JJA)):
2026-07-22 11:52:12,338 - INFO - [main.run_full_analysis] -      - Models (5): CESM2-WACCM_ssp585, CESM2_ssp585, EC-Earth3-Veg-LR_ssp585, HadGEM3-GC31-MM_ssp585, NorESM2-MM_ssp585
2026-07-22 11:52:12,338 - INFO - [main.run_full_analysis] -    - Storyline 'Slow Jet & Southward Shift' (Summer (JJA)):
2026-07-22 11:52:12,338 - INFO - [main.run_full_analysis] -      - Models (5): E3SM-1-0_ssp585, EC-Earth3_ssp585, INM-CM4-8_ssp585, MIROC-ES2L_ssp585, UKESM1-0-LL_ssp585
2026-07-22 11:52:12,338 - INFO - [main.run_full_analysis] - 
GWL +3.0°C:
2026-07-22 11:52:12,338 - INFO - [main.run_full_analysis] -    - Storyline 'Extreme Models' (Winter (DJF)):
2026-07-22 11:52:12,338 - INFO - [main.run_full_analysis] -      - Models (10): ACCESS-ESM1-5_ssp585, BCC-CSM2-MR_ssp585, CESM2-WACCM_ssp585, CESM2_ssp585, CMCC-ESM2_ssp585, CNRM-CM6-1_ssp585, HadGEM3-GC31-LL_ssp585, KACE-1-0-G_ssp585, KIOST-ESM_ssp585, MPI-ESM1-2-LR_ssp585
2026-07-22 11:52:12,338 - INFO - [main.run_full_analysis] -    - Storyline 'Fast Jet & Northward Shift' (Winter (DJF)):
2026-07-22 11:52:12,338 - INFO - [main.run_full_analysis] -      - Models (7): BCC-CSM2-MR_ssp585, CNRM-CM6-1_ssp585, INM-CM4-8_ssp585, IPSL-CM6A-LR_ssp585, KACE-1-0-G_ssp585, MIROC6_ssp585, UKESM1-0-LL_ssp585
2026-07-22 11:52:12,338 - INFO - [main.run_full_analysis] -    - Storyline 'Fast Jet & Southward Shift' (Winter (DJF)):
2026-07-22 11:52:12,338 - INFO - [main.run_full_analysis] -      - Models (4): ACCESS-ESM1-5_ssp585, CESM2-WACCM_ssp585, CESM2_ssp585, CMCC-ESM2_ssp585
2026-07-22 11:52:12,338 - INFO - [main.run_full_analysis] -    - Storyline 'MMM' (Winter (DJF)):
2026-07-22 11:52:12,338 - INFO - [main.run_full_analysis] -      - Models (31): ACCESS-CM2_ssp585, ACCESS-ESM1-5_ssp585, BCC-CSM2-MR_ssp585, CESM2-WACCM_ssp585, CESM2_ssp585, CMCC-CM2-SR5_ssp585, CMCC-ESM2_ssp585, CNRM-CM6-1-HR_ssp585, CNRM-CM6-1_ssp585, CNRM-ESM2-1_ssp585, CanESM5_ssp585, E3SM-1-0_ssp585, EC-Earth3-CC_ssp585, EC-Earth3-Veg-LR_ssp585, EC-Earth3_ssp585, GFDL-ESM4_ssp585, HadGEM3-GC31-LL_ssp585, HadGEM3-GC31-MM_ssp585, IITM-ESM_ssp585, INM-CM4-8_ssp585, INM-CM5-0_ssp585, IPSL-CM6A-LR_ssp585, KACE-1-0-G_ssp585, KIOST-ESM_ssp585, MIROC-ES2L_ssp585, MIROC6_ssp585, MPI-ESM1-2-HR_ssp585, MPI-ESM1-2-LR_ssp585, MRI-ESM2-0_ssp585, NorESM2-MM_ssp585, UKESM1-0-LL_ssp585
2026-07-22 11:52:12,338 - INFO - [main.run_full_analysis] -    - Storyline 'Non-Extreme Models' (Winter (DJF)):
2026-07-22 11:52:12,338 - INFO - [main.run_full_analysis] -      - Models (10): CMCC-CM2-SR5_ssp585, CNRM-ESM2-1_ssp585, CanESM5_ssp585, E3SM-1-0_ssp585, EC-Earth3-Veg-LR_ssp585, GFDL-ESM4_ssp585, IITM-ESM_ssp585, MIROC-ES2L_ssp585, MIROC6_ssp585, MRI-ESM2-0_ssp585
2026-07-22 11:52:12,338 - INFO - [main.run_full_analysis] -    - Storyline 'Slow Jet & Northward Shift' (Winter (DJF)):
2026-07-22 11:52:12,338 - INFO - [main.run_full_analysis] -      - Models (2): EC-Earth3-Veg-LR_ssp585, HadGEM3-GC31-LL_ssp585
2026-07-22 11:52:12,338 - INFO - [main.run_full_analysis] -    - Storyline 'Slow Jet & Southward Shift' (Winter (DJF)):
2026-07-22 11:52:12,338 - INFO - [main.run_full_analysis] -      - Models (9): CMCC-CM2-SR5_ssp585, CNRM-CM6-1-HR_ssp585, CanESM5_ssp585, E3SM-1-0_ssp585, EC-Earth3-CC_ssp585, HadGEM3-GC31-MM_ssp585, MPI-ESM1-2-HR_ssp585, MPI-ESM1-2-LR_ssp585, MRI-ESM2-0_ssp585
2026-07-22 11:52:12,338 - INFO - [main.run_full_analysis] -    - Storyline 'Extreme Models' (Summer (JJA)):
2026-07-22 11:52:12,338 - INFO - [main.run_full_analysis] -      - Models (10): ACCESS-ESM1-5_ssp585, BCC-CSM2-MR_ssp585, CESM2_ssp585, CMCC-ESM2_ssp585, CNRM-CM6-1_ssp585, INM-CM5-0_ssp585, KACE-1-0-G_ssp585, KIOST-ESM_ssp585, MPI-ESM1-2-HR_ssp585, MPI-ESM1-2-LR_ssp585
2026-07-22 11:52:12,338 - INFO - [main.run_full_analysis] -    - Storyline 'Fast Jet & Northward Shift' (Summer (JJA)):
2026-07-22 11:52:12,338 - INFO - [main.run_full_analysis] -      - Models (6): CNRM-CM6-1-HR_ssp585, CNRM-CM6-1_ssp585, CNRM-ESM2-1_ssp585, IITM-ESM_ssp585, MPI-ESM1-2-HR_ssp585, MRI-ESM2-0_ssp585
2026-07-22 11:52:12,339 - INFO - [main.run_full_analysis] -    - Storyline 'Fast Jet & Southward Shift' (Summer (JJA)):
2026-07-22 11:52:12,339 - INFO - [main.run_full_analysis] -      - Models (5): ACCESS-CM2_ssp585, EC-Earth3-CC_ssp585, IPSL-CM6A-LR_ssp585, KIOST-ESM_ssp585, MPI-ESM1-2-LR_ssp585
2026-07-22 11:52:12,339 - INFO - [main.run_full_analysis] -    - Storyline 'MMM' (Summer (JJA)):
2026-07-22 11:52:12,339 - INFO - [main.run_full_analysis] -      - Models (31): ACCESS-CM2_ssp585, ACCESS-ESM1-5_ssp585, BCC-CSM2-MR_ssp585, CESM2-WACCM_ssp585, CESM2_ssp585, CMCC-CM2-SR5_ssp585, CMCC-ESM2_ssp585, CNRM-CM6-1-HR_ssp585, CNRM-CM6-1_ssp585, CNRM-ESM2-1_ssp585, CanESM5_ssp585, E3SM-1-0_ssp585, EC-Earth3-CC_ssp585, EC-Earth3-Veg-LR_ssp585, EC-Earth3_ssp585, GFDL-ESM4_ssp585, HadGEM3-GC31-LL_ssp585, HadGEM3-GC31-MM_ssp585, IITM-ESM_ssp585, INM-CM4-8_ssp585, INM-CM5-0_ssp585, IPSL-CM6A-LR_ssp585, KACE-1-0-G_ssp585, KIOST-ESM_ssp585, MIROC-ES2L_ssp585, MIROC6_ssp585, MPI-ESM1-2-HR_ssp585, MPI-ESM1-2-LR_ssp585, MRI-ESM2-0_ssp585, NorESM2-MM_ssp585, UKESM1-0-LL_ssp585
2026-07-22 11:52:12,339 - INFO - [main.run_full_analysis] -    - Storyline 'Non-Extreme Models' (Summer (JJA)):
2026-07-22 11:52:12,339 - INFO - [main.run_full_analysis] -      - Models (10): CNRM-ESM2-1_ssp585, CanESM5_ssp585, EC-Earth3-Veg-LR_ssp585, EC-Earth3_ssp585, GFDL-ESM4_ssp585, HadGEM3-GC31-LL_ssp585, IITM-ESM_ssp585, IPSL-CM6A-LR_ssp585, MIROC-ES2L_ssp585, MRI-ESM2-0_ssp585
2026-07-22 11:52:12,339 - INFO - [main.run_full_analysis] -    - Storyline 'Slow Jet & Northward Shift' (Summer (JJA)):
2026-07-22 11:52:12,339 - INFO - [main.run_full_analysis] -      - Models (6): BCC-CSM2-MR_ssp585, CMCC-CM2-SR5_ssp585, GFDL-ESM4_ssp585, HadGEM3-GC31-LL_ssp585, HadGEM3-GC31-MM_ssp585, NorESM2-MM_ssp585
2026-07-22 11:52:12,339 - INFO - [main.run_full_analysis] -    - Storyline 'Slow Jet & Southward Shift' (Summer (JJA)):
2026-07-22 11:52:12,339 - INFO - [main.run_full_analysis] -      - Models (7): CESM2-WACCM_ssp585, CanESM5_ssp585, E3SM-1-0_ssp585, EC-Earth3-Veg-LR_ssp585, EC-Earth3_ssp585, MIROC-ES2L_ssp585, UKESM1-0-LL_ssp585
2026-07-22 11:52:12,339 - INFO - [main.run_full_analysis] - -----------------------------------------------------------------
2026-07-22 11:52:12,339 - INFO - [main.run_full_analysis] - 
========================= FINISHED CMIP6 ANALYSIS FOR SCENARIO: SSP585 =========================

2026-07-22 11:52:12,339 - INFO - [main.run_full_analysis] - 

========================= STARTING CMIP6 ANALYSIS FOR SCENARIO: SSP245 =========================

2026-07-22 11:52:12,339 - INFO - [storyline.analyze_cmip6_changes_at_gwl] - 
--- Starting CMIP6 Analysis for SCENARIO: ssp245 at Global Warming Levels ---
2026-07-22 11:52:12,339 - INFO - [storyline.analyze_cmip6_changes_at_gwl] - Processing 25 models for scenario ssp245.
2026-07-22 11:52:12,340 - INFO - [storyline._load_and_preprocess_model_data] - Loading ua for ACCESS-CM2 (hist + ['ssp245']), force_regional=False...
2026-07-22 11:52:12,344 - INFO - [storyline._load_and_preprocess_model_data] - Found 6 files for ua (ua requested), ACCESS-CM2.
2026-07-22 11:52:13,647 - INFO - [storyline._load_and_preprocess_model_data] - Loading pr for ACCESS-CM2 (hist + ['ssp245']), force_regional=False...
2026-07-22 11:52:13,653 - INFO - [storyline._load_and_preprocess_model_data] - Found 2 files for pr (pr requested), ACCESS-CM2.
2026-07-22 11:52:14,200 - INFO - [storyline._load_and_preprocess_model_data] - Loading tas for ACCESS-CM2 (hist + ['ssp245']), force_regional=True...
2026-07-22 11:52:14,206 - INFO - [storyline._load_and_preprocess_model_data] - Found 2 files for tas (tas requested), ACCESS-CM2.
2026-07-22 11:52:14,714 - INFO - [storyline._load_and_preprocess_model_data] - Loading tas for ACCESS-CM2 (hist + ['ssp245']), force_regional=False...
2026-07-22 11:52:14,718 - INFO - [storyline._load_and_preprocess_model_data] - Found 2 files for tas (tas requested), ACCESS-CM2.
2026-07-22 11:52:14,978 - INFO - [storyline._load_and_preprocess_model_data] - Loading ua for ACCESS-ESM1-5 (hist + ['ssp245']), force_regional=False...
2026-07-22 11:52:14,984 - INFO - [storyline._load_and_preprocess_model_data] - Found 3 files for ua (ua requested), ACCESS-ESM1-5.
2026-07-22 11:52:16,081 - INFO - [storyline._load_and_preprocess_model_data] - Loading pr for ACCESS-ESM1-5 (hist + ['ssp245']), force_regional=False...
2026-07-22 11:52:16,086 - INFO - [storyline._load_and_preprocess_model_data] - Found 2 files for pr (pr requested), ACCESS-ESM1-5.
2026-07-22 11:52:16,584 - INFO - [storyline._load_and_preprocess_model_data] - Loading tas for ACCESS-ESM1-5 (hist + ['ssp245']), force_regional=True...
2026-07-22 11:52:16,590 - INFO - [storyline._load_and_preprocess_model_data] - Found 2 files for tas (tas requested), ACCESS-ESM1-5.
2026-07-22 11:52:17,088 - INFO - [storyline._load_and_preprocess_model_data] - Loading tas for ACCESS-ESM1-5 (hist + ['ssp245']), force_regional=False...
2026-07-22 11:52:17,092 - INFO - [storyline._load_and_preprocess_model_data] - Found 2 files for tas (tas requested), ACCESS-ESM1-5.
2026-07-22 11:52:17,336 - INFO - [storyline._load_and_preprocess_model_data] - Loading ua for CESM2 (hist + ['ssp245']), force_regional=False...
2026-07-22 11:52:17,342 - INFO - [storyline._load_and_preprocess_model_data] - Found 4 files for ua (ua requested), CESM2.
2026-07-22 11:52:18,467 - INFO - [storyline._load_and_preprocess_model_data] - Loading pr for CESM2 (hist + ['ssp245']), force_regional=False...
2026-07-22 11:52:18,473 - INFO - [storyline._load_and_preprocess_model_data] - Found 2 files for pr (pr requested), CESM2.
2026-07-22 11:52:18,986 - INFO - [storyline._load_and_preprocess_model_data] - Loading tas for CESM2 (hist + ['ssp245']), force_regional=True...
2026-07-22 11:52:18,991 - INFO - [storyline._load_and_preprocess_model_data] - Found 2 files for tas (tas requested), CESM2.
2026-07-22 11:52:19,510 - INFO - [storyline._load_and_preprocess_model_data] - Loading tas for CESM2 (hist + ['ssp245']), force_regional=False...
2026-07-22 11:52:19,515 - INFO - [storyline._load_and_preprocess_model_data] - Found 2 files for tas (tas requested), CESM2.
2026-07-22 11:52:19,764 - INFO - [storyline._load_and_preprocess_model_data] - Loading ua for CESM2-WACCM (hist + ['ssp245']), force_regional=False...
2026-07-22 11:52:19,770 - INFO - [storyline._load_and_preprocess_model_data] - Found 7 files for ua (ua requested), CESM2-WACCM.
2026-07-22 11:52:21,025 - INFO - [storyline._load_and_preprocess_model_data] - Loading pr for CESM2-WACCM (hist + ['ssp245']), force_regional=False...
2026-07-22 11:52:21,031 - INFO - [storyline._load_and_preprocess_model_data] - Found 3 files for pr (pr requested), CESM2-WACCM.
2026-07-22 11:52:21,613 - INFO - [storyline._load_and_preprocess_model_data] - Loading tas for CESM2-WACCM (hist + ['ssp245']), force_regional=True...
2026-07-22 11:52:21,618 - INFO - [storyline._load_and_preprocess_model_data] - Found 3 files for tas (tas requested), CESM2-WACCM.
2026-07-22 11:52:23,521 - INFO - [storyline._load_and_preprocess_model_data] - Loading tas for CESM2-WACCM (hist + ['ssp245']), force_regional=False...
2026-07-22 11:52:23,525 - INFO - [storyline._load_and_preprocess_model_data] - Found 3 files for tas (tas requested), CESM2-WACCM.
2026-07-22 11:52:23,782 - INFO - [storyline._load_and_preprocess_model_data] - Loading ua for CMCC-CM2-SR5 (hist + ['ssp245']), force_regional=False...
2026-07-22 11:52:23,788 - INFO - [storyline._load_and_preprocess_model_data] - Found 12 files for ua (ua requested), CMCC-CM2-SR5.
2026-07-22 11:52:25,758 - INFO - [storyline._load_and_preprocess_model_data] - Loading pr for CMCC-CM2-SR5 (hist + ['ssp245']), force_regional=False...
2026-07-22 11:52:25,763 - INFO - [storyline._load_and_preprocess_model_data] - Found 2 files for pr (pr requested), CMCC-CM2-SR5.
2026-07-22 11:52:26,272 - INFO - [storyline._load_and_preprocess_model_data] - Loading tas for CMCC-CM2-SR5 (hist + ['ssp245']), force_regional=True...
2026-07-22 11:52:26,278 - INFO - [storyline._load_and_preprocess_model_data] - Found 2 files for tas (tas requested), CMCC-CM2-SR5.
2026-07-22 11:52:27,181 - INFO - [storyline._load_and_preprocess_model_data] - Loading tas for CMCC-CM2-SR5 (hist + ['ssp245']), force_regional=False...
2026-07-22 11:52:27,186 - INFO - [storyline._load_and_preprocess_model_data] - Found 2 files for tas (tas requested), CMCC-CM2-SR5.
2026-07-22 11:52:27,432 - INFO - [storyline._load_and_preprocess_model_data] - Loading ua for CMCC-ESM2 (hist + ['ssp245']), force_regional=False...
2026-07-22 11:52:27,438 - INFO - [storyline._load_and_preprocess_model_data] - Found 13 files for ua (ua requested), CMCC-ESM2.
2026-07-22 11:52:28,608 - INFO - [storyline._load_and_preprocess_model_data] - Loading pr for CMCC-ESM2 (hist + ['ssp245']), force_regional=False...
2026-07-22 11:52:28,615 - INFO - [storyline._load_and_preprocess_model_data] - Found 2 files for pr (pr requested), CMCC-ESM2.
2026-07-22 11:52:30,421 - INFO - [storyline._load_and_preprocess_model_data] - Loading tas for CMCC-ESM2 (hist + ['ssp245']), force_regional=True...
2026-07-22 11:52:30,426 - INFO - [storyline._load_and_preprocess_model_data] - Found 2 files for tas (tas requested), CMCC-ESM2.
2026-07-22 11:52:32,061 - INFO - [storyline._load_and_preprocess_model_data] - Loading tas for CMCC-ESM2 (hist + ['ssp245']), force_regional=False...
2026-07-22 11:52:32,066 - INFO - [storyline._load_and_preprocess_model_data] - Found 2 files for tas (tas requested), CMCC-ESM2.
2026-07-22 11:52:32,318 - INFO - [storyline._load_and_preprocess_model_data] - Loading ua for CanESM5 (hist + ['ssp245']), force_regional=False...
2026-07-22 11:52:32,324 - INFO - [storyline._load_and_preprocess_model_data] - Found 2 files for ua (ua requested), CanESM5.
2026-07-22 11:52:34,883 - INFO - [storyline._load_and_preprocess_model_data] - Loading pr for CanESM5 (hist + ['ssp245']), force_regional=False...
2026-07-22 11:52:34,889 - INFO - [storyline._load_and_preprocess_model_data] - Found 2 files for pr (pr requested), CanESM5.
2026-07-22 11:52:37,222 - INFO - [storyline._load_and_preprocess_model_data] - Loading tas for CanESM5 (hist + ['ssp245']), force_regional=True...
2026-07-22 11:52:37,228 - INFO - [storyline._load_and_preprocess_model_data] - Found 2 files for tas (tas requested), CanESM5.
2026-07-22 11:52:39,456 - INFO - [storyline._load_and_preprocess_model_data] - Loading tas for CanESM5 (hist + ['ssp245']), force_regional=False...
2026-07-22 11:52:39,460 - INFO - [storyline._load_and_preprocess_model_data] - Found 2 files for tas (tas requested), CanESM5.
2026-07-22 11:52:39,712 - INFO - [storyline._load_and_preprocess_model_data] - Loading ua for EC-Earth3-CC (hist + ['ssp245']), force_regional=False...
2026-07-22 11:52:39,719 - INFO - [storyline._load_and_preprocess_model_data] - Found 264 files for ua (ua requested), EC-Earth3-CC.
2026-07-22 11:52:45,478 - INFO - [storyline._load_and_preprocess_model_data] - Loading pr for EC-Earth3-CC (hist + ['ssp245']), force_regional=False...
2026-07-22 11:52:45,488 - INFO - [storyline._load_and_preprocess_model_data] - Found 251 files for pr (pr requested), EC-Earth3-CC.
2026-07-22 11:52:50,264 - INFO - [storyline._load_and_preprocess_model_data] - Loading tas for EC-Earth3-CC (hist + ['ssp245']), force_regional=True...
2026-07-22 11:52:50,271 - INFO - [storyline._load_and_preprocess_model_data] - Found 251 files for tas (tas requested), EC-Earth3-CC.
2026-07-22 11:52:54,207 - INFO - [storyline._load_and_preprocess_model_data] - Loading tas for EC-Earth3-CC (hist + ['ssp245']), force_regional=False...
2026-07-22 11:52:54,213 - INFO - [storyline._load_and_preprocess_model_data] - Found 251 files for tas (tas requested), EC-Earth3-CC.
2026-07-22 11:52:57,793 - INFO - [storyline._load_and_preprocess_model_data] - Loading ua for EC-Earth3-Veg-LR (hist + ['ssp245']), force_regional=False...
2026-07-22 11:52:57,799 - INFO - [storyline._load_and_preprocess_model_data] - Found 253 files for ua (ua requested), EC-Earth3-Veg-LR.
2026-07-22 11:53:04,304 - INFO - [storyline._load_and_preprocess_model_data] - Loading pr for EC-Earth3-Veg-LR (hist + ['ssp245']), force_regional=False...
2026-07-22 11:53:04,315 - INFO - [storyline._load_and_preprocess_model_data] - Found 251 files for pr (pr requested), EC-Earth3-Veg-LR.
2026-07-22 11:53:08,708 - INFO - [storyline._load_and_preprocess_model_data] - Loading tas for EC-Earth3-Veg-LR (hist + ['ssp245']), force_regional=True...
2026-07-22 11:53:08,716 - INFO - [storyline._load_and_preprocess_model_data] - Found 251 files for tas (tas requested), EC-Earth3-Veg-LR.
2026-07-22 11:53:11,997 - INFO - [storyline._load_and_preprocess_model_data] - Loading tas for EC-Earth3-Veg-LR (hist + ['ssp245']), force_regional=False...
2026-07-22 11:53:12,004 - INFO - [storyline._load_and_preprocess_model_data] - Found 251 files for tas (tas requested), EC-Earth3-Veg-LR.
2026-07-22 11:53:15,636 - INFO - [storyline._load_and_preprocess_model_data] - Loading ua for EC-Earth3 (hist + ['ssp245']), force_regional=False...
2026-07-22 11:53:15,641 - INFO - [storyline._load_and_preprocess_model_data] - Found 251 files for ua (ua requested), EC-Earth3.
2026-07-22 11:53:20,433 - INFO - [storyline._load_and_preprocess_model_data] - Loading pr for EC-Earth3 (hist + ['ssp245']), force_regional=False...
2026-07-22 11:53:20,441 - INFO - [storyline._load_and_preprocess_model_data] - Found 251 files for pr (pr requested), EC-Earth3.
2026-07-22 11:53:30,093 - INFO - [storyline._load_and_preprocess_model_data] - Loading tas for EC-Earth3 (hist + ['ssp245']), force_regional=True...
2026-07-22 11:53:30,101 - INFO - [storyline._load_and_preprocess_model_data] - Found 251 files for tas (tas requested), EC-Earth3.
2026-07-22 11:53:35,286 - INFO - [storyline._load_and_preprocess_model_data] - Loading tas for EC-Earth3 (hist + ['ssp245']), force_regional=False...
2026-07-22 11:53:35,293 - INFO - [storyline._load_and_preprocess_model_data] - Found 251 files for tas (tas requested), EC-Earth3.
2026-07-22 11:53:38,915 - INFO - [storyline._load_and_preprocess_model_data] - Loading ua for GFDL-ESM4 (hist + ['ssp245']), force_regional=False...
2026-07-22 11:53:38,921 - INFO - [storyline._load_and_preprocess_model_data] - Found 3 files for ua (ua requested), GFDL-ESM4.
2026-07-22 11:53:40,214 - INFO - [storyline._load_and_preprocess_model_data] - Loading pr for GFDL-ESM4 (hist + ['ssp245']), force_regional=False...
2026-07-22 11:53:40,220 - INFO - [storyline._load_and_preprocess_model_data] - Found 2 files for pr (pr requested), GFDL-ESM4.
2026-07-22 11:53:40,751 - INFO - [storyline._load_and_preprocess_model_data] - Loading tas for GFDL-ESM4 (hist + ['ssp245']), force_regional=True...
2026-07-22 11:53:40,757 - INFO - [storyline._load_and_preprocess_model_data] - Found 4 files for tas (tas requested), GFDL-ESM4.
2026-07-22 11:53:41,595 - INFO - [storyline._load_and_preprocess_model_data] - Loading tas for GFDL-ESM4 (hist + ['ssp245']), force_regional=False...
2026-07-22 11:53:41,600 - INFO - [storyline._load_and_preprocess_model_data] - Found 4 files for tas (tas requested), GFDL-ESM4.
2026-07-22 11:53:41,910 - INFO - [storyline._load_and_preprocess_model_data] - Loading ua for HadGEM3-GC31-LL (hist + ['ssp245']), force_regional=False...
2026-07-22 11:53:41,916 - INFO - [storyline._load_and_preprocess_model_data] - Found 5 files for ua (ua requested), HadGEM3-GC31-LL.
2026-07-22 11:53:44,452 - INFO - [storyline._load_and_preprocess_model_data] - Loading pr for HadGEM3-GC31-LL (hist + ['ssp245']), force_regional=False...
2026-07-22 11:53:44,458 - INFO - [storyline._load_and_preprocess_model_data] - Found 2 files for pr (pr requested), HadGEM3-GC31-LL.
2026-07-22 11:53:47,774 - INFO - [storyline._load_and_preprocess_model_data] - Loading tas for HadGEM3-GC31-LL (hist + ['ssp245']), force_regional=True...
2026-07-22 11:53:47,780 - INFO - [storyline._load_and_preprocess_model_data] - Found 2 files for tas (tas requested), HadGEM3-GC31-LL.
2026-07-22 11:53:50,413 - INFO - [storyline._load_and_preprocess_model_data] - Loading tas for HadGEM3-GC31-LL (hist + ['ssp245']), force_regional=False...
2026-07-22 11:53:50,417 - INFO - [storyline._load_and_preprocess_model_data] - Found 2 files for tas (tas requested), HadGEM3-GC31-LL.
2026-07-22 11:53:50,707 - INFO - [storyline._load_and_preprocess_model_data] - Loading ua for IITM-ESM (hist + ['ssp245']), force_regional=False...
2026-07-22 11:53:50,713 - INFO - [storyline._load_and_preprocess_model_data] - Found 25 files for ua (ua requested), IITM-ESM.
2026-07-22 11:53:54,559 - INFO - [storyline._load_and_preprocess_model_data] - Loading pr for IITM-ESM (hist + ['ssp245']), force_regional=False...
2026-07-22 11:53:54,567 - INFO - [storyline._load_and_preprocess_model_data] - Found 26 files for pr (pr requested), IITM-ESM.
2026-07-22 11:53:56,685 - INFO - [storyline._load_and_preprocess_model_data] - Loading tas for IITM-ESM (hist + ['ssp245']), force_regional=True...
2026-07-22 11:53:56,693 - INFO - [storyline._load_and_preprocess_model_data] - Found 21 files for tas (tas requested), IITM-ESM.
2026-07-22 11:53:59,552 - INFO - [storyline._load_and_preprocess_model_data] - Loading tas for IITM-ESM (hist + ['ssp245']), force_regional=False...
2026-07-22 11:53:59,558 - INFO - [storyline._load_and_preprocess_model_data] - Found 21 files for tas (tas requested), IITM-ESM.
2026-07-22 11:53:59,976 - INFO - [storyline._load_and_preprocess_model_data] - Loading ua for INM-CM4-8 (hist + ['ssp245']), force_regional=False...
2026-07-22 11:53:59,986 - INFO - [storyline._load_and_preprocess_model_data] - Found 26 files for ua (ua requested), INM-CM4-8.
2026-07-22 11:54:02,802 - INFO - [storyline._load_and_preprocess_model_data] - Loading pr for INM-CM4-8 (hist + ['ssp245']), force_regional=False...
2026-07-22 11:54:02,809 - INFO - [storyline._load_and_preprocess_model_data] - Found 4 files for pr (pr requested), INM-CM4-8.
2026-07-22 11:54:04,387 - INFO - [storyline._load_and_preprocess_model_data] - Loading tas for INM-CM4-8 (hist + ['ssp245']), force_regional=True...
2026-07-22 11:54:04,393 - INFO - [storyline._load_and_preprocess_model_data] - Found 4 files for tas (tas requested), INM-CM4-8.
2026-07-22 11:54:06,344 - INFO - [storyline._load_and_preprocess_model_data] - Loading tas for INM-CM4-8 (hist + ['ssp245']), force_regional=False...
2026-07-22 11:54:06,349 - INFO - [storyline._load_and_preprocess_model_data] - Found 4 files for tas (tas requested), INM-CM4-8.
2026-07-22 11:54:06,624 - INFO - [storyline._load_and_preprocess_model_data] - Loading ua for INM-CM5-0 (hist + ['ssp245']), force_regional=False...
2026-07-22 11:54:06,630 - INFO - [storyline._load_and_preprocess_model_data] - Found 27 files for ua (ua requested), INM-CM5-0.
2026-07-22 11:54:09,560 - INFO - [storyline._load_and_preprocess_model_data] - Loading pr for INM-CM5-0 (hist + ['ssp245']), force_regional=False...
2026-07-22 11:54:09,568 - INFO - [storyline._load_and_preprocess_model_data] - Found 3 files for pr (pr requested), INM-CM5-0.
2026-07-22 11:54:11,451 - INFO - [storyline._load_and_preprocess_model_data] - Loading tas for INM-CM5-0 (hist + ['ssp245']), force_regional=True...
2026-07-22 11:54:11,457 - INFO - [storyline._load_and_preprocess_model_data] - Found 3 files for tas (tas requested), INM-CM5-0.
2026-07-22 11:54:11,985 - INFO - [storyline._load_and_preprocess_model_data] - Loading tas for INM-CM5-0 (hist + ['ssp245']), force_regional=False...
2026-07-22 11:54:11,990 - INFO - [storyline._load_and_preprocess_model_data] - Found 3 files for tas (tas requested), INM-CM5-0.
2026-07-22 11:54:12,262 - INFO - [storyline._load_and_preprocess_model_data] - Loading ua for IPSL-CM6A-LR (hist + ['ssp245']), force_regional=False...
2026-07-22 11:54:12,268 - INFO - [storyline._load_and_preprocess_model_data] - Found 2 files for ua (ua requested), IPSL-CM6A-LR.
2026-07-22 11:54:15,211 - INFO - [storyline._load_and_preprocess_model_data] - Loading pr for IPSL-CM6A-LR (hist + ['ssp245']), force_regional=False...
2026-07-22 11:54:15,218 - INFO - [storyline._load_and_preprocess_model_data] - Found 2 files for pr (pr requested), IPSL-CM6A-LR.
2026-07-22 11:54:16,566 - INFO - [storyline._load_and_preprocess_model_data] - Loading tas for IPSL-CM6A-LR (hist + ['ssp245']), force_regional=True...
2026-07-22 11:54:16,571 - INFO - [storyline._load_and_preprocess_model_data] - Found 2 files for tas (tas requested), IPSL-CM6A-LR.
2026-07-22 11:54:18,252 - INFO - [storyline._load_and_preprocess_model_data] - Loading tas for IPSL-CM6A-LR (hist + ['ssp245']), force_regional=False...
2026-07-22 11:54:18,256 - INFO - [storyline._load_and_preprocess_model_data] - Found 2 files for tas (tas requested), IPSL-CM6A-LR.
2026-07-22 11:54:18,522 - INFO - [storyline._load_and_preprocess_model_data] - Loading ua for KACE-1-0-G (hist + ['ssp245']), force_regional=False...
2026-07-22 11:54:18,527 - INFO - [storyline._load_and_preprocess_model_data] - Found 2 files for ua (ua requested), KACE-1-0-G.
2026-07-22 11:54:20,123 - INFO - [storyline._load_and_preprocess_model_data] - Loading pr for KACE-1-0-G (hist + ['ssp245']), force_regional=False...
2026-07-22 11:54:20,129 - INFO - [storyline._load_and_preprocess_model_data] - Found 2 files for pr (pr requested), KACE-1-0-G.
2026-07-22 11:54:22,019 - INFO - [storyline._load_and_preprocess_model_data] - Loading tas for KACE-1-0-G (hist + ['ssp245']), force_regional=True...
2026-07-22 11:54:22,025 - INFO - [storyline._load_and_preprocess_model_data] - Found 2 files for tas (tas requested), KACE-1-0-G.
2026-07-22 11:54:23,459 - INFO - [storyline._load_and_preprocess_model_data] - Loading tas for KACE-1-0-G (hist + ['ssp245']), force_regional=False...
2026-07-22 11:54:23,464 - INFO - [storyline._load_and_preprocess_model_data] - Found 2 files for tas (tas requested), KACE-1-0-G.
2026-07-22 11:54:23,729 - INFO - [storyline._load_and_preprocess_model_data] - Loading ua for KIOST-ESM (hist + ['ssp245']), force_regional=False...
2026-07-22 11:54:23,735 - INFO - [storyline._load_and_preprocess_model_data] - Found 2 files for ua (ua requested), KIOST-ESM.
2026-07-22 11:54:27,249 - INFO - [storyline._load_and_preprocess_model_data] - Loading pr for KIOST-ESM (hist + ['ssp245']), force_regional=False...
2026-07-22 11:54:27,257 - INFO - [storyline._load_and_preprocess_model_data] - Found 2 files for pr (pr requested), KIOST-ESM.
2026-07-22 11:54:28,480 - INFO - [storyline._load_and_preprocess_model_data] - Loading tas for KIOST-ESM (hist + ['ssp245']), force_regional=True...
2026-07-22 11:54:28,486 - INFO - [storyline._load_and_preprocess_model_data] - Found 3 files for tas (tas requested), KIOST-ESM.
2026-07-22 11:54:29,935 - INFO - [storyline._load_and_preprocess_model_data] - Loading tas for KIOST-ESM (hist + ['ssp245']), force_regional=False...
2026-07-22 11:54:29,940 - INFO - [storyline._load_and_preprocess_model_data] - Found 3 files for tas (tas requested), KIOST-ESM.
2026-07-22 11:54:30,276 - INFO - [storyline._load_and_preprocess_model_data] - Loading ua for MIROC-ES2L (hist + ['ssp245']), force_regional=False...
2026-07-22 11:54:30,282 - INFO - [storyline._load_and_preprocess_model_data] - Found 2 files for ua (ua requested), MIROC-ES2L.
2026-07-22 11:54:32,236 - INFO - [storyline._load_and_preprocess_model_data] - Loading pr for MIROC-ES2L (hist + ['ssp245']), force_regional=False...
2026-07-22 11:54:32,242 - INFO - [storyline._load_and_preprocess_model_data] - Found 2 files for pr (pr requested), MIROC-ES2L.
2026-07-22 11:54:33,862 - INFO - [storyline._load_and_preprocess_model_data] - Loading tas for MIROC-ES2L (hist + ['ssp245']), force_regional=True...
2026-07-22 11:54:33,868 - INFO - [storyline._load_and_preprocess_model_data] - Found 2 files for tas (tas requested), MIROC-ES2L.
2026-07-22 11:54:35,409 - INFO - [storyline._load_and_preprocess_model_data] - Loading tas for MIROC-ES2L (hist + ['ssp245']), force_regional=False...
2026-07-22 11:54:35,413 - INFO - [storyline._load_and_preprocess_model_data] - Found 2 files for tas (tas requested), MIROC-ES2L.
2026-07-22 11:54:35,684 - INFO - [storyline._load_and_preprocess_model_data] - Loading ua for MIROC6 (hist + ['ssp245']), force_regional=False...
2026-07-22 11:54:35,695 - INFO - [storyline._load_and_preprocess_model_data] - Found 25 files for ua (ua requested), MIROC6.
2026-07-22 11:54:38,361 - INFO - [storyline._load_and_preprocess_model_data] - Loading pr for MIROC6 (hist + ['ssp245']), force_regional=False...
2026-07-22 11:54:38,369 - INFO - [storyline._load_and_preprocess_model_data] - Found 3 files for pr (pr requested), MIROC6.
2026-07-22 11:54:39,966 - INFO - [storyline._load_and_preprocess_model_data] - Loading tas for MIROC6 (hist + ['ssp245']), force_regional=True...
2026-07-22 11:54:39,971 - INFO - [storyline._load_and_preprocess_model_data] - Found 3 files for tas (tas requested), MIROC6.
2026-07-22 11:54:42,110 - INFO - [storyline._load_and_preprocess_model_data] - Loading tas for MIROC6 (hist + ['ssp245']), force_regional=False...
2026-07-22 11:54:42,114 - INFO - [storyline._load_and_preprocess_model_data] - Found 3 files for tas (tas requested), MIROC6.
2026-07-22 11:54:42,395 - INFO - [storyline._load_and_preprocess_model_data] - Loading ua for MPI-ESM1-2-HR (hist + ['ssp245']), force_regional=False...
2026-07-22 11:54:42,401 - INFO - [storyline._load_and_preprocess_model_data] - Found 57 files for ua (ua requested), MPI-ESM1-2-HR.
2026-07-22 11:54:45,405 - INFO - [storyline._load_and_preprocess_model_data] - Loading pr for MPI-ESM1-2-HR (hist + ['ssp245']), force_regional=False...
2026-07-22 11:54:45,415 - INFO - [storyline._load_and_preprocess_model_data] - Found 51 files for pr (pr requested), MPI-ESM1-2-HR.
2026-07-22 11:54:46,847 - INFO - [storyline._load_and_preprocess_model_data] - Loading tas for MPI-ESM1-2-HR (hist + ['ssp245']), force_regional=True...
2026-07-22 11:54:46,856 - INFO - [storyline._load_and_preprocess_model_data] - Found 51 files for tas (tas requested), MPI-ESM1-2-HR.
2026-07-22 11:54:48,386 - INFO - [storyline._load_and_preprocess_model_data] - Loading tas for MPI-ESM1-2-HR (hist + ['ssp245']), force_regional=False...
2026-07-22 11:54:48,395 - INFO - [storyline._load_and_preprocess_model_data] - Found 51 files for tas (tas requested), MPI-ESM1-2-HR.
2026-07-22 11:54:49,101 - INFO - [storyline._load_and_preprocess_model_data] - Loading ua for MPI-ESM1-2-LR (hist + ['ssp245']), force_regional=False...
2026-07-22 11:54:49,110 - INFO - [storyline._load_and_preprocess_model_data] - Found 14 files for ua (ua requested), MPI-ESM1-2-LR.
2026-07-22 11:54:51,004 - INFO - [storyline._load_and_preprocess_model_data] - Loading pr for MPI-ESM1-2-LR (hist + ['ssp245']), force_regional=False...
2026-07-22 11:54:51,010 - INFO - [storyline._load_and_preprocess_model_data] - Found 14 files for pr (pr requested), MPI-ESM1-2-LR.
2026-07-22 11:54:52,612 - INFO - [storyline._load_and_preprocess_model_data] - Loading tas for MPI-ESM1-2-LR (hist + ['ssp245']), force_regional=True...
2026-07-22 11:54:52,619 - INFO - [storyline._load_and_preprocess_model_data] - Found 14 files for tas (tas requested), MPI-ESM1-2-LR.
2026-07-22 11:54:54,841 - INFO - [storyline._load_and_preprocess_model_data] - Loading tas for MPI-ESM1-2-LR (hist + ['ssp245']), force_regional=False...
2026-07-22 11:54:54,847 - INFO - [storyline._load_and_preprocess_model_data] - Found 14 files for tas (tas requested), MPI-ESM1-2-LR.
2026-07-22 11:54:55,190 - INFO - [storyline._load_and_preprocess_model_data] - Loading ua for MRI-ESM2-0 (hist + ['ssp245']), force_regional=False...
2026-07-22 11:54:55,197 - INFO - [storyline._load_and_preprocess_model_data] - Found 6 files for ua (ua requested), MRI-ESM2-0.
2026-07-22 11:54:58,472 - INFO - [storyline._load_and_preprocess_model_data] - Loading pr for MRI-ESM2-0 (hist + ['ssp245']), force_regional=False...
2026-07-22 11:54:58,478 - INFO - [storyline._load_and_preprocess_model_data] - Found 2 files for pr (pr requested), MRI-ESM2-0.
2026-07-22 11:55:00,875 - INFO - [storyline._load_and_preprocess_model_data] - Loading tas for MRI-ESM2-0 (hist + ['ssp245']), force_regional=True...
2026-07-22 11:55:00,880 - INFO - [storyline._load_and_preprocess_model_data] - Found 2 files for tas (tas requested), MRI-ESM2-0.
2026-07-22 11:55:03,029 - INFO - [storyline._load_and_preprocess_model_data] - Loading tas for MRI-ESM2-0 (hist + ['ssp245']), force_regional=False...
2026-07-22 11:55:03,033 - INFO - [storyline._load_and_preprocess_model_data] - Found 2 files for tas (tas requested), MRI-ESM2-0.
2026-07-22 11:55:03,314 - INFO - [storyline._load_and_preprocess_model_data] - Loading ua for NorESM2-MM (hist + ['ssp245']), force_regional=False...
2026-07-22 11:55:03,320 - INFO - [storyline._load_and_preprocess_model_data] - Found 27 files for ua (ua requested), NorESM2-MM.
2026-07-22 11:55:06,719 - INFO - [storyline._load_and_preprocess_model_data] - Loading pr for NorESM2-MM (hist + ['ssp245']), force_regional=False...
2026-07-22 11:55:06,726 - INFO - [storyline._load_and_preprocess_model_data] - Found 26 files for pr (pr requested), NorESM2-MM.
2026-07-22 11:55:08,651 - INFO - [storyline._load_and_preprocess_model_data] - Loading tas for NorESM2-MM (hist + ['ssp245']), force_regional=True...
2026-07-22 11:55:08,658 - INFO - [storyline._load_and_preprocess_model_data] - Found 26 files for tas (tas requested), NorESM2-MM.
2026-07-22 11:55:10,155 - INFO - [storyline._load_and_preprocess_model_data] - Loading tas for NorESM2-MM (hist + ['ssp245']), force_regional=False...
2026-07-22 11:55:10,162 - INFO - [storyline._load_and_preprocess_model_data] - Found 26 files for tas (tas requested), NorESM2-MM.
2026-07-22 11:55:10,597 - INFO - [storyline._load_and_preprocess_model_data] - Loading ua for UKESM1-0-LL (hist + ['ssp245']), force_regional=False...
2026-07-22 11:55:10,605 - INFO - [storyline._load_and_preprocess_model_data] - Found 7 files for ua (ua requested), UKESM1-0-LL.
2026-07-22 11:55:14,540 - INFO - [storyline._load_and_preprocess_model_data] - Loading pr for UKESM1-0-LL (hist + ['ssp245']), force_regional=False...
2026-07-22 11:55:14,545 - INFO - [storyline._load_and_preprocess_model_data] - Found 4 files for pr (pr requested), UKESM1-0-LL.
2026-07-22 11:55:17,159 - INFO - [storyline._load_and_preprocess_model_data] - Loading tas for UKESM1-0-LL (hist + ['ssp245']), force_regional=True...
2026-07-22 11:55:17,165 - INFO - [storyline._load_and_preprocess_model_data] - Found 3 files for tas (tas requested), UKESM1-0-LL.
2026-07-22 11:55:18,792 - INFO - [storyline._load_and_preprocess_model_data] - Loading tas for UKESM1-0-LL (hist + ['ssp245']), force_regional=False...
2026-07-22 11:55:18,797 - INFO - [storyline._load_and_preprocess_model_data] - Found 3 files for tas (tas requested), UKESM1-0-LL.
2026-07-22 11:55:19,103 - INFO - [storyline.analyze_cmip6_changes_at_gwl] - 
--- Loading Danube Discharge Data ---
2026-07-22 11:55:19,103 - INFO - [data_processing.process_discharge_data] - Processing Danube discharge data for specified CMIP6 models...
2026-07-22 11:55:19,440 - INFO - [data_processing.process_discharge_data] - Successfully processed discharge data for CESM2-WACCM_ssp245
2026-07-22 11:55:19,440 - INFO - [data_processing.process_discharge_data] - Successfully processed discharge data for UKESM1-0-LL_ssp245
2026-07-22 11:55:19,442 - INFO - [data_processing.process_discharge_data] - Successfully processed discharge data for GFDL-ESM4_ssp245
2026-07-22 11:55:19,443 - INFO - [data_processing.process_discharge_data] - Successfully processed discharge data for ACCESS-CM2_ssp245
2026-07-22 11:55:19,443 - INFO - [data_processing.process_discharge_data] - Successfully processed discharge data for CMCC-ESM2_ssp245
2026-07-22 11:55:19,444 - INFO - [data_processing.process_discharge_data] - Successfully processed discharge data for HadGEM3-GC31-LL_ssp245
2026-07-22 11:55:19,445 - INFO - [data_processing.process_discharge_data] - Successfully processed discharge data for ACCESS-ESM1-5_ssp245
2026-07-22 11:55:19,445 - INFO - [data_processing.process_discharge_data] - Successfully processed discharge data for INM-CM5-0_ssp245
2026-07-22 11:55:19,446 - INFO - [data_processing.process_discharge_data] - Successfully processed discharge data for NorESM2-MM_ssp245
2026-07-22 11:55:19,447 - INFO - [data_processing.process_discharge_data] - Successfully processed discharge data for KIOST-ESM_ssp245
2026-07-22 11:55:19,447 - INFO - [data_processing.process_discharge_data] - Successfully processed discharge data for MPI-ESM1-2-LR_ssp245
2026-07-22 11:55:19,448 - INFO - [data_processing.process_discharge_data] - Successfully processed discharge data for MPI-ESM1-2-HR_ssp245
2026-07-22 11:55:19,449 - INFO - [data_processing.process_discharge_data] - Successfully processed discharge data for EC-Earth3-Veg-LR_ssp245
2026-07-22 11:55:19,449 - INFO - [data_processing.process_discharge_data] - Successfully processed discharge data for IITM-ESM_ssp245
2026-07-22 11:55:19,450 - INFO - [data_processing.process_discharge_data] - Successfully processed discharge data for INM-CM4-8_ssp245
2026-07-22 11:55:19,451 - INFO - [data_processing.process_discharge_data] - Successfully processed discharge data for CESM2_ssp245
2026-07-22 11:55:19,452 - INFO - [data_processing.process_discharge_data] - Successfully processed discharge data for EC-Earth3_ssp245
2026-07-22 11:55:19,453 - INFO - [data_processing.process_discharge_data] - Successfully processed discharge data for EC-Earth3-CC_ssp245
2026-07-22 11:55:19,454 - INFO - [data_processing.process_discharge_data] - Successfully processed discharge data for MIROC6_ssp245
2026-07-22 11:55:19,455 - INFO - [data_processing.process_discharge_data] - Successfully processed discharge data for MRI-ESM2-0_ssp245
2026-07-22 11:55:19,456 - INFO - [data_processing.process_discharge_data] - Successfully processed discharge data for CanESM5_ssp245
2026-07-22 11:55:19,457 - INFO - [data_processing.process_discharge_data] - Successfully processed discharge data for IPSL-CM6A-LR_ssp245
2026-07-22 11:55:19,458 - INFO - [data_processing.process_discharge_data] - Successfully processed discharge data for CMCC-CM2-SR5_ssp245
2026-07-22 11:55:19,459 - INFO - [data_processing.process_discharge_data] - Successfully processed discharge data for MIROC-ES2L_ssp245
2026-07-22 11:55:19,460 - INFO - [data_processing.process_discharge_data] - Successfully processed discharge data for KACE-1-0-G_ssp245
2026-07-22 11:55:19,616 - INFO - [data_processing.process_discharge_data] - Successfully processed discharge data for CESM2-WACCM_ssp585
2026-07-22 11:55:19,616 - INFO - [data_processing.process_discharge_data] - Successfully processed discharge data for UKESM1-0-LL_ssp585
2026-07-22 11:55:19,617 - INFO - [data_processing.process_discharge_data] - Successfully processed discharge data for GFDL-ESM4_ssp585
2026-07-22 11:55:19,618 - INFO - [data_processing.process_discharge_data] - Successfully processed discharge data for ACCESS-CM2_ssp585
2026-07-22 11:55:19,618 - INFO - [data_processing.process_discharge_data] - Successfully processed discharge data for CMCC-ESM2_ssp585
2026-07-22 11:55:19,619 - INFO - [data_processing.process_discharge_data] - Successfully processed discharge data for HadGEM3-GC31-LL_ssp585
2026-07-22 11:55:19,620 - INFO - [data_processing.process_discharge_data] - Successfully processed discharge data for ACCESS-ESM1-5_ssp585
2026-07-22 11:55:19,620 - INFO - [data_processing.process_discharge_data] - Successfully processed discharge data for INM-CM5-0_ssp585
2026-07-22 11:55:19,621 - INFO - [data_processing.process_discharge_data] - Successfully processed discharge data for NorESM2-MM_ssp585
2026-07-22 11:55:19,622 - INFO - [data_processing.process_discharge_data] - Successfully processed discharge data for KIOST-ESM_ssp585
2026-07-22 11:55:19,622 - INFO - [data_processing.process_discharge_data] - Successfully processed discharge data for MPI-ESM1-2-LR_ssp585
2026-07-22 11:55:19,623 - INFO - [data_processing.process_discharge_data] - Successfully processed discharge data for MPI-ESM1-2-HR_ssp585
2026-07-22 11:55:19,624 - INFO - [data_processing.process_discharge_data] - Successfully processed discharge data for EC-Earth3-Veg-LR_ssp585
2026-07-22 11:55:19,624 - INFO - [data_processing.process_discharge_data] - Successfully processed discharge data for IITM-ESM_ssp585
2026-07-22 11:55:19,625 - INFO - [data_processing.process_discharge_data] - Successfully processed discharge data for INM-CM4-8_ssp585
2026-07-22 11:55:19,626 - INFO - [data_processing.process_discharge_data] - Successfully processed discharge data for CESM2_ssp585
2026-07-22 11:55:19,626 - INFO - [data_processing.process_discharge_data] - Successfully processed discharge data for EC-Earth3_ssp585
2026-07-22 11:55:19,627 - INFO - [data_processing.process_discharge_data] - Successfully processed discharge data for EC-Earth3-CC_ssp585
2026-07-22 11:55:19,628 - INFO - [data_processing.process_discharge_data] - Successfully processed discharge data for MIROC6_ssp585
2026-07-22 11:55:19,629 - INFO - [data_processing.process_discharge_data] - Successfully processed discharge data for MRI-ESM2-0_ssp585
2026-07-22 11:55:19,629 - INFO - [data_processing.process_discharge_data] - Successfully processed discharge data for CanESM5_ssp585
2026-07-22 11:55:19,630 - INFO - [data_processing.process_discharge_data] - Successfully processed discharge data for IPSL-CM6A-LR_ssp585
2026-07-22 11:55:19,631 - INFO - [data_processing.process_discharge_data] - Successfully processed discharge data for CMCC-CM2-SR5_ssp585
2026-07-22 11:55:19,631 - INFO - [data_processing.process_discharge_data] - Successfully processed discharge data for MIROC-ES2L_ssp585
2026-07-22 11:55:19,632 - INFO - [data_processing.process_discharge_data] - Successfully processed discharge data for KACE-1-0-G_ssp585
2026-07-22 11:55:20,443 - INFO - [storyline.analyze_cmip6_changes_at_gwl] - 
--- GWL Timing and Analysis Window Details ---
2026-07-22 11:55:20,443 - INFO - [storyline.analyze_cmip6_changes_at_gwl] - GWL 2.0°C reached in 2041 for ACCESS-CM2 (ssp245). Analysis Window: 2026-2056 (31 years)
2026-07-22 11:55:20,443 - INFO - [storyline.analyze_cmip6_changes_at_gwl] - GWL 3.0°C reached in 2071 for ACCESS-CM2 (ssp245). Analysis Window: 2056-2086 (31 years)
2026-07-22 11:55:20,444 - INFO - [storyline.analyze_cmip6_changes_at_gwl] - GWL 2.0°C reached in 2045 for ACCESS-ESM1-5 (ssp245). Analysis Window: 2030-2060 (31 years)
2026-07-22 11:55:20,444 - INFO - [storyline.analyze_cmip6_changes_at_gwl] - GWL 2.0°C reached in 2046 for CESM2 (ssp245). Analysis Window: 2031-2061 (31 years)
2026-07-22 11:55:20,444 - INFO - [storyline.analyze_cmip6_changes_at_gwl] - GWL 3.0°C reached in 2081 for CESM2 (ssp245). Analysis Window: 2066-2096 (31 years)
2026-07-22 11:55:20,444 - INFO - [storyline.analyze_cmip6_changes_at_gwl] - GWL 2.0°C reached in 2039 for CESM2-WACCM (ssp245). Analysis Window: 2024-2054 (31 years)
2026-07-22 11:55:20,444 - INFO - [storyline.analyze_cmip6_changes_at_gwl] - GWL 3.0°C reached in 2076 for CESM2-WACCM (ssp245). Analysis Window: 2061-2091 (31 years)
2026-07-22 11:55:20,444 - INFO - [storyline.analyze_cmip6_changes_at_gwl] - GWL 2.0°C reached in 2038 for CMCC-CM2-SR5 (ssp245). Analysis Window: 2023-2053 (31 years)
2026-07-22 11:55:20,444 - INFO - [storyline.analyze_cmip6_changes_at_gwl] - GWL 3.0°C reached in 2066 for CMCC-CM2-SR5 (ssp245). Analysis Window: 2051-2081 (31 years)
2026-07-22 11:55:20,444 - INFO - [storyline.analyze_cmip6_changes_at_gwl] - GWL 2.0°C reached in 2041 for CMCC-ESM2 (ssp245). Analysis Window: 2026-2056 (31 years)
2026-07-22 11:55:20,444 - INFO - [storyline.analyze_cmip6_changes_at_gwl] - GWL 3.0°C reached in 2066 for CMCC-ESM2 (ssp245). Analysis Window: 2051-2081 (31 years)
2026-07-22 11:55:20,444 - INFO - [storyline.analyze_cmip6_changes_at_gwl] - GWL 2.0°C reached in 2024 for CanESM5 (ssp245). Analysis Window: 2009-2039 (31 years)
2026-07-22 11:55:20,444 - INFO - [storyline.analyze_cmip6_changes_at_gwl] - GWL 3.0°C reached in 2050 for CanESM5 (ssp245). Analysis Window: 2035-2065 (31 years)
2026-07-22 11:55:20,444 - INFO - [storyline.analyze_cmip6_changes_at_gwl] - GWL 2.0°C reached in 2035 for EC-Earth3-CC (ssp245). Analysis Window: 2020-2050 (31 years)
2026-07-22 11:55:20,444 - INFO - [storyline.analyze_cmip6_changes_at_gwl] - GWL 3.0°C reached in 2074 for EC-Earth3-CC (ssp245). Analysis Window: 2059-2089 (31 years)
2026-07-22 11:55:20,444 - INFO - [storyline.analyze_cmip6_changes_at_gwl] - GWL 2.0°C reached in 2050 for EC-Earth3-Veg-LR (ssp245). Analysis Window: 2035-2065 (31 years)
2026-07-22 11:55:20,444 - INFO - [storyline.analyze_cmip6_changes_at_gwl] - GWL 2.0°C reached in 2044 for EC-Earth3 (ssp245). Analysis Window: 2029-2059 (31 years)
2026-07-22 11:55:20,444 - INFO - [storyline.analyze_cmip6_changes_at_gwl] - GWL 2.0°C reached in 2073 for GFDL-ESM4 (ssp245). Analysis Window: 2058-2088 (31 years)
2026-07-22 11:55:20,444 - INFO - [storyline.analyze_cmip6_changes_at_gwl] - GWL 2.0°C reached in 2034 for HadGEM3-GC31-LL (ssp245). Analysis Window: 2019-2049 (31 years)
2026-07-22 11:55:20,444 - INFO - [storyline.analyze_cmip6_changes_at_gwl] - GWL 3.0°C reached in 2062 for HadGEM3-GC31-LL (ssp245). Analysis Window: 2047-2077 (31 years)
2026-07-22 11:55:20,444 - INFO - [storyline.analyze_cmip6_changes_at_gwl] - GWL 2.0°C reached in 2064 for IITM-ESM (ssp245). Analysis Window: 2049-2079 (31 years)
2026-07-22 11:55:20,444 - INFO - [storyline.analyze_cmip6_changes_at_gwl] - GWL 2.0°C reached in 2064 for INM-CM4-8 (ssp245). Analysis Window: 2049-2079 (31 years)
2026-07-22 11:55:20,445 - INFO - [storyline.analyze_cmip6_changes_at_gwl] - GWL 2.0°C reached in 2072 for INM-CM5-0 (ssp245). Analysis Window: 2057-2087 (31 years)
2026-07-22 11:55:20,445 - INFO - [storyline.analyze_cmip6_changes_at_gwl] - GWL 2.0°C reached in 2034 for IPSL-CM6A-LR (ssp245). Analysis Window: 2019-2049 (31 years)
2026-07-22 11:55:20,445 - INFO - [storyline.analyze_cmip6_changes_at_gwl] - GWL 3.0°C reached in 2065 for IPSL-CM6A-LR (ssp245). Analysis Window: 2050-2080 (31 years)
2026-07-22 11:55:20,445 - INFO - [storyline.analyze_cmip6_changes_at_gwl] - GWL 2.0°C reached in 2024 for KACE-1-0-G (ssp245). Analysis Window: 2009-2039 (31 years)
2026-07-22 11:55:20,445 - INFO - [storyline.analyze_cmip6_changes_at_gwl] - GWL 3.0°C reached in 2051 for KACE-1-0-G (ssp245). Analysis Window: 2036-2066 (31 years)
2026-07-22 11:55:20,445 - INFO - [storyline.analyze_cmip6_changes_at_gwl] - GWL 2.0°C reached in 2042 for KIOST-ESM (ssp245). Analysis Window: 2027-2057 (31 years)
2026-07-22 11:55:20,445 - INFO - [storyline.analyze_cmip6_changes_at_gwl] - GWL 2.0°C reached in 2064 for MIROC-ES2L (ssp245). Analysis Window: 2049-2079 (31 years)
2026-07-22 11:55:20,445 - INFO - [storyline.analyze_cmip6_changes_at_gwl] - GWL 2.0°C reached in 2075 for MIROC6 (ssp245). Analysis Window: 2060-2090 (31 years)
2026-07-22 11:55:20,445 - INFO - [storyline.analyze_cmip6_changes_at_gwl] - GWL 2.0°C reached in 2061 for MPI-ESM1-2-HR (ssp245). Analysis Window: 2046-2076 (31 years)
2026-07-22 11:55:20,445 - INFO - [storyline.analyze_cmip6_changes_at_gwl] - GWL 2.0°C reached in 2060 for MPI-ESM1-2-LR (ssp245). Analysis Window: 2045-2075 (31 years)
2026-07-22 11:55:20,445 - INFO - [storyline.analyze_cmip6_changes_at_gwl] - GWL 2.0°C reached in 2049 for MRI-ESM2-0 (ssp245). Analysis Window: 2034-2064 (31 years)
2026-07-22 11:55:20,445 - INFO - [storyline.analyze_cmip6_changes_at_gwl] - GWL 2.0°C reached in 2081 for NorESM2-MM (ssp245). Analysis Window: 2066-2096 (31 years)
2026-07-22 11:55:20,445 - INFO - [storyline.analyze_cmip6_changes_at_gwl] - GWL 2.0°C reached in 2035 for UKESM1-0-LL (ssp245). Analysis Window: 2020-2050 (31 years)
2026-07-22 11:55:20,445 - INFO - [storyline.analyze_cmip6_changes_at_gwl] - GWL 3.0°C reached in 2059 for UKESM1-0-LL (ssp245). Analysis Window: 2044-2074 (31 years)
2026-07-22 11:55:24,513 - INFO - [data_processing.calculate_spei] - Calculating SPEI with a 4-month scale (Spatial: False)...
2026-07-22 11:55:29,768 - INFO - [data_processing.calculate_spei] - Calculating SPEI with a 4-month scale (Spatial: False)...
2026-07-22 11:55:35,901 - INFO - [data_processing.calculate_spei] - Calculating SPEI with a 4-month scale (Spatial: False)...
2026-07-22 11:55:40,675 - INFO - [data_processing.calculate_spei] - Calculating SPEI with a 4-month scale (Spatial: False)...
2026-07-22 11:55:43,121 - INFO - [data_processing.calculate_spei] - Calculating SPEI with a 4-month scale (Spatial: False)...
2026-07-22 11:55:45,217 - INFO - [data_processing.calculate_spei] - Calculating SPEI with a 4-month scale (Spatial: False)...
2026-07-22 11:55:47,325 - INFO - [data_processing.calculate_spei] - Calculating SPEI with a 4-month scale (Spatial: False)...
2026-07-22 11:55:49,592 - INFO - [data_processing.calculate_spei] - Calculating SPEI with a 4-month scale (Spatial: False)...
2026-07-22 11:55:53,823 - INFO - [data_processing.calculate_spei] - Calculating SPEI with a 4-month scale (Spatial: False)...
2026-07-22 11:55:57,498 - INFO - [data_processing.calculate_spei] - Calculating SPEI with a 4-month scale (Spatial: False)...
2026-07-22 11:56:02,264 - INFO - [data_processing.calculate_spei] - Calculating SPEI with a 4-month scale (Spatial: False)...
2026-07-22 11:56:08,034 - INFO - [data_processing.calculate_spei] - Calculating SPEI with a 4-month scale (Spatial: False)...
2026-07-22 11:56:15,011 - INFO - [data_processing.calculate_spei] - Calculating SPEI with a 4-month scale (Spatial: False)...
2026-07-22 11:56:21,147 - INFO - [data_processing.calculate_spei] - Calculating SPEI with a 4-month scale (Spatial: False)...
2026-07-22 11:56:27,393 - INFO - [data_processing.calculate_spei] - Calculating SPEI with a 4-month scale (Spatial: False)...
2026-07-22 11:56:34,429 - INFO - [data_processing.calculate_spei] - Calculating SPEI with a 4-month scale (Spatial: False)...
2026-07-22 11:56:41,071 - INFO - [data_processing.calculate_spei] - Calculating SPEI with a 4-month scale (Spatial: False)...
2026-07-22 11:56:47,701 - INFO - [data_processing.calculate_spei] - Calculating SPEI with a 4-month scale (Spatial: False)...
2026-07-22 11:56:51,046 - INFO - [data_processing.calculate_spei] - Calculating SPEI with a 4-month scale (Spatial: False)...
2026-07-22 11:56:57,295 - INFO - [data_processing.calculate_spei] - Calculating SPEI with a 4-month scale (Spatial: False)...
2026-07-22 11:57:03,384 - INFO - [data_processing.calculate_spei] - Calculating SPEI with a 4-month scale (Spatial: False)...
2026-07-22 11:57:09,883 - INFO - [data_processing.calculate_spei] - Calculating SPEI with a 4-month scale (Spatial: False)...
2026-07-22 11:57:17,604 - INFO - [data_processing.calculate_spei] - Calculating SPEI with a 4-month scale (Spatial: False)...
2026-07-22 11:57:24,743 - INFO - [data_processing.calculate_spei] - Calculating SPEI with a 4-month scale (Spatial: False)...
2026-07-22 11:57:32,034 - INFO - [data_processing.calculate_spei] - Calculating SPEI with a 4-month scale (Spatial: False)...
2026-07-22 11:57:33,150 - INFO - [storyline.analyze_cmip6_changes_at_gwl] - --- DEBUG: CHECKING MMM_CHANGES ---
2026-07-22 11:57:33,150 - INFO - [storyline.analyze_cmip6_changes_at_gwl] -   GWL 2.0°C -> DJF_pr: 4.141593988295489, JJA_pr: -3.761023106150497
2026-07-22 11:57:33,150 - INFO - [storyline.analyze_cmip6_changes_at_gwl] -   GWL 3.0°C -> DJF_pr: 9.336775094630344, JJA_pr: -6.1407181869917675
2026-07-22 11:57:33,150 - INFO - [storyline.analyze_cmip6_changes_at_gwl] - --- END DEBUG ---
2026-07-22 11:57:33,150 - INFO - [storyline.classify_models_into_storylines_2d] - Classifying models into 2D, Axial, and Extreme storylines (Inner Radius for Axial: 0.5 std. dev.)...
2026-07-22 11:57:33,282 - INFO - [main.run_full_analysis] - Plot '/nas/home/vlw/Desktop/STREAM/paper1-plots/cmip6_jet_changes_vs_gwl_ssp245.png' already exists.
2026-07-22 11:57:33,283 - INFO - [main.run_full_analysis] - Plot '/nas/home/vlw/Desktop/STREAM/paper1-plots/cmip6_jet_inter_relationship_scatter_quadrants_ssp245.png' already exists.
2026-07-22 11:57:33,285 - INFO - [main.run_full_analysis] - Climate evolution plots and final fig 3 base for ssp245 already exist. Skipping.
2026-07-22 11:57:33,286 - INFO - [main.run_full_analysis] - Plot '/nas/home/vlw/Desktop/STREAM/paper1-plots/storyline_u850_change_maps_ssp245.png' already exists.
2026-07-22 11:57:33,308 - INFO - [main.run_full_analysis] - Injected 12 Extreme and 12 Non-Extreme models for DJF GWL 2.0.
2026-07-22 11:57:33,327 - INFO - [main.run_full_analysis] - Injected 12 Extreme and 12 Non-Extreme models for JJA GWL 2.0.
2026-07-22 11:57:33,343 - INFO - [main.run_full_analysis] - Injected 5 Extreme and 5 Non-Extreme models for DJF GWL 3.0.
2026-07-22 11:57:33,359 - INFO - [main.run_full_analysis] - Injected 5 Extreme and 5 Non-Extreme models for JJA GWL 3.0.
2026-07-22 11:57:33,359 - INFO - [main.run_full_analysis] - Calculating half-year EVA return period data for ssp245...
2026-07-22 11:57:33,359 - INFO - [storyline.analyze_storyline_discharge_extremes] - Analyzing storyline discharge... mit GEPPOOLTER GEV-Logik (v4.3) + BOOTSTRAPPING (Median) + Long-Term Data Support...
2026-07-22 11:57:33,359 - INFO - [storyline.analyze_storyline_discharge_extremes] - Calculating historical EVA thresholds and return periods based on ANNUAL peaks (for all seasons)...
2026-07-22 11:57:33,375 - INFO - [storyline.analyze_storyline_discharge_extremes] -   -> Annual LNWL Return Period: 1.22 years
2026-07-22 11:57:33,375 - INFO - [storyline.analyze_storyline_discharge_extremes] - Calculating REFERENCE historical thresholds (Obs only)...
2026-07-22 11:57:33,375 - INFO - [stats_analyzer.calculate_eva_thresholds] - Calculating EVA thresholds for FULL YEAR...
2026-07-22 11:57:33,385 - INFO - [stats_analyzer.calculate_eva_thresholds] - Calculating EVA thresholds for 1Q (low, full_year) using Empirical Quantiles...
2026-07-22 11:57:33,400 - INFO - [stats_analyzer.calculate_eva_thresholds] - Calculating EVA thresholds for 7Q (low, full_year) using Empirical Quantiles...
2026-07-22 11:57:33,415 - INFO - [stats_analyzer.calculate_eva_thresholds] - Calculating EVA thresholds for 30Q (low, full_year) using Empirical Quantiles...
2026-07-22 11:57:33,416 - INFO - [stats_analyzer.calculate_eva_thresholds] - Calculating EVA thresholds for FULL YEAR...
2026-07-22 11:57:33,426 - INFO - [stats_analyzer.calculate_eva_thresholds] - Calculating EVA thresholds for 1Q (high, full_year) using Empirical Quantiles...
2026-07-22 11:57:33,441 - INFO - [stats_analyzer.calculate_eva_thresholds] - Calculating EVA thresholds for 7Q (high, full_year) using Empirical Quantiles...
2026-07-22 11:57:33,457 - INFO - [stats_analyzer.calculate_eva_thresholds] - Calculating EVA thresholds for 30Q (high, full_year) using Empirical Quantiles...
2026-07-22 11:57:33,457 - INFO - [storyline.analyze_storyline_discharge_extremes] - Calculating historical seasonal breakdown for verification (Hydrological Half-Years: Nov-Apr, May-Oct)...
2026-07-22 11:57:48,205 - INFO - [storyline.analyze_storyline_discharge_extremes] -   Analyzing 7Q10_low for MMM (winter, GWL 2.0)...
2026-07-22 11:57:48,222 - INFO - [storyline.analyze_storyline_discharge_extremes] -     -> Result 7Q10_low: Median T = 10.3 (N=19)
2026-07-22 11:57:48,222 - INFO - [storyline.analyze_storyline_discharge_extremes] -   Analyzing 7Q30_low for MMM (winter, GWL 2.0)...
2026-07-22 11:57:48,236 - INFO - [storyline.analyze_storyline_discharge_extremes] -     -> Result 7Q30_low: Median T = 15.5 (N=15)
2026-07-22 11:57:48,236 - INFO - [storyline.analyze_storyline_discharge_extremes] -   Analyzing 7Q10_high for MMM (winter, GWL 2.0)...
2026-07-22 11:57:48,251 - INFO - [storyline.analyze_storyline_discharge_extremes] -     -> Result 7Q10_high: Median T = 15.5 (N=17)
2026-07-22 11:57:48,251 - INFO - [storyline.analyze_storyline_discharge_extremes] -   Analyzing 7Q30_high for MMM (winter, GWL 2.0)...
2026-07-22 11:57:48,265 - INFO - [storyline.analyze_storyline_discharge_extremes] -     -> Result 7Q30_high: Median T = 31.0 (N=11)
2026-07-22 11:57:48,265 - INFO - [storyline.analyze_storyline_discharge_extremes] -   Analyzing 30Q10_low for MMM (winter, GWL 2.0)...
2026-07-22 11:57:48,280 - INFO - [storyline.analyze_storyline_discharge_extremes] -     -> Result 30Q10_low: Median T = 7.8 (N=17)
2026-07-22 11:57:48,280 - INFO - [storyline.analyze_storyline_discharge_extremes] -   Analyzing 30Q30_low for MMM (winter, GWL 2.0)...
2026-07-22 11:57:48,294 - INFO - [storyline.analyze_storyline_discharge_extremes] -     -> Result 30Q30_low: Median T = 15.5 (N=13)
2026-07-22 11:57:48,294 - INFO - [storyline.analyze_storyline_discharge_extremes] -   Analyzing 30Q10_high for MMM (winter, GWL 2.0)...
2026-07-22 11:57:48,309 - INFO - [storyline.analyze_storyline_discharge_extremes] -     -> Result 30Q10_high: Median T = 15.5 (N=17)
2026-07-22 11:57:48,309 - INFO - [storyline.analyze_storyline_discharge_extremes] -   Analyzing 30Q30_high for MMM (winter, GWL 2.0)...
2026-07-22 11:57:48,322 - INFO - [storyline.analyze_storyline_discharge_extremes] -     -> Result 30Q30_high: Median T = 31.0 (N=11)
2026-07-22 11:57:48,323 - INFO - [storyline.analyze_storyline_discharge_extremes] -   Analyzing 7Q10_low for Fast Jet & Northward Shift (winter, GWL 2.0)...
2026-07-22 11:57:48,325 - INFO - [storyline.analyze_storyline_discharge_extremes] -     -> Result 7Q10_low: Median T = 10.3 (N=3)
2026-07-22 11:57:48,325 - INFO - [storyline.analyze_storyline_discharge_extremes] -   Analyzing 7Q30_low for Fast Jet & Northward Shift (winter, GWL 2.0)...
2026-07-22 11:57:48,328 - INFO - [storyline.analyze_storyline_discharge_extremes] -     -> Result 7Q30_low: Median T = 31.0 (N=3)
2026-07-22 11:57:48,328 - INFO - [storyline.analyze_storyline_discharge_extremes] -   Analyzing 7Q10_high for Fast Jet & Northward Shift (winter, GWL 2.0)...
2026-07-22 11:57:48,330 - INFO - [storyline.analyze_storyline_discharge_extremes] -     -> Result 7Q10_high: Median T = 15.5 (N=3)
2026-07-22 11:57:48,330 - INFO - [storyline.analyze_storyline_discharge_extremes] -   Analyzing 7Q30_high for Fast Jet & Northward Shift (winter, GWL 2.0)...
2026-07-22 11:57:48,333 - INFO - [storyline.analyze_storyline_discharge_extremes] -     -> Result 7Q30_high: Median T = 31.0 (N=2)
2026-07-22 11:57:48,333 - INFO - [storyline.analyze_storyline_discharge_extremes] -   Analyzing 30Q10_low for Fast Jet & Northward Shift (winter, GWL 2.0)...
2026-07-22 11:57:48,336 - INFO - [storyline.analyze_storyline_discharge_extremes] -     -> Result 30Q10_low: Median T = 6.2 (N=3)
2026-07-22 11:57:48,336 - INFO - [storyline.analyze_storyline_discharge_extremes] -   Analyzing 30Q30_low for Fast Jet & Northward Shift (winter, GWL 2.0)...
2026-07-22 11:57:48,338 - INFO - [storyline.analyze_storyline_discharge_extremes] -     -> Result 30Q30_low: Median T = 19.4 (N=2)
2026-07-22 11:57:48,338 - INFO - [storyline.analyze_storyline_discharge_extremes] -   Analyzing 30Q10_high for Fast Jet & Northward Shift (winter, GWL 2.0)...
2026-07-22 11:57:48,341 - INFO - [storyline.analyze_storyline_discharge_extremes] -     -> Result 30Q10_high: Median T = 18.6 (N=2)
2026-07-22 11:57:48,341 - INFO - [storyline.analyze_storyline_discharge_extremes] -   Analyzing 30Q30_high for Fast Jet & Northward Shift (winter, GWL 2.0)...
2026-07-22 11:57:48,343 - INFO - [storyline.analyze_storyline_discharge_extremes] -     -> Result 30Q30_high: Median T = 15.5 (N=1)
2026-07-22 11:57:48,343 - INFO - [storyline.analyze_storyline_discharge_extremes] -   Analyzing 7Q10_low for Slow Jet & Northward Shift (winter, GWL 2.0)...
2026-07-22 11:57:48,348 - INFO - [storyline.analyze_storyline_discharge_extremes] -     -> Result 7Q10_low: Median T = 6.2 (N=6)
2026-07-22 11:57:48,348 - INFO - [storyline.analyze_storyline_discharge_extremes] -   Analyzing 7Q30_low for Slow Jet & Northward Shift (winter, GWL 2.0)...
2026-07-22 11:57:48,352 - INFO - [storyline.analyze_storyline_discharge_extremes] -     -> Result 7Q30_low: Median T = 15.5 (N=5)
2026-07-22 11:57:48,352 - INFO - [storyline.analyze_storyline_discharge_extremes] -   Analyzing 7Q10_high for Slow Jet & Northward Shift (winter, GWL 2.0)...
2026-07-22 11:57:48,357 - INFO - [storyline.analyze_storyline_discharge_extremes] -     -> Result 7Q10_high: Median T = 23.2 (N=4)
2026-07-22 11:57:48,357 - INFO - [storyline.analyze_storyline_discharge_extremes] -   Analyzing 7Q30_high for Slow Jet & Northward Shift (winter, GWL 2.0)...
2026-07-22 11:57:48,362 - INFO - [storyline.analyze_storyline_discharge_extremes] -     -> Result 7Q30_high: Median T = 23.2 (N=2)
2026-07-22 11:57:48,362 - INFO - [storyline.analyze_storyline_discharge_extremes] -   Analyzing 30Q10_low for Slow Jet & Northward Shift (winter, GWL 2.0)...
2026-07-22 11:57:48,366 - INFO - [storyline.analyze_storyline_discharge_extremes] -     -> Result 30Q10_low: Median T = 5.7 (N=6)
2026-07-22 11:57:48,366 - INFO - [storyline.analyze_storyline_discharge_extremes] -   Analyzing 30Q30_low for Slow Jet & Northward Shift (winter, GWL 2.0)...
2026-07-22 11:57:48,371 - INFO - [storyline.analyze_storyline_discharge_extremes] -     -> Result 30Q30_low: Median T = 15.5 (N=5)
2026-07-22 11:57:48,371 - INFO - [storyline.analyze_storyline_discharge_extremes] -   Analyzing 30Q10_high for Slow Jet & Northward Shift (winter, GWL 2.0)...
2026-07-22 11:57:48,376 - INFO - [storyline.analyze_storyline_discharge_extremes] -     -> Result 30Q10_high: Median T = 31.0 (N=5)
2026-07-22 11:57:48,376 - INFO - [storyline.analyze_storyline_discharge_extremes] -   Analyzing 30Q30_high for Slow Jet & Northward Shift (winter, GWL 2.0)...
2026-07-22 11:57:48,380 - INFO - [storyline.analyze_storyline_discharge_extremes] -     -> Result 30Q30_high: Median T = 23.2 (N=2)
2026-07-22 11:57:48,380 - INFO - [storyline.analyze_storyline_discharge_extremes] -   Analyzing 7Q10_low for Slow Jet & Southward Shift (winter, GWL 2.0)...
2026-07-22 11:57:48,383 - INFO - [storyline.analyze_storyline_discharge_extremes] -     -> Result 7Q10_low: Median T = 15.5 (N=3)
2026-07-22 11:57:48,383 - INFO - [storyline.analyze_storyline_discharge_extremes] -   Analyzing 7Q30_low for Slow Jet & Southward Shift (winter, GWL 2.0)...
2026-07-22 11:57:48,386 - INFO - [storyline.analyze_storyline_discharge_extremes] -     -> Result 7Q30_low: Median T = 31.0 (N=3)
2026-07-22 11:57:48,386 - INFO - [storyline.analyze_storyline_discharge_extremes] -   Analyzing 7Q10_high for Slow Jet & Southward Shift (winter, GWL 2.0)...
2026-07-22 11:57:48,389 - INFO - [storyline.analyze_storyline_discharge_extremes] -     -> Result 7Q10_high: Median T = 19.4 (N=4)
2026-07-22 11:57:48,389 - INFO - [storyline.analyze_storyline_discharge_extremes] -   Analyzing 7Q30_high for Slow Jet & Southward Shift (winter, GWL 2.0)...
2026-07-22 11:57:48,392 - INFO - [storyline.analyze_storyline_discharge_extremes] -     -> Result 7Q30_high: Median T = 31.0 (N=4)
2026-07-22 11:57:48,392 - INFO - [storyline.analyze_storyline_discharge_extremes] -   Analyzing 30Q10_low for Slow Jet & Southward Shift (winter, GWL 2.0)...
2026-07-22 11:57:48,395 - INFO - [storyline.analyze_storyline_discharge_extremes] -     -> Result 30Q10_low: Median T = 15.5 (N=3)
2026-07-22 11:57:48,395 - INFO - [storyline.analyze_storyline_discharge_extremes] -   Analyzing 30Q30_low for Slow Jet & Southward Shift (winter, GWL 2.0)...
2026-07-22 11:57:48,398 - INFO - [storyline.analyze_storyline_discharge_extremes] -     -> Result 30Q30_low: Median T = 23.2 (N=2)
2026-07-22 11:57:48,398 - INFO - [storyline.analyze_storyline_discharge_extremes] -   Analyzing 30Q10_high for Slow Jet & Southward Shift (winter, GWL 2.0)...
2026-07-22 11:57:48,401 - INFO - [storyline.analyze_storyline_discharge_extremes] -     -> Result 30Q10_high: Median T = 31.0 (N=4)
2026-07-22 11:57:48,401 - INFO - [storyline.analyze_storyline_discharge_extremes] -   Analyzing 30Q30_high for Slow Jet & Southward Shift (winter, GWL 2.0)...
2026-07-22 11:57:48,404 - INFO - [storyline.analyze_storyline_discharge_extremes] -     -> Result 30Q30_high: Median T = 31.0 (N=4)
2026-07-22 11:57:48,404 - INFO - [storyline.analyze_storyline_discharge_extremes] -   Analyzing 7Q10_low for Fast Jet & Southward Shift (winter, GWL 2.0)...
2026-07-22 11:57:48,406 - INFO - [storyline.analyze_storyline_discharge_extremes] -     -> Result 7Q10_low: Median T = 10.3 (N=3)
2026-07-22 11:57:48,406 - INFO - [storyline.analyze_storyline_discharge_extremes] -   Analyzing 7Q30_low for Fast Jet & Southward Shift (winter, GWL 2.0)...
2026-07-22 11:57:48,408 - INFO - [storyline.analyze_storyline_discharge_extremes] -     -> Result 7Q30_low: Median T = 15.5 (N=3)
2026-07-22 11:57:48,408 - INFO - [storyline.analyze_storyline_discharge_extremes] -   Analyzing 7Q10_high for Fast Jet & Southward Shift (winter, GWL 2.0)...
2026-07-22 11:57:48,410 - INFO - [storyline.analyze_storyline_discharge_extremes] -     -> Result 7Q10_high: Median T = 12.9 (N=2)
2026-07-22 11:57:48,410 - INFO - [storyline.analyze_storyline_discharge_extremes] -   Analyzing 7Q30_high for Fast Jet & Southward Shift (winter, GWL 2.0)...
2026-07-22 11:57:48,412 - INFO - [storyline.analyze_storyline_discharge_extremes] -     -> Result 7Q30_high: Median T = 15.5 (N=2)
2026-07-22 11:57:48,412 - INFO - [storyline.analyze_storyline_discharge_extremes] -   Analyzing 30Q10_low for Fast Jet & Southward Shift (winter, GWL 2.0)...
2026-07-22 11:57:48,414 - INFO - [storyline.analyze_storyline_discharge_extremes] -     -> Result 30Q10_low: Median T = 6.2 (N=3)
2026-07-22 11:57:48,414 - INFO - [storyline.analyze_storyline_discharge_extremes] -   Analyzing 30Q30_low for Fast Jet & Southward Shift (winter, GWL 2.0)...
2026-07-22 11:57:48,416 - INFO - [storyline.analyze_storyline_discharge_extremes] -     -> Result 30Q30_low: Median T = 31.0 (N=3)
2026-07-22 11:57:48,416 - INFO - [storyline.analyze_storyline_discharge_extremes] -   Analyzing 30Q10_high for Fast Jet & Southward Shift (winter, GWL 2.0)...
2026-07-22 11:57:48,418 - INFO - [storyline.analyze_storyline_discharge_extremes] -     -> Result 30Q10_high: Median T = 15.5 (N=2)
2026-07-22 11:57:48,418 - INFO - [storyline.analyze_storyline_discharge_extremes] -   Analyzing 30Q30_high for Fast Jet & Southward Shift (winter, GWL 2.0)...
2026-07-22 11:57:48,419 - INFO - [storyline.analyze_storyline_discharge_extremes] -     -> Result 30Q30_high: Median T = 15.5 (N=1)
2026-07-22 11:57:48,419 - INFO - [storyline.analyze_storyline_discharge_extremes] -   Analyzing 7Q10_low for Extreme Models (winter, GWL 2.0)...
2026-07-22 11:57:48,426 - INFO - [storyline.analyze_storyline_discharge_extremes] -     -> Result 7Q10_low: Median T = 7.0 (N=12)
2026-07-22 11:57:48,426 - INFO - [storyline.analyze_storyline_discharge_extremes] -   Analyzing 7Q30_low for Extreme Models (winter, GWL 2.0)...
2026-07-22 11:57:48,433 - INFO - [storyline.analyze_storyline_discharge_extremes] -     -> Result 7Q30_low: Median T = 15.5 (N=11)
2026-07-22 11:57:48,433 - INFO - [storyline.analyze_storyline_discharge_extremes] -   Analyzing 7Q10_high for Extreme Models (winter, GWL 2.0)...
2026-07-22 11:57:48,440 - INFO - [storyline.analyze_storyline_discharge_extremes] -     -> Result 7Q10_high: Median T = 31.0 (N=7)
2026-07-22 11:57:48,440 - INFO - [storyline.analyze_storyline_discharge_extremes] -   Analyzing 7Q30_high for Extreme Models (winter, GWL 2.0)...
2026-07-22 11:57:48,446 - INFO - [storyline.analyze_storyline_discharge_extremes] -     -> Result 7Q30_high: Median T = 31.0 (N=5)
2026-07-22 11:57:48,446 - INFO - [storyline.analyze_storyline_discharge_extremes] -   Analyzing 30Q10_low for Extreme Models (winter, GWL 2.0)...
2026-07-22 11:57:48,453 - INFO - [storyline.analyze_storyline_discharge_extremes] -     -> Result 30Q10_low: Median T = 6.2 (N=12)
2026-07-22 11:57:48,453 - INFO - [storyline.analyze_storyline_discharge_extremes] -   Analyzing 30Q30_low for Extreme Models (winter, GWL 2.0)...
2026-07-22 11:57:48,460 - INFO - [storyline.analyze_storyline_discharge_extremes] -     -> Result 30Q30_low: Median T = 12.9 (N=10)
2026-07-22 11:57:48,460 - INFO - [storyline.analyze_storyline_discharge_extremes] -   Analyzing 30Q10_high for Extreme Models (winter, GWL 2.0)...
2026-07-22 11:57:48,467 - INFO - [storyline.analyze_storyline_discharge_extremes] -     -> Result 30Q10_high: Median T = 31.0 (N=7)
2026-07-22 11:57:48,467 - INFO - [storyline.analyze_storyline_discharge_extremes] -   Analyzing 30Q30_high for Extreme Models (winter, GWL 2.0)...
2026-07-22 11:57:48,474 - INFO - [storyline.analyze_storyline_discharge_extremes] -     -> Result 30Q30_high: Median T = 31.0 (N=5)
2026-07-22 11:57:48,474 - INFO - [storyline.analyze_storyline_discharge_extremes] -   Analyzing 7Q10_low for Non-Extreme Models (winter, GWL 2.0)...
2026-07-22 11:57:48,480 - INFO - [storyline.analyze_storyline_discharge_extremes] -     -> Result 7Q10_low: Median T = 15.5 (N=6)
2026-07-22 11:57:48,481 - INFO - [storyline.analyze_storyline_discharge_extremes] -   Analyzing 7Q30_low for Non-Extreme Models (winter, GWL 2.0)...
2026-07-22 11:57:48,487 - INFO - [storyline.analyze_storyline_discharge_extremes] -     -> Result 7Q30_low: Median T = 31.0 (N=3)
2026-07-22 11:57:48,487 - INFO - [storyline.analyze_storyline_discharge_extremes] -   Analyzing 7Q10_high for Non-Extreme Models (winter, GWL 2.0)...
2026-07-22 11:57:48,494 - INFO - [storyline.analyze_storyline_discharge_extremes] -     -> Result 7Q10_high: Median T = 15.5 (N=9)
2026-07-22 11:57:48,494 - INFO - [storyline.analyze_storyline_discharge_extremes] -   Analyzing 7Q30_high for Non-Extreme Models (winter, GWL 2.0)...
2026-07-22 11:57:48,501 - INFO - [storyline.analyze_storyline_discharge_extremes] -     -> Result 7Q30_high: Median T = 31.0 (N=5)
2026-07-22 11:57:48,501 - INFO - [storyline.analyze_storyline_discharge_extremes] -   Analyzing 30Q10_low for Non-Extreme Models (winter, GWL 2.0)...
2026-07-22 11:57:48,508 - INFO - [storyline.analyze_storyline_discharge_extremes] -     -> Result 30Q10_low: Median T = 23.2 (N=4)
2026-07-22 11:57:48,508 - INFO - [storyline.analyze_storyline_discharge_extremes] -   Analyzing 30Q30_low for Non-Extreme Models (winter, GWL 2.0)...
2026-07-22 11:57:48,515 - INFO - [storyline.analyze_storyline_discharge_extremes] -     -> Result 30Q30_low: Median T = 31.0 (N=2)
2026-07-22 11:57:48,515 - INFO - [storyline.analyze_storyline_discharge_extremes] -   Analyzing 30Q10_high for Non-Extreme Models (winter, GWL 2.0)...
2026-07-22 11:57:48,522 - INFO - [storyline.analyze_storyline_discharge_extremes] -     -> Result 30Q10_high: Median T = 15.5 (N=9)
2026-07-22 11:57:48,522 - INFO - [storyline.analyze_storyline_discharge_extremes] -   Analyzing 30Q30_high for Non-Extreme Models (winter, GWL 2.0)...
2026-07-22 11:57:48,528 - INFO - [storyline.analyze_storyline_discharge_extremes] -     -> Result 30Q30_high: Median T = 31.0 (N=5)
2026-07-22 11:57:48,528 - INFO - [storyline.analyze_storyline_discharge_extremes] -   Analyzing 7Q10_low for MMM (summer, GWL 2.0)...
2026-07-22 11:57:48,543 - INFO - [storyline.analyze_storyline_discharge_extremes] -     -> Result 7Q10_low: Median T = 15.5 (N=15)
2026-07-22 11:57:48,543 - INFO - [storyline.analyze_storyline_discharge_extremes] -   Analyzing 7Q30_low for MMM (summer, GWL 2.0)...
2026-07-22 11:57:48,556 - INFO - [storyline.analyze_storyline_discharge_extremes] -     -> Result 7Q30_low: Median T = 31.0 (N=7)
2026-07-22 11:57:48,557 - INFO - [storyline.analyze_storyline_discharge_extremes] -   Analyzing 7Q10_high for MMM (summer, GWL 2.0)...
2026-07-22 11:57:48,571 - INFO - [storyline.analyze_storyline_discharge_extremes] -     -> Result 7Q10_high: Median T = 10.3 (N=22)
2026-07-22 11:57:48,571 - INFO - [storyline.analyze_storyline_discharge_extremes] -   Analyzing 7Q30_high for MMM (summer, GWL 2.0)...
2026-07-22 11:57:48,584 - INFO - [storyline.analyze_storyline_discharge_extremes] -     -> Result 7Q30_high: Median T = 15.5 (N=15)
2026-07-22 11:57:48,584 - INFO - [storyline.analyze_storyline_discharge_extremes] -   Analyzing 30Q10_low for MMM (summer, GWL 2.0)...
2026-07-22 11:57:48,599 - INFO - [storyline.analyze_storyline_discharge_extremes] -     -> Result 30Q10_low: Median T = 15.5 (N=17)
2026-07-22 11:57:48,599 - INFO - [storyline.analyze_storyline_discharge_extremes] -   Analyzing 30Q30_low for MMM (summer, GWL 2.0)...
2026-07-22 11:57:48,613 - INFO - [storyline.analyze_storyline_discharge_extremes] -     -> Result 30Q30_low: Median T = 31.0 (N=9)
2026-07-22 11:57:48,613 - INFO - [storyline.analyze_storyline_discharge_extremes] -   Analyzing 30Q10_high for MMM (summer, GWL 2.0)...
2026-07-22 11:57:48,627 - INFO - [storyline.analyze_storyline_discharge_extremes] -     -> Result 30Q10_high: Median T = 10.3 (N=24)
2026-07-22 11:57:48,627 - INFO - [storyline.analyze_storyline_discharge_extremes] -   Analyzing 30Q30_high for MMM (summer, GWL 2.0)...
2026-07-22 11:57:48,641 - INFO - [storyline.analyze_storyline_discharge_extremes] -     -> Result 30Q30_high: Median T = 15.5 (N=16)
2026-07-22 11:57:48,641 - INFO - [storyline.analyze_storyline_discharge_extremes] -   Analyzing 7Q10_low for Fast Jet & Northward Shift (summer, GWL 2.0)...
2026-07-22 11:57:48,644 - INFO - [storyline.analyze_storyline_discharge_extremes] -     -> Result 7Q10_low: Median T = 15.5 (N=3)
2026-07-22 11:57:48,644 - INFO - [storyline.analyze_storyline_discharge_extremes] -   Analyzing 7Q30_low for Fast Jet & Northward Shift (summer, GWL 2.0)...
2026-07-22 11:57:48,646 - INFO - [storyline.analyze_storyline_discharge_extremes] -     -> Result 7Q30_low: Median T = nan (N=0)
2026-07-22 11:57:48,646 - INFO - [storyline.analyze_storyline_discharge_extremes] -   Analyzing 7Q10_high for Fast Jet & Northward Shift (summer, GWL 2.0)...
2026-07-22 11:57:48,648 - INFO - [storyline.analyze_storyline_discharge_extremes] -     -> Result 7Q10_high: Median T = 15.5 (N=3)
2026-07-22 11:57:48,648 - INFO - [storyline.analyze_storyline_discharge_extremes] -   Analyzing 7Q30_high for Fast Jet & Northward Shift (summer, GWL 2.0)...
2026-07-22 11:57:48,651 - INFO - [storyline.analyze_storyline_discharge_extremes] -     -> Result 7Q30_high: Median T = 15.5 (N=3)
2026-07-22 11:57:48,651 - INFO - [storyline.analyze_storyline_discharge_extremes] -   Analyzing 30Q10_low for Fast Jet & Northward Shift (summer, GWL 2.0)...
2026-07-22 11:57:48,653 - INFO - [storyline.analyze_storyline_discharge_extremes] -     -> Result 30Q10_low: Median T = 15.5 (N=3)
2026-07-22 11:57:48,653 - INFO - [storyline.analyze_storyline_discharge_extremes] -   Analyzing 30Q30_low for Fast Jet & Northward Shift (summer, GWL 2.0)...
2026-07-22 11:57:48,656 - INFO - [storyline.analyze_storyline_discharge_extremes] -     -> Result 30Q30_low: Median T = 15.5 (N=1)
2026-07-22 11:57:48,656 - INFO - [storyline.analyze_storyline_discharge_extremes] -   Analyzing 30Q10_high for Fast Jet & Northward Shift (summer, GWL 2.0)...
2026-07-22 11:57:48,658 - INFO - [storyline.analyze_storyline_discharge_extremes] -     -> Result 30Q10_high: Median T = 31.0 (N=4)
2026-07-22 11:57:48,658 - INFO - [storyline.analyze_storyline_discharge_extremes] -   Analyzing 30Q30_high for Fast Jet & Northward Shift (summer, GWL 2.0)...
2026-07-22 11:57:48,660 - INFO - [storyline.analyze_storyline_discharge_extremes] -     -> Result 30Q30_high: Median T = 31.0 (N=2)
2026-07-22 11:57:48,660 - INFO - [storyline.analyze_storyline_discharge_extremes] -   Analyzing 7Q10_low for Slow Jet & Northward Shift (summer, GWL 2.0)...
2026-07-22 11:57:48,665 - INFO - [storyline.analyze_storyline_discharge_extremes] -     -> Result 7Q10_low: Median T = 23.2 (N=2)
2026-07-22 11:57:48,665 - INFO - [storyline.analyze_storyline_discharge_extremes] -   Analyzing 7Q30_low for Slow Jet & Northward Shift (summer, GWL 2.0)...
2026-07-22 11:57:48,668 - INFO - [storyline.analyze_storyline_discharge_extremes] -     -> Result 7Q30_low: Median T = nan (N=0)
2026-07-22 11:57:48,668 - INFO - [storyline.analyze_storyline_discharge_extremes] -   Analyzing 7Q10_high for Slow Jet & Northward Shift (summer, GWL 2.0)...
2026-07-22 11:57:48,671 - INFO - [storyline.analyze_storyline_discharge_extremes] -     -> Result 7Q10_high: Median T = 7.8 (N=5)
2026-07-22 11:57:48,671 - INFO - [storyline.analyze_storyline_discharge_extremes] -   Analyzing 7Q30_high for Slow Jet & Northward Shift (summer, GWL 2.0)...
2026-07-22 11:57:48,675 - INFO - [storyline.analyze_storyline_discharge_extremes] -     -> Result 7Q30_high: Median T = 15.5 (N=3)
2026-07-22 11:57:48,675 - INFO - [storyline.analyze_storyline_discharge_extremes] -   Analyzing 30Q10_low for Slow Jet & Northward Shift (summer, GWL 2.0)...
2026-07-22 11:57:48,678 - INFO - [storyline.analyze_storyline_discharge_extremes] -     -> Result 30Q10_low: Median T = 19.4 (N=2)
2026-07-22 11:57:48,678 - INFO - [storyline.analyze_storyline_discharge_extremes] -   Analyzing 30Q30_low for Slow Jet & Northward Shift (summer, GWL 2.0)...
2026-07-22 11:57:48,681 - INFO - [storyline.analyze_storyline_discharge_extremes] -     -> Result 30Q30_low: Median T = 31.0 (N=1)
2026-07-22 11:57:48,681 - INFO - [storyline.analyze_storyline_discharge_extremes] -   Analyzing 30Q10_high for Slow Jet & Northward Shift (summer, GWL 2.0)...
2026-07-22 11:57:48,684 - INFO - [storyline.analyze_storyline_discharge_extremes] -     -> Result 30Q10_high: Median T = 6.2 (N=5)
2026-07-22 11:57:48,684 - INFO - [storyline.analyze_storyline_discharge_extremes] -   Analyzing 30Q30_high for Slow Jet & Northward Shift (summer, GWL 2.0)...
2026-07-22 11:57:48,687 - INFO - [storyline.analyze_storyline_discharge_extremes] -     -> Result 30Q30_high: Median T = 12.9 (N=4)
2026-07-22 11:57:48,687 - INFO - [storyline.analyze_storyline_discharge_extremes] -   Analyzing 7Q10_low for Slow Jet & Southward Shift (summer, GWL 2.0)...
2026-07-22 11:57:48,690 - INFO - [storyline.analyze_storyline_discharge_extremes] -     -> Result 7Q10_low: Median T = 15.5 (N=1)
2026-07-22 11:57:48,690 - INFO - [storyline.analyze_storyline_discharge_extremes] -   Analyzing 7Q30_low for Slow Jet & Southward Shift (summer, GWL 2.0)...
2026-07-22 11:57:48,692 - INFO - [storyline.analyze_storyline_discharge_extremes] -     -> Result 7Q30_low: Median T = 31.0 (N=1)
2026-07-22 11:57:48,692 - INFO - [storyline.analyze_storyline_discharge_extremes] -   Analyzing 7Q10_high for Slow Jet & Southward Shift (summer, GWL 2.0)...
2026-07-22 11:57:48,695 - INFO - [storyline.analyze_storyline_discharge_extremes] -     -> Result 7Q10_high: Median T = 8.3 (N=4)
2026-07-22 11:57:48,695 - INFO - [storyline.analyze_storyline_discharge_extremes] -   Analyzing 7Q30_high for Slow Jet & Southward Shift (summer, GWL 2.0)...
2026-07-22 11:57:48,697 - INFO - [storyline.analyze_storyline_discharge_extremes] -     -> Result 7Q30_high: Median T = 15.5 (N=3)
2026-07-22 11:57:48,697 - INFO - [storyline.analyze_storyline_discharge_extremes] -   Analyzing 30Q10_low for Slow Jet & Southward Shift (summer, GWL 2.0)...
2026-07-22 11:57:48,700 - INFO - [storyline.analyze_storyline_discharge_extremes] -     -> Result 30Q10_low: Median T = 10.3 (N=1)
2026-07-22 11:57:48,700 - INFO - [storyline.analyze_storyline_discharge_extremes] -   Analyzing 30Q30_low for Slow Jet & Southward Shift (summer, GWL 2.0)...
2026-07-22 11:57:48,702 - INFO - [storyline.analyze_storyline_discharge_extremes] -     -> Result 30Q30_low: Median T = 31.0 (N=1)
2026-07-22 11:57:48,702 - INFO - [storyline.analyze_storyline_discharge_extremes] -   Analyzing 30Q10_high for Slow Jet & Southward Shift (summer, GWL 2.0)...
2026-07-22 11:57:48,705 - INFO - [storyline.analyze_storyline_discharge_extremes] -     -> Result 30Q10_high: Median T = 9.0 (N=4)
2026-07-22 11:57:48,705 - INFO - [storyline.analyze_storyline_discharge_extremes] -   Analyzing 30Q30_high for Slow Jet & Southward Shift (summer, GWL 2.0)...
2026-07-22 11:57:48,707 - INFO - [storyline.analyze_storyline_discharge_extremes] -     -> Result 30Q30_high: Median T = 23.2 (N=4)
2026-07-22 11:57:48,707 - INFO - [storyline.analyze_storyline_discharge_extremes] -   Analyzing 7Q10_low for Fast Jet & Southward Shift (summer, GWL 2.0)...
2026-07-22 11:57:48,710 - INFO - [storyline.analyze_storyline_discharge_extremes] -     -> Result 7Q10_low: Median T = 20.7 (N=2)
2026-07-22 11:57:48,710 - INFO - [storyline.analyze_storyline_discharge_extremes] -   Analyzing 7Q30_low for Fast Jet & Southward Shift (summer, GWL 2.0)...
2026-07-22 11:57:48,712 - INFO - [storyline.analyze_storyline_discharge_extremes] -     -> Result 7Q30_low: Median T = 31.0 (N=1)
2026-07-22 11:57:48,712 - INFO - [storyline.analyze_storyline_discharge_extremes] -   Analyzing 7Q10_high for Fast Jet & Southward Shift (summer, GWL 2.0)...
2026-07-22 11:57:48,714 - INFO - [storyline.analyze_storyline_discharge_extremes] -     -> Result 7Q10_high: Median T = 12.9 (N=4)
2026-07-22 11:57:48,715 - INFO - [storyline.analyze_storyline_discharge_extremes] -   Analyzing 7Q30_high for Fast Jet & Southward Shift (summer, GWL 2.0)...
2026-07-22 11:57:48,717 - INFO - [storyline.analyze_storyline_discharge_extremes] -     -> Result 7Q30_high: Median T = 15.5 (N=3)
2026-07-22 11:57:48,717 - INFO - [storyline.analyze_storyline_discharge_extremes] -   Analyzing 30Q10_low for Fast Jet & Southward Shift (summer, GWL 2.0)...
2026-07-22 11:57:48,719 - INFO - [storyline.analyze_storyline_discharge_extremes] -     -> Result 30Q10_low: Median T = 31.0 (N=3)
2026-07-22 11:57:48,719 - INFO - [storyline.analyze_storyline_discharge_extremes] -   Analyzing 30Q30_low for Fast Jet & Southward Shift (summer, GWL 2.0)...
2026-07-22 11:57:48,722 - INFO - [storyline.analyze_storyline_discharge_extremes] -     -> Result 30Q30_low: Median T = 31.0 (N=1)
2026-07-22 11:57:48,722 - INFO - [storyline.analyze_storyline_discharge_extremes] -   Analyzing 30Q10_high for Fast Jet & Southward Shift (summer, GWL 2.0)...
2026-07-22 11:57:48,724 - INFO - [storyline.analyze_storyline_discharge_extremes] -     -> Result 30Q10_high: Median T = 9.0 (N=4)
2026-07-22 11:57:48,724 - INFO - [storyline.analyze_storyline_discharge_extremes] -   Analyzing 30Q30_high for Fast Jet & Southward Shift (summer, GWL 2.0)...
2026-07-22 11:57:48,727 - INFO - [storyline.analyze_storyline_discharge_extremes] -     -> Result 30Q30_high: Median T = 10.3 (N=3)
2026-07-22 11:57:48,727 - INFO - [storyline.analyze_storyline_discharge_extremes] -   Analyzing 7Q10_low for Extreme Models (summer, GWL 2.0)...
2026-07-22 11:57:48,734 - INFO - [storyline.analyze_storyline_discharge_extremes] -     -> Result 7Q10_low: Median T = 15.5 (N=11)
2026-07-22 11:57:48,734 - INFO - [storyline.analyze_storyline_discharge_extremes] -   Analyzing 7Q30_low for Extreme Models (summer, GWL 2.0)...
2026-07-22 11:57:48,740 - INFO - [storyline.analyze_storyline_discharge_extremes] -     -> Result 7Q30_low: Median T = 31.0 (N=4)
2026-07-22 11:57:48,740 - INFO - [storyline.analyze_storyline_discharge_extremes] -   Analyzing 7Q10_high for Extreme Models (summer, GWL 2.0)...
2026-07-22 11:57:48,747 - INFO - [storyline.analyze_storyline_discharge_extremes] -     -> Result 7Q10_high: Median T = 9.0 (N=10)
2026-07-22 11:57:48,747 - INFO - [storyline.analyze_storyline_discharge_extremes] -   Analyzing 7Q30_high for Extreme Models (summer, GWL 2.0)...
2026-07-22 11:57:48,754 - INFO - [storyline.analyze_storyline_discharge_extremes] -     -> Result 7Q30_high: Median T = 15.5 (N=8)
2026-07-22 11:57:48,754 - INFO - [storyline.analyze_storyline_discharge_extremes] -   Analyzing 30Q10_low for Extreme Models (summer, GWL 2.0)...
2026-07-22 11:57:48,761 - INFO - [storyline.analyze_storyline_discharge_extremes] -     -> Result 30Q10_low: Median T = 12.9 (N=12)
2026-07-22 11:57:48,761 - INFO - [storyline.analyze_storyline_discharge_extremes] -   Analyzing 30Q30_low for Extreme Models (summer, GWL 2.0)...
2026-07-22 11:57:48,768 - INFO - [storyline.analyze_storyline_discharge_extremes] -     -> Result 30Q30_low: Median T = 31.0 (N=6)
2026-07-22 11:57:48,768 - INFO - [storyline.analyze_storyline_discharge_extremes] -   Analyzing 30Q10_high for Extreme Models (summer, GWL 2.0)...
2026-07-22 11:57:48,775 - INFO - [storyline.analyze_storyline_discharge_extremes] -     -> Result 30Q10_high: Median T = 15.5 (N=12)
2026-07-22 11:57:48,775 - INFO - [storyline.analyze_storyline_discharge_extremes] -   Analyzing 30Q30_high for Extreme Models (summer, GWL 2.0)...
2026-07-22 11:57:48,781 - INFO - [storyline.analyze_storyline_discharge_extremes] -     -> Result 30Q30_high: Median T = 31.0 (N=7)
2026-07-22 11:57:48,782 - INFO - [storyline.analyze_storyline_discharge_extremes] -   Analyzing 7Q10_low for Non-Extreme Models (summer, GWL 2.0)...
2026-07-22 11:57:48,788 - INFO - [storyline.analyze_storyline_discharge_extremes] -     -> Result 7Q10_low: Median T = 31.0 (N=3)
2026-07-22 11:57:48,789 - INFO - [storyline.analyze_storyline_discharge_extremes] -   Analyzing 7Q30_low for Non-Extreme Models (summer, GWL 2.0)...
2026-07-22 11:57:48,795 - INFO - [storyline.analyze_storyline_discharge_extremes] -     -> Result 7Q30_low: Median T = 31.0 (N=3)
2026-07-22 11:57:48,795 - INFO - [storyline.analyze_storyline_discharge_extremes] -   Analyzing 7Q10_high for Non-Extreme Models (summer, GWL 2.0)...
2026-07-22 11:57:48,803 - INFO - [storyline.analyze_storyline_discharge_extremes] -     -> Result 7Q10_high: Median T = 10.3 (N=11)
2026-07-22 11:57:48,803 - INFO - [storyline.analyze_storyline_discharge_extremes] -   Analyzing 7Q30_high for Non-Extreme Models (summer, GWL 2.0)...
2026-07-22 11:57:48,809 - INFO - [storyline.analyze_storyline_discharge_extremes] -     -> Result 7Q30_high: Median T = 12.9 (N=6)
2026-07-22 11:57:48,809 - INFO - [storyline.analyze_storyline_discharge_extremes] -   Analyzing 30Q10_low for Non-Extreme Models (summer, GWL 2.0)...
2026-07-22 11:57:48,817 - INFO - [storyline.analyze_storyline_discharge_extremes] -     -> Result 30Q10_low: Median T = 31.0 (N=4)
2026-07-22 11:57:48,817 - INFO - [storyline.analyze_storyline_discharge_extremes] -   Analyzing 30Q30_low for Non-Extreme Models (summer, GWL 2.0)...
2026-07-22 11:57:48,823 - INFO - [storyline.analyze_storyline_discharge_extremes] -     -> Result 30Q30_low: Median T = 31.0 (N=3)
2026-07-22 11:57:48,824 - INFO - [storyline.analyze_storyline_discharge_extremes] -   Analyzing 30Q10_high for Non-Extreme Models (summer, GWL 2.0)...
2026-07-22 11:57:48,830 - INFO - [storyline.analyze_storyline_discharge_extremes] -     -> Result 30Q10_high: Median T = 7.8 (N=11)
2026-07-22 11:57:48,830 - INFO - [storyline.analyze_storyline_discharge_extremes] -   Analyzing 30Q30_high for Non-Extreme Models (summer, GWL 2.0)...
2026-07-22 11:57:48,837 - INFO - [storyline.analyze_storyline_discharge_extremes] -     -> Result 30Q30_high: Median T = 12.9 (N=8)
2026-07-22 11:57:48,837 - INFO - [storyline.analyze_storyline_discharge_extremes] -   Analyzing 7Q10_low for MMM (full_year, GWL 2.0)...
2026-07-22 11:57:48,851 - INFO - [storyline.analyze_storyline_discharge_extremes] -     -> Result 7Q10_low: Median T = 10.3 (N=19)
2026-07-22 11:57:48,851 - INFO - [storyline.analyze_storyline_discharge_extremes] -   Analyzing 7Q30_low for MMM (full_year, GWL 2.0)...
2026-07-22 11:57:48,864 - INFO - [storyline.analyze_storyline_discharge_extremes] -     -> Result 7Q30_low: Median T = 15.5 (N=15)
2026-07-22 11:57:48,864 - INFO - [storyline.analyze_storyline_discharge_extremes] -   Analyzing 7Q10_high for MMM (full_year, GWL 2.0)...
2026-07-22 11:57:48,878 - INFO - [storyline.analyze_storyline_discharge_extremes] -     -> Result 7Q10_high: Median T = 7.8 (N=24)
2026-07-22 11:57:48,878 - INFO - [storyline.analyze_storyline_discharge_extremes] -   Analyzing 7Q30_high for MMM (full_year, GWL 2.0)...
2026-07-22 11:57:48,892 - INFO - [storyline.analyze_storyline_discharge_extremes] -     -> Result 7Q30_high: Median T = 15.5 (N=17)
2026-07-22 11:57:48,892 - INFO - [storyline.analyze_storyline_discharge_extremes] -   Analyzing 30Q10_low for MMM (full_year, GWL 2.0)...
2026-07-22 11:57:48,906 - INFO - [storyline.analyze_storyline_discharge_extremes] -     -> Result 30Q10_low: Median T = 7.8 (N=19)
2026-07-22 11:57:48,906 - INFO - [storyline.analyze_storyline_discharge_extremes] -   Analyzing 30Q30_low for MMM (full_year, GWL 2.0)...
2026-07-22 11:57:48,920 - INFO - [storyline.analyze_storyline_discharge_extremes] -     -> Result 30Q30_low: Median T = 15.5 (N=13)
2026-07-22 11:57:48,920 - INFO - [storyline.analyze_storyline_discharge_extremes] -   Analyzing 30Q10_high for MMM (full_year, GWL 2.0)...
2026-07-22 11:57:48,934 - INFO - [storyline.analyze_storyline_discharge_extremes] -     -> Result 30Q10_high: Median T = 7.8 (N=25)
2026-07-22 11:57:48,934 - INFO - [storyline.analyze_storyline_discharge_extremes] -   Analyzing 30Q30_high for MMM (full_year, GWL 2.0)...
2026-07-22 11:57:48,947 - INFO - [storyline.analyze_storyline_discharge_extremes] -     -> Result 30Q30_high: Median T = 15.5 (N=18)
2026-07-22 11:57:48,947 - INFO - [storyline.analyze_storyline_discharge_extremes] -   Analyzing 7Q10_low for Fast Jet & Northward Shift (full_year, GWL 2.0)...
2026-07-22 11:57:48,950 - INFO - [storyline.analyze_storyline_discharge_extremes] -     -> Result 7Q10_low: Median T = 10.3 (N=3)
2026-07-22 11:57:48,950 - INFO - [storyline.analyze_storyline_discharge_extremes] -   Analyzing 7Q30_low for Fast Jet & Northward Shift (full_year, GWL 2.0)...
2026-07-22 11:57:48,953 - INFO - [storyline.analyze_storyline_discharge_extremes] -     -> Result 7Q30_low: Median T = 31.0 (N=3)
2026-07-22 11:57:48,953 - INFO - [storyline.analyze_storyline_discharge_extremes] -   Analyzing 7Q10_high for Fast Jet & Northward Shift (full_year, GWL 2.0)...
2026-07-22 11:57:48,956 - INFO - [storyline.analyze_storyline_discharge_extremes] -     -> Result 7Q10_high: Median T = 9.0 (N=4)
2026-07-22 11:57:48,956 - INFO - [storyline.analyze_storyline_discharge_extremes] -   Analyzing 7Q30_high for Fast Jet & Northward Shift (full_year, GWL 2.0)...
2026-07-22 11:57:48,958 - INFO - [storyline.analyze_storyline_discharge_extremes] -     -> Result 7Q30_high: Median T = 15.5 (N=2)
2026-07-22 11:57:48,958 - INFO - [storyline.analyze_storyline_discharge_extremes] -   Analyzing 30Q10_low for Fast Jet & Northward Shift (full_year, GWL 2.0)...
2026-07-22 11:57:48,960 - INFO - [storyline.analyze_storyline_discharge_extremes] -     -> Result 30Q10_low: Median T = 10.8 (N=4)
2026-07-22 11:57:48,961 - INFO - [storyline.analyze_storyline_discharge_extremes] -   Analyzing 30Q30_low for Fast Jet & Northward Shift (full_year, GWL 2.0)...
2026-07-22 11:57:48,963 - INFO - [storyline.analyze_storyline_discharge_extremes] -     -> Result 30Q30_low: Median T = 19.4 (N=2)
2026-07-22 11:57:48,963 - INFO - [storyline.analyze_storyline_discharge_extremes] -   Analyzing 30Q10_high for Fast Jet & Northward Shift (full_year, GWL 2.0)...
2026-07-22 11:57:48,965 - INFO - [storyline.analyze_storyline_discharge_extremes] -     -> Result 30Q10_high: Median T = 11.6 (N=4)
2026-07-22 11:57:48,965 - INFO - [storyline.analyze_storyline_discharge_extremes] -   Analyzing 30Q30_high for Fast Jet & Northward Shift (full_year, GWL 2.0)...
2026-07-22 11:57:48,968 - INFO - [storyline.analyze_storyline_discharge_extremes] -     -> Result 30Q30_high: Median T = 6.2 (N=1)
2026-07-22 11:57:48,968 - INFO - [storyline.analyze_storyline_discharge_extremes] -   Analyzing 7Q10_low for Slow Jet & Northward Shift (full_year, GWL 2.0)...
2026-07-22 11:57:48,972 - INFO - [storyline.analyze_storyline_discharge_extremes] -     -> Result 7Q10_low: Median T = 6.2 (N=6)
2026-07-22 11:57:48,972 - INFO - [storyline.analyze_storyline_discharge_extremes] -   Analyzing 7Q30_low for Slow Jet & Northward Shift (full_year, GWL 2.0)...
2026-07-22 11:57:48,977 - INFO - [storyline.analyze_storyline_discharge_extremes] -     -> Result 7Q30_low: Median T = 15.5 (N=5)
2026-07-22 11:57:48,977 - INFO - [storyline.analyze_storyline_discharge_extremes] -   Analyzing 7Q10_high for Slow Jet & Northward Shift (full_year, GWL 2.0)...
2026-07-22 11:57:48,981 - INFO - [storyline.analyze_storyline_discharge_extremes] -     -> Result 7Q10_high: Median T = 7.8 (N=7)
2026-07-22 11:57:48,981 - INFO - [storyline.analyze_storyline_discharge_extremes] -   Analyzing 7Q30_high for Slow Jet & Northward Shift (full_year, GWL 2.0)...
2026-07-22 11:57:48,986 - INFO - [storyline.analyze_storyline_discharge_extremes] -     -> Result 7Q30_high: Median T = 15.5 (N=5)
2026-07-22 11:57:48,986 - INFO - [storyline.analyze_storyline_discharge_extremes] -   Analyzing 30Q10_low for Slow Jet & Northward Shift (full_year, GWL 2.0)...
2026-07-22 11:57:48,990 - INFO - [storyline.analyze_storyline_discharge_extremes] -     -> Result 30Q10_low: Median T = 4.8 (N=6)
2026-07-22 11:57:48,990 - INFO - [storyline.analyze_storyline_discharge_extremes] -   Analyzing 30Q30_low for Slow Jet & Northward Shift (full_year, GWL 2.0)...
2026-07-22 11:57:48,995 - INFO - [storyline.analyze_storyline_discharge_extremes] -     -> Result 30Q30_low: Median T = 15.5 (N=5)
2026-07-22 11:57:48,995 - INFO - [storyline.analyze_storyline_discharge_extremes] -   Analyzing 30Q10_high for Slow Jet & Northward Shift (full_year, GWL 2.0)...
2026-07-22 11:57:49,000 - INFO - [storyline.analyze_storyline_discharge_extremes] -     -> Result 30Q10_high: Median T = 7.8 (N=8)
2026-07-22 11:57:49,000 - INFO - [storyline.analyze_storyline_discharge_extremes] -   Analyzing 30Q30_high for Slow Jet & Northward Shift (full_year, GWL 2.0)...
2026-07-22 11:57:49,004 - INFO - [storyline.analyze_storyline_discharge_extremes] -     -> Result 30Q30_high: Median T = 31.0 (N=6)
2026-07-22 11:57:49,004 - INFO - [storyline.analyze_storyline_discharge_extremes] -   Analyzing 7Q10_low for Slow Jet & Southward Shift (full_year, GWL 2.0)...
2026-07-22 11:57:49,007 - INFO - [storyline.analyze_storyline_discharge_extremes] -     -> Result 7Q10_low: Median T = 15.5 (N=3)
2026-07-22 11:57:49,007 - INFO - [storyline.analyze_storyline_discharge_extremes] -   Analyzing 7Q30_low for Slow Jet & Southward Shift (full_year, GWL 2.0)...
2026-07-22 11:57:49,010 - INFO - [storyline.analyze_storyline_discharge_extremes] -     -> Result 7Q30_low: Median T = 31.0 (N=3)
2026-07-22 11:57:49,010 - INFO - [storyline.analyze_storyline_discharge_extremes] -   Analyzing 7Q10_high for Slow Jet & Southward Shift (full_year, GWL 2.0)...
2026-07-22 11:57:49,013 - INFO - [storyline.analyze_storyline_discharge_extremes] -     -> Result 7Q10_high: Median T = 5.2 (N=5)
2026-07-22 11:57:49,013 - INFO - [storyline.analyze_storyline_discharge_extremes] -   Analyzing 7Q30_high for Slow Jet & Southward Shift (full_year, GWL 2.0)...
2026-07-22 11:57:49,016 - INFO - [storyline.analyze_storyline_discharge_extremes] -     -> Result 7Q30_high: Median T = 9.0 (N=4)
2026-07-22 11:57:49,016 - INFO - [storyline.analyze_storyline_discharge_extremes] -   Analyzing 30Q10_low for Slow Jet & Southward Shift (full_year, GWL 2.0)...
2026-07-22 11:57:49,019 - INFO - [storyline.analyze_storyline_discharge_extremes] -     -> Result 30Q10_low: Median T = 15.5 (N=3)
2026-07-22 11:57:49,019 - INFO - [storyline.analyze_storyline_discharge_extremes] -   Analyzing 30Q30_low for Slow Jet & Southward Shift (full_year, GWL 2.0)...
2026-07-22 11:57:49,022 - INFO - [storyline.analyze_storyline_discharge_extremes] -     -> Result 30Q30_low: Median T = 23.2 (N=2)
2026-07-22 11:57:49,022 - INFO - [storyline.analyze_storyline_discharge_extremes] -   Analyzing 30Q10_high for Slow Jet & Southward Shift (full_year, GWL 2.0)...
2026-07-22 11:57:49,025 - INFO - [storyline.analyze_storyline_discharge_extremes] -     -> Result 30Q10_high: Median T = 5.2 (N=5)
2026-07-22 11:57:49,025 - INFO - [storyline.analyze_storyline_discharge_extremes] -   Analyzing 30Q30_high for Slow Jet & Southward Shift (full_year, GWL 2.0)...
2026-07-22 11:57:49,029 - INFO - [storyline.analyze_storyline_discharge_extremes] -     -> Result 30Q30_high: Median T = 12.9 (N=4)
2026-07-22 11:57:49,029 - INFO - [storyline.analyze_storyline_discharge_extremes] -   Analyzing 7Q10_low for Fast Jet & Southward Shift (full_year, GWL 2.0)...
2026-07-22 11:57:49,031 - INFO - [storyline.analyze_storyline_discharge_extremes] -     -> Result 7Q10_low: Median T = 7.8 (N=3)
2026-07-22 11:57:49,031 - INFO - [storyline.analyze_storyline_discharge_extremes] -   Analyzing 7Q30_low for Fast Jet & Southward Shift (full_year, GWL 2.0)...
2026-07-22 11:57:49,033 - INFO - [storyline.analyze_storyline_discharge_extremes] -     -> Result 7Q30_low: Median T = 15.5 (N=3)
2026-07-22 11:57:49,033 - INFO - [storyline.analyze_storyline_discharge_extremes] -   Analyzing 7Q10_high for Fast Jet & Southward Shift (full_year, GWL 2.0)...
2026-07-22 11:57:49,035 - INFO - [storyline.analyze_storyline_discharge_extremes] -     -> Result 7Q10_high: Median T = 5.2 (N=3)
2026-07-22 11:57:49,035 - INFO - [storyline.analyze_storyline_discharge_extremes] -   Analyzing 7Q30_high for Fast Jet & Southward Shift (full_year, GWL 2.0)...
2026-07-22 11:57:49,037 - INFO - [storyline.analyze_storyline_discharge_extremes] -     -> Result 7Q30_high: Median T = 10.3 (N=3)
2026-07-22 11:57:49,037 - INFO - [storyline.analyze_storyline_discharge_extremes] -   Analyzing 30Q10_low for Fast Jet & Southward Shift (full_year, GWL 2.0)...
2026-07-22 11:57:49,039 - INFO - [storyline.analyze_storyline_discharge_extremes] -     -> Result 30Q10_low: Median T = 5.2 (N=3)
2026-07-22 11:57:49,039 - INFO - [storyline.analyze_storyline_discharge_extremes] -   Analyzing 30Q30_low for Fast Jet & Southward Shift (full_year, GWL 2.0)...
2026-07-22 11:57:49,041 - INFO - [storyline.analyze_storyline_discharge_extremes] -     -> Result 30Q30_low: Median T = 31.0 (N=3)
2026-07-22 11:57:49,041 - INFO - [storyline.analyze_storyline_discharge_extremes] -   Analyzing 30Q10_high for Fast Jet & Southward Shift (full_year, GWL 2.0)...
2026-07-22 11:57:49,042 - INFO - [storyline.analyze_storyline_discharge_extremes] -     -> Result 30Q10_high: Median T = 10.3 (N=3)
2026-07-22 11:57:49,043 - INFO - [storyline.analyze_storyline_discharge_extremes] -   Analyzing 30Q30_high for Fast Jet & Southward Shift (full_year, GWL 2.0)...
2026-07-22 11:57:49,044 - INFO - [storyline.analyze_storyline_discharge_extremes] -     -> Result 30Q30_high: Median T = 10.3 (N=3)
2026-07-22 11:57:49,045 - INFO - [storyline.analyze_storyline_discharge_extremes] -   Analyzing 7Q10_low for Extreme Models (full_year, GWL 2.0)...
2026-07-22 11:57:49,052 - INFO - [storyline.analyze_storyline_discharge_extremes] -     -> Result 7Q10_low: Median T = 7.0 (N=12)
2026-07-22 11:57:49,052 - INFO - [storyline.analyze_storyline_discharge_extremes] -   Analyzing 7Q30_low for Extreme Models (full_year, GWL 2.0)...
2026-07-22 11:57:49,058 - INFO - [storyline.analyze_storyline_discharge_extremes] -     -> Result 7Q30_low: Median T = 15.5 (N=11)
2026-07-22 11:57:49,059 - INFO - [storyline.analyze_storyline_discharge_extremes] -   Analyzing 7Q10_high for Extreme Models (full_year, GWL 2.0)...
2026-07-22 11:57:49,065 - INFO - [storyline.analyze_storyline_discharge_extremes] -     -> Result 7Q10_high: Median T = 10.3 (N=11)
2026-07-22 11:57:49,065 - INFO - [storyline.analyze_storyline_discharge_extremes] -   Analyzing 7Q30_high for Extreme Models (full_year, GWL 2.0)...
2026-07-22 11:57:49,072 - INFO - [storyline.analyze_storyline_discharge_extremes] -     -> Result 7Q30_high: Median T = 12.9 (N=8)
2026-07-22 11:57:49,072 - INFO - [storyline.analyze_storyline_discharge_extremes] -   Analyzing 30Q10_low for Extreme Models (full_year, GWL 2.0)...
2026-07-22 11:57:49,079 - INFO - [storyline.analyze_storyline_discharge_extremes] -     -> Result 30Q10_low: Median T = 5.7 (N=12)
2026-07-22 11:57:49,079 - INFO - [storyline.analyze_storyline_discharge_extremes] -   Analyzing 30Q30_low for Extreme Models (full_year, GWL 2.0)...
2026-07-22 11:57:49,086 - INFO - [storyline.analyze_storyline_discharge_extremes] -     -> Result 30Q30_low: Median T = 12.9 (N=10)
2026-07-22 11:57:49,086 - INFO - [storyline.analyze_storyline_discharge_extremes] -   Analyzing 30Q10_high for Extreme Models (full_year, GWL 2.0)...
2026-07-22 11:57:49,093 - INFO - [storyline.analyze_storyline_discharge_extremes] -     -> Result 30Q10_high: Median T = 10.3 (N=12)
2026-07-22 11:57:49,093 - INFO - [storyline.analyze_storyline_discharge_extremes] -   Analyzing 30Q30_high for Extreme Models (full_year, GWL 2.0)...
2026-07-22 11:57:49,099 - INFO - [storyline.analyze_storyline_discharge_extremes] -     -> Result 30Q30_high: Median T = 20.7 (N=8)
2026-07-22 11:57:49,099 - INFO - [storyline.analyze_storyline_discharge_extremes] -   Analyzing 7Q10_low for Non-Extreme Models (full_year, GWL 2.0)...
2026-07-22 11:57:49,106 - INFO - [storyline.analyze_storyline_discharge_extremes] -     -> Result 7Q10_low: Median T = 15.5 (N=6)
2026-07-22 11:57:49,106 - INFO - [storyline.analyze_storyline_discharge_extremes] -   Analyzing 7Q30_low for Non-Extreme Models (full_year, GWL 2.0)...
2026-07-22 11:57:49,113 - INFO - [storyline.analyze_storyline_discharge_extremes] -     -> Result 7Q30_low: Median T = 31.0 (N=3)
2026-07-22 11:57:49,113 - INFO - [storyline.analyze_storyline_discharge_extremes] -   Analyzing 7Q10_high for Non-Extreme Models (full_year, GWL 2.0)...
2026-07-22 11:57:49,120 - INFO - [storyline.analyze_storyline_discharge_extremes] -     -> Result 7Q10_high: Median T = 6.5 (N=12)
2026-07-22 11:57:49,120 - INFO - [storyline.analyze_storyline_discharge_extremes] -   Analyzing 7Q30_high for Non-Extreme Models (full_year, GWL 2.0)...
2026-07-22 11:57:49,127 - INFO - [storyline.analyze_storyline_discharge_extremes] -     -> Result 7Q30_high: Median T = 15.5 (N=8)
2026-07-22 11:57:49,127 - INFO - [storyline.analyze_storyline_discharge_extremes] -   Analyzing 30Q10_low for Non-Extreme Models (full_year, GWL 2.0)...
2026-07-22 11:57:49,134 - INFO - [storyline.analyze_storyline_discharge_extremes] -     -> Result 30Q10_low: Median T = 15.5 (N=6)
2026-07-22 11:57:49,134 - INFO - [storyline.analyze_storyline_discharge_extremes] -   Analyzing 30Q30_low for Non-Extreme Models (full_year, GWL 2.0)...
2026-07-22 11:57:49,140 - INFO - [storyline.analyze_storyline_discharge_extremes] -     -> Result 30Q30_low: Median T = 23.2 (N=2)
2026-07-22 11:57:49,140 - INFO - [storyline.analyze_storyline_discharge_extremes] -   Analyzing 30Q10_high for Non-Extreme Models (full_year, GWL 2.0)...
2026-07-22 11:57:49,147 - INFO - [storyline.analyze_storyline_discharge_extremes] -     -> Result 30Q10_high: Median T = 7.0 (N=12)
2026-07-22 11:57:49,148 - INFO - [storyline.analyze_storyline_discharge_extremes] -   Analyzing 30Q30_high for Non-Extreme Models (full_year, GWL 2.0)...
2026-07-22 11:57:49,154 - INFO - [storyline.analyze_storyline_discharge_extremes] -     -> Result 30Q30_high: Median T = 15.5 (N=9)
2026-07-22 11:57:49,154 - INFO - [storyline.analyze_storyline_discharge_extremes] -   Analyzing 7Q10_low for MMM (winter, GWL 3.0)...
2026-07-22 11:57:49,162 - INFO - [storyline.analyze_storyline_discharge_extremes] -     -> Result 7Q10_low: Median T = 8.3 (N=10)
2026-07-22 11:57:49,162 - INFO - [storyline.analyze_storyline_discharge_extremes] -   Analyzing 7Q30_low for MMM (winter, GWL 3.0)...
2026-07-22 11:57:49,168 - INFO - [storyline.analyze_storyline_discharge_extremes] -     -> Result 7Q30_low: Median T = 31.0 (N=8)
2026-07-22 11:57:49,168 - INFO - [storyline.analyze_storyline_discharge_extremes] -   Analyzing 7Q10_high for MMM (winter, GWL 3.0)...
2026-07-22 11:57:49,174 - INFO - [storyline.analyze_storyline_discharge_extremes] -     -> Result 7Q10_high: Median T = 15.5 (N=9)
2026-07-22 11:57:49,174 - INFO - [storyline.analyze_storyline_discharge_extremes] -   Analyzing 7Q30_high for MMM (winter, GWL 3.0)...
2026-07-22 11:57:49,180 - INFO - [storyline.analyze_storyline_discharge_extremes] -     -> Result 7Q30_high: Median T = 31.0 (N=6)
2026-07-22 11:57:49,180 - INFO - [storyline.analyze_storyline_discharge_extremes] -   Analyzing 30Q10_low for MMM (winter, GWL 3.0)...
2026-07-22 11:57:49,187 - INFO - [storyline.analyze_storyline_discharge_extremes] -     -> Result 30Q10_low: Median T = 15.5 (N=11)
2026-07-22 11:57:49,187 - INFO - [storyline.analyze_storyline_discharge_extremes] -   Analyzing 30Q30_low for MMM (winter, GWL 3.0)...
2026-07-22 11:57:49,193 - INFO - [storyline.analyze_storyline_discharge_extremes] -     -> Result 30Q30_low: Median T = 15.5 (N=7)
2026-07-22 11:57:49,193 - INFO - [storyline.analyze_storyline_discharge_extremes] -   Analyzing 30Q10_high for MMM (winter, GWL 3.0)...
2026-07-22 11:57:49,200 - INFO - [storyline.analyze_storyline_discharge_extremes] -     -> Result 30Q10_high: Median T = 15.5 (N=8)
2026-07-22 11:57:49,200 - INFO - [storyline.analyze_storyline_discharge_extremes] -   Analyzing 30Q30_high for MMM (winter, GWL 3.0)...
2026-07-22 11:57:49,206 - INFO - [storyline.analyze_storyline_discharge_extremes] -     -> Result 30Q30_high: Median T = 31.0 (N=5)
2026-07-22 11:57:49,206 - INFO - [storyline.analyze_storyline_discharge_extremes] -   Analyzing 7Q10_low for Slow Jet & Northward Shift (winter, GWL 3.0)...
2026-07-22 11:57:49,209 - INFO - [storyline.analyze_storyline_discharge_extremes] -     -> Result 7Q10_low: Median T = 10.3 (N=5)
2026-07-22 11:57:49,209 - INFO - [storyline.analyze_storyline_discharge_extremes] -   Analyzing 7Q30_low for Slow Jet & Northward Shift (winter, GWL 3.0)...
2026-07-22 11:57:49,212 - INFO - [storyline.analyze_storyline_discharge_extremes] -     -> Result 7Q30_low: Median T = 31.0 (N=3)
2026-07-22 11:57:49,212 - INFO - [storyline.analyze_storyline_discharge_extremes] -   Analyzing 7Q10_high for Slow Jet & Northward Shift (winter, GWL 3.0)...
2026-07-22 11:57:49,215 - INFO - [storyline.analyze_storyline_discharge_extremes] -     -> Result 7Q10_high: Median T = 9.0 (N=4)
2026-07-22 11:57:49,215 - INFO - [storyline.analyze_storyline_discharge_extremes] -   Analyzing 7Q30_high for Slow Jet & Northward Shift (winter, GWL 3.0)...
2026-07-22 11:57:49,218 - INFO - [storyline.analyze_storyline_discharge_extremes] -     -> Result 7Q30_high: Median T = 23.2 (N=4)
2026-07-22 11:57:49,218 - INFO - [storyline.analyze_storyline_discharge_extremes] -   Analyzing 30Q10_low for Slow Jet & Northward Shift (winter, GWL 3.0)...
2026-07-22 11:57:49,221 - INFO - [storyline.analyze_storyline_discharge_extremes] -     -> Result 30Q10_low: Median T = 15.5 (N=5)
2026-07-22 11:57:49,221 - INFO - [storyline.analyze_storyline_discharge_extremes] -   Analyzing 30Q30_low for Slow Jet & Northward Shift (winter, GWL 3.0)...
2026-07-22 11:57:49,224 - INFO - [storyline.analyze_storyline_discharge_extremes] -     -> Result 30Q30_low: Median T = 17.2 (N=2)
2026-07-22 11:57:49,224 - INFO - [storyline.analyze_storyline_discharge_extremes] -   Analyzing 30Q10_high for Slow Jet & Northward Shift (winter, GWL 3.0)...
2026-07-22 11:57:49,227 - INFO - [storyline.analyze_storyline_discharge_extremes] -     -> Result 30Q10_high: Median T = 10.3 (N=4)
2026-07-22 11:57:49,227 - INFO - [storyline.analyze_storyline_discharge_extremes] -   Analyzing 30Q30_high for Slow Jet & Northward Shift (winter, GWL 3.0)...
2026-07-22 11:57:49,230 - INFO - [storyline.analyze_storyline_discharge_extremes] -     -> Result 30Q30_high: Median T = 15.5 (N=3)
2026-07-22 11:57:49,230 - INFO - [storyline.analyze_storyline_discharge_extremes] -   Analyzing 7Q10_low for Fast Jet & Southward Shift (winter, GWL 3.0)...
2026-07-22 11:57:49,233 - INFO - [storyline.analyze_storyline_discharge_extremes] -     -> Result 7Q10_low: Median T = 4.5 (N=4)
2026-07-22 11:57:49,233 - INFO - [storyline.analyze_storyline_discharge_extremes] -   Analyzing 7Q30_low for Fast Jet & Southward Shift (winter, GWL 3.0)...
2026-07-22 11:57:49,235 - INFO - [storyline.analyze_storyline_discharge_extremes] -     -> Result 7Q30_low: Median T = 20.7 (N=4)
2026-07-22 11:57:49,235 - INFO - [storyline.analyze_storyline_discharge_extremes] -   Analyzing 7Q10_high for Fast Jet & Southward Shift (winter, GWL 3.0)...
2026-07-22 11:57:49,238 - INFO - [storyline.analyze_storyline_discharge_extremes] -     -> Result 7Q10_high: Median T = 15.5 (N=3)
2026-07-22 11:57:49,238 - INFO - [storyline.analyze_storyline_discharge_extremes] -   Analyzing 7Q30_high for Fast Jet & Southward Shift (winter, GWL 3.0)...
2026-07-22 11:57:49,240 - INFO - [storyline.analyze_storyline_discharge_extremes] -     -> Result 7Q30_high: Median T = 31.0 (N=2)
2026-07-22 11:57:49,240 - INFO - [storyline.analyze_storyline_discharge_extremes] -   Analyzing 30Q10_low for Fast Jet & Southward Shift (winter, GWL 3.0)...
2026-07-22 11:57:49,243 - INFO - [storyline.analyze_storyline_discharge_extremes] -     -> Result 30Q10_low: Median T = 4.8 (N=4)
2026-07-22 11:57:49,243 - INFO - [storyline.analyze_storyline_discharge_extremes] -   Analyzing 30Q30_low for Fast Jet & Southward Shift (winter, GWL 3.0)...
2026-07-22 11:57:49,245 - INFO - [storyline.analyze_storyline_discharge_extremes] -     -> Result 30Q30_low: Median T = 15.5 (N=4)
2026-07-22 11:57:49,245 - INFO - [storyline.analyze_storyline_discharge_extremes] -   Analyzing 30Q10_high for Fast Jet & Southward Shift (winter, GWL 3.0)...
2026-07-22 11:57:49,247 - INFO - [storyline.analyze_storyline_discharge_extremes] -     -> Result 30Q10_high: Median T = 15.5 (N=2)
2026-07-22 11:57:49,248 - INFO - [storyline.analyze_storyline_discharge_extremes] -   Analyzing 30Q30_high for Fast Jet & Southward Shift (winter, GWL 3.0)...
2026-07-22 11:57:49,250 - INFO - [storyline.analyze_storyline_discharge_extremes] -     -> Result 30Q30_high: Median T = 31.0 (N=1)
2026-07-22 11:57:49,250 - INFO - [storyline.analyze_storyline_discharge_extremes] -   Analyzing 7Q10_low for Extreme Models (winter, GWL 3.0)...
2026-07-22 11:57:49,253 - INFO - [storyline.analyze_storyline_discharge_extremes] -     -> Result 7Q10_low: Median T = 3.9 (N=5)
2026-07-22 11:57:49,253 - INFO - [storyline.analyze_storyline_discharge_extremes] -   Analyzing 7Q30_low for Extreme Models (winter, GWL 3.0)...
2026-07-22 11:57:49,256 - INFO - [storyline.analyze_storyline_discharge_extremes] -     -> Result 7Q30_low: Median T = 10.3 (N=5)
2026-07-22 11:57:49,256 - INFO - [storyline.analyze_storyline_discharge_extremes] -   Analyzing 7Q10_high for Extreme Models (winter, GWL 3.0)...
2026-07-22 11:57:49,259 - INFO - [storyline.analyze_storyline_discharge_extremes] -     -> Result 7Q10_high: Median T = 15.5 (N=3)
2026-07-22 11:57:49,260 - INFO - [storyline.analyze_storyline_discharge_extremes] -   Analyzing 7Q30_high for Extreme Models (winter, GWL 3.0)...
2026-07-22 11:57:49,263 - INFO - [storyline.analyze_storyline_discharge_extremes] -     -> Result 7Q30_high: Median T = 18.1 (N=2)
2026-07-22 11:57:49,263 - INFO - [storyline.analyze_storyline_discharge_extremes] -   Analyzing 30Q10_low for Extreme Models (winter, GWL 3.0)...
2026-07-22 11:57:49,266 - INFO - [storyline.analyze_storyline_discharge_extremes] -     -> Result 30Q10_low: Median T = 4.4 (N=5)
2026-07-22 11:57:49,266 - INFO - [storyline.analyze_storyline_discharge_extremes] -   Analyzing 30Q30_low for Extreme Models (winter, GWL 3.0)...
2026-07-22 11:57:49,268 - INFO - [storyline.analyze_storyline_discharge_extremes] -     -> Result 30Q30_low: Median T = 15.5 (N=5)
2026-07-22 11:57:49,269 - INFO - [storyline.analyze_storyline_discharge_extremes] -   Analyzing 30Q10_high for Extreme Models (winter, GWL 3.0)...
2026-07-22 11:57:49,271 - INFO - [storyline.analyze_storyline_discharge_extremes] -     -> Result 30Q10_high: Median T = 10.0 (N=2)
2026-07-22 11:57:49,272 - INFO - [storyline.analyze_storyline_discharge_extremes] -   Analyzing 30Q30_high for Extreme Models (winter, GWL 3.0)...
2026-07-22 11:57:49,274 - INFO - [storyline.analyze_storyline_discharge_extremes] -     -> Result 30Q30_high: Median T = 6.2 (N=1)
2026-07-22 11:57:49,274 - INFO - [storyline.analyze_storyline_discharge_extremes] -   Analyzing 7Q10_low for Non-Extreme Models (winter, GWL 3.0)...
2026-07-22 11:57:49,277 - INFO - [storyline.analyze_storyline_discharge_extremes] -     -> Result 7Q10_low: Median T = 12.9 (N=4)
2026-07-22 11:57:49,277 - INFO - [storyline.analyze_storyline_discharge_extremes] -   Analyzing 7Q30_low for Non-Extreme Models (winter, GWL 3.0)...
2026-07-22 11:57:49,280 - INFO - [storyline.analyze_storyline_discharge_extremes] -     -> Result 7Q30_low: Median T = 31.0 (N=3)
2026-07-22 11:57:49,280 - INFO - [storyline.analyze_storyline_discharge_extremes] -   Analyzing 7Q10_high for Non-Extreme Models (winter, GWL 3.0)...
2026-07-22 11:57:49,283 - INFO - [storyline.analyze_storyline_discharge_extremes] -     -> Result 7Q10_high: Median T = 15.5 (N=5)
2026-07-22 11:57:49,283 - INFO - [storyline.analyze_storyline_discharge_extremes] -   Analyzing 7Q30_high for Non-Extreme Models (winter, GWL 3.0)...
2026-07-22 11:57:49,286 - INFO - [storyline.analyze_storyline_discharge_extremes] -     -> Result 7Q30_high: Median T = 31.0 (N=3)
2026-07-22 11:57:49,286 - INFO - [storyline.analyze_storyline_discharge_extremes] -   Analyzing 30Q10_low for Non-Extreme Models (winter, GWL 3.0)...
2026-07-22 11:57:49,289 - INFO - [storyline.analyze_storyline_discharge_extremes] -     -> Result 30Q10_low: Median T = 31.0 (N=5)
2026-07-22 11:57:49,289 - INFO - [storyline.analyze_storyline_discharge_extremes] -   Analyzing 30Q30_low for Non-Extreme Models (winter, GWL 3.0)...
2026-07-22 11:57:49,292 - INFO - [storyline.analyze_storyline_discharge_extremes] -     -> Result 30Q30_low: Median T = 31.0 (N=2)
2026-07-22 11:57:49,292 - INFO - [storyline.analyze_storyline_discharge_extremes] -   Analyzing 30Q10_high for Non-Extreme Models (winter, GWL 3.0)...
2026-07-22 11:57:49,295 - INFO - [storyline.analyze_storyline_discharge_extremes] -     -> Result 30Q10_high: Median T = 15.5 (N=5)
2026-07-22 11:57:49,295 - INFO - [storyline.analyze_storyline_discharge_extremes] -   Analyzing 30Q30_high for Non-Extreme Models (winter, GWL 3.0)...
2026-07-22 11:57:49,298 - INFO - [storyline.analyze_storyline_discharge_extremes] -     -> Result 30Q30_high: Median T = 31.0 (N=3)
2026-07-22 11:57:49,298 - INFO - [storyline.analyze_storyline_discharge_extremes] -   Analyzing 7Q10_low for MMM (summer, GWL 3.0)...
2026-07-22 11:57:49,304 - INFO - [storyline.analyze_storyline_discharge_extremes] -     -> Result 7Q10_low: Median T = 10.3 (N=9)
2026-07-22 11:57:49,304 - INFO - [storyline.analyze_storyline_discharge_extremes] -   Analyzing 7Q30_low for MMM (summer, GWL 3.0)...
2026-07-22 11:57:49,310 - INFO - [storyline.analyze_storyline_discharge_extremes] -     -> Result 7Q30_low: Median T = 31.0 (N=8)
2026-07-22 11:57:49,311 - INFO - [storyline.analyze_storyline_discharge_extremes] -   Analyzing 7Q10_high for MMM (summer, GWL 3.0)...
2026-07-22 11:57:49,317 - INFO - [storyline.analyze_storyline_discharge_extremes] -     -> Result 7Q10_high: Median T = 15.5 (N=10)
2026-07-22 11:57:49,317 - INFO - [storyline.analyze_storyline_discharge_extremes] -   Analyzing 7Q30_high for MMM (summer, GWL 3.0)...
2026-07-22 11:57:49,323 - INFO - [storyline.analyze_storyline_discharge_extremes] -     -> Result 7Q30_high: Median T = 15.5 (N=6)
2026-07-22 11:57:49,323 - INFO - [storyline.analyze_storyline_discharge_extremes] -   Analyzing 30Q10_low for MMM (summer, GWL 3.0)...
2026-07-22 11:57:49,329 - INFO - [storyline.analyze_storyline_discharge_extremes] -     -> Result 30Q10_low: Median T = 7.8 (N=9)
2026-07-22 11:57:49,329 - INFO - [storyline.analyze_storyline_discharge_extremes] -   Analyzing 30Q30_low for MMM (summer, GWL 3.0)...
2026-07-22 11:57:49,335 - INFO - [storyline.analyze_storyline_discharge_extremes] -     -> Result 30Q30_low: Median T = 31.0 (N=8)
2026-07-22 11:57:49,335 - INFO - [storyline.analyze_storyline_discharge_extremes] -   Analyzing 30Q10_high for MMM (summer, GWL 3.0)...
2026-07-22 11:57:49,342 - INFO - [storyline.analyze_storyline_discharge_extremes] -     -> Result 30Q10_high: Median T = 10.3 (N=9)
2026-07-22 11:57:49,342 - INFO - [storyline.analyze_storyline_discharge_extremes] -   Analyzing 30Q30_high for MMM (summer, GWL 3.0)...
2026-07-22 11:57:49,348 - INFO - [storyline.analyze_storyline_discharge_extremes] -     -> Result 30Q30_high: Median T = 15.5 (N=6)
2026-07-22 11:57:49,348 - INFO - [storyline.analyze_storyline_discharge_extremes] -   Analyzing 7Q10_low for Fast Jet & Northward Shift (summer, GWL 3.0)...
2026-07-22 11:57:49,349 - INFO - [storyline.analyze_storyline_discharge_extremes] -     -> Result 7Q10_low: Median T = 12.9 (N=2)
2026-07-22 11:57:49,349 - INFO - [storyline.analyze_storyline_discharge_extremes] -   Analyzing 7Q30_low for Fast Jet & Northward Shift (summer, GWL 3.0)...
2026-07-22 11:57:49,350 - INFO - [storyline.analyze_storyline_discharge_extremes] -     -> Result 7Q30_low: Median T = 31.0 (N=2)
2026-07-22 11:57:49,350 - INFO - [storyline.analyze_storyline_discharge_extremes] -   Analyzing 7Q10_high for Fast Jet & Northward Shift (summer, GWL 3.0)...
2026-07-22 11:57:49,352 - INFO - [storyline.analyze_storyline_discharge_extremes] -     -> Result 7Q10_high: Median T = 20.7 (N=2)
2026-07-22 11:57:49,352 - INFO - [storyline.analyze_storyline_discharge_extremes] -   Analyzing 7Q30_high for Fast Jet & Northward Shift (summer, GWL 3.0)...
2026-07-22 11:57:49,353 - INFO - [storyline.analyze_storyline_discharge_extremes] -     -> Result 7Q30_high: Median T = 23.2 (N=2)
2026-07-22 11:57:49,353 - INFO - [storyline.analyze_storyline_discharge_extremes] -   Analyzing 30Q10_low for Fast Jet & Northward Shift (summer, GWL 3.0)...
2026-07-22 11:57:49,354 - INFO - [storyline.analyze_storyline_discharge_extremes] -     -> Result 30Q10_low: Median T = 6.5 (N=2)
2026-07-22 11:57:49,354 - INFO - [storyline.analyze_storyline_discharge_extremes] -   Analyzing 30Q30_low for Fast Jet & Northward Shift (summer, GWL 3.0)...
2026-07-22 11:57:49,356 - INFO - [storyline.analyze_storyline_discharge_extremes] -     -> Result 30Q30_low: Median T = 23.2 (N=2)
2026-07-22 11:57:49,356 - INFO - [storyline.analyze_storyline_discharge_extremes] -   Analyzing 30Q10_high for Fast Jet & Northward Shift (summer, GWL 3.0)...
2026-07-22 11:57:49,357 - INFO - [storyline.analyze_storyline_discharge_extremes] -     -> Result 30Q10_high: Median T = 18.6 (N=2)
2026-07-22 11:57:49,357 - INFO - [storyline.analyze_storyline_discharge_extremes] -   Analyzing 30Q30_high for Fast Jet & Northward Shift (summer, GWL 3.0)...
2026-07-22 11:57:49,359 - INFO - [storyline.analyze_storyline_discharge_extremes] -     -> Result 30Q30_high: Median T = 7.8 (N=1)
2026-07-22 11:57:49,359 - INFO - [storyline.analyze_storyline_discharge_extremes] -   Analyzing 7Q10_low for Slow Jet & Northward Shift (summer, GWL 3.0)...
2026-07-22 11:57:49,360 - INFO - [storyline.analyze_storyline_discharge_extremes] -     -> Result 7Q10_low: Median T = 20.7 (N=2)
2026-07-22 11:57:49,360 - INFO - [storyline.analyze_storyline_discharge_extremes] -   Analyzing 7Q30_low for Slow Jet & Northward Shift (summer, GWL 3.0)...
2026-07-22 11:57:49,361 - INFO - [storyline.analyze_storyline_discharge_extremes] -     -> Result 7Q30_low: Median T = 31.0 (N=2)
2026-07-22 11:57:49,361 - INFO - [storyline.analyze_storyline_discharge_extremes] -   Analyzing 7Q10_high for Slow Jet & Northward Shift (summer, GWL 3.0)...
2026-07-22 11:57:49,363 - INFO - [storyline.analyze_storyline_discharge_extremes] -     -> Result 7Q10_high: Median T = 10.0 (N=2)
2026-07-22 11:57:49,363 - INFO - [storyline.analyze_storyline_discharge_extremes] -   Analyzing 7Q30_high for Slow Jet & Northward Shift (summer, GWL 3.0)...
2026-07-22 11:57:49,364 - INFO - [storyline.analyze_storyline_discharge_extremes] -     -> Result 7Q30_high: Median T = 10.3 (N=1)
2026-07-22 11:57:49,364 - INFO - [storyline.analyze_storyline_discharge_extremes] -   Analyzing 30Q10_low for Slow Jet & Northward Shift (summer, GWL 3.0)...
2026-07-22 11:57:49,365 - INFO - [storyline.analyze_storyline_discharge_extremes] -     -> Result 30Q10_low: Median T = 20.7 (N=2)
2026-07-22 11:57:49,365 - INFO - [storyline.analyze_storyline_discharge_extremes] -   Analyzing 30Q30_low for Slow Jet & Northward Shift (summer, GWL 3.0)...
2026-07-22 11:57:49,367 - INFO - [storyline.analyze_storyline_discharge_extremes] -     -> Result 30Q30_low: Median T = 31.0 (N=2)
2026-07-22 11:57:49,367 - INFO - [storyline.analyze_storyline_discharge_extremes] -   Analyzing 30Q10_high for Slow Jet & Northward Shift (summer, GWL 3.0)...
2026-07-22 11:57:49,368 - INFO - [storyline.analyze_storyline_discharge_extremes] -     -> Result 30Q10_high: Median T = 6.2 (N=1)
2026-07-22 11:57:49,368 - INFO - [storyline.analyze_storyline_discharge_extremes] -   Analyzing 30Q30_high for Slow Jet & Northward Shift (summer, GWL 3.0)...
2026-07-22 11:57:49,369 - INFO - [storyline.analyze_storyline_discharge_extremes] -     -> Result 30Q30_high: Median T = 15.5 (N=1)
2026-07-22 11:57:49,369 - INFO - [storyline.analyze_storyline_discharge_extremes] -   Analyzing 7Q10_low for Slow Jet & Southward Shift (summer, GWL 3.0)...
2026-07-22 11:57:49,371 - INFO - [storyline.analyze_storyline_discharge_extremes] -     -> Result 7Q10_low: Median T = 7.8 (N=1)
2026-07-22 11:57:49,371 - INFO - [storyline.analyze_storyline_discharge_extremes] -   Analyzing 7Q30_low for Slow Jet & Southward Shift (summer, GWL 3.0)...
2026-07-22 11:57:49,372 - INFO - [storyline.analyze_storyline_discharge_extremes] -     -> Result 7Q30_low: Median T = 31.0 (N=1)
2026-07-22 11:57:49,372 - INFO - [storyline.analyze_storyline_discharge_extremes] -   Analyzing 7Q10_high for Slow Jet & Southward Shift (summer, GWL 3.0)...
2026-07-22 11:57:49,374 - INFO - [storyline.analyze_storyline_discharge_extremes] -     -> Result 7Q10_high: Median T = 23.2 (N=2)
2026-07-22 11:57:49,374 - INFO - [storyline.analyze_storyline_discharge_extremes] -   Analyzing 7Q30_high for Slow Jet & Southward Shift (summer, GWL 3.0)...
2026-07-22 11:57:49,375 - INFO - [storyline.analyze_storyline_discharge_extremes] -     -> Result 7Q30_high: Median T = 31.0 (N=1)
2026-07-22 11:57:49,375 - INFO - [storyline.analyze_storyline_discharge_extremes] -   Analyzing 30Q10_low for Slow Jet & Southward Shift (summer, GWL 3.0)...
2026-07-22 11:57:49,376 - INFO - [storyline.analyze_storyline_discharge_extremes] -     -> Result 30Q10_low: Median T = 5.2 (N=1)
2026-07-22 11:57:49,376 - INFO - [storyline.analyze_storyline_discharge_extremes] -   Analyzing 30Q30_low for Slow Jet & Southward Shift (summer, GWL 3.0)...
2026-07-22 11:57:49,378 - INFO - [storyline.analyze_storyline_discharge_extremes] -     -> Result 30Q30_low: Median T = 15.5 (N=1)
2026-07-22 11:57:49,378 - INFO - [storyline.analyze_storyline_discharge_extremes] -   Analyzing 30Q10_high for Slow Jet & Southward Shift (summer, GWL 3.0)...
2026-07-22 11:57:49,379 - INFO - [storyline.analyze_storyline_discharge_extremes] -     -> Result 30Q10_high: Median T = 7.8 (N=2)
2026-07-22 11:57:49,379 - INFO - [storyline.analyze_storyline_discharge_extremes] -   Analyzing 30Q30_high for Slow Jet & Southward Shift (summer, GWL 3.0)...
2026-07-22 11:57:49,381 - INFO - [storyline.analyze_storyline_discharge_extremes] -     -> Result 30Q30_high: Median T = 31.0 (N=2)
2026-07-22 11:57:49,381 - INFO - [storyline.analyze_storyline_discharge_extremes] -   Analyzing 7Q10_low for Fast Jet & Southward Shift (summer, GWL 3.0)...
2026-07-22 11:57:49,382 - INFO - [storyline.analyze_storyline_discharge_extremes] -     -> Result 7Q10_low: Median T = 31.0 (N=2)
2026-07-22 11:57:49,382 - INFO - [storyline.analyze_storyline_discharge_extremes] -   Analyzing 7Q30_low for Fast Jet & Southward Shift (summer, GWL 3.0)...
2026-07-22 11:57:49,384 - INFO - [storyline.analyze_storyline_discharge_extremes] -     -> Result 7Q30_low: Median T = 31.0 (N=1)
2026-07-22 11:57:49,384 - INFO - [storyline.analyze_storyline_discharge_extremes] -   Analyzing 7Q10_high for Fast Jet & Southward Shift (summer, GWL 3.0)...
2026-07-22 11:57:49,385 - INFO - [storyline.analyze_storyline_discharge_extremes] -     -> Result 7Q10_high: Median T = 19.4 (N=2)
2026-07-22 11:57:49,385 - INFO - [storyline.analyze_storyline_discharge_extremes] -   Analyzing 7Q30_high for Fast Jet & Southward Shift (summer, GWL 3.0)...
2026-07-22 11:57:49,386 - INFO - [storyline.analyze_storyline_discharge_extremes] -     -> Result 7Q30_high: Median T = 10.3 (N=1)
2026-07-22 11:57:49,387 - INFO - [storyline.analyze_storyline_discharge_extremes] -   Analyzing 30Q10_low for Fast Jet & Southward Shift (summer, GWL 3.0)...
2026-07-22 11:57:49,388 - INFO - [storyline.analyze_storyline_discharge_extremes] -     -> Result 30Q10_low: Median T = 31.0 (N=2)
2026-07-22 11:57:49,388 - INFO - [storyline.analyze_storyline_discharge_extremes] -   Analyzing 30Q30_low for Fast Jet & Southward Shift (summer, GWL 3.0)...
2026-07-22 11:57:49,389 - INFO - [storyline.analyze_storyline_discharge_extremes] -     -> Result 30Q30_low: Median T = 31.0 (N=1)
2026-07-22 11:57:49,389 - INFO - [storyline.analyze_storyline_discharge_extremes] -   Analyzing 30Q10_high for Fast Jet & Southward Shift (summer, GWL 3.0)...
2026-07-22 11:57:49,390 - INFO - [storyline.analyze_storyline_discharge_extremes] -     -> Result 30Q10_high: Median T = 18.1 (N=2)
2026-07-22 11:57:49,390 - INFO - [storyline.analyze_storyline_discharge_extremes] -   Analyzing 30Q30_high for Fast Jet & Southward Shift (summer, GWL 3.0)...
2026-07-22 11:57:49,392 - INFO - [storyline.analyze_storyline_discharge_extremes] -     -> Result 30Q30_high: Median T = 10.3 (N=1)
2026-07-22 11:57:49,392 - INFO - [storyline.analyze_storyline_discharge_extremes] -   Analyzing 7Q10_low for Extreme Models (summer, GWL 3.0)...
2026-07-22 11:57:49,395 - INFO - [storyline.analyze_storyline_discharge_extremes] -     -> Result 7Q10_low: Median T = 10.3 (N=5)
2026-07-22 11:57:49,395 - INFO - [storyline.analyze_storyline_discharge_extremes] -   Analyzing 7Q30_low for Extreme Models (summer, GWL 3.0)...
2026-07-22 11:57:49,398 - INFO - [storyline.analyze_storyline_discharge_extremes] -     -> Result 7Q30_low: Median T = 31.0 (N=5)
2026-07-22 11:57:49,399 - INFO - [storyline.analyze_storyline_discharge_extremes] -   Analyzing 7Q10_high for Extreme Models (summer, GWL 3.0)...
2026-07-22 11:57:49,402 - INFO - [storyline.analyze_storyline_discharge_extremes] -     -> Result 7Q10_high: Median T = 31.0 (N=4)
2026-07-22 11:57:49,402 - INFO - [storyline.analyze_storyline_discharge_extremes] -   Analyzing 7Q30_high for Extreme Models (summer, GWL 3.0)...
2026-07-22 11:57:49,406 - INFO - [storyline.analyze_storyline_discharge_extremes] -     -> Result 7Q30_high: Median T = 23.2 (N=2)
2026-07-22 11:57:49,406 - INFO - [storyline.analyze_storyline_discharge_extremes] -   Analyzing 30Q10_low for Extreme Models (summer, GWL 3.0)...
2026-07-22 11:57:49,409 - INFO - [storyline.analyze_storyline_discharge_extremes] -     -> Result 30Q10_low: Median T = 5.2 (N=5)
2026-07-22 11:57:49,409 - INFO - [storyline.analyze_storyline_discharge_extremes] -   Analyzing 30Q30_low for Extreme Models (summer, GWL 3.0)...
2026-07-22 11:57:49,412 - INFO - [storyline.analyze_storyline_discharge_extremes] -     -> Result 30Q30_low: Median T = 15.5 (N=5)
2026-07-22 11:57:49,413 - INFO - [storyline.analyze_storyline_discharge_extremes] -   Analyzing 30Q10_high for Extreme Models (summer, GWL 3.0)...
2026-07-22 11:57:49,416 - INFO - [storyline.analyze_storyline_discharge_extremes] -     -> Result 30Q10_high: Median T = 20.7 (N=4)
2026-07-22 11:57:49,416 - INFO - [storyline.analyze_storyline_discharge_extremes] -   Analyzing 30Q30_high for Extreme Models (summer, GWL 3.0)...
2026-07-22 11:57:49,419 - INFO - [storyline.analyze_storyline_discharge_extremes] -     -> Result 30Q30_high: Median T = 19.4 (N=2)
2026-07-22 11:57:49,419 - INFO - [storyline.analyze_storyline_discharge_extremes] -   Analyzing 7Q10_low for Non-Extreme Models (summer, GWL 3.0)...
2026-07-22 11:57:49,422 - INFO - [storyline.analyze_storyline_discharge_extremes] -     -> Result 7Q10_low: Median T = 31.0 (N=3)
2026-07-22 11:57:49,422 - INFO - [storyline.analyze_storyline_discharge_extremes] -   Analyzing 7Q30_low for Non-Extreme Models (summer, GWL 3.0)...
2026-07-22 11:57:49,425 - INFO - [storyline.analyze_storyline_discharge_extremes] -     -> Result 7Q30_low: Median T = 31.0 (N=2)
2026-07-22 11:57:49,425 - INFO - [storyline.analyze_storyline_discharge_extremes] -   Analyzing 7Q10_high for Non-Extreme Models (summer, GWL 3.0)...
2026-07-22 11:57:49,428 - INFO - [storyline.analyze_storyline_discharge_extremes] -     -> Result 7Q10_high: Median T = 7.8 (N=5)
2026-07-22 11:57:49,428 - INFO - [storyline.analyze_storyline_discharge_extremes] -   Analyzing 7Q30_high for Non-Extreme Models (summer, GWL 3.0)...
2026-07-22 11:57:49,431 - INFO - [storyline.analyze_storyline_discharge_extremes] -     -> Result 7Q30_high: Median T = 12.9 (N=4)
2026-07-22 11:57:49,431 - INFO - [storyline.analyze_storyline_discharge_extremes] -   Analyzing 30Q10_low for Non-Extreme Models (summer, GWL 3.0)...
2026-07-22 11:57:49,435 - INFO - [storyline.analyze_storyline_discharge_extremes] -     -> Result 30Q10_low: Median T = 31.0 (N=3)
2026-07-22 11:57:49,435 - INFO - [storyline.analyze_storyline_discharge_extremes] -   Analyzing 30Q30_low for Non-Extreme Models (summer, GWL 3.0)...
2026-07-22 11:57:49,438 - INFO - [storyline.analyze_storyline_discharge_extremes] -     -> Result 30Q30_low: Median T = 31.0 (N=2)
2026-07-22 11:57:49,438 - INFO - [storyline.analyze_storyline_discharge_extremes] -   Analyzing 30Q10_high for Non-Extreme Models (summer, GWL 3.0)...
2026-07-22 11:57:49,441 - INFO - [storyline.analyze_storyline_discharge_extremes] -     -> Result 30Q10_high: Median T = 6.2 (N=5)
2026-07-22 11:57:49,441 - INFO - [storyline.analyze_storyline_discharge_extremes] -   Analyzing 30Q30_high for Non-Extreme Models (summer, GWL 3.0)...
2026-07-22 11:57:49,444 - INFO - [storyline.analyze_storyline_discharge_extremes] -     -> Result 30Q30_high: Median T = 15.5 (N=4)
2026-07-22 11:57:49,444 - INFO - [storyline.analyze_storyline_discharge_extremes] -   Analyzing 7Q10_low for MMM (full_year, GWL 3.0)...
2026-07-22 11:57:49,451 - INFO - [storyline.analyze_storyline_discharge_extremes] -     -> Result 7Q10_low: Median T = 8.3 (N=10)
2026-07-22 11:57:49,451 - INFO - [storyline.analyze_storyline_discharge_extremes] -   Analyzing 7Q30_low for MMM (full_year, GWL 3.0)...
2026-07-22 11:57:49,457 - INFO - [storyline.analyze_storyline_discharge_extremes] -     -> Result 7Q30_low: Median T = 23.2 (N=8)
2026-07-22 11:57:49,457 - INFO - [storyline.analyze_storyline_discharge_extremes] -   Analyzing 7Q10_high for MMM (full_year, GWL 3.0)...
2026-07-22 11:57:49,463 - INFO - [storyline.analyze_storyline_discharge_extremes] -     -> Result 7Q10_high: Median T = 10.3 (N=10)
2026-07-22 11:57:49,463 - INFO - [storyline.analyze_storyline_discharge_extremes] -   Analyzing 7Q30_high for MMM (full_year, GWL 3.0)...
2026-07-22 11:57:49,469 - INFO - [storyline.analyze_storyline_discharge_extremes] -     -> Result 7Q30_high: Median T = 20.7 (N=8)
2026-07-22 11:57:49,469 - INFO - [storyline.analyze_storyline_discharge_extremes] -   Analyzing 30Q10_low for MMM (full_year, GWL 3.0)...
2026-07-22 11:57:49,476 - INFO - [storyline.analyze_storyline_discharge_extremes] -     -> Result 30Q10_low: Median T = 6.2 (N=11)
2026-07-22 11:57:49,476 - INFO - [storyline.analyze_storyline_discharge_extremes] -   Analyzing 30Q30_low for MMM (full_year, GWL 3.0)...
2026-07-22 11:57:49,482 - INFO - [storyline.analyze_storyline_discharge_extremes] -     -> Result 30Q30_low: Median T = 12.9 (N=8)
2026-07-22 11:57:49,482 - INFO - [storyline.analyze_storyline_discharge_extremes] -   Analyzing 30Q10_high for MMM (full_year, GWL 3.0)...
2026-07-22 11:57:49,488 - INFO - [storyline.analyze_storyline_discharge_extremes] -     -> Result 30Q10_high: Median T = 6.2 (N=9)
2026-07-22 11:57:49,488 - INFO - [storyline.analyze_storyline_discharge_extremes] -   Analyzing 30Q30_high for MMM (full_year, GWL 3.0)...
2026-07-22 11:57:49,494 - INFO - [storyline.analyze_storyline_discharge_extremes] -     -> Result 30Q30_high: Median T = 15.5 (N=8)
2026-07-22 11:57:49,494 - INFO - [storyline.analyze_storyline_discharge_extremes] -   Analyzing 7Q10_low for Slow Jet & Northward Shift (full_year, GWL 3.0)...
2026-07-22 11:57:49,497 - INFO - [storyline.analyze_storyline_discharge_extremes] -     -> Result 7Q10_low: Median T = 10.3 (N=5)
2026-07-22 11:57:49,497 - INFO - [storyline.analyze_storyline_discharge_extremes] -   Analyzing 7Q30_low for Slow Jet & Northward Shift (full_year, GWL 3.0)...
2026-07-22 11:57:49,500 - INFO - [storyline.analyze_storyline_discharge_extremes] -     -> Result 7Q30_low: Median T = 31.0 (N=3)
2026-07-22 11:57:49,500 - INFO - [storyline.analyze_storyline_discharge_extremes] -   Analyzing 7Q10_high for Slow Jet & Northward Shift (full_year, GWL 3.0)...
2026-07-22 11:57:49,504 - INFO - [storyline.analyze_storyline_discharge_extremes] -     -> Result 7Q10_high: Median T = 4.2 (N=4)
2026-07-22 11:57:49,504 - INFO - [storyline.analyze_storyline_discharge_extremes] -   Analyzing 7Q30_high for Slow Jet & Northward Shift (full_year, GWL 3.0)...
2026-07-22 11:57:49,507 - INFO - [storyline.analyze_storyline_discharge_extremes] -     -> Result 7Q30_high: Median T = 9.0 (N=4)
2026-07-22 11:57:49,507 - INFO - [storyline.analyze_storyline_discharge_extremes] -   Analyzing 30Q10_low for Slow Jet & Northward Shift (full_year, GWL 3.0)...
2026-07-22 11:57:49,510 - INFO - [storyline.analyze_storyline_discharge_extremes] -     -> Result 30Q10_low: Median T = 15.5 (N=5)
2026-07-22 11:57:49,510 - INFO - [storyline.analyze_storyline_discharge_extremes] -   Analyzing 30Q30_low for Slow Jet & Northward Shift (full_year, GWL 3.0)...
2026-07-22 11:57:49,512 - INFO - [storyline.analyze_storyline_discharge_extremes] -     -> Result 30Q30_low: Median T = 31.0 (N=3)
2026-07-22 11:57:49,513 - INFO - [storyline.analyze_storyline_discharge_extremes] -   Analyzing 30Q10_high for Slow Jet & Northward Shift (full_year, GWL 3.0)...
2026-07-22 11:57:49,515 - INFO - [storyline.analyze_storyline_discharge_extremes] -     -> Result 30Q10_high: Median T = 5.7 (N=4)
2026-07-22 11:57:49,515 - INFO - [storyline.analyze_storyline_discharge_extremes] -   Analyzing 30Q30_high for Slow Jet & Northward Shift (full_year, GWL 3.0)...
2026-07-22 11:57:49,519 - INFO - [storyline.analyze_storyline_discharge_extremes] -     -> Result 30Q30_high: Median T = 12.9 (N=4)
2026-07-22 11:57:49,519 - INFO - [storyline.analyze_storyline_discharge_extremes] -   Analyzing 7Q10_low for Fast Jet & Southward Shift (full_year, GWL 3.0)...
2026-07-22 11:57:49,522 - INFO - [storyline.analyze_storyline_discharge_extremes] -     -> Result 7Q10_low: Median T = 4.5 (N=4)
2026-07-22 11:57:49,522 - INFO - [storyline.analyze_storyline_discharge_extremes] -   Analyzing 7Q30_low for Fast Jet & Southward Shift (full_year, GWL 3.0)...
2026-07-22 11:57:49,524 - INFO - [storyline.analyze_storyline_discharge_extremes] -     -> Result 7Q30_low: Median T = 12.9 (N=4)
2026-07-22 11:57:49,524 - INFO - [storyline.analyze_storyline_discharge_extremes] -   Analyzing 7Q10_high for Fast Jet & Southward Shift (full_year, GWL 3.0)...
2026-07-22 11:57:49,526 - INFO - [storyline.analyze_storyline_discharge_extremes] -     -> Result 7Q10_high: Median T = 10.3 (N=4)
2026-07-22 11:57:49,526 - INFO - [storyline.analyze_storyline_discharge_extremes] -   Analyzing 7Q30_high for Fast Jet & Southward Shift (full_year, GWL 3.0)...
2026-07-22 11:57:49,529 - INFO - [storyline.analyze_storyline_discharge_extremes] -     -> Result 7Q30_high: Median T = 19.4 (N=2)
2026-07-22 11:57:49,529 - INFO - [storyline.analyze_storyline_discharge_extremes] -   Analyzing 30Q10_low for Fast Jet & Southward Shift (full_year, GWL 3.0)...
2026-07-22 11:57:49,531 - INFO - [storyline.analyze_storyline_discharge_extremes] -     -> Result 30Q10_low: Median T = 4.2 (N=4)
2026-07-22 11:57:49,531 - INFO - [storyline.analyze_storyline_discharge_extremes] -   Analyzing 30Q30_low for Fast Jet & Southward Shift (full_year, GWL 3.0)...
2026-07-22 11:57:49,534 - INFO - [storyline.analyze_storyline_discharge_extremes] -     -> Result 30Q30_low: Median T = 12.9 (N=4)
2026-07-22 11:57:49,534 - INFO - [storyline.analyze_storyline_discharge_extremes] -   Analyzing 30Q10_high for Fast Jet & Southward Shift (full_year, GWL 3.0)...
2026-07-22 11:57:49,536 - INFO - [storyline.analyze_storyline_discharge_extremes] -     -> Result 30Q10_high: Median T = 10.3 (N=3)
2026-07-22 11:57:49,536 - INFO - [storyline.analyze_storyline_discharge_extremes] -   Analyzing 30Q30_high for Fast Jet & Southward Shift (full_year, GWL 3.0)...
2026-07-22 11:57:49,539 - INFO - [storyline.analyze_storyline_discharge_extremes] -     -> Result 30Q30_high: Median T = 19.4 (N=2)
2026-07-22 11:57:49,539 - INFO - [storyline.analyze_storyline_discharge_extremes] -   Analyzing 7Q10_low for Extreme Models (full_year, GWL 3.0)...
2026-07-22 11:57:49,542 - INFO - [storyline.analyze_storyline_discharge_extremes] -     -> Result 7Q10_low: Median T = 3.9 (N=5)
2026-07-22 11:57:49,542 - INFO - [storyline.analyze_storyline_discharge_extremes] -   Analyzing 7Q30_low for Extreme Models (full_year, GWL 3.0)...
2026-07-22 11:57:49,545 - INFO - [storyline.analyze_storyline_discharge_extremes] -     -> Result 7Q30_low: Median T = 10.3 (N=5)
2026-07-22 11:57:49,545 - INFO - [storyline.analyze_storyline_discharge_extremes] -   Analyzing 7Q10_high for Extreme Models (full_year, GWL 3.0)...
2026-07-22 11:57:49,548 - INFO - [storyline.analyze_storyline_discharge_extremes] -     -> Result 7Q10_high: Median T = 10.3 (N=4)
2026-07-22 11:57:49,548 - INFO - [storyline.analyze_storyline_discharge_extremes] -   Analyzing 7Q30_high for Extreme Models (full_year, GWL 3.0)...
2026-07-22 11:57:49,551 - INFO - [storyline.analyze_storyline_discharge_extremes] -     -> Result 7Q30_high: Median T = 17.7 (N=2)
2026-07-22 11:57:49,551 - INFO - [storyline.analyze_storyline_discharge_extremes] -   Analyzing 30Q10_low for Extreme Models (full_year, GWL 3.0)...
2026-07-22 11:57:49,554 - INFO - [storyline.analyze_storyline_discharge_extremes] -     -> Result 30Q10_low: Median T = 3.9 (N=5)
2026-07-22 11:57:49,554 - INFO - [storyline.analyze_storyline_discharge_extremes] -   Analyzing 30Q30_low for Extreme Models (full_year, GWL 3.0)...
2026-07-22 11:57:49,557 - INFO - [storyline.analyze_storyline_discharge_extremes] -     -> Result 30Q30_low: Median T = 10.3 (N=5)
2026-07-22 11:57:49,557 - INFO - [storyline.analyze_storyline_discharge_extremes] -   Analyzing 30Q10_high for Extreme Models (full_year, GWL 3.0)...
2026-07-22 11:57:49,560 - INFO - [storyline.analyze_storyline_discharge_extremes] -     -> Result 30Q10_high: Median T = 10.3 (N=3)
2026-07-22 11:57:49,560 - INFO - [storyline.analyze_storyline_discharge_extremes] -   Analyzing 30Q30_high for Extreme Models (full_year, GWL 3.0)...
2026-07-22 11:57:49,562 - INFO - [storyline.analyze_storyline_discharge_extremes] -     -> Result 30Q30_high: Median T = 17.7 (N=2)
2026-07-22 11:57:49,562 - INFO - [storyline.analyze_storyline_discharge_extremes] -   Analyzing 7Q10_low for Non-Extreme Models (full_year, GWL 3.0)...
2026-07-22 11:57:49,565 - INFO - [storyline.analyze_storyline_discharge_extremes] -     -> Result 7Q10_low: Median T = 12.9 (N=4)
2026-07-22 11:57:49,565 - INFO - [storyline.analyze_storyline_discharge_extremes] -   Analyzing 7Q30_low for Non-Extreme Models (full_year, GWL 3.0)...
2026-07-22 11:57:49,568 - INFO - [storyline.analyze_storyline_discharge_extremes] -     -> Result 7Q30_low: Median T = 31.0 (N=3)
2026-07-22 11:57:49,568 - INFO - [storyline.analyze_storyline_discharge_extremes] -   Analyzing 7Q10_high for Non-Extreme Models (full_year, GWL 3.0)...
2026-07-22 11:57:49,571 - INFO - [storyline.analyze_storyline_discharge_extremes] -     -> Result 7Q10_high: Median T = 4.4 (N=5)
2026-07-22 11:57:49,571 - INFO - [storyline.analyze_storyline_discharge_extremes] -   Analyzing 7Q30_high for Non-Extreme Models (full_year, GWL 3.0)...
2026-07-22 11:57:49,574 - INFO - [storyline.analyze_storyline_discharge_extremes] -     -> Result 7Q30_high: Median T = 10.3 (N=5)
2026-07-22 11:57:49,574 - INFO - [storyline.analyze_storyline_discharge_extremes] -   Analyzing 30Q10_low for Non-Extreme Models (full_year, GWL 3.0)...
2026-07-22 11:57:49,577 - INFO - [storyline.analyze_storyline_discharge_extremes] -     -> Result 30Q10_low: Median T = 15.5 (N=5)
2026-07-22 11:57:49,577 - INFO - [storyline.analyze_storyline_discharge_extremes] -   Analyzing 30Q30_low for Non-Extreme Models (full_year, GWL 3.0)...
2026-07-22 11:57:49,580 - INFO - [storyline.analyze_storyline_discharge_extremes] -     -> Result 30Q30_low: Median T = 31.0 (N=3)
2026-07-22 11:57:49,580 - INFO - [storyline.analyze_storyline_discharge_extremes] -   Analyzing 30Q10_high for Non-Extreme Models (full_year, GWL 3.0)...
2026-07-22 11:57:49,583 - INFO - [storyline.analyze_storyline_discharge_extremes] -     -> Result 30Q10_high: Median T = 5.2 (N=5)
2026-07-22 11:57:49,583 - INFO - [storyline.analyze_storyline_discharge_extremes] -   Analyzing 30Q30_high for Non-Extreme Models (full_year, GWL 3.0)...
2026-07-22 11:57:49,586 - INFO - [storyline.analyze_storyline_discharge_extremes] -     -> Result 30Q30_high: Median T = 15.5 (N=5)
2026-07-22 11:57:49,586 - INFO - [visualization.plot_storyline_return_period_half_year] - Plotting POOLED GEV return period (6-row, 9-col, Full-Year-MMM) for ssp245...
2026-07-22 11:57:51,241 - INFO - [visualization.plot_storyline_return_period_half_year] - Applying shared column X-limits (Low-Flow and High-Flow separately)...
2026-07-22 11:57:54,704 - INFO - [visualization.plot_storyline_return_period_half_year] - Saved REORGANIZED return period plot (6-row, Empirical, Full-Year-MMM) to /nas/home/vlw/Desktop/STREAM/paper1-plots/storyline_discharge_return_period_BY_EVENT_ssp245.png
2026-07-22 11:57:54,705 - INFO - [visualization.plot_historical_seasonal_verification] - Plotting seasonal verification bar chart (Historical + Future GWLs)...
2026-07-22 11:57:55,166 - INFO - [visualization.plot_historical_seasonal_verification] - Saved seasonal verification plot to /nas/home/vlw/Desktop/STREAM/paper1-plots/historical_seasonal_verification_ssp245.png
2026-07-22 11:57:55,167 - INFO - [visualization.plot_core_finding_gev_panel] - Plotting Figure 3 (Core Finding Empirical Panel) with BROKEN AXIS for ssp245...
2026-07-22 11:57:55,626 - INFO - [visualization.plot_core_finding_gev_panel] - Saved Figure 3 to /nas/home/vlw/Desktop/STREAM/paper1-plots/Figure3_core_finding_regime_shift_ssp245.png
2026-07-22 11:57:55,626 - INFO - [visualization.plot_final_figure_2_shift_and_verification] - Plotting Final Figure 2 (Combined Shift and Verification) for ssp245...
2026-07-22 11:57:56,587 - INFO - [visualization.plot_final_figure_2_shift_and_verification] - Saved Final Figure 2 to /nas/home/vlw/Desktop/STREAM/paper1-plots/final_figure_2_regime_shift_and_verification_ssp245.png and /nas/home/vlw/Desktop/STREAM/paper1-plots/final_figure_2_regime_shift_and_verification_ssp245.pdf
2026-07-22 11:57:56,588 - INFO - [main.run_full_analysis] - Discharge extreme events plot not found or requested to recreate. Creating...
2026-07-22 11:57:56,588 - INFO - [visualization.plot_discharge_events_extreme_timeseries] - Plotting extreme discharge events timeseries for ssp245...
2026-07-22 11:57:57,099 - INFO - [visualization.plot_discharge_events_extreme_timeseries] - Saved extreme discharge events timeseries plot to /nas/home/vlw/Desktop/STREAM/paper1-plots/storyline_discharge_events_extremes_ssp245.png
2026-07-22 11:57:57,100 - INFO - [main.run_full_analysis] - PSL composite plot for GWL 2.0, Winter already exists.
2026-07-22 11:57:57,100 - INFO - [main.run_full_analysis] - PSL composite plot for GWL 2.0, Summer already exists.
2026-07-22 11:57:57,101 - INFO - [main.run_full_analysis] - PSL composite plot for GWL 3.0, Winter already exists.
2026-07-22 11:57:57,101 - INFO - [main.run_full_analysis] - PSL composite plot for GWL 3.0, Summer already exists.
2026-07-22 11:57:57,102 - INFO - [main.run_full_analysis] - PR composite plots already exist, but calculating data for missing Final Figure 4...
2026-07-22 11:57:57,103 - INFO - [storyline.calculate_pr_composites_for_extremes] - Calculating PR composites for event '30Q10_low' at GWL +2.0°C, Season=Winter (Top/Bottom 12 models)...
2026-07-22 11:57:57,103 - INFO - [storyline.calculate_pr_composites_for_extremes] - [PR DEBUG] Keys for ACCESS-CM2_ssp245: ['1Q_low_winter', '1Q_high_winter', '7Q_low_winter', '7Q_high_winter', '30Q_low_winter', '30Q_high_winter', '1Q_low_summer', '1Q_high_summer', '7Q_low_summer', '7Q_high_summer', '30Q_low_summer', '30Q_high_summer', '1Q_low_full_year', '1Q_high_full_year', '7Q_low_full_year', '7Q_high_full_year', '30Q_low_full_year', '30Q_high_full_year', 'Mar_discharge', 'Apr_discharge', 'May_discharge', 'Sep_discharge', 'Oct_discharge', 'Nov_discharge', 'DJF_JetSpeed', 'DJF_JetLat', 'DJF_pr', 'DJF_tas', 'DJF_discharge', 'JJA_JetSpeed', 'JJA_JetLat', 'JJA_pr', 'JJA_tas', 'JJA_discharge', 'Hydro_Winter_JetSpeed', 'Hydro_Winter_JetLat', 'Hydro_Summer_JetSpeed', 'Hydro_Summer_JetLat', 'Annual_tas', 'Annual_pr', 'Annual_discharge', 'Annual_spei']
2026-07-22 11:57:57,119 - INFO - [storyline.calculate_pr_composites_for_extremes] -   Calculated Return Periods for 25 models.
2026-07-22 11:57:57,139 - INFO - [storyline.calculate_pr_composites_for_extremes] -   PR Extreme Models (Shortest T): ['ACCESS-ESM1-5_ssp245', 'KACE-1-0-G_ssp245', 'MPI-ESM1-2-HR_ssp245', 'NorESM2-MM_ssp245', 'CESM2_ssp245', 'HadGEM3-GC31-LL_ssp245', 'INM-CM4-8_ssp245', 'MIROC6_ssp245', 'CMCC-ESM2_ssp245', 'CESM2-WACCM_ssp245', 'EC-Earth3_ssp245', 'INM-CM5-0_ssp245']
2026-07-22 11:57:57,139 - INFO - [storyline.calculate_pr_composites_for_extremes] -   PR Non-Extreme Models (Longest T): ['KIOST-ESM_ssp245', 'UKESM1-0-LL_ssp245', 'CMCC-CM2-SR5_ssp245', 'EC-Earth3-CC_ssp245', 'ACCESS-CM2_ssp245', 'CanESM5_ssp245', 'EC-Earth3-Veg-LR_ssp245', 'GFDL-ESM4_ssp245', 'IITM-ESM_ssp245', 'MIROC-ES2L_ssp245', 'MPI-ESM1-2-LR_ssp245', 'MRI-ESM2-0_ssp245']
2026-07-22 11:57:58,594 - INFO - [storyline.find_cmip6_pr_file] - Including non-standard file to fill gap: pr_Amon_CESM2_ssp245_r4i1p1f1_gn_20150115-21001215_regridded.nc
2026-07-22 11:57:58,797 - INFO - [storyline.find_cmip6_pr_file] - Including non-standard file to fill gap: pr_Amon_HadGEM3-GC31-LL_ssp245_r1i1p1f3_gn_20150116-21001216_regridded.nc
2026-07-22 11:58:01,493 - INFO - [storyline.find_cmip6_pr_file] - Selected PR file member 'r1i1p1f2' for UKESM1-0-LL (ssp245) from available in dir: ['r13i1p1f2', 'r1i1p1f2']
2026-07-22 11:58:01,493 - INFO - [storyline.find_cmip6_pr_file] - Including non-standard file to fill gap: pr_Amon_UKESM1-0-LL_ssp245_r1i1p1f2_gn_20150116-21001216_regridded.nc
2026-07-22 11:58:04,052 - INFO - [storyline.find_cmip6_pr_file] - Including non-standard file to fill gap: pr_Amon_EC-Earth3-Veg-LR_ssp245_r1i1p1f1_gr_20240116-20241216_regridded.nc
2026-07-22 11:58:05,658 - INFO - [storyline.find_cmip6_pr_file] - Including non-standard file to fill gap: pr_Amon_MIROC-ES2L_ssp245_r1i1p1f2_gn_20150116-21001216_regridded.nc
2026-07-22 11:58:06,165 - INFO - [storyline.find_cmip6_pr_file] - Including non-standard file to fill gap: pr_Amon_MRI-ESM2-0_ssp245_r1i1p1f1_gn_20150116-21001216_regridded.nc
2026-07-22 11:58:06,341 - INFO - [storyline.find_cmip6_pr_historical_file] - Selected historical PR member 'r1i1p1f1' for ACCESS-ESM1-5 from available: ['r1i1p1f1']
2026-07-22 11:58:06,535 - INFO - [storyline.find_cmip6_pr_historical_file] - Selected historical PR member 'r1i1p1f1' for KACE-1-0-G from available: ['r1i1p1f1']
2026-07-22 11:58:06,841 - INFO - [storyline.find_cmip6_pr_historical_file] - Selected historical PR member 'r1i1p1f1' for MPI-ESM1-2-HR from available: ['r1i1p1f1']
2026-07-22 11:58:06,842 - INFO - [storyline.find_cmip6_pr_historical_file] - Including non-standard historical PR file to fill gap: pr_Amon_MPI-ESM1-2-HR_historical_r1i1p1f1_gn_19000116-19041216_regridded.nc
2026-07-22 11:58:07,645 - INFO - [storyline.find_cmip6_pr_historical_file] - Selected historical PR member 'r1i1p1f1' for NorESM2-MM from available: ['r1i1p1f1']
2026-07-22 11:58:08,178 - INFO - [storyline.find_cmip6_pr_historical_file] - Selected historical PR member 'r1i1p1f1' for CESM2 from available: ['r1i1p1f1']
2026-07-22 11:58:08,378 - INFO - [storyline.find_cmip6_pr_historical_file] - Selected historical PR member 'r1i1p1f3' for HadGEM3-GC31-LL from available: ['r1i1p1f3']
2026-07-22 11:58:08,378 - INFO - [storyline.find_cmip6_pr_historical_file] - Including non-standard historical PR file to fill gap: pr_Amon_HadGEM3-GC31-LL_historical_r1i1p1f3_gn_18500116-20141216_regridded.nc
2026-07-22 11:58:08,595 - INFO - [storyline.find_cmip6_pr_historical_file] - Selected historical PR member 'r1i1p1f1' for INM-CM4-8 from available: ['r1i1p1f1']
2026-07-22 11:58:08,908 - INFO - [storyline.find_cmip6_pr_historical_file] - Selected historical PR member 'r1i1p1f1' for MIROC6 from available: ['r1i1p1f1']
2026-07-22 11:58:09,190 - INFO - [storyline.find_cmip6_pr_historical_file] - Selected historical PR member 'r1i1p1f1' for CMCC-ESM2 from available: ['r1i1p1f1']
2026-07-22 11:58:09,387 - INFO - [storyline.find_cmip6_pr_historical_file] - Selected historical PR member 'r1i1p1f1' for CESM2-WACCM from available: ['r1i1p1f1']
2026-07-22 11:58:09,607 - INFO - [storyline.find_cmip6_pr_historical_file] - Selected historical PR member 'r1i1p1f1' for EC-Earth3 from available: ['r1i1p1f1']
2026-07-22 11:58:11,417 - INFO - [storyline.find_cmip6_pr_historical_file] - Selected historical PR member 'r1i1p1f1' for INM-CM5-0 from available: ['r1i1p1f1']
2026-07-22 11:58:11,790 - INFO - [storyline.find_cmip6_pr_historical_file] - Selected historical PR member 'r1i1p1f1' for KIOST-ESM from available: ['r1i1p1f1']
2026-07-22 11:58:12,081 - INFO - [storyline.find_cmip6_pr_historical_file] - Selected historical PR member 'r1i1p1f2' for UKESM1-0-LL from available: ['r13i1p1f2', 'r1i1p1f2']
2026-07-22 11:58:12,082 - INFO - [storyline.find_cmip6_pr_historical_file] - Including non-standard historical PR file to fill gap: pr_Amon_UKESM1-0-LL_historical_r1i1p1f2_gn_18500116-20141216_regridded.nc
2026-07-22 11:58:12,396 - INFO - [storyline.find_cmip6_pr_historical_file] - Selected historical PR member 'r1i1p1f1' for CMCC-CM2-SR5 from available: ['r1i1p1f1']
2026-07-22 11:58:12,609 - INFO - [storyline.find_cmip6_pr_historical_file] - Selected historical PR member 'r1i1p1f1' for EC-Earth3-CC from available: ['r1i1p1f1']
2026-07-22 11:58:14,008 - INFO - [storyline.find_cmip6_pr_historical_file] - Selected historical PR member 'r1i1p1f1' for ACCESS-CM2 from available: ['r1i1p1f1']
2026-07-22 11:58:14,197 - INFO - [storyline.find_cmip6_pr_historical_file] - Selected historical PR member 'r1i1p1f1' for CanESM5 from available: ['r1i1p1f1']
2026-07-22 11:58:14,412 - INFO - [storyline.find_cmip6_pr_historical_file] - Selected historical PR member 'r1i1p1f1' for EC-Earth3-Veg-LR from available: ['r1i1p1f1']
2026-07-22 11:58:15,757 - INFO - [storyline.find_cmip6_pr_historical_file] - Selected historical PR member 'r1i1p1f1' for GFDL-ESM4 from available: ['r1i1p1f1']
2026-07-22 11:58:15,757 - INFO - [storyline.find_cmip6_pr_historical_file] - Including non-standard historical PR file to fill gap: pr_Amon_GFDL-ESM4_historical_r1i1p1f1_gr1_18500116-20141216_regridded.nc
2026-07-22 11:58:15,939 - INFO - [storyline.find_cmip6_pr_historical_file] - Selected historical PR member 'r1i1p1f1' for IITM-ESM from available: ['r1i1p1f1']
2026-07-22 11:58:16,283 - INFO - [storyline.find_cmip6_pr_historical_file] - Selected historical PR member 'r1i1p1f2' for MIROC-ES2L from available: ['r1i1p1f2']
2026-07-22 11:58:16,283 - INFO - [storyline.find_cmip6_pr_historical_file] - Including non-standard historical PR file to fill gap: pr_Amon_MIROC-ES2L_historical_r1i1p1f2_gn_18500116-20141216_regridded.nc
2026-07-22 11:58:16,609 - INFO - [storyline.find_cmip6_pr_historical_file] - Selected historical PR member 'r1i1p1f1' for MPI-ESM1-2-LR from available: ['r1i1p1f1']
2026-07-22 11:58:17,251 - INFO - [storyline.find_cmip6_pr_historical_file] - Selected historical PR member 'r1i1p1f1' for MRI-ESM2-0 from available: ['r1i1p1f1']
2026-07-22 11:58:17,251 - INFO - [storyline.find_cmip6_pr_historical_file] - Including non-standard historical PR file to fill gap: pr_Amon_MRI-ESM2-0_historical_r1i1p1f1_gn_18500116-20141216_regridded.nc
2026-07-22 11:58:17,528 - INFO - [storyline.find_cmip6_pr_historical_file] - Selected historical PR member 'r1i1p1f1' for ACCESS-CM2 from available: ['r1i1p1f1']
2026-07-22 11:58:17,745 - INFO - [storyline.find_cmip6_pr_historical_file] - Selected historical PR member 'r1i1p1f1' for ACCESS-ESM1-5 from available: ['r1i1p1f1']
2026-07-22 11:58:17,972 - INFO - [storyline.find_cmip6_pr_historical_file] - Selected historical PR member 'r1i1p1f1' for CESM2 from available: ['r1i1p1f1']
2026-07-22 11:58:18,185 - INFO - [storyline.find_cmip6_pr_historical_file] - Selected historical PR member 'r1i1p1f1' for CESM2-WACCM from available: ['r1i1p1f1']
2026-07-22 11:58:18,401 - INFO - [storyline.find_cmip6_pr_historical_file] - Selected historical PR member 'r1i1p1f1' for CMCC-CM2-SR5 from available: ['r1i1p1f1']
2026-07-22 11:58:18,611 - INFO - [storyline.find_cmip6_pr_historical_file] - Selected historical PR member 'r1i1p1f1' for CMCC-ESM2 from available: ['r1i1p1f1']
2026-07-22 11:58:18,822 - INFO - [storyline.find_cmip6_pr_historical_file] - Selected historical PR member 'r1i1p1f1' for CanESM5 from available: ['r1i1p1f1']
2026-07-22 11:58:19,031 - INFO - [storyline.find_cmip6_pr_historical_file] - Selected historical PR member 'r1i1p1f1' for EC-Earth3-CC from available: ['r1i1p1f1']
2026-07-22 11:58:20,310 - INFO - [storyline.find_cmip6_pr_historical_file] - Selected historical PR member 'r1i1p1f1' for EC-Earth3-Veg-LR from available: ['r1i1p1f1']
2026-07-22 11:58:21,542 - INFO - [storyline.find_cmip6_pr_historical_file] - Selected historical PR member 'r1i1p1f1' for EC-Earth3 from available: ['r1i1p1f1']
2026-07-22 11:58:23,065 - INFO - [storyline.find_cmip6_pr_historical_file] - Selected historical PR member 'r1i1p1f1' for GFDL-ESM4 from available: ['r1i1p1f1']
2026-07-22 11:58:23,065 - INFO - [storyline.find_cmip6_pr_historical_file] - Including non-standard historical PR file to fill gap: pr_Amon_GFDL-ESM4_historical_r1i1p1f1_gr1_18500116-20141216_regridded.nc
2026-07-22 11:58:23,244 - INFO - [storyline.find_cmip6_pr_historical_file] - Selected historical PR member 'r1i1p1f3' for HadGEM3-GC31-LL from available: ['r1i1p1f3']
2026-07-22 11:58:23,244 - INFO - [storyline.find_cmip6_pr_historical_file] - Including non-standard historical PR file to fill gap: pr_Amon_HadGEM3-GC31-LL_historical_r1i1p1f3_gn_18500116-20141216_regridded.nc
2026-07-22 11:58:23,445 - INFO - [storyline.find_cmip6_pr_historical_file] - Selected historical PR member 'r1i1p1f1' for IITM-ESM from available: ['r1i1p1f1']
2026-07-22 11:58:23,795 - INFO - [storyline.find_cmip6_pr_historical_file] - Selected historical PR member 'r1i1p1f1' for INM-CM4-8 from available: ['r1i1p1f1']
2026-07-22 11:58:24,041 - INFO - [storyline.find_cmip6_pr_historical_file] - Selected historical PR member 'r1i1p1f1' for INM-CM5-0 from available: ['r1i1p1f1']
2026-07-22 11:58:24,282 - INFO - [storyline.find_cmip6_pr_historical_file] - Selected historical PR member 'r1i1p1f1' for IPSL-CM6A-LR from available: ['r1i1p1f1']
2026-07-22 11:58:24,566 - INFO - [storyline.find_cmip6_pr_historical_file] - Selected historical PR member 'r1i1p1f1' for KACE-1-0-G from available: ['r1i1p1f1']
2026-07-22 11:58:24,775 - INFO - [storyline.find_cmip6_pr_historical_file] - Selected historical PR member 'r1i1p1f1' for KIOST-ESM from available: ['r1i1p1f1']
2026-07-22 11:58:24,980 - INFO - [storyline.find_cmip6_pr_historical_file] - Selected historical PR member 'r1i1p1f2' for MIROC-ES2L from available: ['r1i1p1f2']
2026-07-22 11:58:24,980 - INFO - [storyline.find_cmip6_pr_historical_file] - Including non-standard historical PR file to fill gap: pr_Amon_MIROC-ES2L_historical_r1i1p1f2_gn_18500116-20141216_regridded.nc
2026-07-22 11:58:25,170 - INFO - [storyline.find_cmip6_pr_historical_file] - Selected historical PR member 'r1i1p1f1' for MIROC6 from available: ['r1i1p1f1']
2026-07-22 11:58:25,389 - INFO - [storyline.find_cmip6_pr_historical_file] - Selected historical PR member 'r1i1p1f1' for MPI-ESM1-2-HR from available: ['r1i1p1f1']
2026-07-22 11:58:25,389 - INFO - [storyline.find_cmip6_pr_historical_file] - Including non-standard historical PR file to fill gap: pr_Amon_MPI-ESM1-2-HR_historical_r1i1p1f1_gn_19000116-19041216_regridded.nc
2026-07-22 11:58:25,855 - INFO - [storyline.find_cmip6_pr_historical_file] - Selected historical PR member 'r1i1p1f1' for MPI-ESM1-2-LR from available: ['r1i1p1f1']
2026-07-22 11:58:26,136 - INFO - [storyline.find_cmip6_pr_historical_file] - Selected historical PR member 'r1i1p1f1' for MRI-ESM2-0 from available: ['r1i1p1f1']
2026-07-22 11:58:26,136 - INFO - [storyline.find_cmip6_pr_historical_file] - Including non-standard historical PR file to fill gap: pr_Amon_MRI-ESM2-0_historical_r1i1p1f1_gn_18500116-20141216_regridded.nc
2026-07-22 11:58:26,343 - INFO - [storyline.find_cmip6_pr_historical_file] - Selected historical PR member 'r1i1p1f1' for NorESM2-MM from available: ['r1i1p1f1']
2026-07-22 11:58:26,694 - INFO - [storyline.find_cmip6_pr_historical_file] - Selected historical PR member 'r1i1p1f2' for UKESM1-0-LL from available: ['r13i1p1f2', 'r1i1p1f2']
2026-07-22 11:58:26,695 - INFO - [storyline.find_cmip6_pr_historical_file] - Including non-standard historical PR file to fill gap: pr_Amon_UKESM1-0-LL_historical_r1i1p1f2_gn_18500116-20141216_regridded.nc
2026-07-22 11:58:26,898 - INFO - [storyline.calculate_pr_composites_for_extremes] -   PR Future Extreme Models (N=12): ['ACCESS-ESM1-5_ssp245', 'KACE-1-0-G_ssp245', 'MPI-ESM1-2-HR_ssp245', 'NorESM2-MM_ssp245', 'CESM2_ssp245', 'HadGEM3-GC31-LL_ssp245', 'INM-CM4-8_ssp245', 'MIROC6_ssp245', 'CMCC-ESM2_ssp245', 'CESM2-WACCM_ssp245', 'EC-Earth3_ssp245', 'INM-CM5-0_ssp245']
2026-07-22 11:58:26,898 - INFO - [storyline.calculate_pr_composites_for_extremes] -   PR Future Non-Extreme Models (N=12): ['KIOST-ESM_ssp245', 'UKESM1-0-LL_ssp245', 'CMCC-CM2-SR5_ssp245', 'EC-Earth3-CC_ssp245', 'ACCESS-CM2_ssp245', 'CanESM5_ssp245', 'EC-Earth3-Veg-LR_ssp245', 'GFDL-ESM4_ssp245', 'IITM-ESM_ssp245', 'MIROC-ES2L_ssp245', 'MPI-ESM1-2-LR_ssp245', 'MRI-ESM2-0_ssp245']
2026-07-22 11:58:26,898 - INFO - [storyline.calculate_pr_composites_for_extremes] -   PR Historical Extreme Models (N=12): ['ACCESS-ESM1-5_ssp245', 'KACE-1-0-G_ssp245', 'MPI-ESM1-2-HR_ssp245', 'NorESM2-MM_ssp245', 'CESM2_ssp245', 'HadGEM3-GC31-LL_ssp245', 'INM-CM4-8_ssp245', 'MIROC6_ssp245', 'CMCC-ESM2_ssp245', 'CESM2-WACCM_ssp245', 'EC-Earth3_ssp245', 'INM-CM5-0_ssp245']
2026-07-22 11:58:26,899 - INFO - [storyline.calculate_pr_composites_for_extremes] -   PR Historical Non-Extreme Models (N=12): ['KIOST-ESM_ssp245', 'UKESM1-0-LL_ssp245', 'CMCC-CM2-SR5_ssp245', 'EC-Earth3-CC_ssp245', 'ACCESS-CM2_ssp245', 'CanESM5_ssp245', 'EC-Earth3-Veg-LR_ssp245', 'GFDL-ESM4_ssp245', 'IITM-ESM_ssp245', 'MIROC-ES2L_ssp245', 'MPI-ESM1-2-LR_ssp245', 'MRI-ESM2-0_ssp245']
2026-07-22 11:58:27,549 - INFO - [main.run_full_analysis] - PR composite plots already exist, but calculating data for missing Final Figure 4...
2026-07-22 11:58:27,549 - INFO - [storyline.calculate_pr_composites_for_extremes] - Calculating PR composites for event '30Q10_low' at GWL +2.0°C, Season=Summer (Top/Bottom 12 models)...
2026-07-22 11:58:27,549 - INFO - [storyline.calculate_pr_composites_for_extremes] - [PR DEBUG] Keys for ACCESS-CM2_ssp245: ['1Q_low_winter', '1Q_high_winter', '7Q_low_winter', '7Q_high_winter', '30Q_low_winter', '30Q_high_winter', '1Q_low_summer', '1Q_high_summer', '7Q_low_summer', '7Q_high_summer', '30Q_low_summer', '30Q_high_summer', '1Q_low_full_year', '1Q_high_full_year', '7Q_low_full_year', '7Q_high_full_year', '30Q_low_full_year', '30Q_high_full_year', 'Mar_discharge', 'Apr_discharge', 'May_discharge', 'Sep_discharge', 'Oct_discharge', 'Nov_discharge', 'DJF_JetSpeed', 'DJF_JetLat', 'DJF_pr', 'DJF_tas', 'DJF_discharge', 'JJA_JetSpeed', 'JJA_JetLat', 'JJA_pr', 'JJA_tas', 'JJA_discharge', 'Hydro_Winter_JetSpeed', 'Hydro_Winter_JetLat', 'Hydro_Summer_JetSpeed', 'Hydro_Summer_JetLat', 'Annual_tas', 'Annual_pr', 'Annual_discharge', 'Annual_spei']
2026-07-22 11:58:27,564 - INFO - [storyline.calculate_pr_composites_for_extremes] -   Calculated Return Periods for 25 models.
2026-07-22 11:58:27,584 - INFO - [storyline.calculate_pr_composites_for_extremes] -   PR Extreme Models (Shortest T): ['MPI-ESM1-2-HR_ssp245', 'HadGEM3-GC31-LL_ssp245', 'NorESM2-MM_ssp245', 'ACCESS-ESM1-5_ssp245', 'CESM2_ssp245', 'KACE-1-0-G_ssp245', 'CMCC-CM2-SR5_ssp245', 'INM-CM4-8_ssp245', 'KIOST-ESM_ssp245', 'UKESM1-0-LL_ssp245', 'ACCESS-CM2_ssp245', 'CESM2-WACCM_ssp245']
2026-07-22 11:58:27,585 - INFO - [storyline.calculate_pr_composites_for_extremes] -   PR Non-Extreme Models (Longest T): ['INM-CM5-0_ssp245', 'IPSL-CM6A-LR_ssp245', 'MIROC-ES2L_ssp245', 'MIROC6_ssp245', 'CMCC-ESM2_ssp245', 'CanESM5_ssp245', 'EC-Earth3-Veg-LR_ssp245', 'EC-Earth3_ssp245', 'GFDL-ESM4_ssp245', 'IITM-ESM_ssp245', 'MPI-ESM1-2-LR_ssp245', 'MRI-ESM2-0_ssp245']
2026-07-22 11:58:28,118 - INFO - [storyline.find_cmip6_pr_file] - Including non-standard file to fill gap: pr_Amon_HadGEM3-GC31-LL_ssp245_r1i1p1f3_gn_20150116-21001216_regridded.nc
2026-07-22 11:58:28,567 - INFO - [storyline.find_cmip6_pr_file] - Including non-standard file to fill gap: pr_Amon_CESM2_ssp245_r4i1p1f1_gn_20150115-21001215_regridded.nc
2026-07-22 11:58:29,235 - INFO - [storyline.find_cmip6_pr_file] - Selected PR file member 'r1i1p1f2' for UKESM1-0-LL (ssp245) from available in dir: ['r13i1p1f2', 'r1i1p1f2']
2026-07-22 11:58:29,235 - INFO - [storyline.find_cmip6_pr_file] - Including non-standard file to fill gap: pr_Amon_UKESM1-0-LL_ssp245_r1i1p1f2_gn_20150116-21001216_regridded.nc
2026-07-22 11:58:29,983 - INFO - [storyline.find_cmip6_pr_file] - Including non-standard file to fill gap: pr_Amon_MIROC-ES2L_ssp245_r1i1p1f2_gn_20150116-21001216_regridded.nc
2026-07-22 11:58:30,516 - INFO - [storyline.find_cmip6_pr_file] - Including non-standard file to fill gap: pr_Amon_EC-Earth3-Veg-LR_ssp245_r1i1p1f1_gr_20240116-20241216_regridded.nc
2026-07-22 11:58:32,352 - INFO - [storyline.find_cmip6_pr_file] - Including non-standard file to fill gap: pr_Amon_MRI-ESM2-0_ssp245_r1i1p1f1_gn_20150116-21001216_regridded.nc
2026-07-22 11:58:32,490 - INFO - [storyline.find_cmip6_pr_historical_file] - Selected historical PR member 'r1i1p1f1' for MPI-ESM1-2-HR from available: ['r1i1p1f1']
2026-07-22 11:58:32,491 - INFO - [storyline.find_cmip6_pr_historical_file] - Including non-standard historical PR file to fill gap: pr_Amon_MPI-ESM1-2-HR_historical_r1i1p1f1_gn_19000116-19041216_regridded.nc
2026-07-22 11:58:32,926 - INFO - [storyline.find_cmip6_pr_historical_file] - Selected historical PR member 'r1i1p1f3' for HadGEM3-GC31-LL from available: ['r1i1p1f3']
2026-07-22 11:58:32,926 - INFO - [storyline.find_cmip6_pr_historical_file] - Including non-standard historical PR file to fill gap: pr_Amon_HadGEM3-GC31-LL_historical_r1i1p1f3_gn_18500116-20141216_regridded.nc
2026-07-22 11:58:33,115 - INFO - [storyline.find_cmip6_pr_historical_file] - Selected historical PR member 'r1i1p1f1' for NorESM2-MM from available: ['r1i1p1f1']
2026-07-22 11:58:33,454 - INFO - [storyline.find_cmip6_pr_historical_file] - Selected historical PR member 'r1i1p1f1' for ACCESS-ESM1-5 from available: ['r1i1p1f1']
2026-07-22 11:58:33,655 - INFO - [storyline.find_cmip6_pr_historical_file] - Selected historical PR member 'r1i1p1f1' for CESM2 from available: ['r1i1p1f1']
2026-07-22 11:58:34,119 - INFO - [storyline.find_cmip6_pr_historical_file] - Selected historical PR member 'r1i1p1f1' for KACE-1-0-G from available: ['r1i1p1f1']
2026-07-22 11:58:34,325 - INFO - [storyline.find_cmip6_pr_historical_file] - Selected historical PR member 'r1i1p1f1' for CMCC-CM2-SR5 from available: ['r1i1p1f1']
2026-07-22 11:58:34,529 - INFO - [storyline.find_cmip6_pr_historical_file] - Selected historical PR member 'r1i1p1f1' for INM-CM4-8 from available: ['r1i1p1f1']
2026-07-22 11:58:34,783 - INFO - [storyline.find_cmip6_pr_historical_file] - Selected historical PR member 'r1i1p1f1' for KIOST-ESM from available: ['r1i1p1f1']
2026-07-22 11:58:34,983 - INFO - [storyline.find_cmip6_pr_historical_file] - Selected historical PR member 'r1i1p1f2' for UKESM1-0-LL from available: ['r13i1p1f2', 'r1i1p1f2']
2026-07-22 11:58:34,983 - INFO - [storyline.find_cmip6_pr_historical_file] - Including non-standard historical PR file to fill gap: pr_Amon_UKESM1-0-LL_historical_r1i1p1f2_gn_18500116-20141216_regridded.nc
2026-07-22 11:58:35,186 - INFO - [storyline.find_cmip6_pr_historical_file] - Selected historical PR member 'r1i1p1f1' for ACCESS-CM2 from available: ['r1i1p1f1']
2026-07-22 11:58:35,400 - INFO - [storyline.find_cmip6_pr_historical_file] - Selected historical PR member 'r1i1p1f1' for CESM2-WACCM from available: ['r1i1p1f1']
2026-07-22 11:58:35,612 - INFO - [storyline.find_cmip6_pr_historical_file] - Selected historical PR member 'r1i1p1f1' for INM-CM5-0 from available: ['r1i1p1f1']
2026-07-22 11:58:35,843 - INFO - [storyline.find_cmip6_pr_historical_file] - Selected historical PR member 'r1i1p1f1' for IPSL-CM6A-LR from available: ['r1i1p1f1']
2026-07-22 11:58:36,051 - INFO - [storyline.find_cmip6_pr_historical_file] - Selected historical PR member 'r1i1p1f2' for MIROC-ES2L from available: ['r1i1p1f2']
2026-07-22 11:58:36,051 - INFO - [storyline.find_cmip6_pr_historical_file] - Including non-standard historical PR file to fill gap: pr_Amon_MIROC-ES2L_historical_r1i1p1f2_gn_18500116-20141216_regridded.nc
2026-07-22 11:58:36,256 - INFO - [storyline.find_cmip6_pr_historical_file] - Selected historical PR member 'r1i1p1f1' for MIROC6 from available: ['r1i1p1f1']
2026-07-22 11:58:36,497 - INFO - [storyline.find_cmip6_pr_historical_file] - Selected historical PR member 'r1i1p1f1' for CMCC-ESM2 from available: ['r1i1p1f1']
2026-07-22 11:58:36,702 - INFO - [storyline.find_cmip6_pr_historical_file] - Selected historical PR member 'r1i1p1f1' for CanESM5 from available: ['r1i1p1f1']
2026-07-22 11:58:36,909 - INFO - [storyline.find_cmip6_pr_historical_file] - Selected historical PR member 'r1i1p1f1' for EC-Earth3-Veg-LR from available: ['r1i1p1f1']
2026-07-22 11:58:38,216 - INFO - [storyline.find_cmip6_pr_historical_file] - Selected historical PR member 'r1i1p1f1' for EC-Earth3 from available: ['r1i1p1f1']
2026-07-22 11:58:39,729 - INFO - [storyline.find_cmip6_pr_historical_file] - Selected historical PR member 'r1i1p1f1' for GFDL-ESM4 from available: ['r1i1p1f1']
2026-07-22 11:58:39,729 - INFO - [storyline.find_cmip6_pr_historical_file] - Including non-standard historical PR file to fill gap: pr_Amon_GFDL-ESM4_historical_r1i1p1f1_gr1_18500116-20141216_regridded.nc
2026-07-22 11:58:39,911 - INFO - [storyline.find_cmip6_pr_historical_file] - Selected historical PR member 'r1i1p1f1' for IITM-ESM from available: ['r1i1p1f1']
2026-07-22 11:58:40,253 - INFO - [storyline.find_cmip6_pr_historical_file] - Selected historical PR member 'r1i1p1f1' for MPI-ESM1-2-LR from available: ['r1i1p1f1']
2026-07-22 11:58:40,535 - INFO - [storyline.find_cmip6_pr_historical_file] - Selected historical PR member 'r1i1p1f1' for MRI-ESM2-0 from available: ['r1i1p1f1']
2026-07-22 11:58:40,536 - INFO - [storyline.find_cmip6_pr_historical_file] - Including non-standard historical PR file to fill gap: pr_Amon_MRI-ESM2-0_historical_r1i1p1f1_gn_18500116-20141216_regridded.nc
2026-07-22 11:58:40,745 - INFO - [storyline.find_cmip6_pr_historical_file] - Selected historical PR member 'r1i1p1f1' for ACCESS-CM2 from available: ['r1i1p1f1']
2026-07-22 11:58:40,943 - INFO - [storyline.find_cmip6_pr_historical_file] - Selected historical PR member 'r1i1p1f1' for ACCESS-ESM1-5 from available: ['r1i1p1f1']
2026-07-22 11:58:41,146 - INFO - [storyline.find_cmip6_pr_historical_file] - Selected historical PR member 'r1i1p1f1' for CESM2 from available: ['r1i1p1f1']
2026-07-22 11:58:41,349 - INFO - [storyline.find_cmip6_pr_historical_file] - Selected historical PR member 'r1i1p1f1' for CESM2-WACCM from available: ['r1i1p1f1']
2026-07-22 11:58:41,552 - INFO - [storyline.find_cmip6_pr_historical_file] - Selected historical PR member 'r1i1p1f1' for CMCC-CM2-SR5 from available: ['r1i1p1f1']
2026-07-22 11:58:41,756 - INFO - [storyline.find_cmip6_pr_historical_file] - Selected historical PR member 'r1i1p1f1' for CMCC-ESM2 from available: ['r1i1p1f1']
2026-07-22 11:58:41,960 - INFO - [storyline.find_cmip6_pr_historical_file] - Selected historical PR member 'r1i1p1f1' for CanESM5 from available: ['r1i1p1f1']
2026-07-22 11:58:42,165 - INFO - [storyline.find_cmip6_pr_historical_file] - Selected historical PR member 'r1i1p1f1' for EC-Earth3-CC from available: ['r1i1p1f1']
2026-07-22 11:58:43,439 - INFO - [storyline.find_cmip6_pr_historical_file] - Selected historical PR member 'r1i1p1f1' for EC-Earth3-Veg-LR from available: ['r1i1p1f1']
2026-07-22 11:58:44,915 - INFO - [storyline.find_cmip6_pr_historical_file] - Selected historical PR member 'r1i1p1f1' for EC-Earth3 from available: ['r1i1p1f1']
2026-07-22 11:58:46,106 - INFO - [storyline.find_cmip6_pr_historical_file] - Selected historical PR member 'r1i1p1f1' for GFDL-ESM4 from available: ['r1i1p1f1']
2026-07-22 11:58:46,106 - INFO - [storyline.find_cmip6_pr_historical_file] - Including non-standard historical PR file to fill gap: pr_Amon_GFDL-ESM4_historical_r1i1p1f1_gr1_18500116-20141216_regridded.nc
2026-07-22 11:58:46,284 - INFO - [storyline.find_cmip6_pr_historical_file] - Selected historical PR member 'r1i1p1f3' for HadGEM3-GC31-LL from available: ['r1i1p1f3']
2026-07-22 11:58:46,284 - INFO - [storyline.find_cmip6_pr_historical_file] - Including non-standard historical PR file to fill gap: pr_Amon_HadGEM3-GC31-LL_historical_r1i1p1f3_gn_18500116-20141216_regridded.nc
2026-07-22 11:58:46,485 - INFO - [storyline.find_cmip6_pr_historical_file] - Selected historical PR member 'r1i1p1f1' for IITM-ESM from available: ['r1i1p1f1']
2026-07-22 11:58:46,833 - INFO - [storyline.find_cmip6_pr_historical_file] - Selected historical PR member 'r1i1p1f1' for INM-CM4-8 from available: ['r1i1p1f1']
2026-07-22 11:58:47,069 - INFO - [storyline.find_cmip6_pr_historical_file] - Selected historical PR member 'r1i1p1f1' for INM-CM5-0 from available: ['r1i1p1f1']
2026-07-22 11:58:47,306 - INFO - [storyline.find_cmip6_pr_historical_file] - Selected historical PR member 'r1i1p1f1' for IPSL-CM6A-LR from available: ['r1i1p1f1']
2026-07-22 11:58:47,513 - INFO - [storyline.find_cmip6_pr_historical_file] - Selected historical PR member 'r1i1p1f1' for KACE-1-0-G from available: ['r1i1p1f1']
2026-07-22 11:58:47,717 - INFO - [storyline.find_cmip6_pr_historical_file] - Selected historical PR member 'r1i1p1f1' for KIOST-ESM from available: ['r1i1p1f1']
2026-07-22 11:58:47,919 - INFO - [storyline.find_cmip6_pr_historical_file] - Selected historical PR member 'r1i1p1f2' for MIROC-ES2L from available: ['r1i1p1f2']
2026-07-22 11:58:47,919 - INFO - [storyline.find_cmip6_pr_historical_file] - Including non-standard historical PR file to fill gap: pr_Amon_MIROC-ES2L_historical_r1i1p1f2_gn_18500116-20141216_regridded.nc
2026-07-22 11:58:48,362 - INFO - [storyline.find_cmip6_pr_historical_file] - Selected historical PR member 'r1i1p1f1' for MIROC6 from available: ['r1i1p1f1']
2026-07-22 11:58:48,590 - INFO - [storyline.find_cmip6_pr_historical_file] - Selected historical PR member 'r1i1p1f1' for MPI-ESM1-2-HR from available: ['r1i1p1f1']
2026-07-22 11:58:48,590 - INFO - [storyline.find_cmip6_pr_historical_file] - Including non-standard historical PR file to fill gap: pr_Amon_MPI-ESM1-2-HR_historical_r1i1p1f1_gn_19000116-19041216_regridded.nc
2026-07-22 11:58:49,082 - INFO - [storyline.find_cmip6_pr_historical_file] - Selected historical PR member 'r1i1p1f1' for MPI-ESM1-2-LR from available: ['r1i1p1f1']
2026-07-22 11:58:49,351 - INFO - [storyline.find_cmip6_pr_historical_file] - Selected historical PR member 'r1i1p1f1' for MRI-ESM2-0 from available: ['r1i1p1f1']
2026-07-22 11:58:49,351 - INFO - [storyline.find_cmip6_pr_historical_file] - Including non-standard historical PR file to fill gap: pr_Amon_MRI-ESM2-0_historical_r1i1p1f1_gn_18500116-20141216_regridded.nc
2026-07-22 11:58:49,550 - INFO - [storyline.find_cmip6_pr_historical_file] - Selected historical PR member 'r1i1p1f1' for NorESM2-MM from available: ['r1i1p1f1']
2026-07-22 11:58:49,898 - INFO - [storyline.find_cmip6_pr_historical_file] - Selected historical PR member 'r1i1p1f2' for UKESM1-0-LL from available: ['r13i1p1f2', 'r1i1p1f2']
2026-07-22 11:58:49,898 - INFO - [storyline.find_cmip6_pr_historical_file] - Including non-standard historical PR file to fill gap: pr_Amon_UKESM1-0-LL_historical_r1i1p1f2_gn_18500116-20141216_regridded.nc
2026-07-22 11:58:50,110 - INFO - [storyline.calculate_pr_composites_for_extremes] -   PR Future Extreme Models (N=12): ['MPI-ESM1-2-HR_ssp245', 'HadGEM3-GC31-LL_ssp245', 'NorESM2-MM_ssp245', 'ACCESS-ESM1-5_ssp245', 'CESM2_ssp245', 'KACE-1-0-G_ssp245', 'CMCC-CM2-SR5_ssp245', 'INM-CM4-8_ssp245', 'KIOST-ESM_ssp245', 'UKESM1-0-LL_ssp245', 'ACCESS-CM2_ssp245', 'CESM2-WACCM_ssp245']
2026-07-22 11:58:50,111 - INFO - [storyline.calculate_pr_composites_for_extremes] -   PR Future Non-Extreme Models (N=12): ['INM-CM5-0_ssp245', 'IPSL-CM6A-LR_ssp245', 'MIROC-ES2L_ssp245', 'MIROC6_ssp245', 'CMCC-ESM2_ssp245', 'CanESM5_ssp245', 'EC-Earth3-Veg-LR_ssp245', 'EC-Earth3_ssp245', 'GFDL-ESM4_ssp245', 'IITM-ESM_ssp245', 'MPI-ESM1-2-LR_ssp245', 'MRI-ESM2-0_ssp245']
2026-07-22 11:58:50,111 - INFO - [storyline.calculate_pr_composites_for_extremes] -   PR Historical Extreme Models (N=12): ['MPI-ESM1-2-HR_ssp245', 'HadGEM3-GC31-LL_ssp245', 'NorESM2-MM_ssp245', 'ACCESS-ESM1-5_ssp245', 'CESM2_ssp245', 'KACE-1-0-G_ssp245', 'CMCC-CM2-SR5_ssp245', 'INM-CM4-8_ssp245', 'KIOST-ESM_ssp245', 'UKESM1-0-LL_ssp245', 'ACCESS-CM2_ssp245', 'CESM2-WACCM_ssp245']
2026-07-22 11:58:50,111 - INFO - [storyline.calculate_pr_composites_for_extremes] -   PR Historical Non-Extreme Models (N=12): ['INM-CM5-0_ssp245', 'IPSL-CM6A-LR_ssp245', 'MIROC-ES2L_ssp245', 'MIROC6_ssp245', 'CMCC-ESM2_ssp245', 'CanESM5_ssp245', 'EC-Earth3-Veg-LR_ssp245', 'EC-Earth3_ssp245', 'GFDL-ESM4_ssp245', 'IITM-ESM_ssp245', 'MPI-ESM1-2-LR_ssp245', 'MRI-ESM2-0_ssp245']
2026-07-22 11:58:50,767 - INFO - [main.run_full_analysis] - PR composite plots already exist, but calculating data for missing Final Figure 4...
2026-07-22 11:58:50,767 - INFO - [storyline.calculate_pr_composites_for_extremes] - Calculating PR composites for event '30Q10_low' at GWL +3.0°C, Season=Winter (Top/Bottom 12 models)...
2026-07-22 11:58:50,767 - INFO - [storyline.calculate_pr_composites_for_extremes] - [PR DEBUG] Keys for ACCESS-CM2_ssp245: ['1Q_low_winter', '1Q_high_winter', '7Q_low_winter', '7Q_high_winter', '30Q_low_winter', '30Q_high_winter', '1Q_low_summer', '1Q_high_summer', '7Q_low_summer', '7Q_high_summer', '30Q_low_summer', '30Q_high_summer', '1Q_low_full_year', '1Q_high_full_year', '7Q_low_full_year', '7Q_high_full_year', '30Q_low_full_year', '30Q_high_full_year', 'Mar_discharge', 'Apr_discharge', 'May_discharge', 'Sep_discharge', 'Oct_discharge', 'Nov_discharge', 'DJF_JetSpeed', 'DJF_JetLat', 'DJF_pr', 'DJF_tas', 'DJF_discharge', 'JJA_JetSpeed', 'JJA_JetLat', 'JJA_pr', 'JJA_tas', 'JJA_discharge', 'Hydro_Winter_JetSpeed', 'Hydro_Winter_JetLat', 'Hydro_Summer_JetSpeed', 'Hydro_Summer_JetLat', 'Annual_tas', 'Annual_pr', 'Annual_discharge', 'Annual_spei']
2026-07-22 11:58:50,779 - INFO - [storyline.calculate_pr_composites_for_extremes] -   Calculated Return Periods for 11 models.
2026-07-22 11:58:50,796 - INFO - [storyline.calculate_pr_composites_for_extremes] -   PR Extreme Models (Shortest T): ['KACE-1-0-G_ssp245', 'CESM2_ssp245', 'CESM2-WACCM_ssp245', 'HadGEM3-GC31-LL_ssp245', 'UKESM1-0-LL_ssp245']
2026-07-22 11:58:50,796 - INFO - [storyline.calculate_pr_composites_for_extremes] -   PR Non-Extreme Models (Longest T): ['EC-Earth3-CC_ssp245', 'IPSL-CM6A-LR_ssp245', 'CMCC-CM2-SR5_ssp245', 'CMCC-ESM2_ssp245', 'CanESM5_ssp245']
2026-07-22 11:58:50,949 - INFO - [storyline.find_cmip6_pr_file] - Including non-standard file to fill gap: pr_Amon_CESM2_ssp245_r4i1p1f1_gn_20150115-21001215_regridded.nc
2026-07-22 11:58:51,361 - INFO - [storyline.find_cmip6_pr_file] - Including non-standard file to fill gap: pr_Amon_HadGEM3-GC31-LL_ssp245_r1i1p1f3_gn_20150116-21001216_regridded.nc
2026-07-22 11:58:51,553 - INFO - [storyline.find_cmip6_pr_file] - Selected PR file member 'r1i1p1f2' for UKESM1-0-LL (ssp245) from available in dir: ['r13i1p1f2', 'r1i1p1f2']
2026-07-22 11:58:51,553 - INFO - [storyline.find_cmip6_pr_file] - Including non-standard file to fill gap: pr_Amon_UKESM1-0-LL_ssp245_r1i1p1f2_gn_20150116-21001216_regridded.nc
2026-07-22 11:58:53,178 - INFO - [storyline.find_cmip6_pr_historical_file] - Selected historical PR member 'r1i1p1f1' for KACE-1-0-G from available: ['r1i1p1f1']
2026-07-22 11:58:53,354 - INFO - [storyline.find_cmip6_pr_historical_file] - Selected historical PR member 'r1i1p1f1' for CESM2 from available: ['r1i1p1f1']
2026-07-22 11:58:53,548 - INFO - [storyline.find_cmip6_pr_historical_file] - Selected historical PR member 'r1i1p1f1' for CESM2-WACCM from available: ['r1i1p1f1']
2026-07-22 11:58:53,744 - INFO - [storyline.find_cmip6_pr_historical_file] - Selected historical PR member 'r1i1p1f3' for HadGEM3-GC31-LL from available: ['r1i1p1f3']
2026-07-22 11:58:53,744 - INFO - [storyline.find_cmip6_pr_historical_file] - Including non-standard historical PR file to fill gap: pr_Amon_HadGEM3-GC31-LL_historical_r1i1p1f3_gn_18500116-20141216_regridded.nc
2026-07-22 11:58:53,941 - INFO - [storyline.find_cmip6_pr_historical_file] - Selected historical PR member 'r1i1p1f2' for UKESM1-0-LL from available: ['r13i1p1f2', 'r1i1p1f2']
2026-07-22 11:58:53,941 - INFO - [storyline.find_cmip6_pr_historical_file] - Including non-standard historical PR file to fill gap: pr_Amon_UKESM1-0-LL_historical_r1i1p1f2_gn_18500116-20141216_regridded.nc
2026-07-22 11:58:54,143 - INFO - [storyline.find_cmip6_pr_historical_file] - Selected historical PR member 'r1i1p1f1' for EC-Earth3-CC from available: ['r1i1p1f1']
2026-07-22 11:58:55,693 - INFO - [storyline.find_cmip6_pr_historical_file] - Selected historical PR member 'r1i1p1f1' for IPSL-CM6A-LR from available: ['r1i1p1f1']
2026-07-22 11:58:55,870 - INFO - [storyline.find_cmip6_pr_historical_file] - Selected historical PR member 'r1i1p1f1' for CMCC-CM2-SR5 from available: ['r1i1p1f1']
2026-07-22 11:58:56,067 - INFO - [storyline.find_cmip6_pr_historical_file] - Selected historical PR member 'r1i1p1f1' for CMCC-ESM2 from available: ['r1i1p1f1']
2026-07-22 11:58:56,264 - INFO - [storyline.find_cmip6_pr_historical_file] - Selected historical PR member 'r1i1p1f1' for CanESM5 from available: ['r1i1p1f1']
2026-07-22 11:58:56,462 - INFO - [storyline.find_cmip6_pr_historical_file] - Selected historical PR member 'r1i1p1f1' for ACCESS-CM2 from available: ['r1i1p1f1']
2026-07-22 11:58:56,684 - INFO - [storyline.find_cmip6_pr_historical_file] - Selected historical PR member 'r1i1p1f1' for CESM2 from available: ['r1i1p1f1']
2026-07-22 11:58:56,887 - INFO - [storyline.find_cmip6_pr_historical_file] - Selected historical PR member 'r1i1p1f1' for CESM2-WACCM from available: ['r1i1p1f1']
2026-07-22 11:58:57,088 - INFO - [storyline.find_cmip6_pr_historical_file] - Selected historical PR member 'r1i1p1f1' for CMCC-CM2-SR5 from available: ['r1i1p1f1']
2026-07-22 11:58:57,290 - INFO - [storyline.find_cmip6_pr_historical_file] - Selected historical PR member 'r1i1p1f1' for CMCC-ESM2 from available: ['r1i1p1f1']
2026-07-22 11:58:57,481 - INFO - [storyline.find_cmip6_pr_historical_file] - Selected historical PR member 'r1i1p1f1' for CanESM5 from available: ['r1i1p1f1']
2026-07-22 11:58:57,680 - INFO - [storyline.find_cmip6_pr_historical_file] - Selected historical PR member 'r1i1p1f1' for EC-Earth3-CC from available: ['r1i1p1f1']
2026-07-22 11:58:58,930 - INFO - [storyline.find_cmip6_pr_historical_file] - Selected historical PR member 'r1i1p1f3' for HadGEM3-GC31-LL from available: ['r1i1p1f3']
2026-07-22 11:58:58,930 - INFO - [storyline.find_cmip6_pr_historical_file] - Including non-standard historical PR file to fill gap: pr_Amon_HadGEM3-GC31-LL_historical_r1i1p1f3_gn_18500116-20141216_regridded.nc
2026-07-22 11:58:59,102 - INFO - [storyline.find_cmip6_pr_historical_file] - Selected historical PR member 'r1i1p1f1' for IPSL-CM6A-LR from available: ['r1i1p1f1']
2026-07-22 11:58:59,299 - INFO - [storyline.find_cmip6_pr_historical_file] - Selected historical PR member 'r1i1p1f1' for KACE-1-0-G from available: ['r1i1p1f1']
2026-07-22 11:58:59,492 - INFO - [storyline.find_cmip6_pr_historical_file] - Selected historical PR member 'r1i1p1f2' for UKESM1-0-LL from available: ['r13i1p1f2', 'r1i1p1f2']
2026-07-22 11:58:59,492 - INFO - [storyline.find_cmip6_pr_historical_file] - Including non-standard historical PR file to fill gap: pr_Amon_UKESM1-0-LL_historical_r1i1p1f2_gn_18500116-20141216_regridded.nc
2026-07-22 11:58:59,967 - INFO - [storyline.calculate_pr_composites_for_extremes] -   PR Future Extreme Models (N=5): ['KACE-1-0-G_ssp245', 'CESM2_ssp245', 'CESM2-WACCM_ssp245', 'HadGEM3-GC31-LL_ssp245', 'UKESM1-0-LL_ssp245']
2026-07-22 11:58:59,967 - INFO - [storyline.calculate_pr_composites_for_extremes] -   PR Future Non-Extreme Models (N=5): ['EC-Earth3-CC_ssp245', 'IPSL-CM6A-LR_ssp245', 'CMCC-CM2-SR5_ssp245', 'CMCC-ESM2_ssp245', 'CanESM5_ssp245']
2026-07-22 11:58:59,967 - INFO - [storyline.calculate_pr_composites_for_extremes] -   PR Historical Extreme Models (N=5): ['KACE-1-0-G_ssp245', 'CESM2_ssp245', 'CESM2-WACCM_ssp245', 'HadGEM3-GC31-LL_ssp245', 'UKESM1-0-LL_ssp245']
2026-07-22 11:58:59,967 - INFO - [storyline.calculate_pr_composites_for_extremes] -   PR Historical Non-Extreme Models (N=5): ['EC-Earth3-CC_ssp245', 'IPSL-CM6A-LR_ssp245', 'CMCC-CM2-SR5_ssp245', 'CMCC-ESM2_ssp245', 'CanESM5_ssp245']
2026-07-22 11:59:00,387 - INFO - [main.run_full_analysis] - PR composite plots already exist, but calculating data for missing Final Figure 4...
2026-07-22 11:59:00,387 - INFO - [storyline.calculate_pr_composites_for_extremes] - Calculating PR composites for event '30Q10_low' at GWL +3.0°C, Season=Summer (Top/Bottom 12 models)...
2026-07-22 11:59:00,387 - INFO - [storyline.calculate_pr_composites_for_extremes] - [PR DEBUG] Keys for ACCESS-CM2_ssp245: ['1Q_low_winter', '1Q_high_winter', '7Q_low_winter', '7Q_high_winter', '30Q_low_winter', '30Q_high_winter', '1Q_low_summer', '1Q_high_summer', '7Q_low_summer', '7Q_high_summer', '30Q_low_summer', '30Q_high_summer', '1Q_low_full_year', '1Q_high_full_year', '7Q_low_full_year', '7Q_high_full_year', '30Q_low_full_year', '30Q_high_full_year', 'Mar_discharge', 'Apr_discharge', 'May_discharge', 'Sep_discharge', 'Oct_discharge', 'Nov_discharge', 'DJF_JetSpeed', 'DJF_JetLat', 'DJF_pr', 'DJF_tas', 'DJF_discharge', 'JJA_JetSpeed', 'JJA_JetLat', 'JJA_pr', 'JJA_tas', 'JJA_discharge', 'Hydro_Winter_JetSpeed', 'Hydro_Winter_JetLat', 'Hydro_Summer_JetSpeed', 'Hydro_Summer_JetLat', 'Annual_tas', 'Annual_pr', 'Annual_discharge', 'Annual_spei']
2026-07-22 11:59:00,398 - INFO - [storyline.calculate_pr_composites_for_extremes] -   Calculated Return Periods for 11 models.
2026-07-22 11:59:00,416 - INFO - [storyline.calculate_pr_composites_for_extremes] -   PR Extreme Models (Shortest T): ['KACE-1-0-G_ssp245', 'CESM2_ssp245', 'HadGEM3-GC31-LL_ssp245', 'UKESM1-0-LL_ssp245', 'IPSL-CM6A-LR_ssp245']
2026-07-22 11:59:00,416 - INFO - [storyline.calculate_pr_composites_for_extremes] -   PR Non-Extreme Models (Longest T): ['ACCESS-CM2_ssp245', 'CMCC-CM2-SR5_ssp245', 'CMCC-ESM2_ssp245', 'CanESM5_ssp245', 'EC-Earth3-CC_ssp245']
2026-07-22 11:59:00,526 - INFO - [storyline.find_cmip6_pr_file] - Including non-standard file to fill gap: pr_Amon_CESM2_ssp245_r4i1p1f1_gn_20150115-21001215_regridded.nc
2026-07-22 11:59:00,647 - INFO - [storyline.find_cmip6_pr_file] - Including non-standard file to fill gap: pr_Amon_HadGEM3-GC31-LL_ssp245_r1i1p1f3_gn_20150116-21001216_regridded.nc
2026-07-22 11:59:00,768 - INFO - [storyline.find_cmip6_pr_file] - Selected PR file member 'r1i1p1f2' for UKESM1-0-LL (ssp245) from available in dir: ['r13i1p1f2', 'r1i1p1f2']
2026-07-22 11:59:00,768 - INFO - [storyline.find_cmip6_pr_file] - Including non-standard file to fill gap: pr_Amon_UKESM1-0-LL_ssp245_r1i1p1f2_gn_20150116-21001216_regridded.nc
2026-07-22 11:59:02,301 - INFO - [storyline.find_cmip6_pr_historical_file] - Selected historical PR member 'r1i1p1f1' for KACE-1-0-G from available: ['r1i1p1f1']
2026-07-22 11:59:02,479 - INFO - [storyline.find_cmip6_pr_historical_file] - Selected historical PR member 'r1i1p1f1' for CESM2 from available: ['r1i1p1f1']
2026-07-22 11:59:02,669 - INFO - [storyline.find_cmip6_pr_historical_file] - Selected historical PR member 'r1i1p1f3' for HadGEM3-GC31-LL from available: ['r1i1p1f3']
2026-07-22 11:59:02,670 - INFO - [storyline.find_cmip6_pr_historical_file] - Including non-standard historical PR file to fill gap: pr_Amon_HadGEM3-GC31-LL_historical_r1i1p1f3_gn_18500116-20141216_regridded.nc
2026-07-22 11:59:02,874 - INFO - [storyline.find_cmip6_pr_historical_file] - Selected historical PR member 'r1i1p1f2' for UKESM1-0-LL from available: ['r13i1p1f2', 'r1i1p1f2']
2026-07-22 11:59:02,875 - INFO - [storyline.find_cmip6_pr_historical_file] - Including non-standard historical PR file to fill gap: pr_Amon_UKESM1-0-LL_historical_r1i1p1f2_gn_18500116-20141216_regridded.nc
2026-07-22 11:59:03,090 - INFO - [storyline.find_cmip6_pr_historical_file] - Selected historical PR member 'r1i1p1f1' for IPSL-CM6A-LR from available: ['r1i1p1f1']
2026-07-22 11:59:03,265 - INFO - [storyline.find_cmip6_pr_historical_file] - Selected historical PR member 'r1i1p1f1' for ACCESS-CM2 from available: ['r1i1p1f1']
2026-07-22 11:59:03,467 - INFO - [storyline.find_cmip6_pr_historical_file] - Selected historical PR member 'r1i1p1f1' for CMCC-CM2-SR5 from available: ['r1i1p1f1']
2026-07-22 11:59:03,673 - INFO - [storyline.find_cmip6_pr_historical_file] - Selected historical PR member 'r1i1p1f1' for CMCC-ESM2 from available: ['r1i1p1f1']
2026-07-22 11:59:03,879 - INFO - [storyline.find_cmip6_pr_historical_file] - Selected historical PR member 'r1i1p1f1' for CanESM5 from available: ['r1i1p1f1']
2026-07-22 11:59:04,088 - INFO - [storyline.find_cmip6_pr_historical_file] - Selected historical PR member 'r1i1p1f1' for EC-Earth3-CC from available: ['r1i1p1f1']
2026-07-22 11:59:05,313 - INFO - [storyline.find_cmip6_pr_historical_file] - Selected historical PR member 'r1i1p1f1' for ACCESS-CM2 from available: ['r1i1p1f1']
2026-07-22 11:59:05,511 - INFO - [storyline.find_cmip6_pr_historical_file] - Selected historical PR member 'r1i1p1f1' for CESM2 from available: ['r1i1p1f1']
2026-07-22 11:59:06,000 - INFO - [storyline.find_cmip6_pr_historical_file] - Selected historical PR member 'r1i1p1f1' for CESM2-WACCM from available: ['r1i1p1f1']
2026-07-22 11:59:06,212 - INFO - [storyline.find_cmip6_pr_historical_file] - Selected historical PR member 'r1i1p1f1' for CMCC-CM2-SR5 from available: ['r1i1p1f1']
2026-07-22 11:59:06,418 - INFO - [storyline.find_cmip6_pr_historical_file] - Selected historical PR member 'r1i1p1f1' for CMCC-ESM2 from available: ['r1i1p1f1']
2026-07-22 11:59:06,626 - INFO - [storyline.find_cmip6_pr_historical_file] - Selected historical PR member 'r1i1p1f1' for CanESM5 from available: ['r1i1p1f1']
2026-07-22 11:59:06,836 - INFO - [storyline.find_cmip6_pr_historical_file] - Selected historical PR member 'r1i1p1f1' for EC-Earth3-CC from available: ['r1i1p1f1']
2026-07-22 11:59:08,075 - INFO - [storyline.find_cmip6_pr_historical_file] - Selected historical PR member 'r1i1p1f3' for HadGEM3-GC31-LL from available: ['r1i1p1f3']
2026-07-22 11:59:08,075 - INFO - [storyline.find_cmip6_pr_historical_file] - Including non-standard historical PR file to fill gap: pr_Amon_HadGEM3-GC31-LL_historical_r1i1p1f3_gn_18500116-20141216_regridded.nc
2026-07-22 11:59:08,239 - INFO - [storyline.find_cmip6_pr_historical_file] - Selected historical PR member 'r1i1p1f1' for IPSL-CM6A-LR from available: ['r1i1p1f1']
2026-07-22 11:59:08,408 - INFO - [storyline.find_cmip6_pr_historical_file] - Selected historical PR member 'r1i1p1f1' for KACE-1-0-G from available: ['r1i1p1f1']
2026-07-22 11:59:08,612 - INFO - [storyline.find_cmip6_pr_historical_file] - Selected historical PR member 'r1i1p1f2' for UKESM1-0-LL from available: ['r13i1p1f2', 'r1i1p1f2']
2026-07-22 11:59:08,612 - INFO - [storyline.find_cmip6_pr_historical_file] - Including non-standard historical PR file to fill gap: pr_Amon_UKESM1-0-LL_historical_r1i1p1f2_gn_18500116-20141216_regridded.nc
2026-07-22 11:59:08,829 - INFO - [storyline.calculate_pr_composites_for_extremes] -   PR Future Extreme Models (N=5): ['KACE-1-0-G_ssp245', 'CESM2_ssp245', 'HadGEM3-GC31-LL_ssp245', 'UKESM1-0-LL_ssp245', 'IPSL-CM6A-LR_ssp245']
2026-07-22 11:59:08,829 - INFO - [storyline.calculate_pr_composites_for_extremes] -   PR Future Non-Extreme Models (N=5): ['ACCESS-CM2_ssp245', 'CMCC-CM2-SR5_ssp245', 'CMCC-ESM2_ssp245', 'CanESM5_ssp245', 'EC-Earth3-CC_ssp245']
2026-07-22 11:59:08,829 - INFO - [storyline.calculate_pr_composites_for_extremes] -   PR Historical Extreme Models (N=5): ['KACE-1-0-G_ssp245', 'CESM2_ssp245', 'HadGEM3-GC31-LL_ssp245', 'UKESM1-0-LL_ssp245', 'IPSL-CM6A-LR_ssp245']
2026-07-22 11:59:08,829 - INFO - [storyline.calculate_pr_composites_for_extremes] -   PR Historical Non-Extreme Models (N=5): ['ACCESS-CM2_ssp245', 'CMCC-CM2-SR5_ssp245', 'CMCC-ESM2_ssp245', 'CanESM5_ssp245', 'EC-Earth3-CC_ssp245']
2026-07-22 11:59:09,237 - INFO - [main.run_full_analysis] - Combined PR diff plot for GWL 2.0 already exists.
2026-07-22 11:59:09,237 - INFO - [visualization.plot_final_figure_4_combined] - Plotting combined final figure 4 for GWL 2.0°C, ssp245...
/nas/home/vlw/Desktop/STREAM/Code/paper1-project/visualization.py:6365: UserWarning: This figure includes Axes that are not compatible with tight_layout, so results might be incorrect.
  fig.tight_layout(rect=(0, 0.07, 1, 0.94), h_pad=1.2, w_pad=1.0)
2026-07-22 11:59:12,633 - INFO - [visualization.plot_final_figure_4_combined] - Saved combined final figure 4 to /nas/home/vlw/Desktop/STREAM/paper1-plots/final_figure_4_combined_ssp245_gwl2.0.png and /nas/home/vlw/Desktop/STREAM/paper1-plots/final_figure_4_combined_ssp245_gwl2.0.pdf
2026-07-22 11:59:12,637 - INFO - [main.run_full_analysis] - Combined PR diff plot for GWL 3.0 already exists.
2026-07-22 11:59:12,637 - INFO - [visualization.plot_final_figure_4_combined] - Plotting combined final figure 4 for GWL 3.0°C, ssp245...
/nas/home/vlw/Desktop/STREAM/Code/paper1-project/visualization.py:6365: UserWarning: This figure includes Axes that are not compatible with tight_layout, so results might be incorrect.
  fig.tight_layout(rect=(0, 0.07, 1, 0.94), h_pad=1.2, w_pad=1.0)
2026-07-22 11:59:16,336 - INFO - [visualization.plot_final_figure_4_combined] - Saved combined final figure 4 to /nas/home/vlw/Desktop/STREAM/paper1-plots/final_figure_4_combined_ssp245_gwl3.0.png and /nas/home/vlw/Desktop/STREAM/paper1-plots/final_figure_4_combined_ssp245_gwl3.0.pdf
2026-07-22 11:59:16,344 - INFO - [main.run_full_analysis] - UA composite plot for GWL 2.0, Winter already exists and data not needed.
2026-07-22 11:59:16,345 - INFO - [storyline.calculate_ua_composites_for_extremes] - Calculating UA composites for event '30Q10_low' at GWL +2.0°C, Season=Winter...
2026-07-22 11:59:16,382 - INFO - [storyline.calculate_ua_composites_for_extremes] -   UA Extreme Models (N=12): ['ACCESS-ESM1-5_ssp245', 'KACE-1-0-G_ssp245', 'MPI-ESM1-2-HR_ssp245', 'NorESM2-MM_ssp245', 'CESM2_ssp245', 'HadGEM3-GC31-LL_ssp245', 'INM-CM4-8_ssp245', 'MIROC6_ssp245', 'CMCC-ESM2_ssp245', 'CESM2-WACCM_ssp245', 'EC-Earth3_ssp245', 'INM-CM5-0_ssp245']
2026-07-22 11:59:16,382 - INFO - [storyline.calculate_ua_composites_for_extremes] -   UA Non-Extreme Models (N=12): ['KIOST-ESM_ssp245', 'UKESM1-0-LL_ssp245', 'CMCC-CM2-SR5_ssp245', 'EC-Earth3-CC_ssp245', 'ACCESS-CM2_ssp245', 'CanESM5_ssp245', 'EC-Earth3-Veg-LR_ssp245', 'GFDL-ESM4_ssp245', 'IITM-ESM_ssp245', 'MIROC-ES2L_ssp245', 'MPI-ESM1-2-LR_ssp245', 'MRI-ESM2-0_ssp245']
2026-07-22 11:59:16,384 - INFO - [storyline.find_cmip6_ua_file] - Selected UA file member 'r1i1p1f1' for ACCESS-ESM1-5 (ssp245) from available: ['r1i1p1f1']
2026-07-22 11:59:16,966 - INFO - [storyline.find_cmip6_ua_file] - Selected UA file member 'r1i1p1f1' for KACE-1-0-G (ssp245) from available: ['r1i1p1f1']
2026-07-22 11:59:17,391 - INFO - [storyline.find_cmip6_ua_file] - Selected UA file member 'r1i1p1f1' for MPI-ESM1-2-HR (ssp245) from available: ['r1i1p1f1']
2026-07-22 11:59:18,134 - INFO - [storyline.find_cmip6_ua_file] - Selected UA file member 'r1i1p1f1' for NorESM2-MM (ssp245) from available: ['r1i1p1f1']
2026-07-22 11:59:18,604 - INFO - [storyline.find_cmip6_ua_file] - Selected UA file member 'r4i1p1f1' for CESM2 (ssp245) from available: ['r4i1p1f1']
2026-07-22 11:59:18,604 - INFO - [storyline.find_cmip6_ua_file] - Including non-standard UA file to fill gap: ua_Amon_CESM2_ssp245_r4i1p1f1_gn_20150115-20540715_regridded.nc
2026-07-22 11:59:18,604 - INFO - [storyline.find_cmip6_ua_file] - Including non-standard UA file to fill gap: ua_Amon_CESM2_ssp245_r4i1p1f1_gn_20540815-20940214_regridded.nc
2026-07-22 11:59:18,604 - INFO - [storyline.find_cmip6_ua_file] - Including non-standard UA file to fill gap: ua_Amon_CESM2_ssp245_r4i1p1f1_gn_20940315-21001215_regridded.nc
2026-07-22 11:59:19,067 - INFO - [storyline.find_cmip6_ua_file] - Selected UA file member 'r1i1p1f3' for HadGEM3-GC31-LL (ssp245) from available: ['r1i1p1f3']
2026-07-22 11:59:19,427 - INFO - [storyline.find_cmip6_ua_file] - Selected UA file member 'r1i1p1f1' for INM-CM4-8 (ssp245) from available: ['r1i1p1f1']
2026-07-22 11:59:19,851 - INFO - [storyline.find_cmip6_ua_file] - Selected UA file member 'r1i1p1f1' for MIROC6 (ssp245) from available: ['r1i1p1f1']
2026-07-22 11:59:19,852 - WARNING - [storyline.find_cmip6_ua_file] - Excluding overlapping non-standard UA file: ua_Amon_MIROC6_ssp245_r1i1p1f1_gn_20150116-20741216_regridded.nc
2026-07-22 11:59:20,236 - INFO - [storyline.find_cmip6_ua_file] - Selected UA file member 'r1i1p1f1' for CMCC-ESM2 (ssp245) from available: ['r1i1p1f1']
2026-07-22 11:59:20,898 - INFO - [storyline.find_cmip6_ua_file] - Selected UA file member 'r1i1p1f1' for CESM2-WACCM (ssp245) from available: ['r1i1p1f1']
2026-07-22 11:59:21,243 - INFO - [storyline.find_cmip6_ua_file] - Selected UA file member 'r1i1p1f1' for EC-Earth3 (ssp245) from available: ['r1i1p1f1']
2026-07-22 11:59:23,359 - INFO - [storyline.find_cmip6_ua_file] - Selected UA file member 'r1i1p1f1' for INM-CM5-0 (ssp245) from available: ['r1i1p1f1']
2026-07-22 11:59:23,359 - INFO - [storyline.find_cmip6_ua_file] - Including non-standard UA file to fill gap: ua_Amon_INM-CM5-0_ssp245_r1i1p1f1_gr1_20750116-20841216_regridded.nc
2026-07-22 11:59:23,877 - INFO - [storyline.find_cmip6_ua_file] - Selected UA file member 'r1i1p1f1' for KIOST-ESM (ssp245) from available: ['r1i1p1f1']
2026-07-22 11:59:24,551 - INFO - [storyline.find_cmip6_ua_file] - Selected UA file member 'r1i1p1f2' for UKESM1-0-LL (ssp245) from available: ['r13i1p1f2', 'r1i1p1f2']
2026-07-22 11:59:24,551 - INFO - [storyline.find_cmip6_ua_file] - Including non-standard UA file to fill gap: ua_Amon_UKESM1-0-LL_ssp245_r1i1p1f2_gn_20150116-20930916_regridded.nc
2026-07-22 11:59:24,552 - INFO - [storyline.find_cmip6_ua_file] - Including non-standard UA file to fill gap: ua_Amon_UKESM1-0-LL_ssp245_r1i1p1f2_gn_20931016-21001216_regridded.nc
2026-07-22 11:59:24,962 - INFO - [storyline.find_cmip6_ua_file] - Selected UA file member 'r1i1p1f1' for CMCC-CM2-SR5 (ssp245) from available: ['r1i1p1f1']
2026-07-22 11:59:24,962 - INFO - [storyline.find_cmip6_ua_file] - Including non-standard UA file to fill gap: ua_Amon_CMCC-CM2-SR5_ssp245_r1i1p1f1_gn_20400116-20641216_regridded.nc
2026-07-22 11:59:25,424 - INFO - [storyline.find_cmip6_ua_file] - Selected UA file member 'r1i1p1f1' for EC-Earth3-CC (ssp245) from available: ['r1i1p1f1']
2026-07-22 11:59:25,424 - WARNING - [storyline.find_cmip6_ua_file] - Excluding overlapping non-standard UA file: ua_Amon_EC-Earth3-CC_ssp245_r1i1p1f1_gr_20150116-20310816_regridded.nc
2026-07-22 11:59:25,425 - WARNING - [storyline.find_cmip6_ua_file] - Excluding overlapping non-standard UA file: ua_Amon_EC-Earth3-CC_ssp245_r1i1p1f1_gr_20310916-20480416_regridded.nc
2026-07-22 11:59:25,425 - WARNING - [storyline.find_cmip6_ua_file] - Excluding overlapping non-standard UA file: ua_Amon_EC-Earth3-CC_ssp245_r1i1p1f1_gr_20480516-20641216_regridded.nc
2026-07-22 11:59:25,425 - WARNING - [storyline.find_cmip6_ua_file] - Excluding overlapping non-standard UA file: ua_Amon_EC-Earth3-CC_ssp245_r1i1p1f1_gr_20650116-20810816_regridded.nc
2026-07-22 11:59:25,425 - WARNING - [storyline.find_cmip6_ua_file] - Excluding overlapping non-standard UA file: ua_Amon_EC-Earth3-CC_ssp245_r1i1p1f1_gr_20810916-20980416_regridded.nc
2026-07-22 11:59:25,425 - WARNING - [storyline.find_cmip6_ua_file] - Excluding overlapping non-standard UA file: ua_Amon_EC-Earth3-CC_ssp245_r1i1p1f1_gr_20980516-21001216_regridded.nc
2026-07-22 11:59:27,342 - INFO - [storyline.find_cmip6_ua_file] - Selected UA file member 'r1i1p1f1' for ACCESS-CM2 (ssp245) from available: ['r1i1p1f1']
2026-07-22 11:59:27,697 - INFO - [storyline.find_cmip6_ua_file] - Selected UA file member 'r1i1p1f1' for CanESM5 (ssp245) from available: ['r1i1p1f1']
2026-07-22 11:59:28,018 - INFO - [storyline.find_cmip6_ua_file] - Selected UA file member 'r1i1p1f1' for EC-Earth3-Veg-LR (ssp245) from available: ['r1i1p1f1']
2026-07-22 11:59:28,018 - WARNING - [storyline.find_cmip6_ua_file] - Excluding overlapping non-standard UA file: ua_Amon_EC-Earth3-Veg-LR_ssp245_r1i1p1f1_gr_20150116-20791216_regridded.nc
2026-07-22 11:59:30,395 - INFO - [storyline.find_cmip6_ua_file] - Selected UA file member 'r1i1p1f1' for GFDL-ESM4 (ssp245) from available: ['r1i1p1f1']
2026-07-22 11:59:30,773 - INFO - [storyline.find_cmip6_ua_file] - Selected UA file member 'r1i1p1f1' for IITM-ESM (ssp245) from available: ['r1i1p1f1']
2026-07-22 11:59:30,773 - WARNING - [storyline.find_cmip6_ua_file] - Excluding overlapping non-standard UA file: ua_Amon_IITM-ESM_ssp245_r1i1p1f1_gn_20150116-20991216_regridded.nc
2026-07-22 11:59:31,196 - INFO - [storyline.find_cmip6_ua_file] - Selected UA file member 'r1i1p1f2' for MIROC-ES2L (ssp245) from available: ['r1i1p1f2']
2026-07-22 11:59:31,196 - INFO - [storyline.find_cmip6_ua_file] - Including non-standard UA file to fill gap: ua_Amon_MIROC-ES2L_ssp245_r1i1p1f2_gn_20150116-21001216_regridded.nc
2026-07-22 11:59:31,546 - INFO - [storyline.find_cmip6_ua_file] - Selected UA file member 'r1i1p1f1' for MPI-ESM1-2-LR (ssp245) from available: ['r1i1p1f1']
2026-07-22 11:59:32,034 - INFO - [storyline.find_cmip6_ua_file] - Selected UA file member 'r1i1p1f1' for MRI-ESM2-0 (ssp245) from available: ['r1i1p1f1']
2026-07-22 11:59:32,034 - INFO - [storyline.find_cmip6_ua_file] - Including non-standard UA file to fill gap: ua_Amon_MRI-ESM2-0_ssp245_r1i1p1f1_gn_20650116-20991216_regridded.nc
2026-07-22 11:59:32,316 - INFO - [storyline.find_cmip6_ua_historical_file] - Selected historical UA member 'r1i1p1f1' for ACCESS-ESM1-5 from available: ['r1i1p1f1']
2026-07-22 11:59:32,694 - INFO - [storyline.find_cmip6_ua_historical_file] - Selected historical UA member 'r1i1p1f1' for KACE-1-0-G from available: ['r1i1p1f1']
2026-07-22 11:59:33,209 - INFO - [storyline.find_cmip6_ua_historical_file] - Selected historical UA member 'r1i1p1f1' for MPI-ESM1-2-HR from available: ['r1i1p1f1']
2026-07-22 11:59:33,209 - WARNING - [storyline.find_cmip6_ua_historical_file] - Excluding overlapping non-standard historical UA file: ua_Amon_MPI-ESM1-2-HR_historical_r1i1p1f1_gn_18500116-18790816_regridded.nc
2026-07-22 11:59:33,210 - WARNING - [storyline.find_cmip6_ua_historical_file] - Excluding overlapping non-standard historical UA file: ua_Amon_MPI-ESM1-2-HR_historical_r1i1p1f1_gn_18790916-19090416_regridded.nc
2026-07-22 11:59:33,210 - WARNING - [storyline.find_cmip6_ua_historical_file] - Excluding overlapping non-standard historical UA file: ua_Amon_MPI-ESM1-2-HR_historical_r1i1p1f1_gn_19090516-19381216_regridded.nc
2026-07-22 11:59:33,210 - WARNING - [storyline.find_cmip6_ua_historical_file] - Excluding overlapping non-standard historical UA file: ua_Amon_MPI-ESM1-2-HR_historical_r1i1p1f1_gn_19390116-19680816_regridded.nc
2026-07-22 11:59:33,210 - WARNING - [storyline.find_cmip6_ua_historical_file] - Excluding overlapping non-standard historical UA file: ua_Amon_MPI-ESM1-2-HR_historical_r1i1p1f1_gn_19680916-19980416_regridded.nc
2026-07-22 11:59:33,210 - WARNING - [storyline.find_cmip6_ua_historical_file] - Excluding overlapping non-standard historical UA file: ua_Amon_MPI-ESM1-2-HR_historical_r1i1p1f1_gn_19980516-20141216_regridded.nc
2026-07-22 11:59:34,469 - INFO - [storyline.find_cmip6_ua_historical_file] - Selected historical UA member 'r1i1p1f1' for NorESM2-MM from available: ['r1i1p1f1']
2026-07-22 11:59:34,469 - WARNING - [storyline.find_cmip6_ua_historical_file] - Excluding overlapping non-standard historical UA file: ua_Amon_NorESM2-MM_historical_r1i1p1f1_gn_19100116-19191216_regridded.nc
2026-07-22 11:59:35,449 - INFO - [storyline.find_cmip6_ua_historical_file] - Selected historical UA member 'r1i1p1f1' for CESM2 from available: ['r1i1p1f1']
2026-07-22 11:59:35,799 - INFO - [storyline.find_cmip6_ua_historical_file] - Selected historical UA member 'r1i1p1f3' for HadGEM3-GC31-LL from available: ['r1i1p1f3']
2026-07-22 11:59:35,799 - INFO - [storyline.find_cmip6_ua_historical_file] - Including non-standard historical UA file to fill gap: ua_Amon_HadGEM3-GC31-LL_historical_r1i1p1f3_gn_18500116-19280916_regridded.nc
2026-07-22 11:59:35,799 - INFO - [storyline.find_cmip6_ua_historical_file] - Including non-standard historical UA file to fill gap: ua_Amon_HadGEM3-GC31-LL_historical_r1i1p1f3_gn_19281016-20070616_regridded.nc
2026-07-22 11:59:35,799 - INFO - [storyline.find_cmip6_ua_historical_file] - Including non-standard historical UA file to fill gap: ua_Amon_HadGEM3-GC31-LL_historical_r1i1p1f3_gn_20070716-20141216_regridded.nc
2026-07-22 11:59:36,076 - INFO - [storyline.find_cmip6_ua_historical_file] - Selected historical UA member 'r1i1p1f1' for INM-CM4-8 from available: ['r1i1p1f1']
2026-07-22 11:59:37,037 - INFO - [storyline.find_cmip6_ua_historical_file] - Selected historical UA member 'r1i1p1f1' for MIROC6 from available: ['r1i1p1f1']
2026-07-22 11:59:37,904 - INFO - [storyline.find_cmip6_ua_historical_file] - Selected historical UA member 'r1i1p1f1' for CMCC-ESM2 from available: ['r1i1p1f1']
2026-07-22 11:59:37,905 - WARNING - [storyline.find_cmip6_ua_historical_file] - Excluding overlapping non-standard historical UA file: ua_Amon_CMCC-ESM2_historical_r1i1p1f1_gn_18500116-18890716_regridded.nc
2026-07-22 11:59:37,905 - WARNING - [storyline.find_cmip6_ua_historical_file] - Excluding overlapping non-standard historical UA file: ua_Amon_CMCC-ESM2_historical_r1i1p1f1_gn_18890816-18991216_regridded.nc
2026-07-22 11:59:38,222 - INFO - [storyline.find_cmip6_ua_historical_file] - Selected historical UA member 'r1i1p1f1' for CESM2-WACCM from available: ['r1i1p1f1']
2026-07-22 11:59:38,222 - INFO - [storyline.find_cmip6_ua_historical_file] - Including non-standard historical UA file to fill gap: ua_Amon_CESM2-WACCM_historical_r1i1p1f1_gn_18500115-18890715_regridded.nc
2026-07-22 11:59:38,222 - INFO - [storyline.find_cmip6_ua_historical_file] - Including non-standard historical UA file to fill gap: ua_Amon_CESM2-WACCM_historical_r1i1p1f1_gn_18890815-19290214_regridded.nc
2026-07-22 11:59:38,222 - INFO - [storyline.find_cmip6_ua_historical_file] - Including non-standard historical UA file to fill gap: ua_Amon_CESM2-WACCM_historical_r1i1p1f1_gn_19290315-19680915_regridded.nc
2026-07-22 11:59:38,223 - INFO - [storyline.find_cmip6_ua_historical_file] - Including non-standard historical UA file to fill gap: ua_Amon_CESM2-WACCM_historical_r1i1p1f1_gn_19681015-20080415_regridded.nc
2026-07-22 11:59:38,223 - INFO - [storyline.find_cmip6_ua_historical_file] - Including non-standard historical UA file to fill gap: ua_Amon_CESM2-WACCM_historical_r1i1p1f1_gn_20080515-20141215_regridded.nc
2026-07-22 11:59:38,512 - INFO - [storyline.find_cmip6_ua_historical_file] - Selected historical UA member 'r1i1p1f1' for EC-Earth3 from available: ['r1i1p1f1']
2026-07-22 11:59:40,703 - INFO - [storyline.find_cmip6_ua_historical_file] - Selected historical UA member 'r1i1p1f1' for INM-CM5-0 from available: ['r1i1p1f1']
2026-07-22 11:59:40,703 - WARNING - [storyline.find_cmip6_ua_historical_file] - Excluding overlapping non-standard historical UA file: ua_Amon_INM-CM5-0_historical_r1i1p1f1_gr1_19000116-19491216_regridded.nc
2026-07-22 11:59:41,534 - INFO - [storyline.find_cmip6_ua_historical_file] - Selected historical UA member 'r1i1p1f1' for KIOST-ESM from available: ['r1i1p1f1']
2026-07-22 11:59:43,089 - INFO - [storyline.find_cmip6_ua_historical_file] - Selected historical UA member 'r1i1p1f2' for UKESM1-0-LL from available: ['r1i1p1f2']
2026-07-22 11:59:43,089 - INFO - [storyline.find_cmip6_ua_historical_file] - Including non-standard historical UA file to fill gap: ua_Amon_UKESM1-0-LL_historical_r1i1p1f2_gn_18500116-19280916_regridded.nc
2026-07-22 11:59:43,089 - INFO - [storyline.find_cmip6_ua_historical_file] - Including non-standard historical UA file to fill gap: ua_Amon_UKESM1-0-LL_historical_r1i1p1f2_gn_19281016-20070616_regridded.nc
2026-07-22 11:59:43,089 - INFO - [storyline.find_cmip6_ua_historical_file] - Including non-standard historical UA file to fill gap: ua_Amon_UKESM1-0-LL_historical_r1i1p1f2_gn_20070716-20141216_regridded.nc
2026-07-22 11:59:43,589 - INFO - [storyline.find_cmip6_ua_historical_file] - Selected historical UA member 'r1i1p1f1' for CMCC-CM2-SR5 from available: ['r1i1p1f1']
2026-07-22 11:59:43,589 - WARNING - [storyline.find_cmip6_ua_historical_file] - Excluding overlapping non-standard historical UA file: ua_Amon_CMCC-CM2-SR5_historical_r1i1p1f1_gn_19500116-19741216_regridded.nc
2026-07-22 11:59:44,225 - INFO - [storyline.find_cmip6_ua_historical_file] - Selected historical UA member 'r1i1p1f1' for EC-Earth3-CC from available: ['r1i1p1f1']
2026-07-22 11:59:44,225 - WARNING - [storyline.find_cmip6_ua_historical_file] - Excluding overlapping non-standard historical UA file: ua_Amon_EC-Earth3-CC_historical_r1i1p1f1_gr_18500116-18660816_regridded.nc
2026-07-22 11:59:44,226 - WARNING - [storyline.find_cmip6_ua_historical_file] - Excluding overlapping non-standard historical UA file: ua_Amon_EC-Earth3-CC_historical_r1i1p1f1_gr_18660916-18830416_regridded.nc
2026-07-22 11:59:44,226 - WARNING - [storyline.find_cmip6_ua_historical_file] - Excluding overlapping non-standard historical UA file: ua_Amon_EC-Earth3-CC_historical_r1i1p1f1_gr_18830516-18991216_regridded.nc
2026-07-22 11:59:44,226 - WARNING - [storyline.find_cmip6_ua_historical_file] - Excluding overlapping non-standard historical UA file: ua_Amon_EC-Earth3-CC_historical_r1i1p1f1_gr_19000116-19160816_regridded.nc
2026-07-22 11:59:44,226 - WARNING - [storyline.find_cmip6_ua_historical_file] - Excluding overlapping non-standard historical UA file: ua_Amon_EC-Earth3-CC_historical_r1i1p1f1_gr_19160916-19330416_regridded.nc
2026-07-22 11:59:44,226 - WARNING - [storyline.find_cmip6_ua_historical_file] - Excluding overlapping non-standard historical UA file: ua_Amon_EC-Earth3-CC_historical_r1i1p1f1_gr_19330516-19491216_regridded.nc
2026-07-22 11:59:44,226 - WARNING - [storyline.find_cmip6_ua_historical_file] - Excluding overlapping non-standard historical UA file: ua_Amon_EC-Earth3-CC_historical_r1i1p1f1_gr_19500116-19660816_regridded.nc
2026-07-22 11:59:44,226 - WARNING - [storyline.find_cmip6_ua_historical_file] - Excluding overlapping non-standard historical UA file: ua_Amon_EC-Earth3-CC_historical_r1i1p1f1_gr_19660916-19830416_regridded.nc
2026-07-22 11:59:44,226 - WARNING - [storyline.find_cmip6_ua_historical_file] - Excluding overlapping non-standard historical UA file: ua_Amon_EC-Earth3-CC_historical_r1i1p1f1_gr_19830516-19991216_regridded.nc
2026-07-22 11:59:44,226 - WARNING - [storyline.find_cmip6_ua_historical_file] - Excluding overlapping non-standard historical UA file: ua_Amon_EC-Earth3-CC_historical_r1i1p1f1_gr_20000116-20141216_regridded.nc
2026-07-22 11:59:47,503 - INFO - [storyline.find_cmip6_ua_historical_file] - Selected historical UA member 'r1i1p1f1' for ACCESS-CM2 from available: ['r1i1p1f1']
2026-07-22 11:59:47,503 - WARNING - [storyline.find_cmip6_ua_historical_file] - Excluding overlapping non-standard historical UA file: ua_Amon_ACCESS-CM2_historical_r1i1p1f1_gn_18500116-19280916_regridded.nc
2026-07-22 11:59:47,503 - WARNING - [storyline.find_cmip6_ua_historical_file] - Excluding overlapping non-standard historical UA file: ua_Amon_ACCESS-CM2_historical_r1i1p1f1_gn_19281016-20070616_regridded.nc
2026-07-22 11:59:47,503 - WARNING - [storyline.find_cmip6_ua_historical_file] - Excluding overlapping non-standard historical UA file: ua_Amon_ACCESS-CM2_historical_r1i1p1f1_gn_20070716-20141216_regridded.nc
2026-07-22 11:59:48,074 - INFO - [storyline.find_cmip6_ua_historical_file] - Selected historical UA member 'r1i1p1f1' for CanESM5 from available: ['r1i1p1f1']
2026-07-22 11:59:48,951 - INFO - [storyline.find_cmip6_ua_historical_file] - Selected historical UA member 'r1i1p1f1' for EC-Earth3-Veg-LR from available: ['r1i1p1f1']
2026-07-22 11:59:48,952 - WARNING - [storyline.find_cmip6_ua_historical_file] - Excluding overlapping non-standard historical UA file: ua_Amon_EC-Earth3-Veg-LR_historical_r1i1p1f1_gr_18500116-18920916_regridded.nc
2026-07-22 11:59:48,952 - WARNING - [storyline.find_cmip6_ua_historical_file] - Excluding overlapping non-standard historical UA file: ua_Amon_EC-Earth3-Veg-LR_historical_r1i1p1f1_gr_18921016-19350616_regridded.nc
2026-07-22 11:59:48,952 - WARNING - [storyline.find_cmip6_ua_historical_file] - Excluding overlapping non-standard historical UA file: ua_Amon_EC-Earth3-Veg-LR_historical_r1i1p1f1_gr_19350716-19780316_regridded.nc
2026-07-22 11:59:48,952 - WARNING - [storyline.find_cmip6_ua_historical_file] - Excluding overlapping non-standard historical UA file: ua_Amon_EC-Earth3-Veg-LR_historical_r1i1p1f1_gr_19780416-20141216_regridded.nc
2026-07-22 11:59:50,877 - INFO - [storyline.find_cmip6_ua_historical_file] - Selected historical UA member 'r1i1p1f1' for GFDL-ESM4 from available: ['r1i1p1f1']
2026-07-22 11:59:51,106 - INFO - [storyline.find_cmip6_ua_historical_file] - Selected historical UA member 'r1i1p1f1' for IITM-ESM from available: ['r1i1p1f1']
2026-07-22 11:59:51,624 - INFO - [storyline.find_cmip6_ua_historical_file] - Selected historical UA member 'r1i1p1f2' for MIROC-ES2L from available: ['r1i1p1f2']
2026-07-22 11:59:51,624 - INFO - [storyline.find_cmip6_ua_historical_file] - Including non-standard historical UA file to fill gap: ua_Amon_MIROC-ES2L_historical_r1i1p1f2_gn_18500116-20141216_regridded.nc
2026-07-22 11:59:52,099 - INFO - [storyline.find_cmip6_ua_historical_file] - Selected historical UA member 'r1i1p1f1' for MPI-ESM1-2-LR from available: ['r1i1p1f1']
2026-07-22 11:59:52,834 - INFO - [storyline.find_cmip6_ua_historical_file] - Selected historical UA member 'r1i1p1f1' for MRI-ESM2-0 from available: ['r1i1p1f1']
2026-07-22 11:59:52,835 - INFO - [storyline.find_cmip6_ua_historical_file] - Including non-standard historical UA file to fill gap: ua_Amon_MRI-ESM2-0_historical_r1i1p1f1_gn_18500116-18920916_regridded.nc
2026-07-22 11:59:52,835 - INFO - [storyline.find_cmip6_ua_historical_file] - Including non-standard historical UA file to fill gap: ua_Amon_MRI-ESM2-0_historical_r1i1p1f1_gn_18921016-19350616_regridded.nc
2026-07-22 11:59:52,835 - INFO - [storyline.find_cmip6_ua_historical_file] - Including non-standard historical UA file to fill gap: ua_Amon_MRI-ESM2-0_historical_r1i1p1f1_gn_19350716-19780316_regridded.nc
2026-07-22 11:59:52,835 - INFO - [storyline.find_cmip6_ua_historical_file] - Including non-standard historical UA file to fill gap: ua_Amon_MRI-ESM2-0_historical_r1i1p1f1_gn_19780416-20141216_regridded.nc
2026-07-22 11:59:53,815 - INFO - [main.run_full_analysis] - UA composite plot for GWL 2.0, Summer already exists and data not needed.
2026-07-22 11:59:53,816 - INFO - [storyline.calculate_ua_composites_for_extremes] - Calculating UA composites for event '30Q10_low' at GWL +2.0°C, Season=Summer...
2026-07-22 11:59:53,850 - INFO - [storyline.calculate_ua_composites_for_extremes] -   UA Extreme Models (N=12): ['MPI-ESM1-2-HR_ssp245', 'HadGEM3-GC31-LL_ssp245', 'NorESM2-MM_ssp245', 'ACCESS-ESM1-5_ssp245', 'CESM2_ssp245', 'KACE-1-0-G_ssp245', 'CMCC-CM2-SR5_ssp245', 'INM-CM4-8_ssp245', 'KIOST-ESM_ssp245', 'UKESM1-0-LL_ssp245', 'ACCESS-CM2_ssp245', 'CESM2-WACCM_ssp245']
2026-07-22 11:59:53,850 - INFO - [storyline.calculate_ua_composites_for_extremes] -   UA Non-Extreme Models (N=12): ['INM-CM5-0_ssp245', 'IPSL-CM6A-LR_ssp245', 'MIROC-ES2L_ssp245', 'MIROC6_ssp245', 'CMCC-ESM2_ssp245', 'CanESM5_ssp245', 'EC-Earth3-Veg-LR_ssp245', 'EC-Earth3_ssp245', 'GFDL-ESM4_ssp245', 'IITM-ESM_ssp245', 'MPI-ESM1-2-LR_ssp245', 'MRI-ESM2-0_ssp245']
2026-07-22 11:59:53,852 - INFO - [storyline.find_cmip6_ua_file] - Selected UA file member 'r1i1p1f1' for MPI-ESM1-2-HR (ssp245) from available: ['r1i1p1f1']
2026-07-22 11:59:54,113 - INFO - [storyline.find_cmip6_ua_file] - Selected UA file member 'r1i1p1f3' for HadGEM3-GC31-LL (ssp245) from available: ['r1i1p1f3']
2026-07-22 11:59:54,265 - INFO - [storyline.find_cmip6_ua_file] - Selected UA file member 'r1i1p1f1' for NorESM2-MM (ssp245) from available: ['r1i1p1f1']
2026-07-22 11:59:54,490 - INFO - [storyline.find_cmip6_ua_file] - Selected UA file member 'r1i1p1f1' for ACCESS-ESM1-5 (ssp245) from available: ['r1i1p1f1']
2026-07-22 11:59:54,635 - INFO - [storyline.find_cmip6_ua_file] - Selected UA file member 'r4i1p1f1' for CESM2 (ssp245) from available: ['r4i1p1f1']
2026-07-22 11:59:54,635 - INFO - [storyline.find_cmip6_ua_file] - Including non-standard UA file to fill gap: ua_Amon_CESM2_ssp245_r4i1p1f1_gn_20150115-20540715_regridded.nc
2026-07-22 11:59:54,635 - INFO - [storyline.find_cmip6_ua_file] - Including non-standard UA file to fill gap: ua_Amon_CESM2_ssp245_r4i1p1f1_gn_20540815-20940214_regridded.nc
2026-07-22 11:59:54,636 - INFO - [storyline.find_cmip6_ua_file] - Including non-standard UA file to fill gap: ua_Amon_CESM2_ssp245_r4i1p1f1_gn_20940315-21001215_regridded.nc
2026-07-22 11:59:54,821 - INFO - [storyline.find_cmip6_ua_file] - Selected UA file member 'r1i1p1f1' for KACE-1-0-G (ssp245) from available: ['r1i1p1f1']
2026-07-22 11:59:54,956 - INFO - [storyline.find_cmip6_ua_file] - Selected UA file member 'r1i1p1f1' for CMCC-CM2-SR5 (ssp245) from available: ['r1i1p1f1']
2026-07-22 11:59:54,956 - INFO - [storyline.find_cmip6_ua_file] - Including non-standard UA file to fill gap: ua_Amon_CMCC-CM2-SR5_ssp245_r1i1p1f1_gn_20400116-20641216_regridded.nc
2026-07-22 11:59:55,138 - INFO - [storyline.find_cmip6_ua_file] - Selected UA file member 'r1i1p1f1' for INM-CM4-8 (ssp245) from available: ['r1i1p1f1']
2026-07-22 11:59:55,359 - INFO - [storyline.find_cmip6_ua_file] - Selected UA file member 'r1i1p1f1' for KIOST-ESM (ssp245) from available: ['r1i1p1f1']
2026-07-22 11:59:55,504 - INFO - [storyline.find_cmip6_ua_file] - Selected UA file member 'r1i1p1f2' for UKESM1-0-LL (ssp245) from available: ['r13i1p1f2', 'r1i1p1f2']
2026-07-22 11:59:55,504 - INFO - [storyline.find_cmip6_ua_file] - Including non-standard UA file to fill gap: ua_Amon_UKESM1-0-LL_ssp245_r1i1p1f2_gn_20150116-20930916_regridded.nc
2026-07-22 11:59:55,505 - INFO - [storyline.find_cmip6_ua_file] - Including non-standard UA file to fill gap: ua_Amon_UKESM1-0-LL_ssp245_r1i1p1f2_gn_20931016-21001216_regridded.nc
2026-07-22 11:59:55,672 - INFO - [storyline.find_cmip6_ua_file] - Selected UA file member 'r1i1p1f1' for ACCESS-CM2 (ssp245) from available: ['r1i1p1f1']
2026-07-22 11:59:55,827 - INFO - [storyline.find_cmip6_ua_file] - Selected UA file member 'r1i1p1f1' for CESM2-WACCM (ssp245) from available: ['r1i1p1f1']
2026-07-22 11:59:56,237 - INFO - [storyline.find_cmip6_ua_file] - Selected UA file member 'r1i1p1f1' for INM-CM5-0 (ssp245) from available: ['r1i1p1f1']
2026-07-22 11:59:56,237 - INFO - [storyline.find_cmip6_ua_file] - Including non-standard UA file to fill gap: ua_Amon_INM-CM5-0_ssp245_r1i1p1f1_gr1_20750116-20841216_regridded.nc
2026-07-22 11:59:56,429 - INFO - [storyline.find_cmip6_ua_file] - Selected UA file member 'r1i1p1f1' for IPSL-CM6A-LR (ssp245) from available: ['r1i1p1f1']
2026-07-22 11:59:56,762 - INFO - [storyline.find_cmip6_ua_file] - Selected UA file member 'r1i1p1f2' for MIROC-ES2L (ssp245) from available: ['r1i1p1f2']
2026-07-22 11:59:56,762 - INFO - [storyline.find_cmip6_ua_file] - Including non-standard UA file to fill gap: ua_Amon_MIROC-ES2L_ssp245_r1i1p1f2_gn_20150116-21001216_regridded.nc
2026-07-22 11:59:56,924 - INFO - [storyline.find_cmip6_ua_file] - Selected UA file member 'r1i1p1f1' for MIROC6 (ssp245) from available: ['r1i1p1f1']
2026-07-22 11:59:56,925 - WARNING - [storyline.find_cmip6_ua_file] - Excluding overlapping non-standard UA file: ua_Amon_MIROC6_ssp245_r1i1p1f1_gn_20150116-20741216_regridded.nc
2026-07-22 11:59:57,105 - INFO - [storyline.find_cmip6_ua_file] - Selected UA file member 'r1i1p1f1' for CMCC-ESM2 (ssp245) from available: ['r1i1p1f1']
2026-07-22 11:59:57,268 - INFO - [storyline.find_cmip6_ua_file] - Selected UA file member 'r1i1p1f1' for CanESM5 (ssp245) from available: ['r1i1p1f1']
2026-07-22 11:59:57,404 - INFO - [storyline.find_cmip6_ua_file] - Selected UA file member 'r1i1p1f1' for EC-Earth3-Veg-LR (ssp245) from available: ['r1i1p1f1']
2026-07-22 11:59:57,405 - WARNING - [storyline.find_cmip6_ua_file] - Excluding overlapping non-standard UA file: ua_Amon_EC-Earth3-Veg-LR_ssp245_r1i1p1f1_gr_20150116-20791216_regridded.nc
2026-07-22 11:59:58,137 - INFO - [storyline.find_cmip6_ua_file] - Selected UA file member 'r1i1p1f1' for EC-Earth3 (ssp245) from available: ['r1i1p1f1']
2026-07-22 11:59:58,863 - INFO - [storyline.find_cmip6_ua_file] - Selected UA file member 'r1i1p1f1' for GFDL-ESM4 (ssp245) from available: ['r1i1p1f1']
2026-07-22 11:59:58,986 - INFO - [storyline.find_cmip6_ua_file] - Selected UA file member 'r1i1p1f1' for IITM-ESM (ssp245) from available: ['r1i1p1f1']
2026-07-22 11:59:58,986 - WARNING - [storyline.find_cmip6_ua_file] - Excluding overlapping non-standard UA file: ua_Amon_IITM-ESM_ssp245_r1i1p1f1_gn_20150116-20991216_regridded.nc
2026-07-22 11:59:59,183 - INFO - [storyline.find_cmip6_ua_file] - Selected UA file member 'r1i1p1f1' for MPI-ESM1-2-LR (ssp245) from available: ['r1i1p1f1']
2026-07-22 11:59:59,376 - INFO - [storyline.find_cmip6_ua_file] - Selected UA file member 'r1i1p1f1' for MRI-ESM2-0 (ssp245) from available: ['r1i1p1f1']
2026-07-22 11:59:59,376 - INFO - [storyline.find_cmip6_ua_file] - Including non-standard UA file to fill gap: ua_Amon_MRI-ESM2-0_ssp245_r1i1p1f1_gn_20650116-20991216_regridded.nc
2026-07-22 11:59:59,557 - INFO - [storyline.find_cmip6_ua_historical_file] - Selected historical UA member 'r1i1p1f1' for MPI-ESM1-2-HR from available: ['r1i1p1f1']
2026-07-22 11:59:59,558 - WARNING - [storyline.find_cmip6_ua_historical_file] - Excluding overlapping non-standard historical UA file: ua_Amon_MPI-ESM1-2-HR_historical_r1i1p1f1_gn_18500116-18790816_regridded.nc
2026-07-22 11:59:59,558 - WARNING - [storyline.find_cmip6_ua_historical_file] - Excluding overlapping non-standard historical UA file: ua_Amon_MPI-ESM1-2-HR_historical_r1i1p1f1_gn_18790916-19090416_regridded.nc
2026-07-22 11:59:59,558 - WARNING - [storyline.find_cmip6_ua_historical_file] - Excluding overlapping non-standard historical UA file: ua_Amon_MPI-ESM1-2-HR_historical_r1i1p1f1_gn_19090516-19381216_regridded.nc
2026-07-22 11:59:59,558 - WARNING - [storyline.find_cmip6_ua_historical_file] - Excluding overlapping non-standard historical UA file: ua_Amon_MPI-ESM1-2-HR_historical_r1i1p1f1_gn_19390116-19680816_regridded.nc
2026-07-22 11:59:59,558 - WARNING - [storyline.find_cmip6_ua_historical_file] - Excluding overlapping non-standard historical UA file: ua_Amon_MPI-ESM1-2-HR_historical_r1i1p1f1_gn_19680916-19980416_regridded.nc
2026-07-22 11:59:59,558 - WARNING - [storyline.find_cmip6_ua_historical_file] - Excluding overlapping non-standard historical UA file: ua_Amon_MPI-ESM1-2-HR_historical_r1i1p1f1_gn_19980516-20141216_regridded.nc
2026-07-22 12:00:00,027 - INFO - [storyline.find_cmip6_ua_historical_file] - Selected historical UA member 'r1i1p1f3' for HadGEM3-GC31-LL from available: ['r1i1p1f3']
2026-07-22 12:00:00,027 - INFO - [storyline.find_cmip6_ua_historical_file] - Including non-standard historical UA file to fill gap: ua_Amon_HadGEM3-GC31-LL_historical_r1i1p1f3_gn_18500116-19280916_regridded.nc
2026-07-22 12:00:00,028 - INFO - [storyline.find_cmip6_ua_historical_file] - Including non-standard historical UA file to fill gap: ua_Amon_HadGEM3-GC31-LL_historical_r1i1p1f3_gn_19281016-20070616_regridded.nc
2026-07-22 12:00:00,028 - INFO - [storyline.find_cmip6_ua_historical_file] - Including non-standard historical UA file to fill gap: ua_Amon_HadGEM3-GC31-LL_historical_r1i1p1f3_gn_20070716-20141216_regridded.nc
2026-07-22 12:00:00,282 - INFO - [storyline.find_cmip6_ua_historical_file] - Selected historical UA member 'r1i1p1f1' for NorESM2-MM from available: ['r1i1p1f1']
2026-07-22 12:00:00,283 - WARNING - [storyline.find_cmip6_ua_historical_file] - Excluding overlapping non-standard historical UA file: ua_Amon_NorESM2-MM_historical_r1i1p1f1_gn_19100116-19191216_regridded.nc
2026-07-22 12:00:00,645 - INFO - [storyline.find_cmip6_ua_historical_file] - Selected historical UA member 'r1i1p1f1' for ACCESS-ESM1-5 from available: ['r1i1p1f1']
2026-07-22 12:00:00,890 - INFO - [storyline.find_cmip6_ua_historical_file] - Selected historical UA member 'r1i1p1f1' for CESM2 from available: ['r1i1p1f1']
2026-07-22 12:00:01,808 - INFO - [storyline.find_cmip6_ua_historical_file] - Selected historical UA member 'r1i1p1f1' for KACE-1-0-G from available: ['r1i1p1f1']
2026-07-22 12:00:02,041 - INFO - [storyline.find_cmip6_ua_historical_file] - Selected historical UA member 'r1i1p1f1' for CMCC-CM2-SR5 from available: ['r1i1p1f1']
2026-07-22 12:00:02,042 - WARNING - [storyline.find_cmip6_ua_historical_file] - Excluding overlapping non-standard historical UA file: ua_Amon_CMCC-CM2-SR5_historical_r1i1p1f1_gn_19500116-19741216_regridded.nc
2026-07-22 12:00:02,340 - INFO - [storyline.find_cmip6_ua_historical_file] - Selected historical UA member 'r1i1p1f1' for INM-CM4-8 from available: ['r1i1p1f1']
2026-07-22 12:00:02,721 - INFO - [storyline.find_cmip6_ua_historical_file] - Selected historical UA member 'r1i1p1f1' for KIOST-ESM from available: ['r1i1p1f1']
2026-07-22 12:00:02,941 - INFO - [storyline.find_cmip6_ua_historical_file] - Selected historical UA member 'r1i1p1f2' for UKESM1-0-LL from available: ['r1i1p1f2']
2026-07-22 12:00:02,941 - INFO - [storyline.find_cmip6_ua_historical_file] - Including non-standard historical UA file to fill gap: ua_Amon_UKESM1-0-LL_historical_r1i1p1f2_gn_18500116-19280916_regridded.nc
2026-07-22 12:00:02,941 - INFO - [storyline.find_cmip6_ua_historical_file] - Including non-standard historical UA file to fill gap: ua_Amon_UKESM1-0-LL_historical_r1i1p1f2_gn_19281016-20070616_regridded.nc
2026-07-22 12:00:02,942 - INFO - [storyline.find_cmip6_ua_historical_file] - Including non-standard historical UA file to fill gap: ua_Amon_UKESM1-0-LL_historical_r1i1p1f2_gn_20070716-20141216_regridded.nc
2026-07-22 12:00:03,217 - INFO - [storyline.find_cmip6_ua_historical_file] - Selected historical UA member 'r1i1p1f1' for ACCESS-CM2 from available: ['r1i1p1f1']
2026-07-22 12:00:03,217 - WARNING - [storyline.find_cmip6_ua_historical_file] - Excluding overlapping non-standard historical UA file: ua_Amon_ACCESS-CM2_historical_r1i1p1f1_gn_18500116-19280916_regridded.nc
2026-07-22 12:00:03,217 - WARNING - [storyline.find_cmip6_ua_historical_file] - Excluding overlapping non-standard historical UA file: ua_Amon_ACCESS-CM2_historical_r1i1p1f1_gn_19281016-20070616_regridded.nc
2026-07-22 12:00:03,217 - WARNING - [storyline.find_cmip6_ua_historical_file] - Excluding overlapping non-standard historical UA file: ua_Amon_ACCESS-CM2_historical_r1i1p1f1_gn_20070716-20141216_regridded.nc
2026-07-22 12:00:03,454 - INFO - [storyline.find_cmip6_ua_historical_file] - Selected historical UA member 'r1i1p1f1' for CESM2-WACCM from available: ['r1i1p1f1']
2026-07-22 12:00:03,454 - INFO - [storyline.find_cmip6_ua_historical_file] - Including non-standard historical UA file to fill gap: ua_Amon_CESM2-WACCM_historical_r1i1p1f1_gn_18500115-18890715_regridded.nc
2026-07-22 12:00:03,455 - INFO - [storyline.find_cmip6_ua_historical_file] - Including non-standard historical UA file to fill gap: ua_Amon_CESM2-WACCM_historical_r1i1p1f1_gn_18890815-19290214_regridded.nc
2026-07-22 12:00:03,455 - INFO - [storyline.find_cmip6_ua_historical_file] - Including non-standard historical UA file to fill gap: ua_Amon_CESM2-WACCM_historical_r1i1p1f1_gn_19290315-19680915_regridded.nc
2026-07-22 12:00:03,455 - INFO - [storyline.find_cmip6_ua_historical_file] - Including non-standard historical UA file to fill gap: ua_Amon_CESM2-WACCM_historical_r1i1p1f1_gn_19681015-20080415_regridded.nc
2026-07-22 12:00:03,455 - INFO - [storyline.find_cmip6_ua_historical_file] - Including non-standard historical UA file to fill gap: ua_Amon_CESM2-WACCM_historical_r1i1p1f1_gn_20080515-20141215_regridded.nc
2026-07-22 12:00:03,630 - INFO - [storyline.find_cmip6_ua_historical_file] - Selected historical UA member 'r1i1p1f1' for INM-CM5-0 from available: ['r1i1p1f1']
2026-07-22 12:00:03,630 - WARNING - [storyline.find_cmip6_ua_historical_file] - Excluding overlapping non-standard historical UA file: ua_Amon_INM-CM5-0_historical_r1i1p1f1_gr1_19000116-19491216_regridded.nc
2026-07-22 12:00:03,976 - INFO - [storyline.find_cmip6_ua_historical_file] - Selected historical UA member 'r1i1p1f1' for IPSL-CM6A-LR from available: ['r1i1p1f1']
2026-07-22 12:00:04,677 - INFO - [storyline.find_cmip6_ua_historical_file] - Selected historical UA member 'r1i1p1f2' for MIROC-ES2L from available: ['r1i1p1f2']
2026-07-22 12:00:04,677 - INFO - [storyline.find_cmip6_ua_historical_file] - Including non-standard historical UA file to fill gap: ua_Amon_MIROC-ES2L_historical_r1i1p1f2_gn_18500116-20141216_regridded.nc
2026-07-22 12:00:04,911 - INFO - [storyline.find_cmip6_ua_historical_file] - Selected historical UA member 'r1i1p1f1' for MIROC6 from available: ['r1i1p1f1']
2026-07-22 12:00:05,289 - INFO - [storyline.find_cmip6_ua_historical_file] - Selected historical UA member 'r1i1p1f1' for CMCC-ESM2 from available: ['r1i1p1f1']
2026-07-22 12:00:05,290 - WARNING - [storyline.find_cmip6_ua_historical_file] - Excluding overlapping non-standard historical UA file: ua_Amon_CMCC-ESM2_historical_r1i1p1f1_gn_18500116-18890716_regridded.nc
2026-07-22 12:00:05,290 - WARNING - [storyline.find_cmip6_ua_historical_file] - Excluding overlapping non-standard historical UA file: ua_Amon_CMCC-ESM2_historical_r1i1p1f1_gn_18890816-18991216_regridded.nc
2026-07-22 12:00:05,580 - INFO - [storyline.find_cmip6_ua_historical_file] - Selected historical UA member 'r1i1p1f1' for CanESM5 from available: ['r1i1p1f1']
2026-07-22 12:00:05,805 - INFO - [storyline.find_cmip6_ua_historical_file] - Selected historical UA member 'r1i1p1f1' for EC-Earth3-Veg-LR from available: ['r1i1p1f1']
2026-07-22 12:00:05,806 - WARNING - [storyline.find_cmip6_ua_historical_file] - Excluding overlapping non-standard historical UA file: ua_Amon_EC-Earth3-Veg-LR_historical_r1i1p1f1_gr_18500116-18920916_regridded.nc
2026-07-22 12:00:05,806 - WARNING - [storyline.find_cmip6_ua_historical_file] - Excluding overlapping non-standard historical UA file: ua_Amon_EC-Earth3-Veg-LR_historical_r1i1p1f1_gr_18921016-19350616_regridded.nc
2026-07-22 12:00:05,806 - WARNING - [storyline.find_cmip6_ua_historical_file] - Excluding overlapping non-standard historical UA file: ua_Amon_EC-Earth3-Veg-LR_historical_r1i1p1f1_gr_19350716-19780316_regridded.nc
2026-07-22 12:00:05,806 - WARNING - [storyline.find_cmip6_ua_historical_file] - Excluding overlapping non-standard historical UA file: ua_Amon_EC-Earth3-Veg-LR_historical_r1i1p1f1_gr_19780416-20141216_regridded.nc
2026-07-22 12:00:07,572 - INFO - [storyline.find_cmip6_ua_historical_file] - Selected historical UA member 'r1i1p1f1' for EC-Earth3 from available: ['r1i1p1f1']
2026-07-22 12:00:09,010 - INFO - [storyline.find_cmip6_ua_historical_file] - Selected historical UA member 'r1i1p1f1' for GFDL-ESM4 from available: ['r1i1p1f1']
2026-07-22 12:00:09,217 - INFO - [storyline.find_cmip6_ua_historical_file] - Selected historical UA member 'r1i1p1f1' for IITM-ESM from available: ['r1i1p1f1']
2026-07-22 12:00:09,592 - INFO - [storyline.find_cmip6_ua_historical_file] - Selected historical UA member 'r1i1p1f1' for MPI-ESM1-2-LR from available: ['r1i1p1f1']
2026-07-22 12:00:09,896 - INFO - [storyline.find_cmip6_ua_historical_file] - Selected historical UA member 'r1i1p1f1' for MRI-ESM2-0 from available: ['r1i1p1f1']
2026-07-22 12:00:09,896 - INFO - [storyline.find_cmip6_ua_historical_file] - Including non-standard historical UA file to fill gap: ua_Amon_MRI-ESM2-0_historical_r1i1p1f1_gn_18500116-18920916_regridded.nc
2026-07-22 12:00:09,896 - INFO - [storyline.find_cmip6_ua_historical_file] - Including non-standard historical UA file to fill gap: ua_Amon_MRI-ESM2-0_historical_r1i1p1f1_gn_18921016-19350616_regridded.nc
2026-07-22 12:00:09,896 - INFO - [storyline.find_cmip6_ua_historical_file] - Including non-standard historical UA file to fill gap: ua_Amon_MRI-ESM2-0_historical_r1i1p1f1_gn_19350716-19780316_regridded.nc
2026-07-22 12:00:09,896 - INFO - [storyline.find_cmip6_ua_historical_file] - Including non-standard historical UA file to fill gap: ua_Amon_MRI-ESM2-0_historical_r1i1p1f1_gn_19780416-20141216_regridded.nc
2026-07-22 12:00:10,784 - INFO - [main.run_full_analysis] - UA composite plot for GWL 3.0, Winter already exists and data not needed.
2026-07-22 12:00:10,784 - INFO - [storyline.calculate_ua_composites_for_extremes] - Calculating UA composites for event '30Q10_low' at GWL +3.0°C, Season=Winter...
2026-07-22 12:00:10,812 - INFO - [storyline.calculate_ua_composites_for_extremes] -   UA Extreme Models (N=5): ['KACE-1-0-G_ssp245', 'CESM2_ssp245', 'CESM2-WACCM_ssp245', 'HadGEM3-GC31-LL_ssp245', 'UKESM1-0-LL_ssp245']
2026-07-22 12:00:10,812 - INFO - [storyline.calculate_ua_composites_for_extremes] -   UA Non-Extreme Models (N=5): ['EC-Earth3-CC_ssp245', 'IPSL-CM6A-LR_ssp245', 'CMCC-CM2-SR5_ssp245', 'CMCC-ESM2_ssp245', 'CanESM5_ssp245']
2026-07-22 12:00:10,814 - INFO - [storyline.find_cmip6_ua_file] - Selected UA file member 'r1i1p1f1' for KACE-1-0-G (ssp245) from available: ['r1i1p1f1']
2026-07-22 12:00:11,113 - INFO - [storyline.find_cmip6_ua_file] - Selected UA file member 'r4i1p1f1' for CESM2 (ssp245) from available: ['r4i1p1f1']
2026-07-22 12:00:11,113 - INFO - [storyline.find_cmip6_ua_file] - Including non-standard UA file to fill gap: ua_Amon_CESM2_ssp245_r4i1p1f1_gn_20150115-20540715_regridded.nc
2026-07-22 12:00:11,113 - INFO - [storyline.find_cmip6_ua_file] - Including non-standard UA file to fill gap: ua_Amon_CESM2_ssp245_r4i1p1f1_gn_20540815-20940214_regridded.nc
2026-07-22 12:00:11,113 - INFO - [storyline.find_cmip6_ua_file] - Including non-standard UA file to fill gap: ua_Amon_CESM2_ssp245_r4i1p1f1_gn_20940315-21001215_regridded.nc
2026-07-22 12:00:11,560 - INFO - [storyline.find_cmip6_ua_file] - Selected UA file member 'r1i1p1f1' for CESM2-WACCM (ssp245) from available: ['r1i1p1f1']
2026-07-22 12:00:11,954 - INFO - [storyline.find_cmip6_ua_file] - Selected UA file member 'r1i1p1f3' for HadGEM3-GC31-LL (ssp245) from available: ['r1i1p1f3']
2026-07-22 12:00:12,462 - INFO - [storyline.find_cmip6_ua_file] - Selected UA file member 'r1i1p1f2' for UKESM1-0-LL (ssp245) from available: ['r13i1p1f2', 'r1i1p1f2']
2026-07-22 12:00:12,462 - INFO - [storyline.find_cmip6_ua_file] - Including non-standard UA file to fill gap: ua_Amon_UKESM1-0-LL_ssp245_r1i1p1f2_gn_20150116-20930916_regridded.nc
2026-07-22 12:00:12,462 - INFO - [storyline.find_cmip6_ua_file] - Including non-standard UA file to fill gap: ua_Amon_UKESM1-0-LL_ssp245_r1i1p1f2_gn_20931016-21001216_regridded.nc
2026-07-22 12:00:12,807 - INFO - [storyline.find_cmip6_ua_file] - Selected UA file member 'r1i1p1f1' for EC-Earth3-CC (ssp245) from available: ['r1i1p1f1']
2026-07-22 12:00:12,807 - WARNING - [storyline.find_cmip6_ua_file] - Excluding overlapping non-standard UA file: ua_Amon_EC-Earth3-CC_ssp245_r1i1p1f1_gr_20150116-20310816_regridded.nc
2026-07-22 12:00:12,808 - WARNING - [storyline.find_cmip6_ua_file] - Excluding overlapping non-standard UA file: ua_Amon_EC-Earth3-CC_ssp245_r1i1p1f1_gr_20310916-20480416_regridded.nc
2026-07-22 12:00:12,808 - WARNING - [storyline.find_cmip6_ua_file] - Excluding overlapping non-standard UA file: ua_Amon_EC-Earth3-CC_ssp245_r1i1p1f1_gr_20480516-20641216_regridded.nc
2026-07-22 12:00:12,808 - WARNING - [storyline.find_cmip6_ua_file] - Excluding overlapping non-standard UA file: ua_Amon_EC-Earth3-CC_ssp245_r1i1p1f1_gr_20650116-20810816_regridded.nc
2026-07-22 12:00:12,808 - WARNING - [storyline.find_cmip6_ua_file] - Excluding overlapping non-standard UA file: ua_Amon_EC-Earth3-CC_ssp245_r1i1p1f1_gr_20810916-20980416_regridded.nc
2026-07-22 12:00:12,808 - WARNING - [storyline.find_cmip6_ua_file] - Excluding overlapping non-standard UA file: ua_Amon_EC-Earth3-CC_ssp245_r1i1p1f1_gr_20980516-21001216_regridded.nc
2026-07-22 12:00:13,797 - INFO - [storyline.find_cmip6_ua_file] - Selected UA file member 'r1i1p1f1' for IPSL-CM6A-LR (ssp245) from available: ['r1i1p1f1']
2026-07-22 12:00:14,342 - INFO - [storyline.find_cmip6_ua_file] - Selected UA file member 'r1i1p1f1' for CMCC-CM2-SR5 (ssp245) from available: ['r1i1p1f1']
2026-07-22 12:00:14,342 - INFO - [storyline.find_cmip6_ua_file] - Including non-standard UA file to fill gap: ua_Amon_CMCC-CM2-SR5_ssp245_r1i1p1f1_gn_20400116-20641216_regridded.nc
2026-07-22 12:00:14,746 - INFO - [storyline.find_cmip6_ua_file] - Selected UA file member 'r1i1p1f1' for CMCC-ESM2 (ssp245) from available: ['r1i1p1f1']
2026-07-22 12:00:15,113 - INFO - [storyline.find_cmip6_ua_file] - Selected UA file member 'r1i1p1f1' for CanESM5 (ssp245) from available: ['r1i1p1f1']
2026-07-22 12:00:15,467 - INFO - [storyline.find_cmip6_ua_historical_file] - Selected historical UA member 'r1i1p1f1' for KACE-1-0-G from available: ['r1i1p1f1']
2026-07-22 12:00:15,691 - INFO - [storyline.find_cmip6_ua_historical_file] - Selected historical UA member 'r1i1p1f1' for CESM2 from available: ['r1i1p1f1']
2026-07-22 12:00:15,921 - INFO - [storyline.find_cmip6_ua_historical_file] - Selected historical UA member 'r1i1p1f1' for CESM2-WACCM from available: ['r1i1p1f1']
2026-07-22 12:00:15,921 - INFO - [storyline.find_cmip6_ua_historical_file] - Including non-standard historical UA file to fill gap: ua_Amon_CESM2-WACCM_historical_r1i1p1f1_gn_18500115-18890715_regridded.nc
2026-07-22 12:00:15,921 - INFO - [storyline.find_cmip6_ua_historical_file] - Including non-standard historical UA file to fill gap: ua_Amon_CESM2-WACCM_historical_r1i1p1f1_gn_18890815-19290214_regridded.nc
2026-07-22 12:00:15,922 - INFO - [storyline.find_cmip6_ua_historical_file] - Including non-standard historical UA file to fill gap: ua_Amon_CESM2-WACCM_historical_r1i1p1f1_gn_19290315-19680915_regridded.nc
2026-07-22 12:00:15,922 - INFO - [storyline.find_cmip6_ua_historical_file] - Including non-standard historical UA file to fill gap: ua_Amon_CESM2-WACCM_historical_r1i1p1f1_gn_19681015-20080415_regridded.nc
2026-07-22 12:00:15,922 - INFO - [storyline.find_cmip6_ua_historical_file] - Including non-standard historical UA file to fill gap: ua_Amon_CESM2-WACCM_historical_r1i1p1f1_gn_20080515-20141215_regridded.nc
2026-07-22 12:00:16,081 - INFO - [storyline.find_cmip6_ua_historical_file] - Selected historical UA member 'r1i1p1f3' for HadGEM3-GC31-LL from available: ['r1i1p1f3']
2026-07-22 12:00:16,081 - INFO - [storyline.find_cmip6_ua_historical_file] - Including non-standard historical UA file to fill gap: ua_Amon_HadGEM3-GC31-LL_historical_r1i1p1f3_gn_18500116-19280916_regridded.nc
2026-07-22 12:00:16,081 - INFO - [storyline.find_cmip6_ua_historical_file] - Including non-standard historical UA file to fill gap: ua_Amon_HadGEM3-GC31-LL_historical_r1i1p1f3_gn_19281016-20070616_regridded.nc
2026-07-22 12:00:16,081 - INFO - [storyline.find_cmip6_ua_historical_file] - Including non-standard historical UA file to fill gap: ua_Amon_HadGEM3-GC31-LL_historical_r1i1p1f3_gn_20070716-20141216_regridded.nc
2026-07-22 12:00:16,327 - INFO - [storyline.find_cmip6_ua_historical_file] - Selected historical UA member 'r1i1p1f2' for UKESM1-0-LL from available: ['r1i1p1f2']
2026-07-22 12:00:16,327 - INFO - [storyline.find_cmip6_ua_historical_file] - Including non-standard historical UA file to fill gap: ua_Amon_UKESM1-0-LL_historical_r1i1p1f2_gn_18500116-19280916_regridded.nc
2026-07-22 12:00:16,327 - INFO - [storyline.find_cmip6_ua_historical_file] - Including non-standard historical UA file to fill gap: ua_Amon_UKESM1-0-LL_historical_r1i1p1f2_gn_19281016-20070616_regridded.nc
2026-07-22 12:00:16,327 - INFO - [storyline.find_cmip6_ua_historical_file] - Including non-standard historical UA file to fill gap: ua_Amon_UKESM1-0-LL_historical_r1i1p1f2_gn_20070716-20141216_regridded.nc
2026-07-22 12:00:16,598 - INFO - [storyline.find_cmip6_ua_historical_file] - Selected historical UA member 'r1i1p1f1' for EC-Earth3-CC from available: ['r1i1p1f1']
2026-07-22 12:00:16,599 - WARNING - [storyline.find_cmip6_ua_historical_file] - Excluding overlapping non-standard historical UA file: ua_Amon_EC-Earth3-CC_historical_r1i1p1f1_gr_18500116-18660816_regridded.nc
2026-07-22 12:00:16,599 - WARNING - [storyline.find_cmip6_ua_historical_file] - Excluding overlapping non-standard historical UA file: ua_Amon_EC-Earth3-CC_historical_r1i1p1f1_gr_18660916-18830416_regridded.nc
2026-07-22 12:00:16,599 - WARNING - [storyline.find_cmip6_ua_historical_file] - Excluding overlapping non-standard historical UA file: ua_Amon_EC-Earth3-CC_historical_r1i1p1f1_gr_18830516-18991216_regridded.nc
2026-07-22 12:00:16,599 - WARNING - [storyline.find_cmip6_ua_historical_file] - Excluding overlapping non-standard historical UA file: ua_Amon_EC-Earth3-CC_historical_r1i1p1f1_gr_19000116-19160816_regridded.nc
2026-07-22 12:00:16,599 - WARNING - [storyline.find_cmip6_ua_historical_file] - Excluding overlapping non-standard historical UA file: ua_Amon_EC-Earth3-CC_historical_r1i1p1f1_gr_19160916-19330416_regridded.nc
2026-07-22 12:00:16,599 - WARNING - [storyline.find_cmip6_ua_historical_file] - Excluding overlapping non-standard historical UA file: ua_Amon_EC-Earth3-CC_historical_r1i1p1f1_gr_19330516-19491216_regridded.nc
2026-07-22 12:00:16,599 - WARNING - [storyline.find_cmip6_ua_historical_file] - Excluding overlapping non-standard historical UA file: ua_Amon_EC-Earth3-CC_historical_r1i1p1f1_gr_19500116-19660816_regridded.nc
2026-07-22 12:00:16,600 - WARNING - [storyline.find_cmip6_ua_historical_file] - Excluding overlapping non-standard historical UA file: ua_Amon_EC-Earth3-CC_historical_r1i1p1f1_gr_19660916-19830416_regridded.nc
2026-07-22 12:00:16,600 - WARNING - [storyline.find_cmip6_ua_historical_file] - Excluding overlapping non-standard historical UA file: ua_Amon_EC-Earth3-CC_historical_r1i1p1f1_gr_19830516-19991216_regridded.nc
2026-07-22 12:00:16,600 - WARNING - [storyline.find_cmip6_ua_historical_file] - Excluding overlapping non-standard historical UA file: ua_Amon_EC-Earth3-CC_historical_r1i1p1f1_gr_20000116-20141216_regridded.nc
2026-07-22 12:00:18,062 - INFO - [storyline.find_cmip6_ua_historical_file] - Selected historical UA member 'r1i1p1f1' for IPSL-CM6A-LR from available: ['r1i1p1f1']
2026-07-22 12:00:18,259 - INFO - [storyline.find_cmip6_ua_historical_file] - Selected historical UA member 'r1i1p1f1' for CMCC-CM2-SR5 from available: ['r1i1p1f1']
2026-07-22 12:00:18,260 - WARNING - [storyline.find_cmip6_ua_historical_file] - Excluding overlapping non-standard historical UA file: ua_Amon_CMCC-CM2-SR5_historical_r1i1p1f1_gn_19500116-19741216_regridded.nc
2026-07-22 12:00:18,543 - INFO - [storyline.find_cmip6_ua_historical_file] - Selected historical UA member 'r1i1p1f1' for CMCC-ESM2 from available: ['r1i1p1f1']
2026-07-22 12:00:18,544 - WARNING - [storyline.find_cmip6_ua_historical_file] - Excluding overlapping non-standard historical UA file: ua_Amon_CMCC-ESM2_historical_r1i1p1f1_gn_18500116-18890716_regridded.nc
2026-07-22 12:00:18,544 - WARNING - [storyline.find_cmip6_ua_historical_file] - Excluding overlapping non-standard historical UA file: ua_Amon_CMCC-ESM2_historical_r1i1p1f1_gn_18890816-18991216_regridded.nc
2026-07-22 12:00:18,823 - INFO - [storyline.find_cmip6_ua_historical_file] - Selected historical UA member 'r1i1p1f1' for CanESM5 from available: ['r1i1p1f1']
2026-07-22 12:00:19,431 - INFO - [main.run_full_analysis] - UA composite plot for GWL 3.0, Summer already exists and data not needed.
2026-07-22 12:00:19,431 - INFO - [storyline.calculate_ua_composites_for_extremes] - Calculating UA composites for event '30Q10_low' at GWL +3.0°C, Season=Summer...
2026-07-22 12:00:19,460 - INFO - [storyline.calculate_ua_composites_for_extremes] -   UA Extreme Models (N=5): ['KACE-1-0-G_ssp245', 'CESM2_ssp245', 'HadGEM3-GC31-LL_ssp245', 'UKESM1-0-LL_ssp245', 'IPSL-CM6A-LR_ssp245']
2026-07-22 12:00:19,460 - INFO - [storyline.calculate_ua_composites_for_extremes] -   UA Non-Extreme Models (N=5): ['ACCESS-CM2_ssp245', 'CMCC-CM2-SR5_ssp245', 'CMCC-ESM2_ssp245', 'CanESM5_ssp245', 'EC-Earth3-CC_ssp245']
2026-07-22 12:00:19,461 - INFO - [storyline.find_cmip6_ua_file] - Selected UA file member 'r1i1p1f1' for KACE-1-0-G (ssp245) from available: ['r1i1p1f1']
2026-07-22 12:00:19,590 - INFO - [storyline.find_cmip6_ua_file] - Selected UA file member 'r4i1p1f1' for CESM2 (ssp245) from available: ['r4i1p1f1']
2026-07-22 12:00:19,590 - INFO - [storyline.find_cmip6_ua_file] - Including non-standard UA file to fill gap: ua_Amon_CESM2_ssp245_r4i1p1f1_gn_20150115-20540715_regridded.nc
2026-07-22 12:00:19,590 - INFO - [storyline.find_cmip6_ua_file] - Including non-standard UA file to fill gap: ua_Amon_CESM2_ssp245_r4i1p1f1_gn_20540815-20940214_regridded.nc
2026-07-22 12:00:19,591 - INFO - [storyline.find_cmip6_ua_file] - Including non-standard UA file to fill gap: ua_Amon_CESM2_ssp245_r4i1p1f1_gn_20940315-21001215_regridded.nc
2026-07-22 12:00:19,758 - INFO - [storyline.find_cmip6_ua_file] - Selected UA file member 'r1i1p1f3' for HadGEM3-GC31-LL (ssp245) from available: ['r1i1p1f3']
2026-07-22 12:00:19,923 - INFO - [storyline.find_cmip6_ua_file] - Selected UA file member 'r1i1p1f2' for UKESM1-0-LL (ssp245) from available: ['r13i1p1f2', 'r1i1p1f2']
2026-07-22 12:00:19,923 - INFO - [storyline.find_cmip6_ua_file] - Including non-standard UA file to fill gap: ua_Amon_UKESM1-0-LL_ssp245_r1i1p1f2_gn_20150116-20930916_regridded.nc
2026-07-22 12:00:19,923 - INFO - [storyline.find_cmip6_ua_file] - Including non-standard UA file to fill gap: ua_Amon_UKESM1-0-LL_ssp245_r1i1p1f2_gn_20931016-21001216_regridded.nc
2026-07-22 12:00:20,338 - INFO - [storyline.find_cmip6_ua_file] - Selected UA file member 'r1i1p1f1' for IPSL-CM6A-LR (ssp245) from available: ['r1i1p1f1']
2026-07-22 12:00:20,492 - INFO - [storyline.find_cmip6_ua_file] - Selected UA file member 'r1i1p1f1' for ACCESS-CM2 (ssp245) from available: ['r1i1p1f1']
2026-07-22 12:00:20,851 - INFO - [storyline.find_cmip6_ua_file] - Selected UA file member 'r1i1p1f1' for CMCC-CM2-SR5 (ssp245) from available: ['r1i1p1f1']
2026-07-22 12:00:20,851 - INFO - [storyline.find_cmip6_ua_file] - Including non-standard UA file to fill gap: ua_Amon_CMCC-CM2-SR5_ssp245_r1i1p1f1_gn_20400116-20641216_regridded.nc
2026-07-22 12:00:21,046 - INFO - [storyline.find_cmip6_ua_file] - Selected UA file member 'r1i1p1f1' for CMCC-ESM2 (ssp245) from available: ['r1i1p1f1']
2026-07-22 12:00:21,226 - INFO - [storyline.find_cmip6_ua_file] - Selected UA file member 'r1i1p1f1' for CanESM5 (ssp245) from available: ['r1i1p1f1']
2026-07-22 12:00:21,371 - INFO - [storyline.find_cmip6_ua_file] - Selected UA file member 'r1i1p1f1' for EC-Earth3-CC (ssp245) from available: ['r1i1p1f1']
2026-07-22 12:00:21,372 - WARNING - [storyline.find_cmip6_ua_file] - Excluding overlapping non-standard UA file: ua_Amon_EC-Earth3-CC_ssp245_r1i1p1f1_gr_20150116-20310816_regridded.nc
2026-07-22 12:00:21,372 - WARNING - [storyline.find_cmip6_ua_file] - Excluding overlapping non-standard UA file: ua_Amon_EC-Earth3-CC_ssp245_r1i1p1f1_gr_20310916-20480416_regridded.nc
2026-07-22 12:00:21,372 - WARNING - [storyline.find_cmip6_ua_file] - Excluding overlapping non-standard UA file: ua_Amon_EC-Earth3-CC_ssp245_r1i1p1f1_gr_20480516-20641216_regridded.nc
2026-07-22 12:00:21,372 - WARNING - [storyline.find_cmip6_ua_file] - Excluding overlapping non-standard UA file: ua_Amon_EC-Earth3-CC_ssp245_r1i1p1f1_gr_20650116-20810816_regridded.nc
2026-07-22 12:00:21,373 - WARNING - [storyline.find_cmip6_ua_file] - Excluding overlapping non-standard UA file: ua_Amon_EC-Earth3-CC_ssp245_r1i1p1f1_gr_20810916-20980416_regridded.nc
2026-07-22 12:00:21,373 - WARNING - [storyline.find_cmip6_ua_file] - Excluding overlapping non-standard UA file: ua_Amon_EC-Earth3-CC_ssp245_r1i1p1f1_gr_20980516-21001216_regridded.nc
2026-07-22 12:00:22,140 - INFO - [storyline.find_cmip6_ua_historical_file] - Selected historical UA member 'r1i1p1f1' for KACE-1-0-G from available: ['r1i1p1f1']
2026-07-22 12:00:22,335 - INFO - [storyline.find_cmip6_ua_historical_file] - Selected historical UA member 'r1i1p1f1' for CESM2 from available: ['r1i1p1f1']
2026-07-22 12:00:22,551 - INFO - [storyline.find_cmip6_ua_historical_file] - Selected historical UA member 'r1i1p1f3' for HadGEM3-GC31-LL from available: ['r1i1p1f3']
2026-07-22 12:00:22,551 - INFO - [storyline.find_cmip6_ua_historical_file] - Including non-standard historical UA file to fill gap: ua_Amon_HadGEM3-GC31-LL_historical_r1i1p1f3_gn_18500116-19280916_regridded.nc
2026-07-22 12:00:22,551 - INFO - [storyline.find_cmip6_ua_historical_file] - Including non-standard historical UA file to fill gap: ua_Amon_HadGEM3-GC31-LL_historical_r1i1p1f3_gn_19281016-20070616_regridded.nc
2026-07-22 12:00:22,551 - INFO - [storyline.find_cmip6_ua_historical_file] - Including non-standard historical UA file to fill gap: ua_Amon_HadGEM3-GC31-LL_historical_r1i1p1f3_gn_20070716-20141216_regridded.nc
2026-07-22 12:00:22,816 - INFO - [storyline.find_cmip6_ua_historical_file] - Selected historical UA member 'r1i1p1f2' for UKESM1-0-LL from available: ['r1i1p1f2']
2026-07-22 12:00:22,816 - INFO - [storyline.find_cmip6_ua_historical_file] - Including non-standard historical UA file to fill gap: ua_Amon_UKESM1-0-LL_historical_r1i1p1f2_gn_18500116-19280916_regridded.nc
2026-07-22 12:00:22,816 - INFO - [storyline.find_cmip6_ua_historical_file] - Including non-standard historical UA file to fill gap: ua_Amon_UKESM1-0-LL_historical_r1i1p1f2_gn_19281016-20070616_regridded.nc
2026-07-22 12:00:22,816 - INFO - [storyline.find_cmip6_ua_historical_file] - Including non-standard historical UA file to fill gap: ua_Amon_UKESM1-0-LL_historical_r1i1p1f2_gn_20070716-20141216_regridded.nc
2026-07-22 12:00:23,078 - INFO - [storyline.find_cmip6_ua_historical_file] - Selected historical UA member 'r1i1p1f1' for IPSL-CM6A-LR from available: ['r1i1p1f1']
2026-07-22 12:00:23,306 - INFO - [storyline.find_cmip6_ua_historical_file] - Selected historical UA member 'r1i1p1f1' for ACCESS-CM2 from available: ['r1i1p1f1']
2026-07-22 12:00:23,306 - WARNING - [storyline.find_cmip6_ua_historical_file] - Excluding overlapping non-standard historical UA file: ua_Amon_ACCESS-CM2_historical_r1i1p1f1_gn_18500116-19280916_regridded.nc
2026-07-22 12:00:23,306 - WARNING - [storyline.find_cmip6_ua_historical_file] - Excluding overlapping non-standard historical UA file: ua_Amon_ACCESS-CM2_historical_r1i1p1f1_gn_19281016-20070616_regridded.nc
2026-07-22 12:00:23,306 - WARNING - [storyline.find_cmip6_ua_historical_file] - Excluding overlapping non-standard historical UA file: ua_Amon_ACCESS-CM2_historical_r1i1p1f1_gn_20070716-20141216_regridded.nc
2026-07-22 12:00:23,544 - INFO - [storyline.find_cmip6_ua_historical_file] - Selected historical UA member 'r1i1p1f1' for CMCC-CM2-SR5 from available: ['r1i1p1f1']
2026-07-22 12:00:23,545 - WARNING - [storyline.find_cmip6_ua_historical_file] - Excluding overlapping non-standard historical UA file: ua_Amon_CMCC-CM2-SR5_historical_r1i1p1f1_gn_19500116-19741216_regridded.nc
2026-07-22 12:00:23,828 - INFO - [storyline.find_cmip6_ua_historical_file] - Selected historical UA member 'r1i1p1f1' for CMCC-ESM2 from available: ['r1i1p1f1']
2026-07-22 12:00:23,829 - WARNING - [storyline.find_cmip6_ua_historical_file] - Excluding overlapping non-standard historical UA file: ua_Amon_CMCC-ESM2_historical_r1i1p1f1_gn_18500116-18890716_regridded.nc
2026-07-22 12:00:23,829 - WARNING - [storyline.find_cmip6_ua_historical_file] - Excluding overlapping non-standard historical UA file: ua_Amon_CMCC-ESM2_historical_r1i1p1f1_gn_18890816-18991216_regridded.nc
2026-07-22 12:00:24,102 - INFO - [storyline.find_cmip6_ua_historical_file] - Selected historical UA member 'r1i1p1f1' for CanESM5 from available: ['r1i1p1f1']
2026-07-22 12:00:24,317 - INFO - [storyline.find_cmip6_ua_historical_file] - Selected historical UA member 'r1i1p1f1' for EC-Earth3-CC from available: ['r1i1p1f1']
2026-07-22 12:00:24,318 - WARNING - [storyline.find_cmip6_ua_historical_file] - Excluding overlapping non-standard historical UA file: ua_Amon_EC-Earth3-CC_historical_r1i1p1f1_gr_18500116-18660816_regridded.nc
2026-07-22 12:00:24,318 - WARNING - [storyline.find_cmip6_ua_historical_file] - Excluding overlapping non-standard historical UA file: ua_Amon_EC-Earth3-CC_historical_r1i1p1f1_gr_18660916-18830416_regridded.nc
2026-07-22 12:00:24,318 - WARNING - [storyline.find_cmip6_ua_historical_file] - Excluding overlapping non-standard historical UA file: ua_Amon_EC-Earth3-CC_historical_r1i1p1f1_gr_18830516-18991216_regridded.nc
2026-07-22 12:00:24,319 - WARNING - [storyline.find_cmip6_ua_historical_file] - Excluding overlapping non-standard historical UA file: ua_Amon_EC-Earth3-CC_historical_r1i1p1f1_gr_19000116-19160816_regridded.nc
2026-07-22 12:00:24,319 - WARNING - [storyline.find_cmip6_ua_historical_file] - Excluding overlapping non-standard historical UA file: ua_Amon_EC-Earth3-CC_historical_r1i1p1f1_gr_19160916-19330416_regridded.nc
2026-07-22 12:00:24,319 - WARNING - [storyline.find_cmip6_ua_historical_file] - Excluding overlapping non-standard historical UA file: ua_Amon_EC-Earth3-CC_historical_r1i1p1f1_gr_19330516-19491216_regridded.nc
2026-07-22 12:00:24,319 - WARNING - [storyline.find_cmip6_ua_historical_file] - Excluding overlapping non-standard historical UA file: ua_Amon_EC-Earth3-CC_historical_r1i1p1f1_gr_19500116-19660816_regridded.nc
2026-07-22 12:00:24,319 - WARNING - [storyline.find_cmip6_ua_historical_file] - Excluding overlapping non-standard historical UA file: ua_Amon_EC-Earth3-CC_historical_r1i1p1f1_gr_19660916-19830416_regridded.nc
2026-07-22 12:00:24,319 - WARNING - [storyline.find_cmip6_ua_historical_file] - Excluding overlapping non-standard historical UA file: ua_Amon_EC-Earth3-CC_historical_r1i1p1f1_gr_19830516-19991216_regridded.nc
2026-07-22 12:00:24,319 - WARNING - [storyline.find_cmip6_ua_historical_file] - Excluding overlapping non-standard historical UA file: ua_Amon_EC-Earth3-CC_historical_r1i1p1f1_gr_20000116-20141216_regridded.nc
2026-07-22 12:00:26,347 - INFO - [main.run_full_analysis] - Combined UA diff plot for GWL 2.0 already exists.
2026-07-22 12:00:26,347 - INFO - [main.run_full_analysis] - Final figure 3 for GWL 2.0 already exists.
2026-07-22 12:00:26,348 - INFO - [main.run_full_analysis] - Combined UA diff plot for GWL 3.0 already exists.
2026-07-22 12:00:26,348 - INFO - [main.run_full_analysis] - Final figure 3 for GWL 3.0 already exists.
2026-07-22 12:00:26,348 - INFO - [main.run_full_analysis] - TAS composite plot for GWL 2.0, Winter already exists.
2026-07-22 12:00:26,349 - INFO - [main.run_full_analysis] - TAS composite plot for GWL 2.0, Summer already exists.
2026-07-22 12:00:26,349 - INFO - [main.run_full_analysis] - TAS composite plot for GWL 3.0, Winter already exists.
2026-07-22 12:00:26,350 - INFO - [main.run_full_analysis] - TAS composite plot for GWL 3.0, Summer already exists.
2026-07-22 12:00:26,350 - INFO - [main.run_full_analysis] - Plot '/nas/home/vlw/Desktop/STREAM/paper1-plots/storyline_impacts_summary_4x2_boxplots_ssp245.png' already exists.
2026-07-22 12:00:26,350 - INFO - [main.run_full_analysis] - Plot '/nas/home/vlw/Desktop/STREAM/paper1-plots/storyline_lnwl_monthly_distribution_ssp245.png' already exists. Skipping.
2026-07-22 12:00:26,350 - INFO - [main.run_full_analysis] - Calculating LNWL aggregation data...
2026-07-22 12:00:26,350 - INFO - [storyline.analyze_storyline_lnwl_aggregation_metrics] - Analyzing LNWL Aggregation Metrics (Threshold: 970 m³/s)...
2026-07-22 12:00:26,350 - INFO - [storyline.analyze_storyline_lnwl_aggregation_metrics] - Calculating historical LNWL return periods for all aggregations (Winter, Summer, Full Year)...
2026-07-22 12:00:26,526 - INFO - [storyline.analyze_storyline_lnwl_aggregation_metrics] -   -> Historical LNWL aggregation thresholds stored: {
  "winter": {
    "Q_daily_low": {
      "name": "Daily Minimum < LNWL",
      "threshold_m3s": 970.0,
      "hist_return_period": 1.24,
      "type": "low",
      "metric_key_base": "Q_daily_low"
    },
    "Q_7day_low": {
      "name": "7-Day Minimum < LNWL",
      "threshold_m3s": 970.0,
      "hist_return_period": 1.5121951219512195,
      "type": "low",
      "metric_key_base": "Q_7day_low"
    },
    "Q_30day_low": {
      "name": "30-Day Minimum < LNWL",
      "threshold_m3s": 970.0,
      "hist_return_period": 2.2962962962962963,
      "type": "low",
      "metric_key_base": "Q_30day_low"
    },
    "Q_3month_low": {
      "name": "3-Month Minimum < LNWL",
      "threshold_m3s": 970.0,
      "hist_return_period": 6.2,
      "type": "low",
      "metric_key_base": "Q_3month_low"
    }
  },
  "summer": {
    "Q_daily_low": {
      "name": "Daily Minimum < LNWL",
      "threshold_m3s": 970.0,
      "hist_return_period": 2.3846153846153846,
      "type": "low",
      "metric_key_base": "Q_daily_low"
    },
    "Q_7day_low": {
      "name": "7-Day Minimum < LNWL",
      "threshold_m3s": 970.0,
      "hist_return_period": 3.1,
      "type": "low",
      "metric_key_base": "Q_7day_low"
    },
    "Q_30day_low": {
      "name": "30-Day Minimum < LNWL",
      "threshold_m3s": 970.0,
      "hist_return_period": 4.769230769230769,
      "type": "low",
      "metric_key_base": "Q_30day_low"
    },
    "Q_3month_low": {
      "name": "3-Month Minimum < LNWL",
      "threshold_m3s": 970.0,
      "hist_return_period": 15.5,
      "type": "low",
      "metric_key_base": "Q_3month_low"
    }
  },
  "full_year": {
    "Q_daily_low": {
      "name": "Daily Minimum < LNWL",
      "threshold_m3s": 970.0,
      "hist_return_period": 1.2156862745098038,
      "type": "low",
      "metric_key_base": "Q_daily_low"
    },
    "Q_7day_low": {
      "name": "7-Day Minimum < LNWL",
      "threshold_m3s": 970.0,
      "hist_return_period": 1.5121951219512195,
      "type": "low",
      "metric_key_base": "Q_7day_low"
    },
    "Q_30day_low": {
      "name": "30-Day Minimum < LNWL",
      "threshold_m3s": 970.0,
      "hist_return_period": 2.2142857142857144,
      "type": "low",
      "metric_key_base": "Q_30day_low"
    },
    "Q_3month_low": {
      "name": "3-Month Minimum < LNWL",
      "threshold_m3s": 970.0,
      "hist_return_period": 5.166666666666667,
      "type": "low",
      "metric_key_base": "Q_3month_low"
    }
  }
}
2026-07-22 12:01:11,657 - INFO - [visualization.plot_storyline_lnwl_aggregation_comparison] - Plotting LNWL Aggregation Comparison (3x4 grid, 30-Day) for ssp245...
2026-07-22 12:01:12,386 - INFO - [visualization.plot_storyline_lnwl_aggregation_comparison] - Applying shared column X-limits based on widest 'zoomed' range...
2026-07-22 12:01:15,007 - INFO - [visualization.plot_storyline_lnwl_aggregation_comparison] - Saved LNWL aggregation comparison plot (3x4 grid, 30-Day, FullYear) to /nas/home/vlw/Desktop/STREAM/paper1-plots/storyline_lnwl_aggregation_comparison_ssp245.png
2026-07-22 12:01:15,008 - INFO - [visualization.plot_erl_figure4_lnwl_summary] - Plotting ERL Figure 4 (Summer LNWL Impact) for ssp245...
/nas/home/vlw/Desktop/STREAM/Code/paper1-project/visualization.py:4686: UserWarning: set_ticklabels() should only be used with a fixed number of ticks, i.e. after set_ticks() or using a FixedLocator.
  ax.set_yticklabels(labels, fontsize=10)
2026-07-22 12:01:15,654 - INFO - [visualization.plot_erl_figure4_lnwl_summary] - Saved ERL Figure 4 to /nas/home/vlw/Desktop/STREAM/paper1-plots/Figure4_impact_navigation_lnwl_ssp245.png
2026-07-22 12:01:15,655 - INFO - [main.run_full_analysis] - Figure 5 '/nas/home/vlw/Desktop/STREAM/paper1-plots/Figure5_mechanism_drivers_summary_ssp245.png' already exists.
2026-07-22 12:01:15,655 - INFO - [main.run_full_analysis] - Plot '/nas/home/vlw/Desktop/STREAM/paper1-plots/cmip6_fidelity_vs_future_temporal_slopes_ssp245.png' already exists.
2026-07-22 12:01:15,656 - INFO - [main.run_full_analysis] - Plot '/nas/home/vlw/Desktop/STREAM/paper1-plots/cmip6_scatter_comparison_gwl_2.0_ssp245.png' already exists.
2026-07-22 12:01:15,656 - INFO - [main.run_full_analysis] - Plot '/nas/home/vlw/Desktop/STREAM/paper1-plots/cmip6_scatter_comparison_gwl_3.0_ssp245.png' already exists.
2026-07-22 12:01:15,656 - INFO - [main.run_full_analysis] - 

--- CMIP6 Model 2D Storyline Classification for SSP245 ---
2026-07-22 12:01:15,656 - INFO - [main.run_full_analysis] - Models are classified based on zones relative to MMM.
2026-07-22 12:01:15,656 - INFO - [main.run_full_analysis] - 
GWL +2.0°C:
2026-07-22 12:01:15,656 - INFO - [main.run_full_analysis] -    - Storyline 'Extreme Models' (Winter (DJF)):
2026-07-22 12:01:15,656 - INFO - [main.run_full_analysis] -      - Models (12): ACCESS-ESM1-5_ssp245, CESM2-WACCM_ssp245, CESM2_ssp245, CMCC-ESM2_ssp245, EC-Earth3_ssp245, HadGEM3-GC31-LL_ssp245, INM-CM4-8_ssp245, INM-CM5-0_ssp245, KACE-1-0-G_ssp245, MIROC6_ssp245, MPI-ESM1-2-HR_ssp245, NorESM2-MM_ssp245
2026-07-22 12:01:15,656 - INFO - [main.run_full_analysis] -    - Storyline 'Fast Jet & Northward Shift' (Winter (DJF)):
2026-07-22 12:01:15,657 - INFO - [main.run_full_analysis] -      - Models (4): INM-CM4-8_ssp245, MIROC-ES2L_ssp245, MIROC6_ssp245, UKESM1-0-LL_ssp245
2026-07-22 12:01:15,657 - INFO - [main.run_full_analysis] -    - Storyline 'Fast Jet & Southward Shift' (Winter (DJF)):
2026-07-22 12:01:15,657 - INFO - [main.run_full_analysis] -      - Models (3): ACCESS-ESM1-5_ssp245, CESM2_ssp245, IPSL-CM6A-LR_ssp245
2026-07-22 12:01:15,657 - INFO - [main.run_full_analysis] -    - Storyline 'MMM' (Winter (DJF)):
2026-07-22 12:01:15,657 - INFO - [main.run_full_analysis] -      - Models (25): ACCESS-CM2_ssp245, ACCESS-ESM1-5_ssp245, CESM2-WACCM_ssp245, CESM2_ssp245, CMCC-CM2-SR5_ssp245, CMCC-ESM2_ssp245, CanESM5_ssp245, EC-Earth3-CC_ssp245, EC-Earth3-Veg-LR_ssp245, EC-Earth3_ssp245, GFDL-ESM4_ssp245, HadGEM3-GC31-LL_ssp245, IITM-ESM_ssp245, INM-CM4-8_ssp245, INM-CM5-0_ssp245, IPSL-CM6A-LR_ssp245, KACE-1-0-G_ssp245, KIOST-ESM_ssp245, MIROC-ES2L_ssp245, MIROC6_ssp245, MPI-ESM1-2-HR_ssp245, MPI-ESM1-2-LR_ssp245, MRI-ESM2-0_ssp245, NorESM2-MM_ssp245, UKESM1-0-LL_ssp245
2026-07-22 12:01:15,657 - INFO - [main.run_full_analysis] -    - Storyline 'Non-Extreme Models' (Winter (DJF)):
2026-07-22 12:01:15,657 - INFO - [main.run_full_analysis] -      - Models (12): ACCESS-CM2_ssp245, CMCC-CM2-SR5_ssp245, CanESM5_ssp245, EC-Earth3-CC_ssp245, EC-Earth3-Veg-LR_ssp245, GFDL-ESM4_ssp245, IITM-ESM_ssp245, KIOST-ESM_ssp245, MIROC-ES2L_ssp245, MPI-ESM1-2-LR_ssp245, MRI-ESM2-0_ssp245, UKESM1-0-LL_ssp245
2026-07-22 12:01:15,657 - INFO - [main.run_full_analysis] -    - Storyline 'Slow Jet & Northward Shift' (Winter (DJF)):
2026-07-22 12:01:15,657 - INFO - [main.run_full_analysis] -      - Models (8): CMCC-CM2-SR5_ssp245, CanESM5_ssp245, EC-Earth3-Veg-LR_ssp245, HadGEM3-GC31-LL_ssp245, KACE-1-0-G_ssp245, KIOST-ESM_ssp245, MPI-ESM1-2-HR_ssp245, NorESM2-MM_ssp245
2026-07-22 12:01:15,657 - INFO - [main.run_full_analysis] -    - Storyline 'Slow Jet & Southward Shift' (Winter (DJF)):
2026-07-22 12:01:15,657 - INFO - [main.run_full_analysis] -      - Models (5): CESM2-WACCM_ssp245, EC-Earth3_ssp245, IITM-ESM_ssp245, INM-CM5-0_ssp245, MRI-ESM2-0_ssp245
2026-07-22 12:01:15,657 - INFO - [main.run_full_analysis] -    - Storyline 'Extreme Models' (Summer (JJA)):
2026-07-22 12:01:15,657 - INFO - [main.run_full_analysis] -      - Models (12): ACCESS-CM2_ssp245, ACCESS-ESM1-5_ssp245, CESM2-WACCM_ssp245, CESM2_ssp245, CMCC-CM2-SR5_ssp245, HadGEM3-GC31-LL_ssp245, INM-CM4-8_ssp245, KACE-1-0-G_ssp245, KIOST-ESM_ssp245, MPI-ESM1-2-HR_ssp245, NorESM2-MM_ssp245, UKESM1-0-LL_ssp245
2026-07-22 12:01:15,657 - INFO - [main.run_full_analysis] -    - Storyline 'Fast Jet & Northward Shift' (Summer (JJA)):
2026-07-22 12:01:15,657 - INFO - [main.run_full_analysis] -      - Models (4): ACCESS-CM2_ssp245, IITM-ESM_ssp245, KIOST-ESM_ssp245, MPI-ESM1-2-HR_ssp245
2026-07-22 12:01:15,657 - INFO - [main.run_full_analysis] -    - Storyline 'Fast Jet & Southward Shift' (Summer (JJA)):
2026-07-22 12:01:15,657 - INFO - [main.run_full_analysis] -      - Models (4): ACCESS-ESM1-5_ssp245, CMCC-ESM2_ssp245, EC-Earth3-CC_ssp245, MIROC-ES2L_ssp245
2026-07-22 12:01:15,657 - INFO - [main.run_full_analysis] -    - Storyline 'MMM' (Summer (JJA)):
2026-07-22 12:01:15,657 - INFO - [main.run_full_analysis] -      - Models (25): ACCESS-CM2_ssp245, ACCESS-ESM1-5_ssp245, CESM2-WACCM_ssp245, CESM2_ssp245, CMCC-CM2-SR5_ssp245, CMCC-ESM2_ssp245, CanESM5_ssp245, EC-Earth3-CC_ssp245, EC-Earth3-Veg-LR_ssp245, EC-Earth3_ssp245, GFDL-ESM4_ssp245, HadGEM3-GC31-LL_ssp245, IITM-ESM_ssp245, INM-CM4-8_ssp245, INM-CM5-0_ssp245, IPSL-CM6A-LR_ssp245, KACE-1-0-G_ssp245, KIOST-ESM_ssp245, MIROC-ES2L_ssp245, MIROC6_ssp245, MPI-ESM1-2-HR_ssp245, MPI-ESM1-2-LR_ssp245, MRI-ESM2-0_ssp245, NorESM2-MM_ssp245, UKESM1-0-LL_ssp245
2026-07-22 12:01:15,657 - INFO - [main.run_full_analysis] -    - Storyline 'Non-Extreme Models' (Summer (JJA)):
2026-07-22 12:01:15,657 - INFO - [main.run_full_analysis] -      - Models (12): CMCC-ESM2_ssp245, CanESM5_ssp245, EC-Earth3-Veg-LR_ssp245, EC-Earth3_ssp245, GFDL-ESM4_ssp245, IITM-ESM_ssp245, INM-CM5-0_ssp245, IPSL-CM6A-LR_ssp245, MIROC-ES2L_ssp245, MIROC6_ssp245, MPI-ESM1-2-LR_ssp245, MRI-ESM2-0_ssp245
2026-07-22 12:01:15,657 - INFO - [main.run_full_analysis] -    - Storyline 'Slow Jet & Northward Shift' (Summer (JJA)):
2026-07-22 12:01:15,657 - INFO - [main.run_full_analysis] -      - Models (5): CESM2-WACCM_ssp245, EC-Earth3_ssp245, GFDL-ESM4_ssp245, HadGEM3-GC31-LL_ssp245, MRI-ESM2-0_ssp245
2026-07-22 12:01:15,657 - INFO - [main.run_full_analysis] -    - Storyline 'Slow Jet & Southward Shift' (Summer (JJA)):
2026-07-22 12:01:15,658 - INFO - [main.run_full_analysis] -      - Models (4): CESM2_ssp245, CanESM5_ssp245, EC-Earth3-Veg-LR_ssp245, MPI-ESM1-2-LR_ssp245
2026-07-22 12:01:15,658 - INFO - [main.run_full_analysis] - 
GWL +3.0°C:
2026-07-22 12:01:15,658 - INFO - [main.run_full_analysis] -    - Storyline 'Extreme Models' (Winter (DJF)):
2026-07-22 12:01:15,658 - INFO - [main.run_full_analysis] -      - Models (5): CESM2-WACCM_ssp245, CESM2_ssp245, HadGEM3-GC31-LL_ssp245, KACE-1-0-G_ssp245, UKESM1-0-LL_ssp245
2026-07-22 12:01:15,658 - INFO - [main.run_full_analysis] -    - Storyline 'Fast Jet & Southward Shift' (Winter (DJF)):
2026-07-22 12:01:15,658 - INFO - [main.run_full_analysis] -      - Models (4): CESM2-WACCM_ssp245, CESM2_ssp245, CMCC-ESM2_ssp245, UKESM1-0-LL_ssp245
2026-07-22 12:01:15,658 - INFO - [main.run_full_analysis] -    - Storyline 'MMM' (Winter (DJF)):
2026-07-22 12:01:15,658 - INFO - [main.run_full_analysis] -      - Models (11): ACCESS-CM2_ssp245, CESM2-WACCM_ssp245, CESM2_ssp245, CMCC-CM2-SR5_ssp245, CMCC-ESM2_ssp245, CanESM5_ssp245, EC-Earth3-CC_ssp245, HadGEM3-GC31-LL_ssp245, IPSL-CM6A-LR_ssp245, KACE-1-0-G_ssp245, UKESM1-0-LL_ssp245
2026-07-22 12:01:15,658 - INFO - [main.run_full_analysis] -    - Storyline 'Non-Extreme Models' (Winter (DJF)):
2026-07-22 12:01:15,658 - INFO - [main.run_full_analysis] -      - Models (5): CMCC-CM2-SR5_ssp245, CMCC-ESM2_ssp245, CanESM5_ssp245, EC-Earth3-CC_ssp245, IPSL-CM6A-LR_ssp245
2026-07-22 12:01:15,658 - INFO - [main.run_full_analysis] -    - Storyline 'Slow Jet & Northward Shift' (Winter (DJF)):
2026-07-22 12:01:15,658 - INFO - [main.run_full_analysis] -      - Models (5): ACCESS-CM2_ssp245, CMCC-CM2-SR5_ssp245, EC-Earth3-CC_ssp245, HadGEM3-GC31-LL_ssp245, KACE-1-0-G_ssp245
2026-07-22 12:01:15,658 - INFO - [main.run_full_analysis] -    - Storyline 'Extreme Models' (Summer (JJA)):
2026-07-22 12:01:15,658 - INFO - [main.run_full_analysis] -      - Models (5): CESM2_ssp245, HadGEM3-GC31-LL_ssp245, IPSL-CM6A-LR_ssp245, KACE-1-0-G_ssp245, UKESM1-0-LL_ssp245
2026-07-22 12:01:15,658 - INFO - [main.run_full_analysis] -    - Storyline 'Fast Jet & Northward Shift' (Summer (JJA)):
2026-07-22 12:01:15,658 - INFO - [main.run_full_analysis] -      - Models (2): HadGEM3-GC31-LL_ssp245, IPSL-CM6A-LR_ssp245
2026-07-22 12:01:15,658 - INFO - [main.run_full_analysis] -    - Storyline 'Fast Jet & Southward Shift' (Summer (JJA)):
2026-07-22 12:01:15,658 - INFO - [main.run_full_analysis] -      - Models (2): ACCESS-CM2_ssp245, CMCC-ESM2_ssp245
2026-07-22 12:01:15,659 - INFO - [main.run_full_analysis] -    - Storyline 'MMM' (Summer (JJA)):
2026-07-22 12:01:15,659 - INFO - [main.run_full_analysis] -      - Models (11): ACCESS-CM2_ssp245, CESM2-WACCM_ssp245, CESM2_ssp245, CMCC-CM2-SR5_ssp245, CMCC-ESM2_ssp245, CanESM5_ssp245, EC-Earth3-CC_ssp245, HadGEM3-GC31-LL_ssp245, IPSL-CM6A-LR_ssp245, KACE-1-0-G_ssp245, UKESM1-0-LL_ssp245
2026-07-22 12:01:15,659 - INFO - [main.run_full_analysis] -    - Storyline 'Non-Extreme Models' (Summer (JJA)):
2026-07-22 12:01:15,659 - INFO - [main.run_full_analysis] -      - Models (5): ACCESS-CM2_ssp245, CMCC-CM2-SR5_ssp245, CMCC-ESM2_ssp245, CanESM5_ssp245, EC-Earth3-CC_ssp245
2026-07-22 12:01:15,659 - INFO - [main.run_full_analysis] -    - Storyline 'Slow Jet & Northward Shift' (Summer (JJA)):
2026-07-22 12:01:15,659 - INFO - [main.run_full_analysis] -      - Models (2): CESM2-WACCM_ssp245, CMCC-CM2-SR5_ssp245
2026-07-22 12:01:15,659 - INFO - [main.run_full_analysis] -    - Storyline 'Slow Jet & Southward Shift' (Summer (JJA)):
2026-07-22 12:01:15,659 - INFO - [main.run_full_analysis] -      - Models (2): CESM2_ssp245, CanESM5_ssp245
2026-07-22 12:01:15,659 - INFO - [main.run_full_analysis] - -----------------------------------------------------------------
2026-07-22 12:01:15,659 - INFO - [main.run_full_analysis] - 
========================= FINISHED CMIP6 ANALYSIS FOR SCENARIO: SSP245 =========================

2026-07-22 12:01:15,659 - INFO - [main.run_full_analysis] - Discharge events combined plot not found or requested to recreate. Creating...
2026-07-22 12:01:15,659 - INFO - [visualization.plot_discharge_events_timeseries] - Plotting discharge events timeseries for combined...

================================================================================
CMIP6 INDIVIDUAL MODEL TREND SUMMARY STATISTICS (2015–2100)
Metric: 30-day Minimum Discharge Trend (m³/s per decade)
================================================================================

--- SSP2-4.5 (n = 25) ---
  * Range of individual model trends (min, max): -46.55 to +15.59 m³/s per decade
  * Percentage of models with negative trend (< 0 m³/s/dec): 72.0% (18/25)
  * Percentage of models with sig. negative trend (p < 0.05): 24.0% (6/25)
  * Multi-model mean (MMM) trend: -10.24 m³/s per decade (p < 0.001)

--- SSP5-8.5 (n = 31) ---
  * Range of individual model trends (min, max): -67.30 to +5.14 m³/s per decade
  * Percentage of models with negative trend (< 0 m³/s/dec): 93.5% (29/31)
  * Percentage of models with sig. negative trend (p < 0.05): 67.7% (21/31)
  * Multi-model mean (MMM) trend: -28.54 m³/s per decade (p < 0.001)
================================================================================

2026-07-22 12:01:15,743 - INFO - [visualization.plot_discharge_events_timeseries] - 
================================================================================
CMIP6 INDIVIDUAL MODEL TREND SUMMARY STATISTICS (2015–2100)
Metric: 30-day Minimum Discharge Trend (m³/s per decade)
================================================================================

--- SSP2-4.5 (n = 25) ---
  * Range of individual model trends (min, max): -46.55 to +15.59 m³/s per decade
  * Percentage of models with negative trend (< 0 m³/s/dec): 72.0% (18/25)
  * Percentage of models with sig. negative trend (p < 0.05): 24.0% (6/25)
  * Multi-model mean (MMM) trend: -10.24 m³/s per decade (p < 0.001)

--- SSP5-8.5 (n = 31) ---
  * Range of individual model trends (min, max): -67.30 to +5.14 m³/s per decade
  * Percentage of models with negative trend (< 0 m³/s/dec): 93.5% (29/31)
  * Percentage of models with sig. negative trend (p < 0.05): 67.7% (21/31)
  * Multi-model mean (MMM) trend: -28.54 m³/s per decade (p < 0.001)
================================================================================

2026-07-22 12:01:21,706 - INFO - [visualization.plot_discharge_events_timeseries] - Saved discharge events timeseries plot to /nas/home/vlw/Desktop/STREAM/paper1-plots/final_figure_1_storyline_discharge_events_combined.png and /nas/home/vlw/Desktop/STREAM/paper1-plots/final_figure_1_storyline_discharge_events_combined.pdf
2026-07-22 12:01:21,712 - INFO - [main.run_full_analysis] - 

=====================================================
2026-07-22 12:01:21,712 - INFO - [main.run_full_analysis] - === FULL ANALYSIS COMPLETED ===
2026-07-22 12:01:21,712 - INFO - [main.run_full_analysis] - All plots saved to: /nas/home/vlw/Desktop/STREAM/paper1-plots
2026-07-22 12:01:21,712 - INFO - [main.run_full_analysis] - Log file saved to: paper1_log.log
2026-07-22 12:01:21,712 - INFO - [main.run_full_analysis] - =====================================================

