2026-07-22 13:19:11,094 - INFO - [main.<module>] - Logging initialized.
2026-07-22 13:19:11,094 - INFO - [main.main] - Initializing climate analysis tool...
2026-07-22 13:19:11,094 - INFO - [main.run_full_analysis] - =====================================================
2026-07-22 13:19:11,094 - INFO - [main.run_full_analysis] - === STARTING FULL CLIMATE ANALYSIS WORKFLOW ===
2026-07-22 13:19:11,095 - INFO - [main.run_full_analysis] - =====================================================

2026-07-22 13:19:11,095 - INFO - [main.run_full_analysis] - 
--- Processing Reanalysis Datasets ---
2026-07-22 13:19:11,095 - INFO - [main.process_20crv3_data] - Loading and processing 20CRv3 climate data...
2026-07-22 13:19:11,096 - INFO - [data_processing.process_ncfile] - Processing 20CRv3 data from /nas/home/vlw/Desktop/STREAM/STREAM/prate.mon.mean.nc...
2026-07-22 13:19:12,044 - INFO - [data_processing.process_ncfile] - Converting 20CRv3 precipitation from 'kg/m^2/s' to 'mm/day' for prate.mon.mean.nc.
2026-07-22 13:19:12,047 - INFO - [data_processing.process_ncfile] - Processing 20CRv3 data from /nas/home/vlw/Desktop/STREAM/STREAM/air.2m.mon.mean.nc...
2026-07-22 13:19:12,123 - INFO - [data_processing.process_ncfile] - Processing 20CRv3 data from /nas/home/vlw/Desktop/STREAM/STREAM/uwnd.mon.mean.nc...
2026-07-22 13:19:15,343 - INFO - [main.process_era5_data] - All plots depending on ERA5 already exist. Skipping loading and processing of heavy ERA5 daily files to save memory and time.
2026-07-22 13:19:15,343 - INFO - [main.run_full_analysis] - 
--- Calculating SPEI for Reanalysis Datasets ---
2026-07-22 13:19:15,343 - INFO - [main.run_full_analysis] -   All plots depending on Reanalysis SPEI already exist. Skipping SPEI calculation to save time.
2026-07-22 13:19:15,343 - INFO - [main.load_historical_qobs_from_csv] - Loading DAILY historical QOBS discharge data from CSV...
2026-07-22 13:19:15,663 - INFO - [main.load_historical_qobs_from_csv] - Successfully loaded DAILY QOBS historical data from 1960-2021.
2026-07-22 13:19:15,664 - INFO - [main.load_historical_qobs_long_term] - Loading LONG-TERM MONTHLY historical QOBS discharge data from Excel...
2026-07-22 13:19:16,109 - INFO - [main.load_historical_qobs_long_term] - Successfully loaded LONG-TERM QOBS data: 1548 months (1893-2021).
2026-07-22 13:19:16,109 - INFO - [main.process_historical_discharge_data] - Processing QOBS historical data (daily and monthly) for analysis...
2026-07-22 13:19:16,243 - INFO - [main.process_historical_discharge_data] - Adding fixed low-flow thresholds: 1417 (30th), 1064 (10th), 970 (LNWL).
2026-07-22 13:19:16,243 - INFO - [main.load_amo_index] - Loading and processing AMO index from /nas/home/vlw/Desktop/STREAM/CMIP6-datasets/amo_index.csv...
2026-07-22 13:19:16,308 - INFO - [main.load_amo_index] - AMO index processing finished successfully.
2026-07-22 13:19:16,308 - INFO - [main.run_full_analysis] - 
--- Calculating Base Reanalysis Jet Indices ---
2026-07-22 13:19:16,308 - INFO - [main.run_full_analysis] -   All plots depending on Reanalysis Jet Indices already exist. Skipping Jet Indices calculation to save time.
2026-07-22 13:19:16,309 - INFO - [storyline.calculate_reanalysis_betas] - Calculating all 8 beta_obs slopes from ERA5 reanalysis...
2026-07-22 13:19:16,309 - WARNING - [storyline.calculate_reanalysis_betas] -   Could not calculate beta for 'DJF_JetSpeed_vs_tas': Missing jet or impact data.
2026-07-22 13:19:16,309 - WARNING - [storyline.calculate_reanalysis_betas] -   Could not calculate beta for 'DJF_JetSpeed_vs_pr': Missing jet or impact data.
2026-07-22 13:19:16,309 - WARNING - [storyline.calculate_reanalysis_betas] -   Could not calculate beta for 'DJF_JetLat_vs_tas': Missing jet or impact data.
2026-07-22 13:19:16,309 - WARNING - [storyline.calculate_reanalysis_betas] -   Could not calculate beta for 'DJF_JetLat_vs_pr': Missing jet or impact data.
2026-07-22 13:19:16,309 - WARNING - [storyline.calculate_reanalysis_betas] -   Could not calculate beta for 'JJA_JetSpeed_vs_tas': Missing jet or impact data.
2026-07-22 13:19:16,309 - WARNING - [storyline.calculate_reanalysis_betas] -   Could not calculate beta for 'JJA_JetSpeed_vs_pr': Missing jet or impact data.
2026-07-22 13:19:16,309 - WARNING - [storyline.calculate_reanalysis_betas] -   Could not calculate beta for 'JJA_JetLat_vs_tas': Missing jet or impact data.
2026-07-22 13:19:16,309 - WARNING - [storyline.calculate_reanalysis_betas] -   Could not calculate beta for 'JJA_JetLat_vs_pr': Missing jet or impact data.
2026-07-22 13:19:16,309 - INFO - [main.run_full_analysis] - 
--- Checking for Reanalysis Regression Maps ---
2026-07-22 13:19:16,309 - INFO - [main.run_full_analysis] - Regression plots for 20CRv3 already exist. Skipping.
2026-07-22 13:19:16,309 - INFO - [main.run_full_analysis] - Regression plots for ERA5 already exist. Skipping.
2026-07-22 13:19:16,309 - INFO - [main.run_full_analysis] - 

--- Checking for Reanalysis Jet Index Comparison Timeseries ---
2026-07-22 13:19:16,309 - INFO - [main.run_full_analysis] - Plot '/nas/home/vlw/Desktop/STREAM/paper1-plots/jet_indices_comparison_seasonal_detrended.png' already exists. Skipping.
2026-07-22 13:19:16,309 - INFO - [main.run_full_analysis] - 

--- Checking for Reanalysis Jet Impact Comparison Maps ---
2026-07-22 13:19:16,309 - INFO - [main.run_full_analysis] - Plot '/nas/home/vlw/Desktop/STREAM/paper1-plots/jet_impact_regression_maps_winter.png' already exists. Skipping.
2026-07-22 13:19:16,309 - INFO - [main.run_full_analysis] - Plot '/nas/home/vlw/Desktop/STREAM/paper1-plots/jet_impact_regression_maps_summer.png' already exists. Skipping.
2026-07-22 13:19:16,309 - INFO - [main.run_full_analysis] - 

--- Checking for Reanalysis Jet Correlation Maps ---
2026-07-22 13:19:16,310 - INFO - [main.run_full_analysis] - Plot '/nas/home/vlw/Desktop/STREAM/paper1-plots/jet_correlation_maps_winter.png' already exists. Skipping.
2026-07-22 13:19:16,310 - INFO - [main.run_full_analysis] - Plot '/nas/home/vlw/Desktop/STREAM/paper1-plots/jet_correlation_maps_summer.png' already exists. Skipping.
2026-07-22 13:19:16,310 - INFO - [main.run_full_analysis] - 

--- Checking for Correlation Timeseries & Bar Charts ---
2026-07-22 13:19:16,310 - INFO - [main.run_full_analysis] - Plot '/nas/home/vlw/Desktop/STREAM/paper1-plots/winter_correlations_comparison_detrended.png' already exists.
2026-07-22 13:19:16,310 - INFO - [main.run_full_analysis] - Plot '/nas/home/vlw/Desktop/STREAM/paper1-plots/correlation_matrix_comparison_winter_detrended_grouped.png' already exists.
2026-07-22 13:19:16,310 - INFO - [main.run_full_analysis] - Plot '/nas/home/vlw/Desktop/STREAM/paper1-plots/summer_correlations_comparison_detrended.png' already exists.
2026-07-22 13:19:16,310 - INFO - [main.run_full_analysis] - Plot '/nas/home/vlw/Desktop/STREAM/paper1-plots/correlation_matrix_comparison_summer_detrended_grouped.png' already exists.
2026-07-22 13:19:16,310 - INFO - [main.run_full_analysis] - Plot '/nas/home/vlw/Desktop/STREAM/paper1-plots/danube_box_correlation_comparison.png' already exists.
2026-07-22 13:19:16,310 - INFO - [main.run_full_analysis] - 

--- Checking for AMO-Jet Correlation Plot ---
2026-07-22 13:19:16,310 - INFO - [main.run_full_analysis] - Plot '/nas/home/vlw/Desktop/STREAM/paper1-plots/amo_jet_correlations_comparison_rolling_15yr.png' already exists.
2026-07-22 13:19:16,310 - INFO - [main.run_full_analysis] - 

--- Checking for Seasonal Drought Analysis Plot ---
2026-07-22 13:19:16,310 - INFO - [main.run_full_analysis] - Plot '/nas/home/vlw/Desktop/STREAM/paper1-plots/spei_drought_analysis_seasonal_comparison.png' already exists.
2026-07-22 13:19:16,310 - INFO - [main.run_full_analysis] - 

--- Checking for Combined Spatial SPEI & Discharge Analysis Map ---
2026-07-22 13:19:16,310 - INFO - [main.run_full_analysis] - Plot '/nas/home/vlw/Desktop/STREAM/paper1-plots/spatial_spei_discharge_analysis_era5_summer.png' already exists.
2026-07-22 13:19:16,311 - INFO - [main.run_full_analysis] - 

--- Checking for Single CMIP6 Model Regression Maps ---
2026-07-22 13:19:16,311 - INFO - [main.run_full_analysis] - Plot '/nas/home/vlw/Desktop/STREAM/paper1-plots/regression_maps_norm_CMIP6_single_models.png' already exists.
2026-07-22 13:19:16,311 - INFO - [main.process_cmip6_discharge_data] - Processing all CMIP6 discharge data...
2026-07-22 13:19:16,311 - INFO - [data_processing.process_discharge_data] - Processing Danube discharge data for specified CMIP6 models...
2026-07-22 13:19:16,470 - INFO - [data_processing.process_discharge_data] - Successfully processed discharge data for ACCESS-CM2_ssp245
2026-07-22 13:19:16,471 - INFO - [data_processing.process_discharge_data] - Successfully processed discharge data for ACCESS-ESM1-5_ssp245
2026-07-22 13:19:16,472 - INFO - [data_processing.process_discharge_data] - Successfully processed discharge data for CESM2_ssp245
2026-07-22 13:19:16,473 - INFO - [data_processing.process_discharge_data] - Successfully processed discharge data for CESM2-WACCM_ssp245
2026-07-22 13:19:16,474 - INFO - [data_processing.process_discharge_data] - Successfully processed discharge data for CMCC-CM2-SR5_ssp245
2026-07-22 13:19:16,474 - INFO - [data_processing.process_discharge_data] - Successfully processed discharge data for CMCC-ESM2_ssp245
2026-07-22 13:19:16,475 - INFO - [data_processing.process_discharge_data] - Successfully processed discharge data for CanESM5_ssp245
2026-07-22 13:19:16,476 - INFO - [data_processing.process_discharge_data] - Successfully processed discharge data for EC-Earth3-CC_ssp245
2026-07-22 13:19:16,477 - INFO - [data_processing.process_discharge_data] - Successfully processed discharge data for EC-Earth3-Veg-LR_ssp245
2026-07-22 13:19:16,477 - INFO - [data_processing.process_discharge_data] - Successfully processed discharge data for EC-Earth3_ssp245
2026-07-22 13:19:16,478 - INFO - [data_processing.process_discharge_data] - Successfully processed discharge data for GFDL-ESM4_ssp245
2026-07-22 13:19:16,478 - INFO - [data_processing.process_discharge_data] - Successfully processed discharge data for HadGEM3-GC31-LL_ssp245
2026-07-22 13:19:16,479 - INFO - [data_processing.process_discharge_data] - Successfully processed discharge data for IITM-ESM_ssp245
2026-07-22 13:19:16,480 - INFO - [data_processing.process_discharge_data] - Successfully processed discharge data for INM-CM4-8_ssp245
2026-07-22 13:19:16,481 - INFO - [data_processing.process_discharge_data] - Successfully processed discharge data for INM-CM5-0_ssp245
2026-07-22 13:19:16,481 - INFO - [data_processing.process_discharge_data] - Successfully processed discharge data for IPSL-CM6A-LR_ssp245
2026-07-22 13:19:16,482 - INFO - [data_processing.process_discharge_data] - Successfully processed discharge data for KACE-1-0-G_ssp245
2026-07-22 13:19:16,484 - INFO - [data_processing.process_discharge_data] - Successfully processed discharge data for KIOST-ESM_ssp245
2026-07-22 13:19:16,485 - INFO - [data_processing.process_discharge_data] - Successfully processed discharge data for MIROC-ES2L_ssp245
2026-07-22 13:19:16,486 - INFO - [data_processing.process_discharge_data] - Successfully processed discharge data for MIROC6_ssp245
2026-07-22 13:19:16,487 - INFO - [data_processing.process_discharge_data] - Successfully processed discharge data for MPI-ESM1-2-HR_ssp245
2026-07-22 13:19:16,488 - INFO - [data_processing.process_discharge_data] - Successfully processed discharge data for MPI-ESM1-2-LR_ssp245
2026-07-22 13:19:16,489 - INFO - [data_processing.process_discharge_data] - Successfully processed discharge data for MRI-ESM2-0_ssp245
2026-07-22 13:19:16,490 - INFO - [data_processing.process_discharge_data] - Successfully processed discharge data for NorESM2-MM_ssp245
2026-07-22 13:19:16,491 - INFO - [data_processing.process_discharge_data] - Successfully processed discharge data for UKESM1-0-LL_ssp245
2026-07-22 13:19:16,776 - INFO - [data_processing.process_discharge_data] - Successfully processed discharge data for ACCESS-CM2_ssp585
2026-07-22 13:19:16,777 - INFO - [data_processing.process_discharge_data] - Successfully processed discharge data for ACCESS-ESM1-5_ssp585
2026-07-22 13:19:16,778 - INFO - [data_processing.process_discharge_data] - Successfully processed discharge data for BCC-CSM2-MR_ssp585
2026-07-22 13:19:16,779 - INFO - [data_processing.process_discharge_data] - Successfully processed discharge data for CESM2_ssp585
2026-07-22 13:19:16,780 - INFO - [data_processing.process_discharge_data] - Successfully processed discharge data for CESM2-WACCM_ssp585
2026-07-22 13:19:16,780 - INFO - [data_processing.process_discharge_data] - Successfully processed discharge data for CMCC-CM2-SR5_ssp585
2026-07-22 13:19:16,781 - INFO - [data_processing.process_discharge_data] - Successfully processed discharge data for CMCC-ESM2_ssp585
2026-07-22 13:19:16,782 - INFO - [data_processing.process_discharge_data] - Successfully processed discharge data for CNRM-CM6-1-HR_ssp585
2026-07-22 13:19:16,782 - INFO - [data_processing.process_discharge_data] - Successfully processed discharge data for CNRM-CM6-1_ssp585
2026-07-22 13:19:16,783 - INFO - [data_processing.process_discharge_data] - Successfully processed discharge data for CNRM-ESM2-1_ssp585
2026-07-22 13:19:16,784 - INFO - [data_processing.process_discharge_data] - Successfully processed discharge data for CanESM5_ssp585
2026-07-22 13:19:16,784 - INFO - [data_processing.process_discharge_data] - Successfully processed discharge data for E3SM-1-0_ssp585
2026-07-22 13:19:16,785 - INFO - [data_processing.process_discharge_data] - Successfully processed discharge data for EC-Earth3-CC_ssp585
2026-07-22 13:19:16,786 - INFO - [data_processing.process_discharge_data] - Successfully processed discharge data for EC-Earth3-Veg-LR_ssp585
2026-07-22 13:19:16,786 - INFO - [data_processing.process_discharge_data] - Successfully processed discharge data for EC-Earth3_ssp585
2026-07-22 13:19:16,787 - INFO - [data_processing.process_discharge_data] - Successfully processed discharge data for GFDL-ESM4_ssp585
2026-07-22 13:19:16,788 - INFO - [data_processing.process_discharge_data] - Successfully processed discharge data for HadGEM3-GC31-LL_ssp585
2026-07-22 13:19:16,788 - INFO - [data_processing.process_discharge_data] - Successfully processed discharge data for HadGEM3-GC31-MM_ssp585
2026-07-22 13:19:16,789 - INFO - [data_processing.process_discharge_data] - Successfully processed discharge data for IITM-ESM_ssp585
2026-07-22 13:19:16,790 - INFO - [data_processing.process_discharge_data] - Successfully processed discharge data for INM-CM4-8_ssp585
2026-07-22 13:19:16,790 - INFO - [data_processing.process_discharge_data] - Successfully processed discharge data for INM-CM5-0_ssp585
2026-07-22 13:19:16,791 - INFO - [data_processing.process_discharge_data] - Successfully processed discharge data for IPSL-CM6A-LR_ssp585
2026-07-22 13:19:16,791 - INFO - [data_processing.process_discharge_data] - Successfully processed discharge data for KACE-1-0-G_ssp585
2026-07-22 13:19:16,792 - INFO - [data_processing.process_discharge_data] - Successfully processed discharge data for KIOST-ESM_ssp585
2026-07-22 13:19:16,793 - INFO - [data_processing.process_discharge_data] - Successfully processed discharge data for MIROC-ES2L_ssp585
2026-07-22 13:19:16,793 - INFO - [data_processing.process_discharge_data] - Successfully processed discharge data for MIROC6_ssp585
2026-07-22 13:19:16,794 - INFO - [data_processing.process_discharge_data] - Successfully processed discharge data for MPI-ESM1-2-HR_ssp585
2026-07-22 13:19:16,794 - INFO - [data_processing.process_discharge_data] - Successfully processed discharge data for MPI-ESM1-2-LR_ssp585
2026-07-22 13:19:16,795 - INFO - [data_processing.process_discharge_data] - Successfully processed discharge data for MRI-ESM2-0_ssp585
2026-07-22 13:19:16,796 - INFO - [data_processing.process_discharge_data] - Successfully processed discharge data for NorESM2-MM_ssp585
2026-07-22 13:19:16,797 - INFO - [data_processing.process_discharge_data] - Successfully processed discharge data for UKESM1-0-LL_ssp585
2026-07-22 13:19:16,797 - INFO - [main.run_full_analysis] - 

========================= STARTING CMIP6 ANALYSIS FOR SCENARIO: SSP585 =========================

2026-07-22 13:19:16,797 - INFO - [storyline.analyze_cmip6_changes_at_gwl] - 
--- Starting CMIP6 Analysis for SCENARIO: ssp585 at Global Warming Levels ---
2026-07-22 13:19:16,797 - INFO - [storyline.analyze_cmip6_changes_at_gwl] - Processing 31 models for scenario ssp585.
2026-07-22 13:19:16,797 - INFO - [storyline._load_and_preprocess_model_data] - Loading ua for ACCESS-CM2 (hist + ['ssp585']), force_regional=False...
2026-07-22 13:19:16,848 - INFO - [storyline._load_and_preprocess_model_data] - Found 10 files for ua (ua requested), ACCESS-CM2.
2026-07-22 13:19:22,838 - INFO - [storyline._load_and_preprocess_model_data] - Loading pr for ACCESS-CM2 (hist + ['ssp585']), force_regional=False...
2026-07-22 13:19:22,869 - INFO - [storyline._load_and_preprocess_model_data] - Found 3 files for pr (pr requested), ACCESS-CM2.
2026-07-22 13:19:27,057 - INFO - [storyline._load_and_preprocess_model_data] - Loading tas for ACCESS-CM2 (hist + ['ssp585']), force_regional=True...
2026-07-22 13:19:27,088 - INFO - [storyline._load_and_preprocess_model_data] - Found 3 files for tas (tas requested), ACCESS-CM2.
2026-07-22 13:19:31,418 - INFO - [storyline._load_and_preprocess_model_data] - Loading tas for ACCESS-CM2 (hist + ['ssp585']), force_regional=False...
2026-07-22 13:19:31,422 - INFO - [storyline._load_and_preprocess_model_data] - Found 3 files for tas (tas requested), ACCESS-CM2.
2026-07-22 13:19:31,679 - INFO - [storyline._load_and_preprocess_model_data] - Loading ua for ACCESS-ESM1-5 (hist + ['ssp585']), force_regional=False...
2026-07-22 13:19:31,684 - INFO - [storyline._load_and_preprocess_model_data] - Found 5 files for ua (ua requested), ACCESS-ESM1-5.
2026-07-22 13:19:34,642 - INFO - [storyline._load_and_preprocess_model_data] - Loading pr for ACCESS-ESM1-5 (hist + ['ssp585']), force_regional=False...
2026-07-22 13:19:34,645 - INFO - [storyline._load_and_preprocess_model_data] - Found 3 files for pr (pr requested), ACCESS-ESM1-5.
2026-07-22 13:19:35,651 - INFO - [storyline._load_and_preprocess_model_data] - Loading tas for ACCESS-ESM1-5 (hist + ['ssp585']), force_regional=True...
2026-07-22 13:19:35,656 - INFO - [storyline._load_and_preprocess_model_data] - Found 3 files for tas (tas requested), ACCESS-ESM1-5.
2026-07-22 13:19:37,746 - INFO - [storyline._load_and_preprocess_model_data] - Loading tas for ACCESS-ESM1-5 (hist + ['ssp585']), force_regional=False...
2026-07-22 13:19:37,750 - INFO - [storyline._load_and_preprocess_model_data] - Found 3 files for tas (tas requested), ACCESS-ESM1-5.
2026-07-22 13:19:38,200 - INFO - [storyline._load_and_preprocess_model_data] - Loading ua for BCC-CSM2-MR (hist + ['ssp585']), force_regional=False...
2026-07-22 13:19:38,206 - INFO - [storyline._load_and_preprocess_model_data] - Found 10 files for ua (ua requested), BCC-CSM2-MR.
2026-07-22 13:19:44,275 - INFO - [storyline._load_and_preprocess_model_data] - Loading pr for BCC-CSM2-MR (hist + ['ssp585']), force_regional=False...
2026-07-22 13:19:44,281 - INFO - [storyline._load_and_preprocess_model_data] - Found 2 files for pr (pr requested), BCC-CSM2-MR.
2026-07-22 13:19:47,109 - INFO - [storyline._load_and_preprocess_model_data] - Loading tas for BCC-CSM2-MR (hist + ['ssp585']), force_regional=True...
2026-07-22 13:19:47,116 - INFO - [storyline._load_and_preprocess_model_data] - Found 2 files for tas (tas requested), BCC-CSM2-MR.
2026-07-22 13:19:49,869 - INFO - [storyline._load_and_preprocess_model_data] - Loading tas for BCC-CSM2-MR (hist + ['ssp585']), force_regional=False...
2026-07-22 13:19:49,873 - INFO - [storyline._load_and_preprocess_model_data] - Found 2 files for tas (tas requested), BCC-CSM2-MR.
2026-07-22 13:19:50,160 - INFO - [storyline._load_and_preprocess_model_data] - Loading ua for CESM2 (hist + ['ssp585']), force_regional=False...
2026-07-22 13:19:50,165 - INFO - [storyline._load_and_preprocess_model_data] - Found 4 files for ua (ua requested), CESM2.
2026-07-22 13:19:53,330 - INFO - [storyline._load_and_preprocess_model_data] - Loading pr for CESM2 (hist + ['ssp585']), force_regional=False...
2026-07-22 13:19:53,335 - INFO - [storyline._load_and_preprocess_model_data] - Found 2 files for pr (pr requested), CESM2.
2026-07-22 13:19:54,843 - INFO - [storyline._load_and_preprocess_model_data] - Loading tas for CESM2 (hist + ['ssp585']), force_regional=True...
2026-07-22 13:19:54,848 - INFO - [storyline._load_and_preprocess_model_data] - Found 2 files for tas (tas requested), CESM2.
2026-07-22 13:19:56,334 - INFO - [storyline._load_and_preprocess_model_data] - Loading tas for CESM2 (hist + ['ssp585']), force_regional=False...
2026-07-22 13:19:56,338 - INFO - [storyline._load_and_preprocess_model_data] - Found 2 files for tas (tas requested), CESM2.
2026-07-22 13:19:56,573 - INFO - [storyline._load_and_preprocess_model_data] - Loading ua for CESM2-WACCM (hist + ['ssp585']), force_regional=False...
2026-07-22 13:19:56,579 - INFO - [storyline._load_and_preprocess_model_data] - Found 8 files for ua (ua requested), CESM2-WACCM.
2026-07-22 13:20:00,817 - INFO - [storyline._load_and_preprocess_model_data] - Loading pr for CESM2-WACCM (hist + ['ssp585']), force_regional=False...
2026-07-22 13:20:00,823 - INFO - [storyline._load_and_preprocess_model_data] - Found 6 files for pr (pr requested), CESM2-WACCM.
2026-07-22 13:20:04,272 - INFO - [storyline._load_and_preprocess_model_data] - Loading tas for CESM2-WACCM (hist + ['ssp585']), force_regional=True...
2026-07-22 13:20:04,277 - INFO - [storyline._load_and_preprocess_model_data] - Found 6 files for tas (tas requested), CESM2-WACCM.
2026-07-22 13:20:07,501 - INFO - [storyline._load_and_preprocess_model_data] - Loading tas for CESM2-WACCM (hist + ['ssp585']), force_regional=False...
2026-07-22 13:20:07,506 - INFO - [storyline._load_and_preprocess_model_data] - Found 6 files for tas (tas requested), CESM2-WACCM.
2026-07-22 13:20:07,793 - INFO - [storyline._load_and_preprocess_model_data] - Loading ua for CMCC-CM2-SR5 (hist + ['ssp585']), force_regional=False...
2026-07-22 13:20:07,800 - INFO - [storyline._load_and_preprocess_model_data] - Found 14 files for ua (ua requested), CMCC-CM2-SR5.
2026-07-22 13:20:13,194 - INFO - [storyline._load_and_preprocess_model_data] - Loading pr for CMCC-CM2-SR5 (hist + ['ssp585']), force_regional=False...
2026-07-22 13:20:13,199 - INFO - [storyline._load_and_preprocess_model_data] - Found 2 files for pr (pr requested), CMCC-CM2-SR5.
2026-07-22 13:20:14,422 - INFO - [storyline._load_and_preprocess_model_data] - Loading tas for CMCC-CM2-SR5 (hist + ['ssp585']), force_regional=True...
2026-07-22 13:20:14,427 - INFO - [storyline._load_and_preprocess_model_data] - Found 2 files for tas (tas requested), CMCC-CM2-SR5.
2026-07-22 13:20:17,199 - INFO - [storyline._load_and_preprocess_model_data] - Loading tas for CMCC-CM2-SR5 (hist + ['ssp585']), force_regional=False...
2026-07-22 13:20:17,203 - INFO - [storyline._load_and_preprocess_model_data] - Found 2 files for tas (tas requested), CMCC-CM2-SR5.
2026-07-22 13:20:17,615 - INFO - [storyline._load_and_preprocess_model_data] - Loading ua for CMCC-ESM2 (hist + ['ssp585']), force_regional=False...
2026-07-22 13:20:17,620 - INFO - [storyline._load_and_preprocess_model_data] - Found 15 files for ua (ua requested), CMCC-ESM2.
2026-07-22 13:20:22,696 - INFO - [storyline._load_and_preprocess_model_data] - Loading pr for CMCC-ESM2 (hist + ['ssp585']), force_regional=False...
2026-07-22 13:20:22,701 - INFO - [storyline._load_and_preprocess_model_data] - Found 2 files for pr (pr requested), CMCC-ESM2.
2026-07-22 13:20:25,317 - INFO - [storyline._load_and_preprocess_model_data] - Loading tas for CMCC-ESM2 (hist + ['ssp585']), force_regional=True...
2026-07-22 13:20:25,322 - INFO - [storyline._load_and_preprocess_model_data] - Found 2 files for tas (tas requested), CMCC-ESM2.
2026-07-22 13:20:28,600 - INFO - [storyline._load_and_preprocess_model_data] - Loading tas for CMCC-ESM2 (hist + ['ssp585']), force_regional=False...
2026-07-22 13:20:28,604 - INFO - [storyline._load_and_preprocess_model_data] - Found 2 files for tas (tas requested), CMCC-ESM2.
2026-07-22 13:20:29,226 - INFO - [storyline._load_and_preprocess_model_data] - Loading ua for CNRM-CM6-1-HR (hist + ['ssp585']), force_regional=False...
2026-07-22 13:20:29,232 - INFO - [storyline._load_and_preprocess_model_data] - Found 14 files for ua (ua requested), CNRM-CM6-1-HR.
2026-07-22 13:20:33,371 - INFO - [storyline._load_and_preprocess_model_data] - Loading pr for CNRM-CM6-1-HR (hist + ['ssp585']), force_regional=False...
2026-07-22 13:20:33,376 - INFO - [storyline._load_and_preprocess_model_data] - Found 3 files for pr (pr requested), CNRM-CM6-1-HR.
2026-07-22 13:20:35,543 - INFO - [storyline._load_and_preprocess_model_data] - Loading tas for CNRM-CM6-1-HR (hist + ['ssp585']), force_regional=True...
2026-07-22 13:20:35,549 - INFO - [storyline._load_and_preprocess_model_data] - Found 3 files for tas (tas requested), CNRM-CM6-1-HR.
2026-07-22 13:20:37,471 - INFO - [storyline._load_and_preprocess_model_data] - Loading tas for CNRM-CM6-1-HR (hist + ['ssp585']), force_regional=False...
2026-07-22 13:20:37,476 - INFO - [storyline._load_and_preprocess_model_data] - Found 3 files for tas (tas requested), CNRM-CM6-1-HR.
2026-07-22 13:20:37,746 - INFO - [storyline._load_and_preprocess_model_data] - Loading ua for CNRM-CM6-1 (hist + ['ssp585']), force_regional=False...
2026-07-22 13:20:37,751 - INFO - [storyline._load_and_preprocess_model_data] - Found 5 files for ua (ua requested), CNRM-CM6-1.
2026-07-22 13:20:40,962 - INFO - [storyline._load_and_preprocess_model_data] - Loading pr for CNRM-CM6-1 (hist + ['ssp585']), force_regional=False...
2026-07-22 13:20:40,967 - INFO - [storyline._load_and_preprocess_model_data] - Found 2 files for pr (pr requested), CNRM-CM6-1.
2026-07-22 13:20:42,909 - INFO - [storyline._load_and_preprocess_model_data] - Loading tas for CNRM-CM6-1 (hist + ['ssp585']), force_regional=True...
2026-07-22 13:20:42,914 - INFO - [storyline._load_and_preprocess_model_data] - Found 2 files for tas (tas requested), CNRM-CM6-1.
2026-07-22 13:20:47,728 - INFO - [storyline._load_and_preprocess_model_data] - Loading tas for CNRM-CM6-1 (hist + ['ssp585']), force_regional=False...
2026-07-22 13:20:47,733 - INFO - [storyline._load_and_preprocess_model_data] - Found 2 files for tas (tas requested), CNRM-CM6-1.
2026-07-22 13:20:47,981 - INFO - [storyline._load_and_preprocess_model_data] - Loading ua for CNRM-ESM2-1 (hist + ['ssp585']), force_regional=False...
2026-07-22 13:20:47,987 - INFO - [storyline._load_and_preprocess_model_data] - Found 5 files for ua (ua requested), CNRM-ESM2-1.
2026-07-22 13:20:52,336 - INFO - [storyline._load_and_preprocess_model_data] - Loading pr for CNRM-ESM2-1 (hist + ['ssp585']), force_regional=False...
2026-07-22 13:20:52,341 - INFO - [storyline._load_and_preprocess_model_data] - Found 2 files for pr (pr requested), CNRM-ESM2-1.
2026-07-22 13:20:55,136 - INFO - [storyline._load_and_preprocess_model_data] - Loading tas for CNRM-ESM2-1 (hist + ['ssp585']), force_regional=True...
2026-07-22 13:20:55,141 - INFO - [storyline._load_and_preprocess_model_data] - Found 2 files for tas (tas requested), CNRM-ESM2-1.
2026-07-22 13:20:58,231 - INFO - [storyline._load_and_preprocess_model_data] - Loading tas for CNRM-ESM2-1 (hist + ['ssp585']), force_regional=False...
2026-07-22 13:20:58,233 - INFO - [storyline._load_and_preprocess_model_data] - Found 2 files for tas (tas requested), CNRM-ESM2-1.
2026-07-22 13:20:58,455 - INFO - [storyline._load_and_preprocess_model_data] - Loading ua for CanESM5 (hist + ['ssp585']), force_regional=False...
2026-07-22 13:20:58,460 - INFO - [storyline._load_and_preprocess_model_data] - Found 2 files for ua (ua requested), CanESM5.
2026-07-22 13:21:03,107 - INFO - [storyline._load_and_preprocess_model_data] - Loading pr for CanESM5 (hist + ['ssp585']), force_regional=False...
2026-07-22 13:21:03,112 - INFO - [storyline._load_and_preprocess_model_data] - Found 2 files for pr (pr requested), CanESM5.
2026-07-22 13:21:05,929 - INFO - [storyline._load_and_preprocess_model_data] - Loading tas for CanESM5 (hist + ['ssp585']), force_regional=True...
2026-07-22 13:21:05,935 - INFO - [storyline._load_and_preprocess_model_data] - Found 2 files for tas (tas requested), CanESM5.
2026-07-22 13:21:08,637 - INFO - [storyline._load_and_preprocess_model_data] - Loading tas for CanESM5 (hist + ['ssp585']), force_regional=False...
2026-07-22 13:21:08,641 - INFO - [storyline._load_and_preprocess_model_data] - Found 2 files for tas (tas requested), CanESM5.
2026-07-22 13:21:08,887 - INFO - [storyline._load_and_preprocess_model_data] - Loading ua for E3SM-1-0 (hist + ['ssp585']), force_regional=False...
2026-07-22 13:21:08,893 - INFO - [storyline._load_and_preprocess_model_data] - Found 13 files for ua (ua requested), E3SM-1-0.
2026-07-22 13:21:14,919 - INFO - [storyline._load_and_preprocess_model_data] - Loading pr for E3SM-1-0 (hist + ['ssp585']), force_regional=False...
2026-07-22 13:21:14,924 - INFO - [storyline._load_and_preprocess_model_data] - Found 9 files for pr (pr requested), E3SM-1-0.
2026-07-22 13:21:18,310 - INFO - [storyline._load_and_preprocess_model_data] - Loading tas for E3SM-1-0 (hist + ['ssp585']), force_regional=True...
2026-07-22 13:21:18,315 - INFO - [storyline._load_and_preprocess_model_data] - Found 9 files for tas (tas requested), E3SM-1-0.
2026-07-22 13:21:21,926 - INFO - [storyline._load_and_preprocess_model_data] - Loading tas for E3SM-1-0 (hist + ['ssp585']), force_regional=False...
2026-07-22 13:21:21,931 - INFO - [storyline._load_and_preprocess_model_data] - Found 9 files for tas (tas requested), E3SM-1-0.
2026-07-22 13:21:22,233 - INFO - [storyline._load_and_preprocess_model_data] - Loading ua for EC-Earth3-CC (hist + ['ssp585']), force_regional=False...
2026-07-22 13:21:22,240 - INFO - [storyline._load_and_preprocess_model_data] - Found 261 files for ua (ua requested), EC-Earth3-CC.
2026-07-22 13:21:32,334 - INFO - [storyline._load_and_preprocess_model_data] - Loading pr for EC-Earth3-CC (hist + ['ssp585']), force_regional=False...
2026-07-22 13:21:32,342 - INFO - [storyline._load_and_preprocess_model_data] - Found 252 files for pr (pr requested), EC-Earth3-CC.
2026-07-22 13:21:38,582 - INFO - [storyline._load_and_preprocess_model_data] - Loading tas for EC-Earth3-CC (hist + ['ssp585']), force_regional=True...
2026-07-22 13:21:38,588 - INFO - [storyline._load_and_preprocess_model_data] - Found 252 files for tas (tas requested), EC-Earth3-CC.
2026-07-22 13:21:45,718 - INFO - [storyline._load_and_preprocess_model_data] - Loading tas for EC-Earth3-CC (hist + ['ssp585']), force_regional=False...
2026-07-22 13:21:45,723 - INFO - [storyline._load_and_preprocess_model_data] - Found 252 files for tas (tas requested), EC-Earth3-CC.
2026-07-22 13:21:49,251 - INFO - [storyline._load_and_preprocess_model_data] - Loading ua for EC-Earth3-Veg-LR (hist + ['ssp585']), force_regional=False...
2026-07-22 13:21:49,256 - INFO - [storyline._load_and_preprocess_model_data] - Found 255 files for ua (ua requested), EC-Earth3-Veg-LR.
2026-07-22 13:21:59,438 - INFO - [storyline._load_and_preprocess_model_data] - Loading pr for EC-Earth3-Veg-LR (hist + ['ssp585']), force_regional=False...
2026-07-22 13:21:59,447 - INFO - [storyline._load_and_preprocess_model_data] - Found 252 files for pr (pr requested), EC-Earth3-Veg-LR.
2026-07-22 13:22:04,878 - INFO - [storyline._load_and_preprocess_model_data] - Loading tas for EC-Earth3-Veg-LR (hist + ['ssp585']), force_regional=True...
2026-07-22 13:22:04,884 - INFO - [storyline._load_and_preprocess_model_data] - Found 252 files for tas (tas requested), EC-Earth3-Veg-LR.
2026-07-22 13:22:11,641 - INFO - [storyline._load_and_preprocess_model_data] - Loading tas for EC-Earth3-Veg-LR (hist + ['ssp585']), force_regional=False...
2026-07-22 13:22:11,648 - INFO - [storyline._load_and_preprocess_model_data] - Found 252 files for tas (tas requested), EC-Earth3-Veg-LR.
2026-07-22 13:22:14,990 - INFO - [storyline._load_and_preprocess_model_data] - Loading ua for EC-Earth3 (hist + ['ssp585']), force_regional=False...
2026-07-22 13:22:14,995 - INFO - [storyline._load_and_preprocess_model_data] - Found 251 files for ua (ua requested), EC-Earth3.
2026-07-22 13:22:25,963 - INFO - [storyline._load_and_preprocess_model_data] - Loading pr for EC-Earth3 (hist + ['ssp585']), force_regional=False...
2026-07-22 13:22:25,970 - INFO - [storyline._load_and_preprocess_model_data] - Found 251 files for pr (pr requested), EC-Earth3.
2026-07-22 13:22:31,082 - INFO - [storyline._load_and_preprocess_model_data] - Loading tas for EC-Earth3 (hist + ['ssp585']), force_regional=True...
2026-07-22 13:22:31,089 - INFO - [storyline._load_and_preprocess_model_data] - Found 251 files for tas (tas requested), EC-Earth3.
2026-07-22 13:22:36,555 - INFO - [storyline._load_and_preprocess_model_data] - Loading tas for EC-Earth3 (hist + ['ssp585']), force_regional=False...
2026-07-22 13:22:36,560 - INFO - [storyline._load_and_preprocess_model_data] - Found 251 files for tas (tas requested), EC-Earth3.
2026-07-22 13:22:40,171 - INFO - [storyline._load_and_preprocess_model_data] - Loading ua for GFDL-ESM4 (hist + ['ssp585']), force_regional=False...
2026-07-22 13:22:40,176 - INFO - [storyline._load_and_preprocess_model_data] - Found 6 files for ua (ua requested), GFDL-ESM4.
2026-07-22 13:22:43,301 - INFO - [storyline._load_and_preprocess_model_data] - Loading pr for GFDL-ESM4 (hist + ['ssp585']), force_regional=False...
2026-07-22 13:22:43,306 - INFO - [storyline._load_and_preprocess_model_data] - Found 2 files for pr (pr requested), GFDL-ESM4.
2026-07-22 13:22:44,558 - INFO - [storyline._load_and_preprocess_model_data] - Loading tas for GFDL-ESM4 (hist + ['ssp585']), force_regional=True...
2026-07-22 13:22:44,563 - INFO - [storyline._load_and_preprocess_model_data] - Found 4 files for tas (tas requested), GFDL-ESM4.
2026-07-22 13:22:48,426 - INFO - [storyline._load_and_preprocess_model_data] - Loading tas for GFDL-ESM4 (hist + ['ssp585']), force_regional=False...
2026-07-22 13:22:48,431 - INFO - [storyline._load_and_preprocess_model_data] - Found 4 files for tas (tas requested), GFDL-ESM4.
2026-07-22 13:22:48,792 - INFO - [storyline._load_and_preprocess_model_data] - Loading ua for HadGEM3-GC31-LL (hist + ['ssp585']), force_regional=False...
2026-07-22 13:22:48,798 - INFO - [storyline._load_and_preprocess_model_data] - Found 5 files for ua (ua requested), HadGEM3-GC31-LL.
2026-07-22 13:22:53,145 - INFO - [storyline._load_and_preprocess_model_data] - Loading pr for HadGEM3-GC31-LL (hist + ['ssp585']), force_regional=False...
2026-07-22 13:22:53,151 - INFO - [storyline._load_and_preprocess_model_data] - Found 2 files for pr (pr requested), HadGEM3-GC31-LL.
2026-07-22 13:22:55,301 - INFO - [storyline._load_and_preprocess_model_data] - Loading tas for HadGEM3-GC31-LL (hist + ['ssp585']), force_regional=True...
2026-07-22 13:22:55,307 - INFO - [storyline._load_and_preprocess_model_data] - Found 2 files for tas (tas requested), HadGEM3-GC31-LL.
2026-07-22 13:22:56,400 - INFO - [storyline._load_and_preprocess_model_data] - Loading tas for HadGEM3-GC31-LL (hist + ['ssp585']), force_regional=False...
2026-07-22 13:22:56,404 - INFO - [storyline._load_and_preprocess_model_data] - Found 2 files for tas (tas requested), HadGEM3-GC31-LL.
2026-07-22 13:22:56,674 - INFO - [storyline._load_and_preprocess_model_data] - Loading ua for HadGEM3-GC31-MM (hist + ['ssp585']), force_regional=False...
2026-07-22 13:22:56,681 - INFO - [storyline._load_and_preprocess_model_data] - Found 17 files for ua (ua requested), HadGEM3-GC31-MM.
2026-07-22 13:23:00,397 - INFO - [storyline._load_and_preprocess_model_data] - Loading pr for HadGEM3-GC31-MM (hist + ['ssp585']), force_regional=False...
2026-07-22 13:23:00,404 - INFO - [storyline._load_and_preprocess_model_data] - Found 2 files for pr (pr requested), HadGEM3-GC31-MM.
2026-07-22 13:23:01,989 - INFO - [storyline._load_and_preprocess_model_data] - Loading tas for HadGEM3-GC31-MM (hist + ['ssp585']), force_regional=True...
2026-07-22 13:23:01,995 - INFO - [storyline._load_and_preprocess_model_data] - Found 2 files for tas (tas requested), HadGEM3-GC31-MM.
2026-07-22 13:23:04,693 - INFO - [storyline._load_and_preprocess_model_data] - Loading tas for HadGEM3-GC31-MM (hist + ['ssp585']), force_regional=False...
2026-07-22 13:23:04,697 - INFO - [storyline._load_and_preprocess_model_data] - Found 2 files for tas (tas requested), HadGEM3-GC31-MM.
2026-07-22 13:23:05,173 - INFO - [storyline._load_and_preprocess_model_data] - Loading ua for IITM-ESM (hist + ['ssp585']), force_regional=False...
2026-07-22 13:23:05,179 - INFO - [storyline._load_and_preprocess_model_data] - Found 20 files for ua (ua requested), IITM-ESM.
2026-07-22 13:23:11,240 - INFO - [storyline._load_and_preprocess_model_data] - Loading pr for IITM-ESM (hist + ['ssp585']), force_regional=False...
2026-07-22 13:23:11,246 - INFO - [storyline._load_and_preprocess_model_data] - Found 26 files for pr (pr requested), IITM-ESM.
2026-07-22 13:23:12,440 - INFO - [storyline._load_and_preprocess_model_data] - Loading tas for IITM-ESM (hist + ['ssp585']), force_regional=True...
2026-07-22 13:23:12,446 - INFO - [storyline._load_and_preprocess_model_data] - Found 26 files for tas (tas requested), IITM-ESM.
2026-07-22 13:23:15,176 - INFO - [storyline._load_and_preprocess_model_data] - Loading tas for IITM-ESM (hist + ['ssp585']), force_regional=False...
2026-07-22 13:23:15,183 - INFO - [storyline._load_and_preprocess_model_data] - Found 26 files for tas (tas requested), IITM-ESM.
2026-07-22 13:23:15,729 - INFO - [storyline._load_and_preprocess_model_data] - Loading ua for INM-CM4-8 (hist + ['ssp585']), force_regional=False...
2026-07-22 13:23:15,735 - INFO - [storyline._load_and_preprocess_model_data] - Found 26 files for ua (ua requested), INM-CM4-8.
2026-07-22 13:23:21,597 - INFO - [storyline._load_and_preprocess_model_data] - Loading pr for INM-CM4-8 (hist + ['ssp585']), force_regional=False...
2026-07-22 13:23:21,603 - INFO - [storyline._load_and_preprocess_model_data] - Found 4 files for pr (pr requested), INM-CM4-8.
2026-07-22 13:23:24,907 - INFO - [storyline._load_and_preprocess_model_data] - Loading tas for INM-CM4-8 (hist + ['ssp585']), force_regional=True...
2026-07-22 13:23:24,912 - INFO - [storyline._load_and_preprocess_model_data] - Found 4 files for tas (tas requested), INM-CM4-8.
2026-07-22 13:23:28,132 - INFO - [storyline._load_and_preprocess_model_data] - Loading tas for INM-CM4-8 (hist + ['ssp585']), force_regional=False...
2026-07-22 13:23:28,136 - INFO - [storyline._load_and_preprocess_model_data] - Found 4 files for tas (tas requested), INM-CM4-8.
2026-07-22 13:23:28,507 - INFO - [storyline._load_and_preprocess_model_data] - Loading ua for INM-CM5-0 (hist + ['ssp585']), force_regional=False...
2026-07-22 13:23:28,513 - INFO - [storyline._load_and_preprocess_model_data] - Found 27 files for ua (ua requested), INM-CM5-0.
2026-07-22 13:23:33,871 - INFO - [storyline._load_and_preprocess_model_data] - Loading pr for INM-CM5-0 (hist + ['ssp585']), force_regional=False...
2026-07-22 13:23:33,877 - INFO - [storyline._load_and_preprocess_model_data] - Found 3 files for pr (pr requested), INM-CM5-0.
2026-07-22 13:23:36,704 - INFO - [storyline._load_and_preprocess_model_data] - Loading tas for INM-CM5-0 (hist + ['ssp585']), force_regional=True...
2026-07-22 13:23:36,709 - INFO - [storyline._load_and_preprocess_model_data] - Found 3 files for tas (tas requested), INM-CM5-0.
2026-07-22 13:23:39,141 - INFO - [storyline._load_and_preprocess_model_data] - Loading tas for INM-CM5-0 (hist + ['ssp585']), force_regional=False...
2026-07-22 13:23:39,146 - INFO - [storyline._load_and_preprocess_model_data] - Found 3 files for tas (tas requested), INM-CM5-0.
2026-07-22 13:23:39,421 - INFO - [storyline._load_and_preprocess_model_data] - Loading ua for IPSL-CM6A-LR (hist + ['ssp585']), force_regional=False...
2026-07-22 13:23:39,427 - INFO - [storyline._load_and_preprocess_model_data] - Found 3 files for ua (ua requested), IPSL-CM6A-LR.
2026-07-22 13:23:44,533 - INFO - [storyline._load_and_preprocess_model_data] - Loading pr for IPSL-CM6A-LR (hist + ['ssp585']), force_regional=False...
2026-07-22 13:23:44,539 - INFO - [storyline._load_and_preprocess_model_data] - Found 3 files for pr (pr requested), IPSL-CM6A-LR.
2026-07-22 13:23:46,755 - INFO - [storyline._load_and_preprocess_model_data] - Loading tas for IPSL-CM6A-LR (hist + ['ssp585']), force_regional=True...
2026-07-22 13:23:46,760 - INFO - [storyline._load_and_preprocess_model_data] - Found 3 files for tas (tas requested), IPSL-CM6A-LR.
2026-07-22 13:23:49,088 - INFO - [storyline._load_and_preprocess_model_data] - Loading tas for IPSL-CM6A-LR (hist + ['ssp585']), force_regional=False...
2026-07-22 13:23:49,093 - INFO - [storyline._load_and_preprocess_model_data] - Found 3 files for tas (tas requested), IPSL-CM6A-LR.
2026-07-22 13:23:49,361 - INFO - [storyline._load_and_preprocess_model_data] - Loading ua for KACE-1-0-G (hist + ['ssp585']), force_regional=False...
2026-07-22 13:23:49,366 - INFO - [storyline._load_and_preprocess_model_data] - Found 4 files for ua (ua requested), KACE-1-0-G.
2026-07-22 13:23:55,225 - INFO - [storyline._load_and_preprocess_model_data] - Loading pr for KACE-1-0-G (hist + ['ssp585']), force_regional=False...
2026-07-22 13:23:55,230 - INFO - [storyline._load_and_preprocess_model_data] - Found 2 files for pr (pr requested), KACE-1-0-G.
2026-07-22 13:23:58,584 - INFO - [storyline._load_and_preprocess_model_data] - Loading tas for KACE-1-0-G (hist + ['ssp585']), force_regional=True...
2026-07-22 13:23:58,589 - INFO - [storyline._load_and_preprocess_model_data] - Found 2 files for tas (tas requested), KACE-1-0-G.
2026-07-22 13:24:01,481 - INFO - [storyline._load_and_preprocess_model_data] - Loading tas for KACE-1-0-G (hist + ['ssp585']), force_regional=False...
2026-07-22 13:24:01,485 - INFO - [storyline._load_and_preprocess_model_data] - Found 2 files for tas (tas requested), KACE-1-0-G.
2026-07-22 13:24:01,849 - INFO - [storyline._load_and_preprocess_model_data] - Loading ua for KIOST-ESM (hist + ['ssp585']), force_regional=False...
2026-07-22 13:24:01,855 - INFO - [storyline._load_and_preprocess_model_data] - Found 2 files for ua (ua requested), KIOST-ESM.
2026-07-22 13:24:09,181 - INFO - [storyline._load_and_preprocess_model_data] - Loading pr for KIOST-ESM (hist + ['ssp585']), force_regional=False...
2026-07-22 13:24:09,184 - INFO - [storyline._load_and_preprocess_model_data] - Found 2 files for pr (pr requested), KIOST-ESM.
2026-07-22 13:24:10,971 - INFO - [storyline._load_and_preprocess_model_data] - Loading tas for KIOST-ESM (hist + ['ssp585']), force_regional=True...
2026-07-22 13:24:10,977 - INFO - [storyline._load_and_preprocess_model_data] - Found 3 files for tas (tas requested), KIOST-ESM.
2026-07-22 13:24:14,998 - INFO - [storyline._load_and_preprocess_model_data] - Loading tas for KIOST-ESM (hist + ['ssp585']), force_regional=False...
2026-07-22 13:24:15,002 - INFO - [storyline._load_and_preprocess_model_data] - Found 3 files for tas (tas requested), KIOST-ESM.
2026-07-22 13:24:15,336 - INFO - [storyline._load_and_preprocess_model_data] - Loading ua for MIROC-ES2L (hist + ['ssp585']), force_regional=False...
2026-07-22 13:24:15,342 - INFO - [storyline._load_and_preprocess_model_data] - Found 2 files for ua (ua requested), MIROC-ES2L.
2026-07-22 13:24:20,175 - INFO - [storyline._load_and_preprocess_model_data] - Loading pr for MIROC-ES2L (hist + ['ssp585']), force_regional=False...
2026-07-22 13:24:20,180 - INFO - [storyline._load_and_preprocess_model_data] - Found 2 files for pr (pr requested), MIROC-ES2L.
2026-07-22 13:24:22,282 - INFO - [storyline._load_and_preprocess_model_data] - Loading tas for MIROC-ES2L (hist + ['ssp585']), force_regional=True...
2026-07-22 13:24:22,287 - INFO - [storyline._load_and_preprocess_model_data] - Found 2 files for tas (tas requested), MIROC-ES2L.
2026-07-22 13:24:25,487 - INFO - [storyline._load_and_preprocess_model_data] - Loading tas for MIROC-ES2L (hist + ['ssp585']), force_regional=False...
2026-07-22 13:24:25,492 - INFO - [storyline._load_and_preprocess_model_data] - Found 2 files for tas (tas requested), MIROC-ES2L.
2026-07-22 13:24:25,970 - INFO - [storyline._load_and_preprocess_model_data] - Loading ua for MIROC6 (hist + ['ssp585']), force_regional=False...
2026-07-22 13:24:25,976 - INFO - [storyline._load_and_preprocess_model_data] - Found 25 files for ua (ua requested), MIROC6.
2026-07-22 13:24:32,519 - INFO - [storyline._load_and_preprocess_model_data] - Loading pr for MIROC6 (hist + ['ssp585']), force_regional=False...
2026-07-22 13:24:32,524 - INFO - [storyline._load_and_preprocess_model_data] - Found 3 files for pr (pr requested), MIROC6.
2026-07-22 13:24:35,053 - INFO - [storyline._load_and_preprocess_model_data] - Loading tas for MIROC6 (hist + ['ssp585']), force_regional=True...
2026-07-22 13:24:35,058 - INFO - [storyline._load_and_preprocess_model_data] - Found 3 files for tas (tas requested), MIROC6.
2026-07-22 13:24:37,611 - INFO - [storyline._load_and_preprocess_model_data] - Loading tas for MIROC6 (hist + ['ssp585']), force_regional=False...
2026-07-22 13:24:37,616 - INFO - [storyline._load_and_preprocess_model_data] - Found 3 files for tas (tas requested), MIROC6.
2026-07-22 13:24:37,905 - INFO - [storyline._load_and_preprocess_model_data] - Loading ua for MPI-ESM1-2-HR (hist + ['ssp585']), force_regional=False...
2026-07-22 13:24:37,910 - INFO - [storyline._load_and_preprocess_model_data] - Found 57 files for ua (ua requested), MPI-ESM1-2-HR.
2026-07-22 13:24:43,517 - INFO - [storyline._load_and_preprocess_model_data] - Loading pr for MPI-ESM1-2-HR (hist + ['ssp585']), force_regional=False...
2026-07-22 13:24:43,525 - INFO - [storyline._load_and_preprocess_model_data] - Found 51 files for pr (pr requested), MPI-ESM1-2-HR.
2026-07-22 13:24:46,748 - INFO - [storyline._load_and_preprocess_model_data] - Loading tas for MPI-ESM1-2-HR (hist + ['ssp585']), force_regional=True...
2026-07-22 13:24:46,756 - INFO - [storyline._load_and_preprocess_model_data] - Found 51 files for tas (tas requested), MPI-ESM1-2-HR.
2026-07-22 13:24:49,866 - INFO - [storyline._load_and_preprocess_model_data] - Loading tas for MPI-ESM1-2-HR (hist + ['ssp585']), force_regional=False...
2026-07-22 13:24:49,876 - INFO - [storyline._load_and_preprocess_model_data] - Found 51 files for tas (tas requested), MPI-ESM1-2-HR.
2026-07-22 13:24:50,563 - INFO - [storyline._load_and_preprocess_model_data] - Loading ua for MPI-ESM1-2-LR (hist + ['ssp585']), force_regional=False...
2026-07-22 13:24:50,572 - INFO - [storyline._load_and_preprocess_model_data] - Found 14 files for ua (ua requested), MPI-ESM1-2-LR.
2026-07-22 13:24:55,777 - INFO - [storyline._load_and_preprocess_model_data] - Loading pr for MPI-ESM1-2-LR (hist + ['ssp585']), force_regional=False...
2026-07-22 13:24:55,784 - INFO - [storyline._load_and_preprocess_model_data] - Found 14 files for pr (pr requested), MPI-ESM1-2-LR.
2026-07-22 13:24:58,355 - INFO - [storyline._load_and_preprocess_model_data] - Loading tas for MPI-ESM1-2-LR (hist + ['ssp585']), force_regional=True...
2026-07-22 13:24:58,360 - INFO - [storyline._load_and_preprocess_model_data] - Found 14 files for tas (tas requested), MPI-ESM1-2-LR.
2026-07-22 13:25:01,044 - INFO - [storyline._load_and_preprocess_model_data] - Loading tas for MPI-ESM1-2-LR (hist + ['ssp585']), force_regional=False...
2026-07-22 13:25:01,049 - INFO - [storyline._load_and_preprocess_model_data] - Found 14 files for tas (tas requested), MPI-ESM1-2-LR.
2026-07-22 13:25:01,491 - INFO - [storyline._load_and_preprocess_model_data] - Loading ua for MRI-ESM2-0 (hist + ['ssp585']), force_regional=False...
2026-07-22 13:25:01,496 - INFO - [storyline._load_and_preprocess_model_data] - Found 6 files for ua (ua requested), MRI-ESM2-0.
2026-07-22 13:25:05,876 - INFO - [storyline._load_and_preprocess_model_data] - Loading pr for MRI-ESM2-0 (hist + ['ssp585']), force_regional=False...
2026-07-22 13:25:05,881 - INFO - [storyline._load_and_preprocess_model_data] - Found 2 files for pr (pr requested), MRI-ESM2-0.
2026-07-22 13:25:09,319 - INFO - [storyline._load_and_preprocess_model_data] - Loading tas for MRI-ESM2-0 (hist + ['ssp585']), force_regional=True...
2026-07-22 13:25:09,324 - INFO - [storyline._load_and_preprocess_model_data] - Found 2 files for tas (tas requested), MRI-ESM2-0.
2026-07-22 13:25:11,864 - INFO - [storyline._load_and_preprocess_model_data] - Loading tas for MRI-ESM2-0 (hist + ['ssp585']), force_regional=False...
2026-07-22 13:25:11,868 - INFO - [storyline._load_and_preprocess_model_data] - Found 2 files for tas (tas requested), MRI-ESM2-0.
2026-07-22 13:25:12,124 - INFO - [storyline._load_and_preprocess_model_data] - Loading ua for NorESM2-MM (hist + ['ssp585']), force_regional=False...
2026-07-22 13:25:12,129 - INFO - [storyline._load_and_preprocess_model_data] - Found 47 files for ua (ua requested), NorESM2-MM.
2026-07-22 13:25:17,620 - INFO - [storyline._load_and_preprocess_model_data] - Loading pr for NorESM2-MM (hist + ['ssp585']), force_regional=False...
2026-07-22 13:25:17,628 - INFO - [storyline._load_and_preprocess_model_data] - Found 46 files for pr (pr requested), NorESM2-MM.
2026-07-22 13:25:20,740 - INFO - [storyline._load_and_preprocess_model_data] - Loading tas for NorESM2-MM (hist + ['ssp585']), force_regional=True...
2026-07-22 13:25:20,748 - INFO - [storyline._load_and_preprocess_model_data] - Found 46 files for tas (tas requested), NorESM2-MM.
2026-07-22 13:25:24,289 - INFO - [storyline._load_and_preprocess_model_data] - Loading tas for NorESM2-MM (hist + ['ssp585']), force_regional=False...
2026-07-22 13:25:24,294 - INFO - [storyline._load_and_preprocess_model_data] - Found 46 files for tas (tas requested), NorESM2-MM.
2026-07-22 13:25:25,004 - INFO - [storyline._load_and_preprocess_model_data] - Loading ua for UKESM1-0-LL (hist + ['ssp585']), force_regional=False...
2026-07-22 13:25:25,009 - INFO - [storyline._load_and_preprocess_model_data] - Found 5 files for ua (ua requested), UKESM1-0-LL.
2026-07-22 13:25:29,062 - INFO - [storyline._load_and_preprocess_model_data] - Loading pr for UKESM1-0-LL (hist + ['ssp585']), force_regional=False...
2026-07-22 13:25:29,068 - INFO - [storyline._load_and_preprocess_model_data] - Found 3 files for pr (pr requested), UKESM1-0-LL.
2026-07-22 13:25:31,388 - INFO - [storyline._load_and_preprocess_model_data] - Loading tas for UKESM1-0-LL (hist + ['ssp585']), force_regional=True...
2026-07-22 13:25:31,392 - INFO - [storyline._load_and_preprocess_model_data] - Found 2 files for tas (tas requested), UKESM1-0-LL.
2026-07-22 13:25:35,312 - INFO - [storyline._load_and_preprocess_model_data] - Loading tas for UKESM1-0-LL (hist + ['ssp585']), force_regional=False...
2026-07-22 13:25:35,316 - INFO - [storyline._load_and_preprocess_model_data] - Found 2 files for tas (tas requested), UKESM1-0-LL.
2026-07-22 13:25:35,604 - INFO - [storyline.analyze_cmip6_changes_at_gwl] - 
--- Loading Danube Discharge Data ---
2026-07-22 13:25:35,604 - INFO - [data_processing.process_discharge_data] - Processing Danube discharge data for specified CMIP6 models...
2026-07-22 13:25:36,011 - INFO - [data_processing.process_discharge_data] - Successfully processed discharge data for EC-Earth3-CC_ssp245
2026-07-22 13:25:36,012 - INFO - [data_processing.process_discharge_data] - Successfully processed discharge data for MIROC-ES2L_ssp245
2026-07-22 13:25:36,013 - INFO - [data_processing.process_discharge_data] - Successfully processed discharge data for KACE-1-0-G_ssp245
2026-07-22 13:25:36,014 - INFO - [data_processing.process_discharge_data] - Successfully processed discharge data for CanESM5_ssp245
2026-07-22 13:25:36,015 - INFO - [data_processing.process_discharge_data] - Successfully processed discharge data for MPI-ESM1-2-HR_ssp245
2026-07-22 13:25:36,015 - INFO - [data_processing.process_discharge_data] - Successfully processed discharge data for NorESM2-MM_ssp245
2026-07-22 13:25:36,016 - INFO - [data_processing.process_discharge_data] - Successfully processed discharge data for ACCESS-CM2_ssp245
2026-07-22 13:25:36,017 - INFO - [data_processing.process_discharge_data] - Successfully processed discharge data for MIROC6_ssp245
2026-07-22 13:25:36,018 - INFO - [data_processing.process_discharge_data] - Successfully processed discharge data for MPI-ESM1-2-LR_ssp245
2026-07-22 13:25:36,019 - INFO - [data_processing.process_discharge_data] - Successfully processed discharge data for CESM2-WACCM_ssp245
2026-07-22 13:25:36,019 - INFO - [data_processing.process_discharge_data] - Successfully processed discharge data for INM-CM5-0_ssp245
2026-07-22 13:25:36,020 - INFO - [data_processing.process_discharge_data] - Successfully processed discharge data for ACCESS-ESM1-5_ssp245
2026-07-22 13:25:36,021 - INFO - [data_processing.process_discharge_data] - Successfully processed discharge data for KIOST-ESM_ssp245
2026-07-22 13:25:36,022 - INFO - [data_processing.process_discharge_data] - Successfully processed discharge data for INM-CM4-8_ssp245
2026-07-22 13:25:36,023 - INFO - [data_processing.process_discharge_data] - Successfully processed discharge data for CMCC-ESM2_ssp245
2026-07-22 13:25:36,024 - INFO - [data_processing.process_discharge_data] - Successfully processed discharge data for HadGEM3-GC31-LL_ssp245
2026-07-22 13:25:36,025 - INFO - [data_processing.process_discharge_data] - Successfully processed discharge data for MRI-ESM2-0_ssp245
2026-07-22 13:25:36,026 - INFO - [data_processing.process_discharge_data] - Successfully processed discharge data for EC-Earth3_ssp245
2026-07-22 13:25:36,027 - INFO - [data_processing.process_discharge_data] - Successfully processed discharge data for GFDL-ESM4_ssp245
2026-07-22 13:25:36,028 - INFO - [data_processing.process_discharge_data] - Successfully processed discharge data for IITM-ESM_ssp245
2026-07-22 13:25:36,029 - INFO - [data_processing.process_discharge_data] - Successfully processed discharge data for CMCC-CM2-SR5_ssp245
2026-07-22 13:25:36,030 - INFO - [data_processing.process_discharge_data] - Successfully processed discharge data for UKESM1-0-LL_ssp245
2026-07-22 13:25:36,031 - INFO - [data_processing.process_discharge_data] - Successfully processed discharge data for CESM2_ssp245
2026-07-22 13:25:36,032 - INFO - [data_processing.process_discharge_data] - Successfully processed discharge data for EC-Earth3-Veg-LR_ssp245
2026-07-22 13:25:36,033 - INFO - [data_processing.process_discharge_data] - Successfully processed discharge data for IPSL-CM6A-LR_ssp245
2026-07-22 13:25:36,520 - INFO - [data_processing.process_discharge_data] - Successfully processed discharge data for CNRM-CM6-1-HR_ssp585
2026-07-22 13:25:36,521 - INFO - [data_processing.process_discharge_data] - Successfully processed discharge data for EC-Earth3-CC_ssp585
2026-07-22 13:25:36,522 - INFO - [data_processing.process_discharge_data] - Successfully processed discharge data for MIROC-ES2L_ssp585
2026-07-22 13:25:36,522 - INFO - [data_processing.process_discharge_data] - Successfully processed discharge data for KACE-1-0-G_ssp585
2026-07-22 13:25:36,523 - INFO - [data_processing.process_discharge_data] - Successfully processed discharge data for CanESM5_ssp585
2026-07-22 13:25:36,524 - INFO - [data_processing.process_discharge_data] - Successfully processed discharge data for MPI-ESM1-2-HR_ssp585
2026-07-22 13:25:36,525 - INFO - [data_processing.process_discharge_data] - Successfully processed discharge data for E3SM-1-0_ssp585
2026-07-22 13:25:36,525 - INFO - [data_processing.process_discharge_data] - Successfully processed discharge data for NorESM2-MM_ssp585
2026-07-22 13:25:36,526 - INFO - [data_processing.process_discharge_data] - Successfully processed discharge data for ACCESS-CM2_ssp585
2026-07-22 13:25:36,527 - INFO - [data_processing.process_discharge_data] - Successfully processed discharge data for MIROC6_ssp585
2026-07-22 13:25:36,527 - INFO - [data_processing.process_discharge_data] - Successfully processed discharge data for MPI-ESM1-2-LR_ssp585
2026-07-22 13:25:36,528 - INFO - [data_processing.process_discharge_data] - Successfully processed discharge data for CESM2-WACCM_ssp585
2026-07-22 13:25:36,529 - INFO - [data_processing.process_discharge_data] - Successfully processed discharge data for INM-CM5-0_ssp585
2026-07-22 13:25:36,529 - INFO - [data_processing.process_discharge_data] - Successfully processed discharge data for HadGEM3-GC31-MM_ssp585
2026-07-22 13:25:36,530 - INFO - [data_processing.process_discharge_data] - Successfully processed discharge data for ACCESS-ESM1-5_ssp585
2026-07-22 13:25:36,531 - INFO - [data_processing.process_discharge_data] - Successfully processed discharge data for KIOST-ESM_ssp585
2026-07-22 13:25:36,532 - INFO - [data_processing.process_discharge_data] - Successfully processed discharge data for INM-CM4-8_ssp585
2026-07-22 13:25:36,533 - INFO - [data_processing.process_discharge_data] - Successfully processed discharge data for CMCC-ESM2_ssp585
2026-07-22 13:25:36,534 - INFO - [data_processing.process_discharge_data] - Successfully processed discharge data for HadGEM3-GC31-LL_ssp585
2026-07-22 13:25:36,535 - INFO - [data_processing.process_discharge_data] - Successfully processed discharge data for MRI-ESM2-0_ssp585
2026-07-22 13:25:36,535 - INFO - [data_processing.process_discharge_data] - Successfully processed discharge data for EC-Earth3_ssp585
2026-07-22 13:25:36,536 - INFO - [data_processing.process_discharge_data] - Successfully processed discharge data for GFDL-ESM4_ssp585
2026-07-22 13:25:36,537 - INFO - [data_processing.process_discharge_data] - Successfully processed discharge data for IITM-ESM_ssp585
2026-07-22 13:25:36,538 - INFO - [data_processing.process_discharge_data] - Successfully processed discharge data for CMCC-CM2-SR5_ssp585
2026-07-22 13:25:36,539 - INFO - [data_processing.process_discharge_data] - Successfully processed discharge data for UKESM1-0-LL_ssp585
2026-07-22 13:25:36,540 - INFO - [data_processing.process_discharge_data] - Successfully processed discharge data for CNRM-CM6-1_ssp585
2026-07-22 13:25:36,541 - INFO - [data_processing.process_discharge_data] - Successfully processed discharge data for CESM2_ssp585
2026-07-22 13:25:36,542 - INFO - [data_processing.process_discharge_data] - Successfully processed discharge data for CNRM-ESM2-1_ssp585
2026-07-22 13:25:36,543 - INFO - [data_processing.process_discharge_data] - Successfully processed discharge data for BCC-CSM2-MR_ssp585
2026-07-22 13:25:36,544 - INFO - [data_processing.process_discharge_data] - Successfully processed discharge data for EC-Earth3-Veg-LR_ssp585
2026-07-22 13:25:36,545 - INFO - [data_processing.process_discharge_data] - Successfully processed discharge data for IPSL-CM6A-LR_ssp585
2026-07-22 13:25:37,557 - INFO - [storyline.analyze_cmip6_changes_at_gwl] - 
--- GWL Timing and Analysis Window Details ---
2026-07-22 13:25:37,558 - INFO - [storyline.analyze_cmip6_changes_at_gwl] - GWL 2.0°C reached in 2038 for ACCESS-CM2 (ssp585). Analysis Window: 2023-2053 (31 years)
2026-07-22 13:25:37,558 - INFO - [storyline.analyze_cmip6_changes_at_gwl] - GWL 3.0°C reached in 2056 for ACCESS-CM2 (ssp585). Analysis Window: 2041-2071 (31 years)
2026-07-22 13:25:37,558 - INFO - [storyline.analyze_cmip6_changes_at_gwl] - GWL 2.0°C reached in 2039 for ACCESS-ESM1-5 (ssp585). Analysis Window: 2024-2054 (31 years)
2026-07-22 13:25:37,558 - INFO - [storyline.analyze_cmip6_changes_at_gwl] - GWL 3.0°C reached in 2060 for ACCESS-ESM1-5 (ssp585). Analysis Window: 2045-2075 (31 years)
2026-07-22 13:25:37,558 - INFO - [storyline.analyze_cmip6_changes_at_gwl] - GWL 2.0°C reached in 2043 for BCC-CSM2-MR (ssp585). Analysis Window: 2028-2058 (31 years)
2026-07-22 13:25:37,558 - INFO - [storyline.analyze_cmip6_changes_at_gwl] - GWL 3.0°C reached in 2066 for BCC-CSM2-MR (ssp585). Analysis Window: 2051-2081 (31 years)
2026-07-22 13:25:37,558 - INFO - [storyline.analyze_cmip6_changes_at_gwl] - GWL 2.0°C reached in 2036 for CESM2 (ssp585). Analysis Window: 2021-2051 (31 years)
2026-07-22 13:25:37,558 - INFO - [storyline.analyze_cmip6_changes_at_gwl] - GWL 3.0°C reached in 2056 for CESM2 (ssp585). Analysis Window: 2041-2071 (31 years)
2026-07-22 13:25:37,558 - INFO - [storyline.analyze_cmip6_changes_at_gwl] - GWL 2.0°C reached in 2033 for CESM2-WACCM (ssp585). Analysis Window: 2018-2048 (31 years)
2026-07-22 13:25:37,558 - INFO - [storyline.analyze_cmip6_changes_at_gwl] - GWL 3.0°C reached in 2053 for CESM2-WACCM (ssp585). Analysis Window: 2038-2068 (31 years)
2026-07-22 13:25:37,558 - INFO - [storyline.analyze_cmip6_changes_at_gwl] - GWL 2.0°C reached in 2034 for CMCC-CM2-SR5 (ssp585). Analysis Window: 2019-2049 (31 years)
2026-07-22 13:25:37,559 - INFO - [storyline.analyze_cmip6_changes_at_gwl] - GWL 3.0°C reached in 2052 for CMCC-CM2-SR5 (ssp585). Analysis Window: 2037-2067 (31 years)
2026-07-22 13:25:37,559 - INFO - [storyline.analyze_cmip6_changes_at_gwl] - GWL 2.0°C reached in 2039 for CMCC-ESM2 (ssp585). Analysis Window: 2024-2054 (31 years)
2026-07-22 13:25:37,559 - INFO - [storyline.analyze_cmip6_changes_at_gwl] - GWL 3.0°C reached in 2055 for CMCC-ESM2 (ssp585). Analysis Window: 2040-2070 (31 years)
2026-07-22 13:25:37,559 - INFO - [storyline.analyze_cmip6_changes_at_gwl] - GWL 2.0°C reached in 2030 for CNRM-CM6-1-HR (ssp585). Analysis Window: 2015-2045 (31 years)
2026-07-22 13:25:37,559 - INFO - [storyline.analyze_cmip6_changes_at_gwl] - GWL 3.0°C reached in 2050 for CNRM-CM6-1-HR (ssp585). Analysis Window: 2035-2065 (31 years)
2026-07-22 13:25:37,559 - INFO - [storyline.analyze_cmip6_changes_at_gwl] - GWL 2.0°C reached in 2040 for CNRM-CM6-1 (ssp585). Analysis Window: 2025-2055 (31 years)
2026-07-22 13:25:37,559 - INFO - [storyline.analyze_cmip6_changes_at_gwl] - GWL 3.0°C reached in 2058 for CNRM-CM6-1 (ssp585). Analysis Window: 2043-2073 (31 years)
2026-07-22 13:25:37,559 - INFO - [storyline.analyze_cmip6_changes_at_gwl] - GWL 2.0°C reached in 2045 for CNRM-ESM2-1 (ssp585). Analysis Window: 2030-2060 (31 years)
2026-07-22 13:25:37,559 - INFO - [storyline.analyze_cmip6_changes_at_gwl] - GWL 3.0°C reached in 2064 for CNRM-ESM2-1 (ssp585). Analysis Window: 2049-2079 (31 years)
2026-07-22 13:25:37,559 - INFO - [storyline.analyze_cmip6_changes_at_gwl] - GWL 2.0°C reached in 2023 for CanESM5 (ssp585). Analysis Window: 2008-2038 (31 years)
2026-07-22 13:25:37,559 - INFO - [storyline.analyze_cmip6_changes_at_gwl] - GWL 3.0°C reached in 2041 for CanESM5 (ssp585). Analysis Window: 2026-2056 (31 years)
2026-07-22 13:25:37,559 - INFO - [storyline.analyze_cmip6_changes_at_gwl] - GWL 2.0°C reached in 2032 for E3SM-1-0 (ssp585). Analysis Window: 2017-2047 (31 years)
2026-07-22 13:25:37,559 - INFO - [storyline.analyze_cmip6_changes_at_gwl] - GWL 3.0°C reached in 2047 for E3SM-1-0 (ssp585). Analysis Window: 2032-2062 (31 years)
2026-07-22 13:25:37,559 - INFO - [storyline.analyze_cmip6_changes_at_gwl] - GWL 2.0°C reached in 2035 for EC-Earth3-CC (ssp585). Analysis Window: 2020-2050 (31 years)
2026-07-22 13:25:37,559 - INFO - [storyline.analyze_cmip6_changes_at_gwl] - GWL 3.0°C reached in 2056 for EC-Earth3-CC (ssp585). Analysis Window: 2041-2071 (31 years)
2026-07-22 13:25:37,559 - INFO - [storyline.analyze_cmip6_changes_at_gwl] - GWL 2.0°C reached in 2042 for EC-Earth3-Veg-LR (ssp585). Analysis Window: 2027-2057 (31 years)
2026-07-22 13:25:37,559 - INFO - [storyline.analyze_cmip6_changes_at_gwl] - GWL 3.0°C reached in 2061 for EC-Earth3-Veg-LR (ssp585). Analysis Window: 2046-2076 (31 years)
2026-07-22 13:25:37,559 - INFO - [storyline.analyze_cmip6_changes_at_gwl] - GWL 2.0°C reached in 2036 for EC-Earth3 (ssp585). Analysis Window: 2021-2051 (31 years)
2026-07-22 13:25:37,559 - INFO - [storyline.analyze_cmip6_changes_at_gwl] - GWL 3.0°C reached in 2057 for EC-Earth3 (ssp585). Analysis Window: 2042-2072 (31 years)
2026-07-22 13:25:37,559 - INFO - [storyline.analyze_cmip6_changes_at_gwl] - GWL 2.0°C reached in 2053 for GFDL-ESM4 (ssp585). Analysis Window: 2038-2068 (31 years)
2026-07-22 13:25:37,560 - INFO - [storyline.analyze_cmip6_changes_at_gwl] - GWL 3.0°C reached in 2076 for GFDL-ESM4 (ssp585). Analysis Window: 2061-2091 (31 years)
2026-07-22 13:25:37,560 - INFO - [storyline.analyze_cmip6_changes_at_gwl] - GWL 2.0°C reached in 2030 for HadGEM3-GC31-LL (ssp585). Analysis Window: 2015-2045 (31 years)
2026-07-22 13:25:37,560 - INFO - [storyline.analyze_cmip6_changes_at_gwl] - GWL 3.0°C reached in 2048 for HadGEM3-GC31-LL (ssp585). Analysis Window: 2033-2063 (31 years)
2026-07-22 13:25:37,560 - INFO - [storyline.analyze_cmip6_changes_at_gwl] - GWL 2.0°C reached in 2034 for HadGEM3-GC31-MM (ssp585). Analysis Window: 2019-2049 (31 years)
2026-07-22 13:25:37,560 - INFO - [storyline.analyze_cmip6_changes_at_gwl] - GWL 3.0°C reached in 2050 for HadGEM3-GC31-MM (ssp585). Analysis Window: 2035-2065 (31 years)
2026-07-22 13:25:37,560 - INFO - [storyline.analyze_cmip6_changes_at_gwl] - GWL 2.0°C reached in 2049 for IITM-ESM (ssp585). Analysis Window: 2034-2064 (31 years)
2026-07-22 13:25:37,560 - INFO - [storyline.analyze_cmip6_changes_at_gwl] - GWL 3.0°C reached in 2076 for IITM-ESM (ssp585). Analysis Window: 2061-2091 (31 years)
2026-07-22 13:25:37,560 - INFO - [storyline.analyze_cmip6_changes_at_gwl] - GWL 2.0°C reached in 2046 for INM-CM4-8 (ssp585). Analysis Window: 2031-2061 (31 years)
2026-07-22 13:25:37,560 - INFO - [storyline.analyze_cmip6_changes_at_gwl] - GWL 3.0°C reached in 2070 for INM-CM4-8 (ssp585). Analysis Window: 2055-2085 (31 years)
2026-07-22 13:25:37,560 - INFO - [storyline.analyze_cmip6_changes_at_gwl] - GWL 2.0°C reached in 2046 for INM-CM5-0 (ssp585). Analysis Window: 2031-2061 (31 years)
2026-07-22 13:25:37,560 - INFO - [storyline.analyze_cmip6_changes_at_gwl] - GWL 3.0°C reached in 2074 for INM-CM5-0 (ssp585). Analysis Window: 2059-2089 (31 years)
2026-07-22 13:25:37,560 - INFO - [storyline.analyze_cmip6_changes_at_gwl] - GWL 2.0°C reached in 2033 for IPSL-CM6A-LR (ssp585). Analysis Window: 2018-2048 (31 years)
2026-07-22 13:25:37,560 - INFO - [storyline.analyze_cmip6_changes_at_gwl] - GWL 3.0°C reached in 2051 for IPSL-CM6A-LR (ssp585). Analysis Window: 2036-2066 (31 years)
2026-07-22 13:25:37,560 - INFO - [storyline.analyze_cmip6_changes_at_gwl] - GWL 2.0°C reached in 2024 for KACE-1-0-G (ssp585). Analysis Window: 2009-2039 (31 years)
2026-07-22 13:25:37,560 - INFO - [storyline.analyze_cmip6_changes_at_gwl] - GWL 3.0°C reached in 2043 for KACE-1-0-G (ssp585). Analysis Window: 2028-2058 (31 years)
2026-07-22 13:25:37,560 - INFO - [storyline.analyze_cmip6_changes_at_gwl] - GWL 2.0°C reached in 2037 for KIOST-ESM (ssp585). Analysis Window: 2022-2052 (31 years)
2026-07-22 13:25:37,560 - INFO - [storyline.analyze_cmip6_changes_at_gwl] - GWL 3.0°C reached in 2065 for KIOST-ESM (ssp585). Analysis Window: 2050-2080 (31 years)
2026-07-22 13:25:37,560 - INFO - [storyline.analyze_cmip6_changes_at_gwl] - GWL 2.0°C reached in 2047 for MIROC-ES2L (ssp585). Analysis Window: 2032-2062 (31 years)
2026-07-22 13:25:37,560 - INFO - [storyline.analyze_cmip6_changes_at_gwl] - GWL 3.0°C reached in 2070 for MIROC-ES2L (ssp585). Analysis Window: 2055-2085 (31 years)
2026-07-22 13:25:37,560 - INFO - [storyline.analyze_cmip6_changes_at_gwl] - GWL 2.0°C reached in 2053 for MIROC6 (ssp585). Analysis Window: 2038-2068 (31 years)
2026-07-22 13:25:37,560 - INFO - [storyline.analyze_cmip6_changes_at_gwl] - GWL 3.0°C reached in 2076 for MIROC6 (ssp585). Analysis Window: 2061-2091 (31 years)
2026-07-22 13:25:37,560 - INFO - [storyline.analyze_cmip6_changes_at_gwl] - GWL 2.0°C reached in 2049 for MPI-ESM1-2-HR (ssp585). Analysis Window: 2034-2064 (31 years)
2026-07-22 13:25:37,560 - INFO - [storyline.analyze_cmip6_changes_at_gwl] - GWL 3.0°C reached in 2073 for MPI-ESM1-2-HR (ssp585). Analysis Window: 2058-2088 (31 years)
2026-07-22 13:25:37,561 - INFO - [storyline.analyze_cmip6_changes_at_gwl] - GWL 2.0°C reached in 2049 for MPI-ESM1-2-LR (ssp585). Analysis Window: 2034-2064 (31 years)
2026-07-22 13:25:37,561 - INFO - [storyline.analyze_cmip6_changes_at_gwl] - GWL 3.0°C reached in 2072 for MPI-ESM1-2-LR (ssp585). Analysis Window: 2057-2087 (31 years)
2026-07-22 13:25:37,561 - INFO - [storyline.analyze_cmip6_changes_at_gwl] - GWL 2.0°C reached in 2038 for MRI-ESM2-0 (ssp585). Analysis Window: 2023-2053 (31 years)
2026-07-22 13:25:37,561 - INFO - [storyline.analyze_cmip6_changes_at_gwl] - GWL 3.0°C reached in 2064 for MRI-ESM2-0 (ssp585). Analysis Window: 2049-2079 (31 years)
2026-07-22 13:25:37,561 - INFO - [storyline.analyze_cmip6_changes_at_gwl] - GWL 2.0°C reached in 2054 for NorESM2-MM (ssp585). Analysis Window: 2039-2069 (31 years)
2026-07-22 13:25:37,561 - INFO - [storyline.analyze_cmip6_changes_at_gwl] - GWL 3.0°C reached in 2076 for NorESM2-MM (ssp585). Analysis Window: 2061-2091 (31 years)
2026-07-22 13:25:37,561 - INFO - [storyline.analyze_cmip6_changes_at_gwl] - GWL 2.0°C reached in 2032 for UKESM1-0-LL (ssp585). Analysis Window: 2017-2047 (31 years)
2026-07-22 13:25:37,561 - INFO - [storyline.analyze_cmip6_changes_at_gwl] - GWL 3.0°C reached in 2047 for UKESM1-0-LL (ssp585). Analysis Window: 2032-2062 (31 years)
2026-07-22 13:25:40,084 - INFO - [data_processing.calculate_spei] - Calculating SPEI with a 4-month scale (Spatial: False)...
2026-07-22 13:25:42,202 - INFO - [data_processing.calculate_spei] - Calculating SPEI with a 4-month scale (Spatial: False)...
2026-07-22 13:25:45,065 - INFO - [data_processing.calculate_spei] - Calculating SPEI with a 4-month scale (Spatial: False)...
2026-07-22 13:25:48,130 - INFO - [data_processing.calculate_spei] - Calculating SPEI with a 4-month scale (Spatial: False)...
2026-07-22 13:25:51,085 - INFO - [data_processing.calculate_spei] - Calculating SPEI with a 4-month scale (Spatial: False)...
2026-07-22 13:25:54,169 - INFO - [data_processing.calculate_spei] - Calculating SPEI with a 4-month scale (Spatial: False)...
2026-07-22 13:25:57,460 - INFO - [data_processing.calculate_spei] - Calculating SPEI with a 4-month scale (Spatial: False)...
2026-07-22 13:26:00,264 - INFO - [data_processing.calculate_spei] - Calculating SPEI with a 4-month scale (Spatial: False)...
2026-07-22 13:26:04,902 - INFO - [data_processing.calculate_spei] - Calculating SPEI with a 4-month scale (Spatial: False)...
2026-07-22 13:26:08,096 - INFO - [data_processing.calculate_spei] - Calculating SPEI with a 4-month scale (Spatial: False)...
2026-07-22 13:26:11,127 - INFO - [data_processing.calculate_spei] - Calculating SPEI with a 4-month scale (Spatial: False)...
2026-07-22 13:26:14,389 - INFO - [data_processing.calculate_spei] - Calculating SPEI with a 4-month scale (Spatial: False)...
2026-07-22 13:26:17,279 - INFO - [data_processing.calculate_spei] - Calculating SPEI with a 4-month scale (Spatial: False)...
2026-07-22 13:26:20,388 - INFO - [data_processing.calculate_spei] - Calculating SPEI with a 4-month scale (Spatial: False)...
2026-07-22 13:26:31,469 - INFO - [data_processing.calculate_spei] - Calculating SPEI with a 4-month scale (Spatial: False)...
2026-07-22 13:26:46,174 - INFO - [data_processing.calculate_spei] - Calculating SPEI with a 4-month scale (Spatial: False)...
2026-07-22 13:26:49,421 - INFO - [data_processing.calculate_spei] - Calculating SPEI with a 4-month scale (Spatial: False)...
2026-07-22 13:26:52,566 - INFO - [data_processing.calculate_spei] - Calculating SPEI with a 4-month scale (Spatial: False)...
2026-07-22 13:26:55,493 - INFO - [data_processing.calculate_spei] - Calculating SPEI with a 4-month scale (Spatial: False)...
2026-07-22 13:26:58,536 - INFO - [data_processing.calculate_spei] - Calculating SPEI with a 4-month scale (Spatial: False)...
2026-07-22 13:27:01,756 - INFO - [data_processing.calculate_spei] - Calculating SPEI with a 4-month scale (Spatial: False)...
2026-07-22 13:27:04,808 - INFO - [data_processing.calculate_spei] - Calculating SPEI with a 4-month scale (Spatial: False)...
2026-07-22 13:27:07,772 - INFO - [data_processing.calculate_spei] - Calculating SPEI with a 4-month scale (Spatial: False)...
2026-07-22 13:27:10,674 - INFO - [data_processing.calculate_spei] - Calculating SPEI with a 4-month scale (Spatial: False)...
2026-07-22 13:27:13,534 - INFO - [data_processing.calculate_spei] - Calculating SPEI with a 4-month scale (Spatial: False)...
2026-07-22 13:27:16,431 - INFO - [data_processing.calculate_spei] - Calculating SPEI with a 4-month scale (Spatial: False)...
2026-07-22 13:27:19,508 - INFO - [data_processing.calculate_spei] - Calculating SPEI with a 4-month scale (Spatial: False)...
2026-07-22 13:27:22,575 - INFO - [data_processing.calculate_spei] - Calculating SPEI with a 4-month scale (Spatial: False)...
2026-07-22 13:27:25,702 - INFO - [data_processing.calculate_spei] - Calculating SPEI with a 4-month scale (Spatial: False)...
2026-07-22 13:27:29,074 - INFO - [data_processing.calculate_spei] - Calculating SPEI with a 4-month scale (Spatial: False)...
2026-07-22 13:27:32,043 - INFO - [data_processing.calculate_spei] - Calculating SPEI with a 4-month scale (Spatial: False)...
2026-07-22 13:27:33,788 - INFO - [storyline.analyze_cmip6_changes_at_gwl] - --- DEBUG: CHECKING MMM_CHANGES ---
2026-07-22 13:27:33,788 - INFO - [storyline.analyze_cmip6_changes_at_gwl] -   GWL 2.0°C -> DJF_pr: 3.896946065052878, JJA_pr: -4.322400804346251
2026-07-22 13:27:33,788 - INFO - [storyline.analyze_cmip6_changes_at_gwl] -   GWL 3.0°C -> DJF_pr: 8.109190664582915, JJA_pr: -10.164216475982139
2026-07-22 13:27:33,788 - INFO - [storyline.analyze_cmip6_changes_at_gwl] - --- END DEBUG ---
2026-07-22 13:27:33,788 - INFO - [storyline.classify_models_into_storylines_2d] - Classifying models into 2D, Axial, and Extreme storylines (Inner Radius for Axial: 0.5 std. dev.)...
2026-07-22 13:27:33,792 - INFO - [main.run_full_analysis] - Plot '/nas/home/vlw/Desktop/STREAM/paper1-plots/cmip6_jet_changes_vs_gwl_ssp585.png' already exists.
2026-07-22 13:27:33,793 - INFO - [main.run_full_analysis] - Plot '/nas/home/vlw/Desktop/STREAM/paper1-plots/cmip6_jet_inter_relationship_scatter_quadrants_ssp585.png' already exists.
2026-07-22 13:27:33,793 - INFO - [main.run_full_analysis] - Plot '/nas/home/vlw/Desktop/STREAM/paper1-plots/cmip6_jet_cross_season_relationship_ssp585.png' already exists.
2026-07-22 13:27:33,796 - INFO - [main.run_full_analysis] - Climate evolution plots and final fig 3 base for ssp585 already exist. Skipping.
2026-07-22 13:27:33,796 - INFO - [main.run_full_analysis] - Plot '/nas/home/vlw/Desktop/STREAM/paper1-plots/storyline_u850_change_maps_ssp585.png' already exists.
2026-07-22 13:27:33,821 - INFO - [main.run_full_analysis] - Injected 10 Extreme and 10 Non-Extreme models for DJF GWL 2.0.
2026-07-22 13:27:33,844 - INFO - [main.run_full_analysis] - Injected 10 Extreme and 10 Non-Extreme models for JJA GWL 2.0.
2026-07-22 13:27:33,868 - INFO - [main.run_full_analysis] - Injected 10 Extreme and 10 Non-Extreme models for DJF GWL 3.0.
2026-07-22 13:27:33,892 - INFO - [main.run_full_analysis] - Injected 10 Extreme and 10 Non-Extreme models for JJA GWL 3.0.
2026-07-22 13:27:33,892 - INFO - [main.run_full_analysis] - Calculating half-year EVA return period data for ssp585...
2026-07-22 13:27:33,892 - INFO - [storyline.analyze_storyline_discharge_extremes] - Analyzing storyline discharge... mit GEPPOOLTER GEV-Logik (v4.3) + BOOTSTRAPPING (Median) + Long-Term Data Support...
2026-07-22 13:27:33,892 - INFO - [storyline.analyze_storyline_discharge_extremes] - Calculating historical EVA thresholds and return periods based on ANNUAL peaks (for all seasons)...
2026-07-22 13:27:33,906 - INFO - [storyline.analyze_storyline_discharge_extremes] -   -> Annual LNWL Return Period: 1.22 years
2026-07-22 13:27:33,906 - INFO - [storyline.analyze_storyline_discharge_extremes] - Calculating REFERENCE historical thresholds (Obs only)...
2026-07-22 13:27:33,906 - INFO - [stats_analyzer.calculate_eva_thresholds] - Calculating EVA thresholds for FULL YEAR...
2026-07-22 13:27:33,917 - INFO - [stats_analyzer.calculate_eva_thresholds] - Calculating EVA thresholds for 1Q (low, full_year) using Empirical Quantiles...
2026-07-22 13:27:33,931 - INFO - [stats_analyzer.calculate_eva_thresholds] - Calculating EVA thresholds for 7Q (low, full_year) using Empirical Quantiles...
2026-07-22 13:27:33,946 - INFO - [stats_analyzer.calculate_eva_thresholds] - Calculating EVA thresholds for 30Q (low, full_year) using Empirical Quantiles...
2026-07-22 13:27:33,947 - INFO - [stats_analyzer.calculate_eva_thresholds] - Calculating EVA thresholds for FULL YEAR...
2026-07-22 13:27:33,957 - INFO - [stats_analyzer.calculate_eva_thresholds] - Calculating EVA thresholds for 1Q (high, full_year) using Empirical Quantiles...
2026-07-22 13:27:33,972 - INFO - [stats_analyzer.calculate_eva_thresholds] - Calculating EVA thresholds for 7Q (high, full_year) using Empirical Quantiles...
2026-07-22 13:27:33,987 - INFO - [stats_analyzer.calculate_eva_thresholds] - Calculating EVA thresholds for 30Q (high, full_year) using Empirical Quantiles...
2026-07-22 13:27:33,987 - INFO - [storyline.analyze_storyline_discharge_extremes] - Calculating historical seasonal breakdown for verification (Hydrological Half-Years: Nov-Apr, May-Oct)...
2026-07-22 13:27:51,757 - INFO - [storyline.analyze_storyline_discharge_extremes] -   Analyzing 7Q10_low for MMM (winter, GWL 2.0)...
2026-07-22 13:27:51,776 - INFO - [storyline.analyze_storyline_discharge_extremes] -     -> Result 7Q10_low: Median T = 9.0 (N=24)
2026-07-22 13:27:51,776 - INFO - [storyline.analyze_storyline_discharge_extremes] -   Analyzing 7Q30_low for MMM (winter, GWL 2.0)...
2026-07-22 13:27:51,793 - INFO - [storyline.analyze_storyline_discharge_extremes] -     -> Result 7Q30_low: Median T = 12.9 (N=16)
2026-07-22 13:27:51,793 - INFO - [storyline.analyze_storyline_discharge_extremes] -   Analyzing 7Q10_high for MMM (winter, GWL 2.0)...
2026-07-22 13:27:51,811 - INFO - [storyline.analyze_storyline_discharge_extremes] -     -> Result 7Q10_high: Median T = 15.5 (N=20)
2026-07-22 13:27:51,811 - INFO - [storyline.analyze_storyline_discharge_extremes] -   Analyzing 7Q30_high for MMM (winter, GWL 2.0)...
2026-07-22 13:27:51,828 - INFO - [storyline.analyze_storyline_discharge_extremes] -     -> Result 7Q30_high: Median T = 15.5 (N=13)
2026-07-22 13:27:51,828 - INFO - [storyline.analyze_storyline_discharge_extremes] -   Analyzing 30Q10_low for MMM (winter, GWL 2.0)...
2026-07-22 13:27:51,846 - INFO - [storyline.analyze_storyline_discharge_extremes] -     -> Result 30Q10_low: Median T = 10.3 (N=25)
2026-07-22 13:27:51,846 - INFO - [storyline.analyze_storyline_discharge_extremes] -   Analyzing 30Q30_low for MMM (winter, GWL 2.0)...
2026-07-22 13:27:51,862 - INFO - [storyline.analyze_storyline_discharge_extremes] -     -> Result 30Q30_low: Median T = 15.5 (N=17)
2026-07-22 13:27:51,862 - INFO - [storyline.analyze_storyline_discharge_extremes] -   Analyzing 30Q10_high for MMM (winter, GWL 2.0)...
2026-07-22 13:27:51,880 - INFO - [storyline.analyze_storyline_discharge_extremes] -     -> Result 30Q10_high: Median T = 15.5 (N=21)
2026-07-22 13:27:51,880 - INFO - [storyline.analyze_storyline_discharge_extremes] -   Analyzing 30Q30_high for MMM (winter, GWL 2.0)...
2026-07-22 13:27:51,897 - INFO - [storyline.analyze_storyline_discharge_extremes] -     -> Result 30Q30_high: Median T = 15.5 (N=9)
2026-07-22 13:27:51,897 - INFO - [storyline.analyze_storyline_discharge_extremes] -   Analyzing 7Q10_low for Fast Jet & Northward Shift (winter, GWL 2.0)...
2026-07-22 13:27:51,900 - INFO - [storyline.analyze_storyline_discharge_extremes] -     -> Result 7Q10_low: Median T = 3.4 (N=3)
2026-07-22 13:27:51,900 - INFO - [storyline.analyze_storyline_discharge_extremes] -   Analyzing 7Q30_low for Fast Jet & Northward Shift (winter, GWL 2.0)...
2026-07-22 13:27:51,903 - INFO - [storyline.analyze_storyline_discharge_extremes] -     -> Result 7Q30_low: Median T = 6.1 (N=2)
2026-07-22 13:27:51,903 - INFO - [storyline.analyze_storyline_discharge_extremes] -   Analyzing 7Q10_high for Fast Jet & Northward Shift (winter, GWL 2.0)...
2026-07-22 13:27:51,906 - INFO - [storyline.analyze_storyline_discharge_extremes] -     -> Result 7Q10_high: Median T = 23.2 (N=2)
2026-07-22 13:27:51,906 - INFO - [storyline.analyze_storyline_discharge_extremes] -   Analyzing 7Q30_high for Fast Jet & Northward Shift (winter, GWL 2.0)...
2026-07-22 13:27:51,909 - INFO - [storyline.analyze_storyline_discharge_extremes] -     -> Result 7Q30_high: Median T = 31.0 (N=1)
2026-07-22 13:27:51,909 - INFO - [storyline.analyze_storyline_discharge_extremes] -   Analyzing 30Q10_low for Fast Jet & Northward Shift (winter, GWL 2.0)...
2026-07-22 13:27:51,912 - INFO - [storyline.analyze_storyline_discharge_extremes] -     -> Result 30Q10_low: Median T = 3.9 (N=3)
2026-07-22 13:27:51,912 - INFO - [storyline.analyze_storyline_discharge_extremes] -   Analyzing 30Q30_low for Fast Jet & Northward Shift (winter, GWL 2.0)...
2026-07-22 13:27:51,915 - INFO - [storyline.analyze_storyline_discharge_extremes] -     -> Result 30Q30_low: Median T = 6.5 (N=2)
2026-07-22 13:27:51,915 - INFO - [storyline.analyze_storyline_discharge_extremes] -   Analyzing 30Q10_high for Fast Jet & Northward Shift (winter, GWL 2.0)...
2026-07-22 13:27:51,918 - INFO - [storyline.analyze_storyline_discharge_extremes] -     -> Result 30Q10_high: Median T = 10.3 (N=1)
2026-07-22 13:27:51,918 - INFO - [storyline.analyze_storyline_discharge_extremes] -   Analyzing 30Q30_high for Fast Jet & Northward Shift (winter, GWL 2.0)...
2026-07-22 13:27:51,921 - INFO - [storyline.analyze_storyline_discharge_extremes] -     -> Result 30Q30_high: Median T = nan (N=0)
2026-07-22 13:27:51,921 - INFO - [storyline.analyze_storyline_discharge_extremes] -   Analyzing 7Q10_low for Slow Jet & Northward Shift (winter, GWL 2.0)...
2026-07-22 13:27:51,923 - INFO - [storyline.analyze_storyline_discharge_extremes] -     -> Result 7Q10_low: Median T = 15.5 (N=3)
2026-07-22 13:27:51,923 - INFO - [storyline.analyze_storyline_discharge_extremes] -   Analyzing 7Q30_low for Slow Jet & Northward Shift (winter, GWL 2.0)...
2026-07-22 13:27:51,925 - INFO - [storyline.analyze_storyline_discharge_extremes] -     -> Result 7Q30_low: Median T = nan (N=0)
2026-07-22 13:27:51,926 - INFO - [storyline.analyze_storyline_discharge_extremes] -   Analyzing 7Q10_high for Slow Jet & Northward Shift (winter, GWL 2.0)...
2026-07-22 13:27:51,928 - INFO - [storyline.analyze_storyline_discharge_extremes] -     -> Result 7Q10_high: Median T = 7.8 (N=4)
2026-07-22 13:27:51,928 - INFO - [storyline.analyze_storyline_discharge_extremes] -   Analyzing 7Q30_high for Slow Jet & Northward Shift (winter, GWL 2.0)...
2026-07-22 13:27:51,930 - INFO - [storyline.analyze_storyline_discharge_extremes] -     -> Result 7Q30_high: Median T = 31.0 (N=3)
2026-07-22 13:27:51,930 - INFO - [storyline.analyze_storyline_discharge_extremes] -   Analyzing 30Q10_low for Slow Jet & Northward Shift (winter, GWL 2.0)...
2026-07-22 13:27:51,933 - INFO - [storyline.analyze_storyline_discharge_extremes] -     -> Result 30Q10_low: Median T = 7.8 (N=3)
2026-07-22 13:27:51,933 - INFO - [storyline.analyze_storyline_discharge_extremes] -   Analyzing 30Q30_low for Slow Jet & Northward Shift (winter, GWL 2.0)...
2026-07-22 13:27:51,935 - INFO - [storyline.analyze_storyline_discharge_extremes] -     -> Result 30Q30_low: Median T = nan (N=0)
2026-07-22 13:27:51,935 - INFO - [storyline.analyze_storyline_discharge_extremes] -   Analyzing 30Q10_high for Slow Jet & Northward Shift (winter, GWL 2.0)...
2026-07-22 13:27:51,938 - INFO - [storyline.analyze_storyline_discharge_extremes] -     -> Result 30Q10_high: Median T = 6.2 (N=3)
2026-07-22 13:27:51,938 - INFO - [storyline.analyze_storyline_discharge_extremes] -   Analyzing 30Q30_high for Slow Jet & Northward Shift (winter, GWL 2.0)...
2026-07-22 13:27:51,940 - INFO - [storyline.analyze_storyline_discharge_extremes] -     -> Result 30Q30_high: Median T = 9.0 (N=2)
2026-07-22 13:27:51,940 - INFO - [storyline.analyze_storyline_discharge_extremes] -   Analyzing 7Q10_low for Slow Jet & Southward Shift (winter, GWL 2.0)...
2026-07-22 13:27:51,944 - INFO - [storyline.analyze_storyline_discharge_extremes] -     -> Result 7Q10_low: Median T = 15.5 (N=5)
2026-07-22 13:27:51,944 - INFO - [storyline.analyze_storyline_discharge_extremes] -   Analyzing 7Q30_low for Slow Jet & Southward Shift (winter, GWL 2.0)...
2026-07-22 13:27:51,949 - INFO - [storyline.analyze_storyline_discharge_extremes] -     -> Result 7Q30_low: Median T = 15.5 (N=2)
2026-07-22 13:27:51,949 - INFO - [storyline.analyze_storyline_discharge_extremes] -   Analyzing 7Q10_high for Slow Jet & Southward Shift (winter, GWL 2.0)...
2026-07-22 13:27:51,954 - INFO - [storyline.analyze_storyline_discharge_extremes] -     -> Result 7Q10_high: Median T = 15.5 (N=5)
2026-07-22 13:27:51,954 - INFO - [storyline.analyze_storyline_discharge_extremes] -   Analyzing 7Q30_high for Slow Jet & Southward Shift (winter, GWL 2.0)...
2026-07-22 13:27:51,959 - INFO - [storyline.analyze_storyline_discharge_extremes] -     -> Result 7Q30_high: Median T = 15.5 (N=3)
2026-07-22 13:27:51,959 - INFO - [storyline.analyze_storyline_discharge_extremes] -   Analyzing 30Q10_low for Slow Jet & Southward Shift (winter, GWL 2.0)...
2026-07-22 13:27:51,964 - INFO - [storyline.analyze_storyline_discharge_extremes] -     -> Result 30Q10_low: Median T = 23.2 (N=6)
2026-07-22 13:27:51,964 - INFO - [storyline.analyze_storyline_discharge_extremes] -   Analyzing 30Q30_low for Slow Jet & Southward Shift (winter, GWL 2.0)...
2026-07-22 13:27:51,968 - INFO - [storyline.analyze_storyline_discharge_extremes] -     -> Result 30Q30_low: Median T = 23.2 (N=2)
2026-07-22 13:27:51,968 - INFO - [storyline.analyze_storyline_discharge_extremes] -   Analyzing 30Q10_high for Slow Jet & Southward Shift (winter, GWL 2.0)...
2026-07-22 13:27:51,973 - INFO - [storyline.analyze_storyline_discharge_extremes] -     -> Result 30Q10_high: Median T = 15.5 (N=5)
2026-07-22 13:27:51,973 - INFO - [storyline.analyze_storyline_discharge_extremes] -   Analyzing 30Q30_high for Slow Jet & Southward Shift (winter, GWL 2.0)...
2026-07-22 13:27:51,977 - INFO - [storyline.analyze_storyline_discharge_extremes] -     -> Result 30Q30_high: Median T = 23.2 (N=2)
2026-07-22 13:27:51,977 - INFO - [storyline.analyze_storyline_discharge_extremes] -   Analyzing 7Q10_low for Fast Jet & Southward Shift (winter, GWL 2.0)...
2026-07-22 13:27:51,981 - INFO - [storyline.analyze_storyline_discharge_extremes] -     -> Result 7Q10_low: Median T = 4.4 (N=5)
2026-07-22 13:27:51,981 - INFO - [storyline.analyze_storyline_discharge_extremes] -   Analyzing 7Q30_low for Fast Jet & Southward Shift (winter, GWL 2.0)...
2026-07-22 13:27:51,984 - INFO - [storyline.analyze_storyline_discharge_extremes] -     -> Result 7Q30_low: Median T = 10.3 (N=5)
2026-07-22 13:27:51,984 - INFO - [storyline.analyze_storyline_discharge_extremes] -   Analyzing 7Q10_high for Fast Jet & Southward Shift (winter, GWL 2.0)...
2026-07-22 13:27:51,987 - INFO - [storyline.analyze_storyline_discharge_extremes] -     -> Result 7Q10_high: Median T = 15.5 (N=3)
2026-07-22 13:27:51,987 - INFO - [storyline.analyze_storyline_discharge_extremes] -   Analyzing 7Q30_high for Fast Jet & Southward Shift (winter, GWL 2.0)...
2026-07-22 13:27:51,990 - INFO - [storyline.analyze_storyline_discharge_extremes] -     -> Result 7Q30_high: Median T = 31.0 (N=3)
2026-07-22 13:27:51,990 - INFO - [storyline.analyze_storyline_discharge_extremes] -   Analyzing 30Q10_low for Fast Jet & Southward Shift (winter, GWL 2.0)...
2026-07-22 13:27:51,993 - INFO - [storyline.analyze_storyline_discharge_extremes] -     -> Result 30Q10_low: Median T = 5.2 (N=5)
2026-07-22 13:27:51,993 - INFO - [storyline.analyze_storyline_discharge_extremes] -   Analyzing 30Q30_low for Fast Jet & Southward Shift (winter, GWL 2.0)...
2026-07-22 13:27:51,996 - INFO - [storyline.analyze_storyline_discharge_extremes] -     -> Result 30Q30_low: Median T = 10.3 (N=5)
2026-07-22 13:27:51,996 - INFO - [storyline.analyze_storyline_discharge_extremes] -   Analyzing 30Q10_high for Fast Jet & Southward Shift (winter, GWL 2.0)...
2026-07-22 13:27:51,999 - INFO - [storyline.analyze_storyline_discharge_extremes] -     -> Result 30Q10_high: Median T = 23.2 (N=4)
2026-07-22 13:27:51,999 - INFO - [storyline.analyze_storyline_discharge_extremes] -   Analyzing 30Q30_high for Fast Jet & Southward Shift (winter, GWL 2.0)...
2026-07-22 13:27:52,002 - INFO - [storyline.analyze_storyline_discharge_extremes] -     -> Result 30Q30_high: Median T = 31.0 (N=1)
2026-07-22 13:27:52,002 - INFO - [storyline.analyze_storyline_discharge_extremes] -   Analyzing 7Q10_low for Extreme Models (winter, GWL 2.0)...
2026-07-22 13:27:52,008 - INFO - [storyline.analyze_storyline_discharge_extremes] -     -> Result 7Q10_low: Median T = 4.4 (N=10)
2026-07-22 13:27:52,008 - INFO - [storyline.analyze_storyline_discharge_extremes] -   Analyzing 7Q30_low for Extreme Models (winter, GWL 2.0)...
2026-07-22 13:27:52,013 - INFO - [storyline.analyze_storyline_discharge_extremes] -     -> Result 7Q30_low: Median T = 10.3 (N=9)
2026-07-22 13:27:52,013 - INFO - [storyline.analyze_storyline_discharge_extremes] -   Analyzing 7Q10_high for Extreme Models (winter, GWL 2.0)...
2026-07-22 13:27:52,019 - INFO - [storyline.analyze_storyline_discharge_extremes] -     -> Result 7Q10_high: Median T = 23.2 (N=6)
2026-07-22 13:27:52,019 - INFO - [storyline.analyze_storyline_discharge_extremes] -   Analyzing 7Q30_high for Extreme Models (winter, GWL 2.0)...
2026-07-22 13:27:52,024 - INFO - [storyline.analyze_storyline_discharge_extremes] -     -> Result 7Q30_high: Median T = 10.3 (N=4)
2026-07-22 13:27:52,024 - INFO - [storyline.analyze_storyline_discharge_extremes] -   Analyzing 30Q10_low for Extreme Models (winter, GWL 2.0)...
2026-07-22 13:27:52,030 - INFO - [storyline.analyze_storyline_discharge_extremes] -     -> Result 30Q10_low: Median T = 5.2 (N=10)
2026-07-22 13:27:52,030 - INFO - [storyline.analyze_storyline_discharge_extremes] -   Analyzing 30Q30_low for Extreme Models (winter, GWL 2.0)...
2026-07-22 13:27:52,036 - INFO - [storyline.analyze_storyline_discharge_extremes] -     -> Result 30Q30_low: Median T = 10.3 (N=9)
2026-07-22 13:27:52,036 - INFO - [storyline.analyze_storyline_discharge_extremes] -   Analyzing 30Q10_high for Extreme Models (winter, GWL 2.0)...
2026-07-22 13:27:52,041 - INFO - [storyline.analyze_storyline_discharge_extremes] -     -> Result 30Q10_high: Median T = 15.5 (N=8)
2026-07-22 13:27:52,041 - INFO - [storyline.analyze_storyline_discharge_extremes] -   Analyzing 30Q30_high for Extreme Models (winter, GWL 2.0)...
2026-07-22 13:27:52,047 - INFO - [storyline.analyze_storyline_discharge_extremes] -     -> Result 30Q30_high: Median T = 31.0 (N=3)
2026-07-22 13:27:52,047 - INFO - [storyline.analyze_storyline_discharge_extremes] -   Analyzing 7Q10_low for Non-Extreme Models (winter, GWL 2.0)...
2026-07-22 13:27:52,052 - INFO - [storyline.analyze_storyline_discharge_extremes] -     -> Result 7Q10_low: Median T = 31.0 (N=3)
2026-07-22 13:27:52,053 - INFO - [storyline.analyze_storyline_discharge_extremes] -   Analyzing 7Q30_low for Non-Extreme Models (winter, GWL 2.0)...
2026-07-22 13:27:52,058 - INFO - [storyline.analyze_storyline_discharge_extremes] -     -> Result 7Q30_low: Median T = 31.0 (N=1)
2026-07-22 13:27:52,058 - INFO - [storyline.analyze_storyline_discharge_extremes] -   Analyzing 7Q10_high for Non-Extreme Models (winter, GWL 2.0)...
2026-07-22 13:27:52,064 - INFO - [storyline.analyze_storyline_discharge_extremes] -     -> Result 7Q10_high: Median T = 15.5 (N=5)
2026-07-22 13:27:52,064 - INFO - [storyline.analyze_storyline_discharge_extremes] -   Analyzing 7Q30_high for Non-Extreme Models (winter, GWL 2.0)...
2026-07-22 13:27:52,069 - INFO - [storyline.analyze_storyline_discharge_extremes] -     -> Result 7Q30_high: Median T = 15.5 (N=5)
2026-07-22 13:27:52,069 - INFO - [storyline.analyze_storyline_discharge_extremes] -   Analyzing 30Q10_low for Non-Extreme Models (winter, GWL 2.0)...
2026-07-22 13:27:52,075 - INFO - [storyline.analyze_storyline_discharge_extremes] -     -> Result 30Q10_low: Median T = 31.0 (N=4)
2026-07-22 13:27:52,075 - INFO - [storyline.analyze_storyline_discharge_extremes] -   Analyzing 30Q30_low for Non-Extreme Models (winter, GWL 2.0)...
2026-07-22 13:27:52,080 - INFO - [storyline.analyze_storyline_discharge_extremes] -     -> Result 30Q30_low: Median T = 31.0 (N=1)
2026-07-22 13:27:52,080 - INFO - [storyline.analyze_storyline_discharge_extremes] -   Analyzing 30Q10_high for Non-Extreme Models (winter, GWL 2.0)...
2026-07-22 13:27:52,086 - INFO - [storyline.analyze_storyline_discharge_extremes] -     -> Result 30Q10_high: Median T = 15.5 (N=6)
2026-07-22 13:27:52,086 - INFO - [storyline.analyze_storyline_discharge_extremes] -   Analyzing 30Q30_high for Non-Extreme Models (winter, GWL 2.0)...
2026-07-22 13:27:52,092 - INFO - [storyline.analyze_storyline_discharge_extremes] -     -> Result 30Q30_high: Median T = 15.5 (N=4)
2026-07-22 13:27:52,092 - INFO - [storyline.analyze_storyline_discharge_extremes] -   Analyzing 7Q10_low for MMM (summer, GWL 2.0)...
2026-07-22 13:27:52,109 - INFO - [storyline.analyze_storyline_discharge_extremes] -     -> Result 7Q10_low: Median T = 15.5 (N=18)
2026-07-22 13:27:52,110 - INFO - [storyline.analyze_storyline_discharge_extremes] -   Analyzing 7Q30_low for MMM (summer, GWL 2.0)...
2026-07-22 13:27:52,126 - INFO - [storyline.analyze_storyline_discharge_extremes] -     -> Result 7Q30_low: Median T = 31.0 (N=12)
2026-07-22 13:27:52,126 - INFO - [storyline.analyze_storyline_discharge_extremes] -   Analyzing 7Q10_high for MMM (summer, GWL 2.0)...
2026-07-22 13:27:52,143 - INFO - [storyline.analyze_storyline_discharge_extremes] -     -> Result 7Q10_high: Median T = 10.3 (N=28)
2026-07-22 13:27:52,144 - INFO - [storyline.analyze_storyline_discharge_extremes] -   Analyzing 7Q30_high for MMM (summer, GWL 2.0)...
2026-07-22 13:27:52,160 - INFO - [storyline.analyze_storyline_discharge_extremes] -     -> Result 7Q30_high: Median T = 31.0 (N=22)
2026-07-22 13:27:52,160 - INFO - [storyline.analyze_storyline_discharge_extremes] -   Analyzing 30Q10_low for MMM (summer, GWL 2.0)...
2026-07-22 13:27:52,178 - INFO - [storyline.analyze_storyline_discharge_extremes] -     -> Result 30Q10_low: Median T = 12.9 (N=20)
2026-07-22 13:27:52,178 - INFO - [storyline.analyze_storyline_discharge_extremes] -   Analyzing 30Q30_low for MMM (summer, GWL 2.0)...
2026-07-22 13:27:52,194 - INFO - [storyline.analyze_storyline_discharge_extremes] -     -> Result 30Q30_low: Median T = 23.2 (N=12)
2026-07-22 13:27:52,194 - INFO - [storyline.analyze_storyline_discharge_extremes] -   Analyzing 30Q10_high for MMM (summer, GWL 2.0)...
2026-07-22 13:27:52,212 - INFO - [storyline.analyze_storyline_discharge_extremes] -     -> Result 30Q10_high: Median T = 15.5 (N=29)
2026-07-22 13:27:52,212 - INFO - [storyline.analyze_storyline_discharge_extremes] -   Analyzing 30Q30_high for MMM (summer, GWL 2.0)...
2026-07-22 13:27:52,229 - INFO - [storyline.analyze_storyline_discharge_extremes] -     -> Result 30Q30_high: Median T = 23.2 (N=20)
2026-07-22 13:27:52,229 - INFO - [storyline.analyze_storyline_discharge_extremes] -   Analyzing 7Q10_low for Fast Jet & Northward Shift (summer, GWL 2.0)...
2026-07-22 13:27:52,233 - INFO - [storyline.analyze_storyline_discharge_extremes] -     -> Result 7Q10_low: Median T = 15.5 (N=5)
2026-07-22 13:27:52,233 - INFO - [storyline.analyze_storyline_discharge_extremes] -   Analyzing 7Q30_low for Fast Jet & Northward Shift (summer, GWL 2.0)...
2026-07-22 13:27:52,238 - INFO - [storyline.analyze_storyline_discharge_extremes] -     -> Result 7Q30_low: Median T = 31.0 (N=5)
2026-07-22 13:27:52,238 - INFO - [storyline.analyze_storyline_discharge_extremes] -   Analyzing 7Q10_high for Fast Jet & Northward Shift (summer, GWL 2.0)...
2026-07-22 13:27:52,242 - INFO - [storyline.analyze_storyline_discharge_extremes] -     -> Result 7Q10_high: Median T = 12.9 (N=6)
2026-07-22 13:27:52,242 - INFO - [storyline.analyze_storyline_discharge_extremes] -   Analyzing 7Q30_high for Fast Jet & Northward Shift (summer, GWL 2.0)...
2026-07-22 13:27:52,247 - INFO - [storyline.analyze_storyline_discharge_extremes] -     -> Result 7Q30_high: Median T = 31.0 (N=4)
2026-07-22 13:27:52,247 - INFO - [storyline.analyze_storyline_discharge_extremes] -   Analyzing 30Q10_low for Fast Jet & Northward Shift (summer, GWL 2.0)...
2026-07-22 13:27:52,251 - INFO - [storyline.analyze_storyline_discharge_extremes] -     -> Result 30Q10_low: Median T = 7.8 (N=5)
2026-07-22 13:27:52,251 - INFO - [storyline.analyze_storyline_discharge_extremes] -   Analyzing 30Q30_low for Fast Jet & Northward Shift (summer, GWL 2.0)...
2026-07-22 13:27:52,256 - INFO - [storyline.analyze_storyline_discharge_extremes] -     -> Result 30Q30_low: Median T = 15.5 (N=5)
2026-07-22 13:27:52,256 - INFO - [storyline.analyze_storyline_discharge_extremes] -   Analyzing 30Q10_high for Fast Jet & Northward Shift (summer, GWL 2.0)...
2026-07-22 13:27:52,260 - INFO - [storyline.analyze_storyline_discharge_extremes] -     -> Result 30Q10_high: Median T = 15.5 (N=7)
2026-07-22 13:27:52,260 - INFO - [storyline.analyze_storyline_discharge_extremes] -   Analyzing 30Q30_high for Fast Jet & Northward Shift (summer, GWL 2.0)...
2026-07-22 13:27:52,265 - INFO - [storyline.analyze_storyline_discharge_extremes] -     -> Result 30Q30_high: Median T = 31.0 (N=5)
2026-07-22 13:27:52,265 - INFO - [storyline.analyze_storyline_discharge_extremes] -   Analyzing 7Q10_low for Slow Jet & Northward Shift (summer, GWL 2.0)...
2026-07-22 13:27:52,268 - INFO - [storyline.analyze_storyline_discharge_extremes] -     -> Result 7Q10_low: Median T = 20.7 (N=4)
2026-07-22 13:27:52,268 - INFO - [storyline.analyze_storyline_discharge_extremes] -   Analyzing 7Q30_low for Slow Jet & Northward Shift (summer, GWL 2.0)...
2026-07-22 13:27:52,271 - INFO - [storyline.analyze_storyline_discharge_extremes] -     -> Result 7Q30_low: Median T = 31.0 (N=3)
2026-07-22 13:27:52,271 - INFO - [storyline.analyze_storyline_discharge_extremes] -   Analyzing 7Q10_high for Slow Jet & Northward Shift (summer, GWL 2.0)...
2026-07-22 13:27:52,273 - INFO - [storyline.analyze_storyline_discharge_extremes] -     -> Result 7Q10_high: Median T = 15.5 (N=5)
2026-07-22 13:27:52,274 - INFO - [storyline.analyze_storyline_discharge_extremes] -   Analyzing 7Q30_high for Slow Jet & Northward Shift (summer, GWL 2.0)...
2026-07-22 13:27:52,276 - INFO - [storyline.analyze_storyline_discharge_extremes] -     -> Result 7Q30_high: Median T = 31.0 (N=5)
2026-07-22 13:27:52,276 - INFO - [storyline.analyze_storyline_discharge_extremes] -   Analyzing 30Q10_low for Slow Jet & Northward Shift (summer, GWL 2.0)...
2026-07-22 13:27:52,279 - INFO - [storyline.analyze_storyline_discharge_extremes] -     -> Result 30Q10_low: Median T = 15.5 (N=5)
2026-07-22 13:27:52,279 - INFO - [storyline.analyze_storyline_discharge_extremes] -   Analyzing 30Q30_low for Slow Jet & Northward Shift (summer, GWL 2.0)...
2026-07-22 13:27:52,282 - INFO - [storyline.analyze_storyline_discharge_extremes] -     -> Result 30Q30_low: Median T = 31.0 (N=3)
2026-07-22 13:27:52,282 - INFO - [storyline.analyze_storyline_discharge_extremes] -   Analyzing 30Q10_high for Slow Jet & Northward Shift (summer, GWL 2.0)...
2026-07-22 13:27:52,285 - INFO - [storyline.analyze_storyline_discharge_extremes] -     -> Result 30Q10_high: Median T = 10.3 (N=5)
2026-07-22 13:27:52,285 - INFO - [storyline.analyze_storyline_discharge_extremes] -   Analyzing 30Q30_high for Slow Jet & Northward Shift (summer, GWL 2.0)...
2026-07-22 13:27:52,288 - INFO - [storyline.analyze_storyline_discharge_extremes] -     -> Result 30Q30_high: Median T = 15.5 (N=4)
2026-07-22 13:27:52,288 - INFO - [storyline.analyze_storyline_discharge_extremes] -   Analyzing 7Q10_low for Slow Jet & Southward Shift (summer, GWL 2.0)...
2026-07-22 13:27:52,291 - INFO - [storyline.analyze_storyline_discharge_extremes] -     -> Result 7Q10_low: Median T = 31.0 (N=2)
2026-07-22 13:27:52,291 - INFO - [storyline.analyze_storyline_discharge_extremes] -   Analyzing 7Q30_low for Slow Jet & Southward Shift (summer, GWL 2.0)...
2026-07-22 13:27:52,294 - INFO - [storyline.analyze_storyline_discharge_extremes] -     -> Result 7Q30_low: Median T = nan (N=0)
2026-07-22 13:27:52,294 - INFO - [storyline.analyze_storyline_discharge_extremes] -   Analyzing 7Q10_high for Slow Jet & Southward Shift (summer, GWL 2.0)...
2026-07-22 13:27:52,297 - INFO - [storyline.analyze_storyline_discharge_extremes] -     -> Result 7Q10_high: Median T = 10.3 (N=5)
2026-07-22 13:27:52,297 - INFO - [storyline.analyze_storyline_discharge_extremes] -   Analyzing 7Q30_high for Slow Jet & Southward Shift (summer, GWL 2.0)...
2026-07-22 13:27:52,300 - INFO - [storyline.analyze_storyline_discharge_extremes] -     -> Result 7Q30_high: Median T = 31.0 (N=5)
2026-07-22 13:27:52,300 - INFO - [storyline.analyze_storyline_discharge_extremes] -   Analyzing 30Q10_low for Slow Jet & Southward Shift (summer, GWL 2.0)...
2026-07-22 13:27:52,303 - INFO - [storyline.analyze_storyline_discharge_extremes] -     -> Result 30Q10_low: Median T = 31.0 (N=2)
2026-07-22 13:27:52,303 - INFO - [storyline.analyze_storyline_discharge_extremes] -   Analyzing 30Q30_low for Slow Jet & Southward Shift (summer, GWL 2.0)...
2026-07-22 13:27:52,305 - INFO - [storyline.analyze_storyline_discharge_extremes] -     -> Result 30Q30_low: Median T = nan (N=0)
2026-07-22 13:27:52,305 - INFO - [storyline.analyze_storyline_discharge_extremes] -   Analyzing 30Q10_high for Slow Jet & Southward Shift (summer, GWL 2.0)...
2026-07-22 13:27:52,308 - INFO - [storyline.analyze_storyline_discharge_extremes] -     -> Result 30Q10_high: Median T = 10.3 (N=5)
2026-07-22 13:27:52,308 - INFO - [storyline.analyze_storyline_discharge_extremes] -   Analyzing 30Q30_high for Slow Jet & Southward Shift (summer, GWL 2.0)...
2026-07-22 13:27:52,311 - INFO - [storyline.analyze_storyline_discharge_extremes] -     -> Result 30Q30_high: Median T = 15.5 (N=4)
2026-07-22 13:27:52,311 - INFO - [storyline.analyze_storyline_discharge_extremes] -   Analyzing 7Q10_low for Fast Jet & Southward Shift (summer, GWL 2.0)...
2026-07-22 13:27:52,315 - INFO - [storyline.analyze_storyline_discharge_extremes] -     -> Result 7Q10_low: Median T = 31.0 (N=2)
2026-07-22 13:27:52,315 - INFO - [storyline.analyze_storyline_discharge_extremes] -   Analyzing 7Q30_low for Fast Jet & Southward Shift (summer, GWL 2.0)...
2026-07-22 13:27:52,318 - INFO - [storyline.analyze_storyline_discharge_extremes] -     -> Result 7Q30_low: Median T = nan (N=0)
2026-07-22 13:27:52,318 - INFO - [storyline.analyze_storyline_discharge_extremes] -   Analyzing 7Q10_high for Fast Jet & Southward Shift (summer, GWL 2.0)...
2026-07-22 13:27:52,321 - INFO - [storyline.analyze_storyline_discharge_extremes] -     -> Result 7Q10_high: Median T = 10.3 (N=6)
2026-07-22 13:27:52,321 - INFO - [storyline.analyze_storyline_discharge_extremes] -   Analyzing 7Q30_high for Fast Jet & Southward Shift (summer, GWL 2.0)...
2026-07-22 13:27:52,325 - INFO - [storyline.analyze_storyline_discharge_extremes] -     -> Result 7Q30_high: Median T = 15.5 (N=3)
2026-07-22 13:27:52,325 - INFO - [storyline.analyze_storyline_discharge_extremes] -   Analyzing 30Q10_low for Fast Jet & Southward Shift (summer, GWL 2.0)...
2026-07-22 13:27:52,329 - INFO - [storyline.analyze_storyline_discharge_extremes] -     -> Result 30Q10_low: Median T = 31.0 (N=3)
2026-07-22 13:27:52,329 - INFO - [storyline.analyze_storyline_discharge_extremes] -   Analyzing 30Q30_low for Fast Jet & Southward Shift (summer, GWL 2.0)...
2026-07-22 13:27:52,332 - INFO - [storyline.analyze_storyline_discharge_extremes] -     -> Result 30Q30_low: Median T = nan (N=0)
2026-07-22 13:27:52,332 - INFO - [storyline.analyze_storyline_discharge_extremes] -   Analyzing 30Q10_high for Fast Jet & Southward Shift (summer, GWL 2.0)...
2026-07-22 13:27:52,335 - INFO - [storyline.analyze_storyline_discharge_extremes] -     -> Result 30Q10_high: Median T = 15.5 (N=6)
2026-07-22 13:27:52,335 - INFO - [storyline.analyze_storyline_discharge_extremes] -   Analyzing 30Q30_high for Fast Jet & Southward Shift (summer, GWL 2.0)...
2026-07-22 13:27:52,339 - INFO - [storyline.analyze_storyline_discharge_extremes] -     -> Result 30Q30_high: Median T = 31.0 (N=3)
2026-07-22 13:27:52,339 - INFO - [storyline.analyze_storyline_discharge_extremes] -   Analyzing 7Q10_low for Extreme Models (summer, GWL 2.0)...
2026-07-22 13:27:52,344 - INFO - [storyline.analyze_storyline_discharge_extremes] -     -> Result 7Q10_low: Median T = 7.8 (N=10)
2026-07-22 13:27:52,344 - INFO - [storyline.analyze_storyline_discharge_extremes] -   Analyzing 7Q30_low for Extreme Models (summer, GWL 2.0)...
2026-07-22 13:27:52,350 - INFO - [storyline.analyze_storyline_discharge_extremes] -     -> Result 7Q30_low: Median T = 15.5 (N=9)
2026-07-22 13:27:52,350 - INFO - [storyline.analyze_storyline_discharge_extremes] -   Analyzing 7Q10_high for Extreme Models (summer, GWL 2.0)...
2026-07-22 13:27:52,355 - INFO - [storyline.analyze_storyline_discharge_extremes] -     -> Result 7Q10_high: Median T = 10.3 (N=10)
2026-07-22 13:27:52,356 - INFO - [storyline.analyze_storyline_discharge_extremes] -   Analyzing 7Q30_high for Extreme Models (summer, GWL 2.0)...
2026-07-22 13:27:52,361 - INFO - [storyline.analyze_storyline_discharge_extremes] -     -> Result 7Q30_high: Median T = 31.0 (N=9)
2026-07-22 13:27:52,361 - INFO - [storyline.analyze_storyline_discharge_extremes] -   Analyzing 30Q10_low for Extreme Models (summer, GWL 2.0)...
2026-07-22 13:27:52,367 - INFO - [storyline.analyze_storyline_discharge_extremes] -     -> Result 30Q10_low: Median T = 6.2 (N=10)
2026-07-22 13:27:52,367 - INFO - [storyline.analyze_storyline_discharge_extremes] -   Analyzing 30Q30_low for Extreme Models (summer, GWL 2.0)...
2026-07-22 13:27:52,372 - INFO - [storyline.analyze_storyline_discharge_extremes] -     -> Result 30Q30_low: Median T = 15.5 (N=9)
2026-07-22 13:27:52,372 - INFO - [storyline.analyze_storyline_discharge_extremes] -   Analyzing 30Q10_high for Extreme Models (summer, GWL 2.0)...
2026-07-22 13:27:52,378 - INFO - [storyline.analyze_storyline_discharge_extremes] -     -> Result 30Q10_high: Median T = 12.9 (N=10)
2026-07-22 13:27:52,378 - INFO - [storyline.analyze_storyline_discharge_extremes] -   Analyzing 30Q30_high for Extreme Models (summer, GWL 2.0)...
2026-07-22 13:27:52,383 - INFO - [storyline.analyze_storyline_discharge_extremes] -     -> Result 30Q30_high: Median T = 31.0 (N=7)
2026-07-22 13:27:52,383 - INFO - [storyline.analyze_storyline_discharge_extremes] -   Analyzing 7Q10_low for Non-Extreme Models (summer, GWL 2.0)...
2026-07-22 13:27:52,389 - INFO - [storyline.analyze_storyline_discharge_extremes] -     -> Result 7Q10_low: Median T = nan (N=0)
2026-07-22 13:27:52,389 - INFO - [storyline.analyze_storyline_discharge_extremes] -   Analyzing 7Q30_low for Non-Extreme Models (summer, GWL 2.0)...
2026-07-22 13:27:52,394 - INFO - [storyline.analyze_storyline_discharge_extremes] -     -> Result 7Q30_low: Median T = nan (N=0)
2026-07-22 13:27:52,394 - INFO - [storyline.analyze_storyline_discharge_extremes] -   Analyzing 7Q10_high for Non-Extreme Models (summer, GWL 2.0)...
2026-07-22 13:27:52,400 - INFO - [storyline.analyze_storyline_discharge_extremes] -     -> Result 7Q10_high: Median T = 10.3 (N=7)
2026-07-22 13:27:52,400 - INFO - [storyline.analyze_storyline_discharge_extremes] -   Analyzing 7Q30_high for Non-Extreme Models (summer, GWL 2.0)...
2026-07-22 13:27:52,406 - INFO - [storyline.analyze_storyline_discharge_extremes] -     -> Result 7Q30_high: Median T = 23.2 (N=6)
2026-07-22 13:27:52,406 - INFO - [storyline.analyze_storyline_discharge_extremes] -   Analyzing 30Q10_low for Non-Extreme Models (summer, GWL 2.0)...
2026-07-22 13:27:52,411 - INFO - [storyline.analyze_storyline_discharge_extremes] -     -> Result 30Q10_low: Median T = nan (N=0)
2026-07-22 13:27:52,411 - INFO - [storyline.analyze_storyline_discharge_extremes] -   Analyzing 30Q30_low for Non-Extreme Models (summer, GWL 2.0)...
2026-07-22 13:27:52,416 - INFO - [storyline.analyze_storyline_discharge_extremes] -     -> Result 30Q30_low: Median T = nan (N=0)
2026-07-22 13:27:52,417 - INFO - [storyline.analyze_storyline_discharge_extremes] -   Analyzing 30Q10_high for Non-Extreme Models (summer, GWL 2.0)...
2026-07-22 13:27:52,422 - INFO - [storyline.analyze_storyline_discharge_extremes] -     -> Result 30Q10_high: Median T = 10.3 (N=9)
2026-07-22 13:27:52,422 - INFO - [storyline.analyze_storyline_discharge_extremes] -   Analyzing 30Q30_high for Non-Extreme Models (summer, GWL 2.0)...
2026-07-22 13:27:52,428 - INFO - [storyline.analyze_storyline_discharge_extremes] -     -> Result 30Q30_high: Median T = 31.0 (N=7)
2026-07-22 13:27:52,428 - INFO - [storyline.analyze_storyline_discharge_extremes] -   Analyzing 7Q10_low for MMM (full_year, GWL 2.0)...
2026-07-22 13:27:52,445 - INFO - [storyline.analyze_storyline_discharge_extremes] -     -> Result 7Q10_low: Median T = 9.0 (N=26)
2026-07-22 13:27:52,445 - INFO - [storyline.analyze_storyline_discharge_extremes] -   Analyzing 7Q30_low for MMM (full_year, GWL 2.0)...
2026-07-22 13:27:52,461 - INFO - [storyline.analyze_storyline_discharge_extremes] -     -> Result 7Q30_low: Median T = 12.9 (N=16)
2026-07-22 13:27:52,461 - INFO - [storyline.analyze_storyline_discharge_extremes] -   Analyzing 7Q10_high for MMM (full_year, GWL 2.0)...
2026-07-22 13:27:52,478 - INFO - [storyline.analyze_storyline_discharge_extremes] -     -> Result 7Q10_high: Median T = 10.3 (N=30)
2026-07-22 13:27:52,478 - INFO - [storyline.analyze_storyline_discharge_extremes] -   Analyzing 7Q30_high for MMM (full_year, GWL 2.0)...
2026-07-22 13:27:52,495 - INFO - [storyline.analyze_storyline_discharge_extremes] -     -> Result 7Q30_high: Median T = 31.0 (N=25)
2026-07-22 13:27:52,495 - INFO - [storyline.analyze_storyline_discharge_extremes] -   Analyzing 30Q10_low for MMM (full_year, GWL 2.0)...
2026-07-22 13:27:52,512 - INFO - [storyline.analyze_storyline_discharge_extremes] -     -> Result 30Q10_low: Median T = 7.8 (N=27)
2026-07-22 13:27:52,512 - INFO - [storyline.analyze_storyline_discharge_extremes] -   Analyzing 30Q30_low for MMM (full_year, GWL 2.0)...
2026-07-22 13:27:52,528 - INFO - [storyline.analyze_storyline_discharge_extremes] -     -> Result 30Q30_low: Median T = 15.5 (N=17)
2026-07-22 13:27:52,529 - INFO - [storyline.analyze_storyline_discharge_extremes] -   Analyzing 30Q10_high for MMM (full_year, GWL 2.0)...
2026-07-22 13:27:52,545 - INFO - [storyline.analyze_storyline_discharge_extremes] -     -> Result 30Q10_high: Median T = 9.0 (N=30)
2026-07-22 13:27:52,545 - INFO - [storyline.analyze_storyline_discharge_extremes] -   Analyzing 30Q30_high for MMM (full_year, GWL 2.0)...
2026-07-22 13:27:52,562 - INFO - [storyline.analyze_storyline_discharge_extremes] -     -> Result 30Q30_high: Median T = 23.2 (N=22)
2026-07-22 13:27:52,562 - INFO - [storyline.analyze_storyline_discharge_extremes] -   Analyzing 7Q10_low for Fast Jet & Northward Shift (full_year, GWL 2.0)...
2026-07-22 13:27:52,565 - INFO - [storyline.analyze_storyline_discharge_extremes] -     -> Result 7Q10_low: Median T = 17.1 (N=4)
2026-07-22 13:27:52,565 - INFO - [storyline.analyze_storyline_discharge_extremes] -   Analyzing 7Q30_low for Fast Jet & Northward Shift (full_year, GWL 2.0)...
2026-07-22 13:27:52,568 - INFO - [storyline.analyze_storyline_discharge_extremes] -     -> Result 7Q30_low: Median T = 6.1 (N=2)
2026-07-22 13:27:52,568 - INFO - [storyline.analyze_storyline_discharge_extremes] -   Analyzing 7Q10_high for Fast Jet & Northward Shift (full_year, GWL 2.0)...
2026-07-22 13:27:52,571 - INFO - [storyline.analyze_storyline_discharge_extremes] -     -> Result 7Q10_high: Median T = 8.3 (N=4)
2026-07-22 13:27:52,571 - INFO - [storyline.analyze_storyline_discharge_extremes] -   Analyzing 7Q30_high for Fast Jet & Northward Shift (full_year, GWL 2.0)...
2026-07-22 13:27:52,574 - INFO - [storyline.analyze_storyline_discharge_extremes] -     -> Result 7Q30_high: Median T = 31.0 (N=3)
2026-07-22 13:27:52,574 - INFO - [storyline.analyze_storyline_discharge_extremes] -   Analyzing 30Q10_low for Fast Jet & Northward Shift (full_year, GWL 2.0)...
2026-07-22 13:27:52,577 - INFO - [storyline.analyze_storyline_discharge_extremes] -     -> Result 30Q10_low: Median T = 16.9 (N=4)
2026-07-22 13:27:52,577 - INFO - [storyline.analyze_storyline_discharge_extremes] -   Analyzing 30Q30_low for Fast Jet & Northward Shift (full_year, GWL 2.0)...
2026-07-22 13:27:52,580 - INFO - [storyline.analyze_storyline_discharge_extremes] -     -> Result 30Q30_low: Median T = 6.5 (N=2)
2026-07-22 13:27:52,580 - INFO - [storyline.analyze_storyline_discharge_extremes] -   Analyzing 30Q10_high for Fast Jet & Northward Shift (full_year, GWL 2.0)...
2026-07-22 13:27:52,583 - INFO - [storyline.analyze_storyline_discharge_extremes] -     -> Result 30Q10_high: Median T = 15.5 (N=5)
2026-07-22 13:27:52,583 - INFO - [storyline.analyze_storyline_discharge_extremes] -   Analyzing 30Q30_high for Fast Jet & Northward Shift (full_year, GWL 2.0)...
2026-07-22 13:27:52,586 - INFO - [storyline.analyze_storyline_discharge_extremes] -     -> Result 30Q30_high: Median T = 23.2 (N=2)
2026-07-22 13:27:52,586 - INFO - [storyline.analyze_storyline_discharge_extremes] -   Analyzing 7Q10_low for Slow Jet & Northward Shift (full_year, GWL 2.0)...
2026-07-22 13:27:52,588 - INFO - [storyline.analyze_storyline_discharge_extremes] -     -> Result 7Q10_low: Median T = 23.2 (N=4)
2026-07-22 13:27:52,588 - INFO - [storyline.analyze_storyline_discharge_extremes] -   Analyzing 7Q30_low for Slow Jet & Northward Shift (full_year, GWL 2.0)...
2026-07-22 13:27:52,590 - INFO - [storyline.analyze_storyline_discharge_extremes] -     -> Result 7Q30_low: Median T = nan (N=0)
2026-07-22 13:27:52,590 - INFO - [storyline.analyze_storyline_discharge_extremes] -   Analyzing 7Q10_high for Slow Jet & Northward Shift (full_year, GWL 2.0)...
2026-07-22 13:27:52,593 - INFO - [storyline.analyze_storyline_discharge_extremes] -     -> Result 7Q10_high: Median T = 4.5 (N=4)
2026-07-22 13:27:52,593 - INFO - [storyline.analyze_storyline_discharge_extremes] -   Analyzing 7Q30_high for Slow Jet & Northward Shift (full_year, GWL 2.0)...
2026-07-22 13:27:52,595 - INFO - [storyline.analyze_storyline_discharge_extremes] -     -> Result 7Q30_high: Median T = 11.6 (N=4)
2026-07-22 13:27:52,595 - INFO - [storyline.analyze_storyline_discharge_extremes] -   Analyzing 30Q10_low for Slow Jet & Northward Shift (full_year, GWL 2.0)...
2026-07-22 13:27:52,598 - INFO - [storyline.analyze_storyline_discharge_extremes] -     -> Result 30Q10_low: Median T = 11.6 (N=4)
2026-07-22 13:27:52,598 - INFO - [storyline.analyze_storyline_discharge_extremes] -   Analyzing 30Q30_low for Slow Jet & Northward Shift (full_year, GWL 2.0)...
2026-07-22 13:27:52,600 - INFO - [storyline.analyze_storyline_discharge_extremes] -     -> Result 30Q30_low: Median T = nan (N=0)
2026-07-22 13:27:52,600 - INFO - [storyline.analyze_storyline_discharge_extremes] -   Analyzing 30Q10_high for Slow Jet & Northward Shift (full_year, GWL 2.0)...
2026-07-22 13:27:52,602 - INFO - [storyline.analyze_storyline_discharge_extremes] -     -> Result 30Q10_high: Median T = 8.3 (N=4)
2026-07-22 13:27:52,602 - INFO - [storyline.analyze_storyline_discharge_extremes] -   Analyzing 30Q30_high for Slow Jet & Northward Shift (full_year, GWL 2.0)...
2026-07-22 13:27:52,604 - INFO - [storyline.analyze_storyline_discharge_extremes] -     -> Result 30Q30_high: Median T = 7.8 (N=3)
2026-07-22 13:27:52,605 - INFO - [storyline.analyze_storyline_discharge_extremes] -   Analyzing 7Q10_low for Slow Jet & Southward Shift (full_year, GWL 2.0)...
2026-07-22 13:27:52,608 - INFO - [storyline.analyze_storyline_discharge_extremes] -     -> Result 7Q10_low: Median T = 10.3 (N=5)
2026-07-22 13:27:52,609 - INFO - [storyline.analyze_storyline_discharge_extremes] -   Analyzing 7Q30_low for Slow Jet & Southward Shift (full_year, GWL 2.0)...
2026-07-22 13:27:52,612 - INFO - [storyline.analyze_storyline_discharge_extremes] -     -> Result 7Q30_low: Median T = 15.5 (N=2)
2026-07-22 13:27:52,612 - INFO - [storyline.analyze_storyline_discharge_extremes] -   Analyzing 7Q10_high for Slow Jet & Southward Shift (full_year, GWL 2.0)...
2026-07-22 13:27:52,616 - INFO - [storyline.analyze_storyline_discharge_extremes] -     -> Result 7Q10_high: Median T = 10.3 (N=7)
2026-07-22 13:27:52,617 - INFO - [storyline.analyze_storyline_discharge_extremes] -   Analyzing 7Q30_high for Slow Jet & Southward Shift (full_year, GWL 2.0)...
2026-07-22 13:27:52,620 - INFO - [storyline.analyze_storyline_discharge_extremes] -     -> Result 7Q30_high: Median T = 23.2 (N=6)
2026-07-22 13:27:52,620 - INFO - [storyline.analyze_storyline_discharge_extremes] -   Analyzing 30Q10_low for Slow Jet & Southward Shift (full_year, GWL 2.0)...
2026-07-22 13:27:52,624 - INFO - [storyline.analyze_storyline_discharge_extremes] -     -> Result 30Q10_low: Median T = 15.5 (N=6)
2026-07-22 13:27:52,624 - INFO - [storyline.analyze_storyline_discharge_extremes] -   Analyzing 30Q30_low for Slow Jet & Southward Shift (full_year, GWL 2.0)...
2026-07-22 13:27:52,628 - INFO - [storyline.analyze_storyline_discharge_extremes] -     -> Result 30Q30_low: Median T = 23.2 (N=2)
2026-07-22 13:27:52,628 - INFO - [storyline.analyze_storyline_discharge_extremes] -   Analyzing 30Q10_high for Slow Jet & Southward Shift (full_year, GWL 2.0)...
2026-07-22 13:27:52,632 - INFO - [storyline.analyze_storyline_discharge_extremes] -     -> Result 30Q10_high: Median T = 10.3 (N=7)
2026-07-22 13:27:52,632 - INFO - [storyline.analyze_storyline_discharge_extremes] -   Analyzing 30Q30_high for Slow Jet & Southward Shift (full_year, GWL 2.0)...
2026-07-22 13:27:52,636 - INFO - [storyline.analyze_storyline_discharge_extremes] -     -> Result 30Q30_high: Median T = 31.0 (N=6)
2026-07-22 13:27:52,636 - INFO - [storyline.analyze_storyline_discharge_extremes] -   Analyzing 7Q10_low for Fast Jet & Southward Shift (full_year, GWL 2.0)...
2026-07-22 13:27:52,639 - INFO - [storyline.analyze_storyline_discharge_extremes] -     -> Result 7Q10_low: Median T = 3.9 (N=5)
2026-07-22 13:27:52,639 - INFO - [storyline.analyze_storyline_discharge_extremes] -   Analyzing 7Q30_low for Fast Jet & Southward Shift (full_year, GWL 2.0)...
2026-07-22 13:27:52,642 - INFO - [storyline.analyze_storyline_discharge_extremes] -     -> Result 7Q30_low: Median T = 10.3 (N=5)
2026-07-22 13:27:52,642 - INFO - [storyline.analyze_storyline_discharge_extremes] -   Analyzing 7Q10_high for Fast Jet & Southward Shift (full_year, GWL 2.0)...
2026-07-22 13:27:52,645 - INFO - [storyline.analyze_storyline_discharge_extremes] -     -> Result 7Q10_high: Median T = 10.3 (N=5)
2026-07-22 13:27:52,645 - INFO - [storyline.analyze_storyline_discharge_extremes] -   Analyzing 7Q30_high for Fast Jet & Southward Shift (full_year, GWL 2.0)...
2026-07-22 13:27:52,648 - INFO - [storyline.analyze_storyline_discharge_extremes] -     -> Result 7Q30_high: Median T = 31.0 (N=5)
2026-07-22 13:27:52,648 - INFO - [storyline.analyze_storyline_discharge_extremes] -   Analyzing 30Q10_low for Fast Jet & Southward Shift (full_year, GWL 2.0)...
2026-07-22 13:27:52,651 - INFO - [storyline.analyze_storyline_discharge_extremes] -     -> Result 30Q10_low: Median T = 4.4 (N=5)
2026-07-22 13:27:52,651 - INFO - [storyline.analyze_storyline_discharge_extremes] -   Analyzing 30Q30_low for Fast Jet & Southward Shift (full_year, GWL 2.0)...
2026-07-22 13:27:52,654 - INFO - [storyline.analyze_storyline_discharge_extremes] -     -> Result 30Q30_low: Median T = 10.3 (N=5)
2026-07-22 13:27:52,654 - INFO - [storyline.analyze_storyline_discharge_extremes] -   Analyzing 30Q10_high for Fast Jet & Southward Shift (full_year, GWL 2.0)...
2026-07-22 13:27:52,657 - INFO - [storyline.analyze_storyline_discharge_extremes] -     -> Result 30Q10_high: Median T = 7.8 (N=5)
2026-07-22 13:27:52,657 - INFO - [storyline.analyze_storyline_discharge_extremes] -   Analyzing 30Q30_high for Fast Jet & Southward Shift (full_year, GWL 2.0)...
2026-07-22 13:27:52,660 - INFO - [storyline.analyze_storyline_discharge_extremes] -     -> Result 30Q30_high: Median T = 15.5 (N=5)
2026-07-22 13:27:52,660 - INFO - [storyline.analyze_storyline_discharge_extremes] -   Analyzing 7Q10_low for Extreme Models (full_year, GWL 2.0)...
2026-07-22 13:27:52,665 - INFO - [storyline.analyze_storyline_discharge_extremes] -     -> Result 7Q10_low: Median T = 4.2 (N=10)
2026-07-22 13:27:52,665 - INFO - [storyline.analyze_storyline_discharge_extremes] -   Analyzing 7Q30_low for Extreme Models (full_year, GWL 2.0)...
2026-07-22 13:27:52,671 - INFO - [storyline.analyze_storyline_discharge_extremes] -     -> Result 7Q30_low: Median T = 7.8 (N=9)
2026-07-22 13:27:52,671 - INFO - [storyline.analyze_storyline_discharge_extremes] -   Analyzing 7Q10_high for Extreme Models (full_year, GWL 2.0)...
2026-07-22 13:27:52,676 - INFO - [storyline.analyze_storyline_discharge_extremes] -     -> Result 7Q10_high: Median T = 10.3 (N=10)
2026-07-22 13:27:52,676 - INFO - [storyline.analyze_storyline_discharge_extremes] -   Analyzing 7Q30_high for Extreme Models (full_year, GWL 2.0)...
2026-07-22 13:27:52,682 - INFO - [storyline.analyze_storyline_discharge_extremes] -     -> Result 7Q30_high: Median T = 31.0 (N=9)
2026-07-22 13:27:52,682 - INFO - [storyline.analyze_storyline_discharge_extremes] -   Analyzing 30Q10_low for Extreme Models (full_year, GWL 2.0)...
2026-07-22 13:27:52,687 - INFO - [storyline.analyze_storyline_discharge_extremes] -     -> Result 30Q10_low: Median T = 4.4 (N=10)
2026-07-22 13:27:52,688 - INFO - [storyline.analyze_storyline_discharge_extremes] -   Analyzing 30Q30_low for Extreme Models (full_year, GWL 2.0)...
2026-07-22 13:27:52,693 - INFO - [storyline.analyze_storyline_discharge_extremes] -     -> Result 30Q30_low: Median T = 7.8 (N=9)
2026-07-22 13:27:52,693 - INFO - [storyline.analyze_storyline_discharge_extremes] -   Analyzing 30Q10_high for Extreme Models (full_year, GWL 2.0)...
2026-07-22 13:27:52,699 - INFO - [storyline.analyze_storyline_discharge_extremes] -     -> Result 30Q10_high: Median T = 7.8 (N=10)
2026-07-22 13:27:52,699 - INFO - [storyline.analyze_storyline_discharge_extremes] -   Analyzing 30Q30_high for Extreme Models (full_year, GWL 2.0)...
2026-07-22 13:27:52,704 - INFO - [storyline.analyze_storyline_discharge_extremes] -     -> Result 30Q30_high: Median T = 31.0 (N=7)
2026-07-22 13:27:52,704 - INFO - [storyline.analyze_storyline_discharge_extremes] -   Analyzing 7Q10_low for Non-Extreme Models (full_year, GWL 2.0)...
2026-07-22 13:27:52,710 - INFO - [storyline.analyze_storyline_discharge_extremes] -     -> Result 7Q10_low: Median T = 31.0 (N=5)
2026-07-22 13:27:52,710 - INFO - [storyline.analyze_storyline_discharge_extremes] -   Analyzing 7Q30_low for Non-Extreme Models (full_year, GWL 2.0)...
2026-07-22 13:27:52,715 - INFO - [storyline.analyze_storyline_discharge_extremes] -     -> Result 7Q30_low: Median T = 31.0 (N=1)
2026-07-22 13:27:52,715 - INFO - [storyline.analyze_storyline_discharge_extremes] -   Analyzing 7Q10_high for Non-Extreme Models (full_year, GWL 2.0)...
2026-07-22 13:27:52,721 - INFO - [storyline.analyze_storyline_discharge_extremes] -     -> Result 7Q10_high: Median T = 6.2 (N=9)
2026-07-22 13:27:52,721 - INFO - [storyline.analyze_storyline_discharge_extremes] -   Analyzing 7Q30_high for Non-Extreme Models (full_year, GWL 2.0)...
2026-07-22 13:27:52,726 - INFO - [storyline.analyze_storyline_discharge_extremes] -     -> Result 7Q30_high: Median T = 15.5 (N=9)
2026-07-22 13:27:52,726 - INFO - [storyline.analyze_storyline_discharge_extremes] -   Analyzing 30Q10_low for Non-Extreme Models (full_year, GWL 2.0)...
2026-07-22 13:27:52,732 - INFO - [storyline.analyze_storyline_discharge_extremes] -     -> Result 30Q10_low: Median T = 31.0 (N=6)
2026-07-22 13:27:52,732 - INFO - [storyline.analyze_storyline_discharge_extremes] -   Analyzing 30Q30_low for Non-Extreme Models (full_year, GWL 2.0)...
2026-07-22 13:27:52,737 - INFO - [storyline.analyze_storyline_discharge_extremes] -     -> Result 30Q30_low: Median T = 31.0 (N=1)
2026-07-22 13:27:52,737 - INFO - [storyline.analyze_storyline_discharge_extremes] -   Analyzing 30Q10_high for Non-Extreme Models (full_year, GWL 2.0)...
2026-07-22 13:27:52,743 - INFO - [storyline.analyze_storyline_discharge_extremes] -     -> Result 30Q10_high: Median T = 9.0 (N=10)
2026-07-22 13:27:52,743 - INFO - [storyline.analyze_storyline_discharge_extremes] -   Analyzing 30Q30_high for Non-Extreme Models (full_year, GWL 2.0)...
2026-07-22 13:27:52,749 - INFO - [storyline.analyze_storyline_discharge_extremes] -     -> Result 30Q30_high: Median T = 15.5 (N=9)
2026-07-22 13:27:52,749 - INFO - [storyline.analyze_storyline_discharge_extremes] -   Analyzing 7Q10_low for MMM (winter, GWL 3.0)...
2026-07-22 13:27:52,766 - INFO - [storyline.analyze_storyline_discharge_extremes] -     -> Result 7Q10_low: Median T = 5.2 (N=24)
2026-07-22 13:27:52,766 - INFO - [storyline.analyze_storyline_discharge_extremes] -   Analyzing 7Q30_low for MMM (winter, GWL 3.0)...
2026-07-22 13:27:52,782 - INFO - [storyline.analyze_storyline_discharge_extremes] -     -> Result 7Q30_low: Median T = 15.5 (N=17)
2026-07-22 13:27:52,783 - INFO - [storyline.analyze_storyline_discharge_extremes] -   Analyzing 7Q10_high for MMM (winter, GWL 3.0)...
2026-07-22 13:27:52,800 - INFO - [storyline.analyze_storyline_discharge_extremes] -     -> Result 7Q10_high: Median T = 15.5 (N=21)
2026-07-22 13:27:52,800 - INFO - [storyline.analyze_storyline_discharge_extremes] -   Analyzing 7Q30_high for MMM (winter, GWL 3.0)...
2026-07-22 13:27:52,816 - INFO - [storyline.analyze_storyline_discharge_extremes] -     -> Result 7Q30_high: Median T = 31.0 (N=13)
2026-07-22 13:27:52,816 - INFO - [storyline.analyze_storyline_discharge_extremes] -   Analyzing 30Q10_low for MMM (winter, GWL 3.0)...
2026-07-22 13:27:52,833 - INFO - [storyline.analyze_storyline_discharge_extremes] -     -> Result 30Q10_low: Median T = 5.2 (N=24)
2026-07-22 13:27:52,833 - INFO - [storyline.analyze_storyline_discharge_extremes] -   Analyzing 30Q30_low for MMM (winter, GWL 3.0)...
2026-07-22 13:27:52,850 - INFO - [storyline.analyze_storyline_discharge_extremes] -     -> Result 30Q30_low: Median T = 15.5 (N=19)
2026-07-22 13:27:52,850 - INFO - [storyline.analyze_storyline_discharge_extremes] -   Analyzing 30Q10_high for MMM (winter, GWL 3.0)...
2026-07-22 13:27:52,867 - INFO - [storyline.analyze_storyline_discharge_extremes] -     -> Result 30Q10_high: Median T = 15.5 (N=20)
2026-07-22 13:27:52,867 - INFO - [storyline.analyze_storyline_discharge_extremes] -   Analyzing 30Q30_high for MMM (winter, GWL 3.0)...
2026-07-22 13:27:52,884 - INFO - [storyline.analyze_storyline_discharge_extremes] -     -> Result 30Q30_high: Median T = 15.5 (N=11)
2026-07-22 13:27:52,884 - INFO - [storyline.analyze_storyline_discharge_extremes] -   Analyzing 7Q10_low for Fast Jet & Northward Shift (winter, GWL 3.0)...
2026-07-22 13:27:52,888 - INFO - [storyline.analyze_storyline_discharge_extremes] -     -> Result 7Q10_low: Median T = 4.5 (N=6)
2026-07-22 13:27:52,888 - INFO - [storyline.analyze_storyline_discharge_extremes] -   Analyzing 7Q30_low for Fast Jet & Northward Shift (winter, GWL 3.0)...
2026-07-22 13:27:52,892 - INFO - [storyline.analyze_storyline_discharge_extremes] -     -> Result 7Q30_low: Median T = 10.8 (N=6)
2026-07-22 13:27:52,892 - INFO - [storyline.analyze_storyline_discharge_extremes] -   Analyzing 7Q10_high for Fast Jet & Northward Shift (winter, GWL 3.0)...
2026-07-22 13:27:52,896 - INFO - [storyline.analyze_storyline_discharge_extremes] -     -> Result 7Q10_high: Median T = 31.0 (N=4)
2026-07-22 13:27:52,896 - INFO - [storyline.analyze_storyline_discharge_extremes] -   Analyzing 7Q30_high for Fast Jet & Northward Shift (winter, GWL 3.0)...
2026-07-22 13:27:52,900 - INFO - [storyline.analyze_storyline_discharge_extremes] -     -> Result 7Q30_high: Median T = 31.0 (N=2)
2026-07-22 13:27:52,900 - INFO - [storyline.analyze_storyline_discharge_extremes] -   Analyzing 30Q10_low for Fast Jet & Northward Shift (winter, GWL 3.0)...
2026-07-22 13:27:52,904 - INFO - [storyline.analyze_storyline_discharge_extremes] -     -> Result 30Q10_low: Median T = 4.8 (N=6)
2026-07-22 13:27:52,904 - INFO - [storyline.analyze_storyline_discharge_extremes] -   Analyzing 30Q30_low for Fast Jet & Northward Shift (winter, GWL 3.0)...
2026-07-22 13:27:52,908 - INFO - [storyline.analyze_storyline_discharge_extremes] -     -> Result 30Q30_low: Median T = 5.2 (N=5)
2026-07-22 13:27:52,908 - INFO - [storyline.analyze_storyline_discharge_extremes] -   Analyzing 30Q10_high for Fast Jet & Northward Shift (winter, GWL 3.0)...
2026-07-22 13:27:52,912 - INFO - [storyline.analyze_storyline_discharge_extremes] -     -> Result 30Q10_high: Median T = 23.2 (N=4)
2026-07-22 13:27:52,912 - INFO - [storyline.analyze_storyline_discharge_extremes] -   Analyzing 30Q30_high for Fast Jet & Northward Shift (winter, GWL 3.0)...
2026-07-22 13:27:52,916 - INFO - [storyline.analyze_storyline_discharge_extremes] -     -> Result 30Q30_high: Median T = 31.0 (N=1)
2026-07-22 13:27:52,916 - INFO - [storyline.analyze_storyline_discharge_extremes] -   Analyzing 7Q10_low for Slow Jet & Northward Shift (winter, GWL 3.0)...
2026-07-22 13:27:52,917 - INFO - [storyline.analyze_storyline_discharge_extremes] -     -> Result 7Q10_low: Median T = 6.2 (N=1)
2026-07-22 13:27:52,917 - INFO - [storyline.analyze_storyline_discharge_extremes] -   Analyzing 7Q30_low for Slow Jet & Northward Shift (winter, GWL 3.0)...
2026-07-22 13:27:52,919 - INFO - [storyline.analyze_storyline_discharge_extremes] -     -> Result 7Q30_low: Median T = 31.0 (N=1)
2026-07-22 13:27:52,919 - INFO - [storyline.analyze_storyline_discharge_extremes] -   Analyzing 7Q10_high for Slow Jet & Northward Shift (winter, GWL 3.0)...
2026-07-22 13:27:52,920 - INFO - [storyline.analyze_storyline_discharge_extremes] -     -> Result 7Q10_high: Median T = 5.7 (N=2)
2026-07-22 13:27:52,920 - INFO - [storyline.analyze_storyline_discharge_extremes] -   Analyzing 7Q30_high for Slow Jet & Northward Shift (winter, GWL 3.0)...
2026-07-22 13:27:52,921 - INFO - [storyline.analyze_storyline_discharge_extremes] -     -> Result 7Q30_high: Median T = 18.1 (N=2)
2026-07-22 13:27:52,921 - INFO - [storyline.analyze_storyline_discharge_extremes] -   Analyzing 30Q10_low for Slow Jet & Northward Shift (winter, GWL 3.0)...
2026-07-22 13:27:52,923 - INFO - [storyline.analyze_storyline_discharge_extremes] -     -> Result 30Q10_low: Median T = 4.4 (N=1)
2026-07-22 13:27:52,923 - INFO - [storyline.analyze_storyline_discharge_extremes] -   Analyzing 30Q30_low for Slow Jet & Northward Shift (winter, GWL 3.0)...
2026-07-22 13:27:52,924 - INFO - [storyline.analyze_storyline_discharge_extremes] -     -> Result 30Q30_low: Median T = 15.5 (N=1)
2026-07-22 13:27:52,924 - INFO - [storyline.analyze_storyline_discharge_extremes] -   Analyzing 30Q10_high for Slow Jet & Northward Shift (winter, GWL 3.0)...
2026-07-22 13:27:52,926 - INFO - [storyline.analyze_storyline_discharge_extremes] -     -> Result 30Q10_high: Median T = 5.7 (N=2)
2026-07-22 13:27:52,926 - INFO - [storyline.analyze_storyline_discharge_extremes] -   Analyzing 30Q30_high for Slow Jet & Northward Shift (winter, GWL 3.0)...
2026-07-22 13:27:52,927 - INFO - [storyline.analyze_storyline_discharge_extremes] -     -> Result 30Q30_high: Median T = 10.3 (N=2)
2026-07-22 13:27:52,928 - INFO - [storyline.analyze_storyline_discharge_extremes] -   Analyzing 7Q10_low for Slow Jet & Southward Shift (winter, GWL 3.0)...
2026-07-22 13:27:52,933 - INFO - [storyline.analyze_storyline_discharge_extremes] -     -> Result 7Q10_low: Median T = 7.8 (N=7)
2026-07-22 13:27:52,933 - INFO - [storyline.analyze_storyline_discharge_extremes] -   Analyzing 7Q30_low for Slow Jet & Southward Shift (winter, GWL 3.0)...
2026-07-22 13:27:52,938 - INFO - [storyline.analyze_storyline_discharge_extremes] -     -> Result 7Q30_low: Median T = 31.0 (N=4)
2026-07-22 13:27:52,938 - INFO - [storyline.analyze_storyline_discharge_extremes] -   Analyzing 7Q10_high for Slow Jet & Southward Shift (winter, GWL 3.0)...
2026-07-22 13:27:52,944 - INFO - [storyline.analyze_storyline_discharge_extremes] -     -> Result 7Q10_high: Median T = 10.3 (N=7)
2026-07-22 13:27:52,944 - INFO - [storyline.analyze_storyline_discharge_extremes] -   Analyzing 7Q30_high for Slow Jet & Southward Shift (winter, GWL 3.0)...
2026-07-22 13:27:52,949 - INFO - [storyline.analyze_storyline_discharge_extremes] -     -> Result 7Q30_high: Median T = 31.0 (N=4)
2026-07-22 13:27:52,949 - INFO - [storyline.analyze_storyline_discharge_extremes] -   Analyzing 30Q10_low for Slow Jet & Southward Shift (winter, GWL 3.0)...
2026-07-22 13:27:52,955 - INFO - [storyline.analyze_storyline_discharge_extremes] -     -> Result 30Q10_low: Median T = 7.8 (N=7)
2026-07-22 13:27:52,955 - INFO - [storyline.analyze_storyline_discharge_extremes] -   Analyzing 30Q30_low for Slow Jet & Southward Shift (winter, GWL 3.0)...
2026-07-22 13:27:52,960 - INFO - [storyline.analyze_storyline_discharge_extremes] -     -> Result 30Q30_low: Median T = 31.0 (N=6)
2026-07-22 13:27:52,960 - INFO - [storyline.analyze_storyline_discharge_extremes] -   Analyzing 30Q10_high for Slow Jet & Southward Shift (winter, GWL 3.0)...
2026-07-22 13:27:52,965 - INFO - [storyline.analyze_storyline_discharge_extremes] -     -> Result 30Q10_high: Median T = 31.0 (N=7)
2026-07-22 13:27:52,965 - INFO - [storyline.analyze_storyline_discharge_extremes] -   Analyzing 30Q30_high for Slow Jet & Southward Shift (winter, GWL 3.0)...
2026-07-22 13:27:52,970 - INFO - [storyline.analyze_storyline_discharge_extremes] -     -> Result 30Q30_high: Median T = 23.2 (N=4)
2026-07-22 13:27:52,970 - INFO - [storyline.analyze_storyline_discharge_extremes] -   Analyzing 7Q10_low for Fast Jet & Southward Shift (winter, GWL 3.0)...
2026-07-22 13:27:52,973 - INFO - [storyline.analyze_storyline_discharge_extremes] -     -> Result 7Q10_low: Median T = 3.9 (N=4)
2026-07-22 13:27:52,973 - INFO - [storyline.analyze_storyline_discharge_extremes] -   Analyzing 7Q30_low for Fast Jet & Southward Shift (winter, GWL 3.0)...
2026-07-22 13:27:52,975 - INFO - [storyline.analyze_storyline_discharge_extremes] -     -> Result 7Q30_low: Median T = 8.3 (N=4)
2026-07-22 13:27:52,975 - INFO - [storyline.analyze_storyline_discharge_extremes] -   Analyzing 7Q10_high for Fast Jet & Southward Shift (winter, GWL 3.0)...
2026-07-22 13:27:52,977 - INFO - [storyline.analyze_storyline_discharge_extremes] -     -> Result 7Q10_high: Median T = 7.8 (N=1)
2026-07-22 13:27:52,977 - INFO - [storyline.analyze_storyline_discharge_extremes] -   Analyzing 7Q30_high for Fast Jet & Southward Shift (winter, GWL 3.0)...
2026-07-22 13:27:52,980 - INFO - [storyline.analyze_storyline_discharge_extremes] -     -> Result 7Q30_high: Median T = 10.3 (N=1)
2026-07-22 13:27:52,980 - INFO - [storyline.analyze_storyline_discharge_extremes] -   Analyzing 30Q10_low for Fast Jet & Southward Shift (winter, GWL 3.0)...
2026-07-22 13:27:52,982 - INFO - [storyline.analyze_storyline_discharge_extremes] -     -> Result 30Q10_low: Median T = 4.2 (N=4)
2026-07-22 13:27:52,982 - INFO - [storyline.analyze_storyline_discharge_extremes] -   Analyzing 30Q30_low for Fast Jet & Southward Shift (winter, GWL 3.0)...
2026-07-22 13:27:52,985 - INFO - [storyline.analyze_storyline_discharge_extremes] -     -> Result 30Q30_low: Median T = 12.9 (N=4)
2026-07-22 13:27:52,985 - INFO - [storyline.analyze_storyline_discharge_extremes] -   Analyzing 30Q10_high for Fast Jet & Southward Shift (winter, GWL 3.0)...
2026-07-22 13:27:52,987 - INFO - [storyline.analyze_storyline_discharge_extremes] -     -> Result 30Q10_high: Median T = 20.7 (N=2)
2026-07-22 13:27:52,987 - INFO - [storyline.analyze_storyline_discharge_extremes] -   Analyzing 30Q30_high for Fast Jet & Southward Shift (winter, GWL 3.0)...
2026-07-22 13:27:52,989 - INFO - [storyline.analyze_storyline_discharge_extremes] -     -> Result 30Q30_high: Median T = nan (N=0)
2026-07-22 13:27:52,989 - INFO - [storyline.analyze_storyline_discharge_extremes] -   Analyzing 7Q10_low for Extreme Models (winter, GWL 3.0)...
2026-07-22 13:27:52,995 - INFO - [storyline.analyze_storyline_discharge_extremes] -     -> Result 7Q10_low: Median T = 3.7 (N=10)
2026-07-22 13:27:52,995 - INFO - [storyline.analyze_storyline_discharge_extremes] -   Analyzing 7Q30_low for Extreme Models (winter, GWL 3.0)...
2026-07-22 13:27:53,001 - INFO - [storyline.analyze_storyline_discharge_extremes] -     -> Result 7Q30_low: Median T = 6.2 (N=10)
2026-07-22 13:27:53,001 - INFO - [storyline.analyze_storyline_discharge_extremes] -   Analyzing 7Q10_high for Extreme Models (winter, GWL 3.0)...
2026-07-22 13:27:53,006 - INFO - [storyline.analyze_storyline_discharge_extremes] -     -> Result 7Q10_high: Median T = 31.0 (N=5)
2026-07-22 13:27:53,006 - INFO - [storyline.analyze_storyline_discharge_extremes] -   Analyzing 7Q30_high for Extreme Models (winter, GWL 3.0)...
2026-07-22 13:27:53,012 - INFO - [storyline.analyze_storyline_discharge_extremes] -     -> Result 7Q30_high: Median T = 10.3 (N=3)
2026-07-22 13:27:53,012 - INFO - [storyline.analyze_storyline_discharge_extremes] -   Analyzing 30Q10_low for Extreme Models (winter, GWL 3.0)...
2026-07-22 13:27:53,018 - INFO - [storyline.analyze_storyline_discharge_extremes] -     -> Result 30Q10_low: Median T = 3.7 (N=10)
2026-07-22 13:27:53,018 - INFO - [storyline.analyze_storyline_discharge_extremes] -   Analyzing 30Q30_low for Extreme Models (winter, GWL 3.0)...
2026-07-22 13:27:53,023 - INFO - [storyline.analyze_storyline_discharge_extremes] -     -> Result 30Q30_low: Median T = 9.0 (N=10)
2026-07-22 13:27:53,023 - INFO - [storyline.analyze_storyline_discharge_extremes] -   Analyzing 30Q10_high for Extreme Models (winter, GWL 3.0)...
2026-07-22 13:27:53,029 - INFO - [storyline.analyze_storyline_discharge_extremes] -     -> Result 30Q10_high: Median T = 23.2 (N=6)
2026-07-22 13:27:53,029 - INFO - [storyline.analyze_storyline_discharge_extremes] -   Analyzing 30Q30_high for Extreme Models (winter, GWL 3.0)...
2026-07-22 13:27:53,035 - INFO - [storyline.analyze_storyline_discharge_extremes] -     -> Result 30Q30_high: Median T = 18.1 (N=2)
2026-07-22 13:27:53,035 - INFO - [storyline.analyze_storyline_discharge_extremes] -   Analyzing 7Q10_low for Non-Extreme Models (winter, GWL 3.0)...
2026-07-22 13:27:53,041 - INFO - [storyline.analyze_storyline_discharge_extremes] -     -> Result 7Q10_low: Median T = 31.0 (N=3)
2026-07-22 13:27:53,041 - INFO - [storyline.analyze_storyline_discharge_extremes] -   Analyzing 7Q30_low for Non-Extreme Models (winter, GWL 3.0)...
2026-07-22 13:27:53,046 - INFO - [storyline.analyze_storyline_discharge_extremes] -     -> Result 7Q30_low: Median T = 31.0 (N=2)
2026-07-22 13:27:53,046 - INFO - [storyline.analyze_storyline_discharge_extremes] -   Analyzing 7Q10_high for Non-Extreme Models (winter, GWL 3.0)...
2026-07-22 13:27:53,052 - INFO - [storyline.analyze_storyline_discharge_extremes] -     -> Result 7Q10_high: Median T = 10.3 (N=8)
2026-07-22 13:27:53,052 - INFO - [storyline.analyze_storyline_discharge_extremes] -   Analyzing 7Q30_high for Non-Extreme Models (winter, GWL 3.0)...
2026-07-22 13:27:53,058 - INFO - [storyline.analyze_storyline_discharge_extremes] -     -> Result 7Q30_high: Median T = 31.0 (N=3)
2026-07-22 13:27:53,058 - INFO - [storyline.analyze_storyline_discharge_extremes] -   Analyzing 30Q10_low for Non-Extreme Models (winter, GWL 3.0)...
2026-07-22 13:27:53,063 - INFO - [storyline.analyze_storyline_discharge_extremes] -     -> Result 30Q10_low: Median T = 31.0 (N=3)
2026-07-22 13:27:53,063 - INFO - [storyline.analyze_storyline_discharge_extremes] -   Analyzing 30Q30_low for Non-Extreme Models (winter, GWL 3.0)...
2026-07-22 13:27:53,069 - INFO - [storyline.analyze_storyline_discharge_extremes] -     -> Result 30Q30_low: Median T = 31.0 (N=2)
2026-07-22 13:27:53,069 - INFO - [storyline.analyze_storyline_discharge_extremes] -   Analyzing 30Q10_high for Non-Extreme Models (winter, GWL 3.0)...
2026-07-22 13:27:53,075 - INFO - [storyline.analyze_storyline_discharge_extremes] -     -> Result 30Q10_high: Median T = 10.3 (N=7)
2026-07-22 13:27:53,075 - INFO - [storyline.analyze_storyline_discharge_extremes] -   Analyzing 30Q30_high for Non-Extreme Models (winter, GWL 3.0)...
2026-07-22 13:27:53,080 - INFO - [storyline.analyze_storyline_discharge_extremes] -     -> Result 30Q30_high: Median T = 15.5 (N=5)
2026-07-22 13:27:53,080 - INFO - [storyline.analyze_storyline_discharge_extremes] -   Analyzing 7Q10_low for MMM (summer, GWL 3.0)...
2026-07-22 13:27:53,097 - INFO - [storyline.analyze_storyline_discharge_extremes] -     -> Result 7Q10_low: Median T = 10.3 (N=22)
2026-07-22 13:27:53,097 - INFO - [storyline.analyze_storyline_discharge_extremes] -   Analyzing 7Q30_low for MMM (summer, GWL 3.0)...
2026-07-22 13:27:53,114 - INFO - [storyline.analyze_storyline_discharge_extremes] -     -> Result 7Q30_low: Median T = 15.5 (N=13)
2026-07-22 13:27:53,114 - INFO - [storyline.analyze_storyline_discharge_extremes] -   Analyzing 7Q10_high for MMM (summer, GWL 3.0)...
2026-07-22 13:27:53,131 - INFO - [storyline.analyze_storyline_discharge_extremes] -     -> Result 7Q10_high: Median T = 15.5 (N=27)
2026-07-22 13:27:53,131 - INFO - [storyline.analyze_storyline_discharge_extremes] -   Analyzing 7Q30_high for MMM (summer, GWL 3.0)...
2026-07-22 13:27:53,148 - INFO - [storyline.analyze_storyline_discharge_extremes] -     -> Result 7Q30_high: Median T = 23.2 (N=20)
2026-07-22 13:27:53,148 - INFO - [storyline.analyze_storyline_discharge_extremes] -   Analyzing 30Q10_low for MMM (summer, GWL 3.0)...
2026-07-22 13:27:53,165 - INFO - [storyline.analyze_storyline_discharge_extremes] -     -> Result 30Q10_low: Median T = 7.8 (N=25)
2026-07-22 13:27:53,165 - INFO - [storyline.analyze_storyline_discharge_extremes] -   Analyzing 30Q30_low for MMM (summer, GWL 3.0)...
2026-07-22 13:27:53,181 - INFO - [storyline.analyze_storyline_discharge_extremes] -     -> Result 30Q30_low: Median T = 12.9 (N=16)
2026-07-22 13:27:53,182 - INFO - [storyline.analyze_storyline_discharge_extremes] -   Analyzing 30Q10_high for MMM (summer, GWL 3.0)...
2026-07-22 13:27:53,198 - INFO - [storyline.analyze_storyline_discharge_extremes] -     -> Result 30Q10_high: Median T = 12.9 (N=26)
2026-07-22 13:27:53,199 - INFO - [storyline.analyze_storyline_discharge_extremes] -   Analyzing 30Q30_high for MMM (summer, GWL 3.0)...
2026-07-22 13:27:53,215 - INFO - [storyline.analyze_storyline_discharge_extremes] -     -> Result 30Q30_high: Median T = 31.0 (N=21)
2026-07-22 13:27:53,215 - INFO - [storyline.analyze_storyline_discharge_extremes] -   Analyzing 7Q10_low for Fast Jet & Northward Shift (summer, GWL 3.0)...
2026-07-22 13:27:53,219 - INFO - [storyline.analyze_storyline_discharge_extremes] -     -> Result 7Q10_low: Median T = 15.5 (N=3)
2026-07-22 13:27:53,219 - INFO - [storyline.analyze_storyline_discharge_extremes] -   Analyzing 7Q30_low for Fast Jet & Northward Shift (summer, GWL 3.0)...
2026-07-22 13:27:53,222 - INFO - [storyline.analyze_storyline_discharge_extremes] -     -> Result 7Q30_low: Median T = 23.2 (N=2)
2026-07-22 13:27:53,222 - INFO - [storyline.analyze_storyline_discharge_extremes] -   Analyzing 7Q10_high for Fast Jet & Northward Shift (summer, GWL 3.0)...
2026-07-22 13:27:53,226 - INFO - [storyline.analyze_storyline_discharge_extremes] -     -> Result 7Q10_high: Median T = 15.5 (N=5)
2026-07-22 13:27:53,226 - INFO - [storyline.analyze_storyline_discharge_extremes] -   Analyzing 7Q30_high for Fast Jet & Northward Shift (summer, GWL 3.0)...
2026-07-22 13:27:53,229 - INFO - [storyline.analyze_storyline_discharge_extremes] -     -> Result 7Q30_high: Median T = 23.2 (N=4)
2026-07-22 13:27:53,229 - INFO - [storyline.analyze_storyline_discharge_extremes] -   Analyzing 30Q10_low for Fast Jet & Northward Shift (summer, GWL 3.0)...
2026-07-22 13:27:53,233 - INFO - [storyline.analyze_storyline_discharge_extremes] -     -> Result 30Q10_low: Median T = 4.4 (N=3)
2026-07-22 13:27:53,233 - INFO - [storyline.analyze_storyline_discharge_extremes] -   Analyzing 30Q30_low for Fast Jet & Northward Shift (summer, GWL 3.0)...
2026-07-22 13:27:53,236 - INFO - [storyline.analyze_storyline_discharge_extremes] -     -> Result 30Q30_low: Median T = 31.0 (N=3)
2026-07-22 13:27:53,236 - INFO - [storyline.analyze_storyline_discharge_extremes] -   Analyzing 30Q10_high for Fast Jet & Northward Shift (summer, GWL 3.0)...
2026-07-22 13:27:53,240 - INFO - [storyline.analyze_storyline_discharge_extremes] -     -> Result 30Q10_high: Median T = 10.3 (N=5)
2026-07-22 13:27:53,240 - INFO - [storyline.analyze_storyline_discharge_extremes] -   Analyzing 30Q30_high for Fast Jet & Northward Shift (summer, GWL 3.0)...
2026-07-22 13:27:53,243 - INFO - [storyline.analyze_storyline_discharge_extremes] -     -> Result 30Q30_high: Median T = 31.0 (N=5)
2026-07-22 13:27:53,243 - INFO - [storyline.analyze_storyline_discharge_extremes] -   Analyzing 7Q10_low for Slow Jet & Northward Shift (summer, GWL 3.0)...
2026-07-22 13:27:53,247 - INFO - [storyline.analyze_storyline_discharge_extremes] -     -> Result 7Q10_low: Median T = 10.3 (N=3)
2026-07-22 13:27:53,247 - INFO - [storyline.analyze_storyline_discharge_extremes] -   Analyzing 7Q30_low for Slow Jet & Northward Shift (summer, GWL 3.0)...
2026-07-22 13:27:53,250 - INFO - [storyline.analyze_storyline_discharge_extremes] -     -> Result 7Q30_low: Median T = 18.6 (N=2)
2026-07-22 13:27:53,250 - INFO - [storyline.analyze_storyline_discharge_extremes] -   Analyzing 7Q10_high for Slow Jet & Northward Shift (summer, GWL 3.0)...
2026-07-22 13:27:53,254 - INFO - [storyline.analyze_storyline_discharge_extremes] -     -> Result 7Q10_high: Median T = 12.9 (N=6)
2026-07-22 13:27:53,254 - INFO - [storyline.analyze_storyline_discharge_extremes] -   Analyzing 7Q30_high for Slow Jet & Northward Shift (summer, GWL 3.0)...
2026-07-22 13:27:53,257 - INFO - [storyline.analyze_storyline_discharge_extremes] -     -> Result 7Q30_high: Median T = 31.0 (N=5)
2026-07-22 13:27:53,257 - INFO - [storyline.analyze_storyline_discharge_extremes] -   Analyzing 30Q10_low for Slow Jet & Northward Shift (summer, GWL 3.0)...
2026-07-22 13:27:53,261 - INFO - [storyline.analyze_storyline_discharge_extremes] -     -> Result 30Q10_low: Median T = 10.3 (N=6)
2026-07-22 13:27:53,261 - INFO - [storyline.analyze_storyline_discharge_extremes] -   Analyzing 30Q30_low for Slow Jet & Northward Shift (summer, GWL 3.0)...
2026-07-22 13:27:53,264 - INFO - [storyline.analyze_storyline_discharge_extremes] -     -> Result 30Q30_low: Median T = 18.6 (N=2)
2026-07-22 13:27:53,264 - INFO - [storyline.analyze_storyline_discharge_extremes] -   Analyzing 30Q10_high for Slow Jet & Northward Shift (summer, GWL 3.0)...
2026-07-22 13:27:53,268 - INFO - [storyline.analyze_storyline_discharge_extremes] -     -> Result 30Q10_high: Median T = 12.9 (N=6)
2026-07-22 13:27:53,268 - INFO - [storyline.analyze_storyline_discharge_extremes] -   Analyzing 30Q30_high for Slow Jet & Northward Shift (summer, GWL 3.0)...
2026-07-22 13:27:53,271 - INFO - [storyline.analyze_storyline_discharge_extremes] -     -> Result 30Q30_high: Median T = 31.0 (N=4)
2026-07-22 13:27:53,271 - INFO - [storyline.analyze_storyline_discharge_extremes] -   Analyzing 7Q10_low for Slow Jet & Southward Shift (summer, GWL 3.0)...
2026-07-22 13:27:53,275 - INFO - [storyline.analyze_storyline_discharge_extremes] -     -> Result 7Q10_low: Median T = 31.0 (N=4)
2026-07-22 13:27:53,275 - INFO - [storyline.analyze_storyline_discharge_extremes] -   Analyzing 7Q30_low for Slow Jet & Southward Shift (summer, GWL 3.0)...
2026-07-22 13:27:53,279 - INFO - [storyline.analyze_storyline_discharge_extremes] -     -> Result 7Q30_low: Median T = 15.5 (N=1)
2026-07-22 13:27:53,279 - INFO - [storyline.analyze_storyline_discharge_extremes] -   Analyzing 7Q10_high for Slow Jet & Southward Shift (summer, GWL 3.0)...
2026-07-22 13:27:53,283 - INFO - [storyline.analyze_storyline_discharge_extremes] -     -> Result 7Q10_high: Median T = 15.5 (N=7)
2026-07-22 13:27:53,283 - INFO - [storyline.analyze_storyline_discharge_extremes] -   Analyzing 7Q30_high for Slow Jet & Southward Shift (summer, GWL 3.0)...
2026-07-22 13:27:53,287 - INFO - [storyline.analyze_storyline_discharge_extremes] -     -> Result 7Q30_high: Median T = 15.5 (N=5)
2026-07-22 13:27:53,287 - INFO - [storyline.analyze_storyline_discharge_extremes] -   Analyzing 30Q10_low for Slow Jet & Southward Shift (summer, GWL 3.0)...
2026-07-22 13:27:53,291 - INFO - [storyline.analyze_storyline_discharge_extremes] -     -> Result 30Q10_low: Median T = 23.2 (N=4)
2026-07-22 13:27:53,291 - INFO - [storyline.analyze_storyline_discharge_extremes] -   Analyzing 30Q30_low for Slow Jet & Southward Shift (summer, GWL 3.0)...
2026-07-22 13:27:53,295 - INFO - [storyline.analyze_storyline_discharge_extremes] -     -> Result 30Q30_low: Median T = 23.2 (N=2)
2026-07-22 13:27:53,295 - INFO - [storyline.analyze_storyline_discharge_extremes] -   Analyzing 30Q10_high for Slow Jet & Southward Shift (summer, GWL 3.0)...
2026-07-22 13:27:53,299 - INFO - [storyline.analyze_storyline_discharge_extremes] -     -> Result 30Q10_high: Median T = 10.3 (N=7)
2026-07-22 13:27:53,299 - INFO - [storyline.analyze_storyline_discharge_extremes] -   Analyzing 30Q30_high for Slow Jet & Southward Shift (summer, GWL 3.0)...
2026-07-22 13:27:53,303 - INFO - [storyline.analyze_storyline_discharge_extremes] -     -> Result 30Q30_high: Median T = 15.5 (N=6)
2026-07-22 13:27:53,303 - INFO - [storyline.analyze_storyline_discharge_extremes] -   Analyzing 7Q10_low for Fast Jet & Southward Shift (summer, GWL 3.0)...
2026-07-22 13:27:53,306 - INFO - [storyline.analyze_storyline_discharge_extremes] -     -> Result 7Q10_low: Median T = 15.5 (N=5)
2026-07-22 13:27:53,306 - INFO - [storyline.analyze_storyline_discharge_extremes] -   Analyzing 7Q30_low for Fast Jet & Southward Shift (summer, GWL 3.0)...
2026-07-22 13:27:53,309 - INFO - [storyline.analyze_storyline_discharge_extremes] -     -> Result 7Q30_low: Median T = 10.8 (N=2)
2026-07-22 13:27:53,309 - INFO - [storyline.analyze_storyline_discharge_extremes] -   Analyzing 7Q10_high for Fast Jet & Southward Shift (summer, GWL 3.0)...
2026-07-22 13:27:53,312 - INFO - [storyline.analyze_storyline_discharge_extremes] -     -> Result 7Q10_high: Median T = 15.5 (N=5)
2026-07-22 13:27:53,312 - INFO - [storyline.analyze_storyline_discharge_extremes] -   Analyzing 7Q30_high for Fast Jet & Southward Shift (summer, GWL 3.0)...
2026-07-22 13:27:53,315 - INFO - [storyline.analyze_storyline_discharge_extremes] -     -> Result 7Q30_high: Median T = 31.0 (N=3)
2026-07-22 13:27:53,315 - INFO - [storyline.analyze_storyline_discharge_extremes] -   Analyzing 30Q10_low for Fast Jet & Southward Shift (summer, GWL 3.0)...
2026-07-22 13:27:53,318 - INFO - [storyline.analyze_storyline_discharge_extremes] -     -> Result 30Q10_low: Median T = 15.5 (N=5)
2026-07-22 13:27:53,318 - INFO - [storyline.analyze_storyline_discharge_extremes] -   Analyzing 30Q30_low for Fast Jet & Southward Shift (summer, GWL 3.0)...
2026-07-22 13:27:53,321 - INFO - [storyline.analyze_storyline_discharge_extremes] -     -> Result 30Q30_low: Median T = 31.0 (N=3)
2026-07-22 13:27:53,321 - INFO - [storyline.analyze_storyline_discharge_extremes] -   Analyzing 30Q10_high for Fast Jet & Southward Shift (summer, GWL 3.0)...
2026-07-22 13:27:53,324 - INFO - [storyline.analyze_storyline_discharge_extremes] -     -> Result 30Q10_high: Median T = 15.5 (N=5)
2026-07-22 13:27:53,324 - INFO - [storyline.analyze_storyline_discharge_extremes] -   Analyzing 30Q30_high for Fast Jet & Southward Shift (summer, GWL 3.0)...
2026-07-22 13:27:53,327 - INFO - [storyline.analyze_storyline_discharge_extremes] -     -> Result 30Q30_high: Median T = 31.0 (N=4)
2026-07-22 13:27:53,327 - INFO - [storyline.analyze_storyline_discharge_extremes] -   Analyzing 7Q10_low for Extreme Models (summer, GWL 3.0)...
2026-07-22 13:27:53,332 - INFO - [storyline.analyze_storyline_discharge_extremes] -     -> Result 7Q10_low: Median T = 4.5 (N=10)
2026-07-22 13:27:53,332 - INFO - [storyline.analyze_storyline_discharge_extremes] -   Analyzing 7Q30_low for Extreme Models (summer, GWL 3.0)...
2026-07-22 13:27:53,338 - INFO - [storyline.analyze_storyline_discharge_extremes] -     -> Result 7Q30_low: Median T = 6.2 (N=9)
2026-07-22 13:27:53,338 - INFO - [storyline.analyze_storyline_discharge_extremes] -   Analyzing 7Q10_high for Extreme Models (summer, GWL 3.0)...
2026-07-22 13:27:53,344 - INFO - [storyline.analyze_storyline_discharge_extremes] -     -> Result 7Q10_high: Median T = 15.5 (N=7)
2026-07-22 13:27:53,344 - INFO - [storyline.analyze_storyline_discharge_extremes] -   Analyzing 7Q30_high for Extreme Models (summer, GWL 3.0)...
2026-07-22 13:27:53,349 - INFO - [storyline.analyze_storyline_discharge_extremes] -     -> Result 7Q30_high: Median T = 23.2 (N=6)
2026-07-22 13:27:53,349 - INFO - [storyline.analyze_storyline_discharge_extremes] -   Analyzing 30Q10_low for Extreme Models (summer, GWL 3.0)...
2026-07-22 13:27:53,355 - INFO - [storyline.analyze_storyline_discharge_extremes] -     -> Result 30Q10_low: Median T = 3.4 (N=10)
2026-07-22 13:27:53,355 - INFO - [storyline.analyze_storyline_discharge_extremes] -   Analyzing 30Q30_low for Extreme Models (summer, GWL 3.0)...
2026-07-22 13:27:53,360 - INFO - [storyline.analyze_storyline_discharge_extremes] -     -> Result 30Q30_low: Median T = 6.2 (N=10)
2026-07-22 13:27:53,360 - INFO - [storyline.analyze_storyline_discharge_extremes] -   Analyzing 30Q10_high for Extreme Models (summer, GWL 3.0)...
2026-07-22 13:27:53,366 - INFO - [storyline.analyze_storyline_discharge_extremes] -     -> Result 30Q10_high: Median T = 15.5 (N=6)
2026-07-22 13:27:53,366 - INFO - [storyline.analyze_storyline_discharge_extremes] -   Analyzing 30Q30_high for Extreme Models (summer, GWL 3.0)...
2026-07-22 13:27:53,372 - INFO - [storyline.analyze_storyline_discharge_extremes] -     -> Result 30Q30_high: Median T = 31.0 (N=5)
2026-07-22 13:27:53,372 - INFO - [storyline.analyze_storyline_discharge_extremes] -   Analyzing 7Q10_low for Non-Extreme Models (summer, GWL 3.0)...
2026-07-22 13:27:53,377 - INFO - [storyline.analyze_storyline_discharge_extremes] -     -> Result 7Q10_low: Median T = 31.0 (N=2)
2026-07-22 13:27:53,377 - INFO - [storyline.analyze_storyline_discharge_extremes] -   Analyzing 7Q30_low for Non-Extreme Models (summer, GWL 3.0)...
2026-07-22 13:27:53,383 - INFO - [storyline.analyze_storyline_discharge_extremes] -     -> Result 7Q30_low: Median T = nan (N=0)
2026-07-22 13:27:53,383 - INFO - [storyline.analyze_storyline_discharge_extremes] -   Analyzing 7Q10_high for Non-Extreme Models (summer, GWL 3.0)...
2026-07-22 13:27:53,388 - INFO - [storyline.analyze_storyline_discharge_extremes] -     -> Result 7Q10_high: Median T = 15.5 (N=10)
2026-07-22 13:27:53,388 - INFO - [storyline.analyze_storyline_discharge_extremes] -   Analyzing 7Q30_high for Non-Extreme Models (summer, GWL 3.0)...
2026-07-22 13:27:53,394 - INFO - [storyline.analyze_storyline_discharge_extremes] -     -> Result 7Q30_high: Median T = 15.5 (N=8)
2026-07-22 13:27:53,394 - INFO - [storyline.analyze_storyline_discharge_extremes] -   Analyzing 30Q10_low for Non-Extreme Models (summer, GWL 3.0)...
2026-07-22 13:27:53,399 - INFO - [storyline.analyze_storyline_discharge_extremes] -     -> Result 30Q10_low: Median T = 31.0 (N=4)
2026-07-22 13:27:53,400 - INFO - [storyline.analyze_storyline_discharge_extremes] -   Analyzing 30Q30_low for Non-Extreme Models (summer, GWL 3.0)...
2026-07-22 13:27:53,405 - INFO - [storyline.analyze_storyline_discharge_extremes] -     -> Result 30Q30_low: Median T = 31.0 (N=1)
2026-07-22 13:27:53,405 - INFO - [storyline.analyze_storyline_discharge_extremes] -   Analyzing 30Q10_high for Non-Extreme Models (summer, GWL 3.0)...
2026-07-22 13:27:53,411 - INFO - [storyline.analyze_storyline_discharge_extremes] -     -> Result 30Q10_high: Median T = 12.9 (N=10)
2026-07-22 13:27:53,411 - INFO - [storyline.analyze_storyline_discharge_extremes] -   Analyzing 30Q30_high for Non-Extreme Models (summer, GWL 3.0)...
2026-07-22 13:27:53,416 - INFO - [storyline.analyze_storyline_discharge_extremes] -     -> Result 30Q30_high: Median T = 15.5 (N=9)
2026-07-22 13:27:53,416 - INFO - [storyline.analyze_storyline_discharge_extremes] -   Analyzing 7Q10_low for MMM (full_year, GWL 3.0)...
2026-07-22 13:27:53,433 - INFO - [storyline.analyze_storyline_discharge_extremes] -     -> Result 7Q10_low: Median T = 5.3 (N=26)
2026-07-22 13:27:53,433 - INFO - [storyline.analyze_storyline_discharge_extremes] -   Analyzing 7Q30_low for MMM (full_year, GWL 3.0)...
2026-07-22 13:27:53,449 - INFO - [storyline.analyze_storyline_discharge_extremes] -     -> Result 7Q30_low: Median T = 15.5 (N=18)
2026-07-22 13:27:53,450 - INFO - [storyline.analyze_storyline_discharge_extremes] -   Analyzing 7Q10_high for MMM (full_year, GWL 3.0)...
2026-07-22 13:27:53,466 - INFO - [storyline.analyze_storyline_discharge_extremes] -     -> Result 7Q10_high: Median T = 10.3 (N=29)
2026-07-22 13:27:53,466 - INFO - [storyline.analyze_storyline_discharge_extremes] -   Analyzing 7Q30_high for MMM (full_year, GWL 3.0)...
2026-07-22 13:27:53,483 - INFO - [storyline.analyze_storyline_discharge_extremes] -     -> Result 7Q30_high: Median T = 15.5 (N=22)
2026-07-22 13:27:53,483 - INFO - [storyline.analyze_storyline_discharge_extremes] -   Analyzing 30Q10_low for MMM (full_year, GWL 3.0)...
2026-07-22 13:27:53,500 - INFO - [storyline.analyze_storyline_discharge_extremes] -     -> Result 30Q10_low: Median T = 4.4 (N=27)
2026-07-22 13:27:53,500 - INFO - [storyline.analyze_storyline_discharge_extremes] -   Analyzing 30Q30_low for MMM (full_year, GWL 3.0)...
2026-07-22 13:27:53,516 - INFO - [storyline.analyze_storyline_discharge_extremes] -     -> Result 30Q30_low: Median T = 15.5 (N=19)
2026-07-22 13:27:53,516 - INFO - [storyline.analyze_storyline_discharge_extremes] -   Analyzing 30Q10_high for MMM (full_year, GWL 3.0)...
2026-07-22 13:27:53,533 - INFO - [storyline.analyze_storyline_discharge_extremes] -     -> Result 30Q10_high: Median T = 7.8 (N=28)
2026-07-22 13:27:53,533 - INFO - [storyline.analyze_storyline_discharge_extremes] -   Analyzing 30Q30_high for MMM (full_year, GWL 3.0)...
2026-07-22 13:27:53,550 - INFO - [storyline.analyze_storyline_discharge_extremes] -     -> Result 30Q30_high: Median T = 15.5 (N=22)
2026-07-22 13:27:53,550 - INFO - [storyline.analyze_storyline_discharge_extremes] -   Analyzing 7Q10_low for Fast Jet & Northward Shift (full_year, GWL 3.0)...
2026-07-22 13:27:53,554 - INFO - [storyline.analyze_storyline_discharge_extremes] -     -> Result 7Q10_low: Median T = 3.9 (N=7)
2026-07-22 13:27:53,554 - INFO - [storyline.analyze_storyline_discharge_extremes] -   Analyzing 7Q30_low for Fast Jet & Northward Shift (full_year, GWL 3.0)...
2026-07-22 13:27:53,558 - INFO - [storyline.analyze_storyline_discharge_extremes] -     -> Result 7Q30_low: Median T = 10.3 (N=6)
2026-07-22 13:27:53,558 - INFO - [storyline.analyze_storyline_discharge_extremes] -   Analyzing 7Q10_high for Fast Jet & Northward Shift (full_year, GWL 3.0)...
2026-07-22 13:27:53,562 - INFO - [storyline.analyze_storyline_discharge_extremes] -     -> Result 7Q10_high: Median T = 10.3 (N=5)
2026-07-22 13:27:53,562 - INFO - [storyline.analyze_storyline_discharge_extremes] -   Analyzing 7Q30_high for Fast Jet & Northward Shift (full_year, GWL 3.0)...
2026-07-22 13:27:53,565 - INFO - [storyline.analyze_storyline_discharge_extremes] -     -> Result 7Q30_high: Median T = 15.5 (N=3)
2026-07-22 13:27:53,566 - INFO - [storyline.analyze_storyline_discharge_extremes] -   Analyzing 30Q10_low for Fast Jet & Northward Shift (full_year, GWL 3.0)...
2026-07-22 13:27:53,569 - INFO - [storyline.analyze_storyline_discharge_extremes] -     -> Result 30Q10_low: Median T = 4.4 (N=7)
2026-07-22 13:27:53,570 - INFO - [storyline.analyze_storyline_discharge_extremes] -   Analyzing 30Q30_low for Fast Jet & Northward Shift (full_year, GWL 3.0)...
2026-07-22 13:27:53,573 - INFO - [storyline.analyze_storyline_discharge_extremes] -     -> Result 30Q30_low: Median T = 4.4 (N=5)
2026-07-22 13:27:53,574 - INFO - [storyline.analyze_storyline_discharge_extremes] -   Analyzing 30Q10_high for Fast Jet & Northward Shift (full_year, GWL 3.0)...
2026-07-22 13:27:53,577 - INFO - [storyline.analyze_storyline_discharge_extremes] -     -> Result 30Q10_high: Median T = 15.5 (N=5)
2026-07-22 13:27:53,578 - INFO - [storyline.analyze_storyline_discharge_extremes] -   Analyzing 30Q30_high for Fast Jet & Northward Shift (full_year, GWL 3.0)...
2026-07-22 13:27:53,581 - INFO - [storyline.analyze_storyline_discharge_extremes] -     -> Result 30Q30_high: Median T = 31.0 (N=1)
2026-07-22 13:27:53,581 - INFO - [storyline.analyze_storyline_discharge_extremes] -   Analyzing 7Q10_low for Slow Jet & Northward Shift (full_year, GWL 3.0)...
2026-07-22 13:27:53,583 - INFO - [storyline.analyze_storyline_discharge_extremes] -     -> Result 7Q10_low: Median T = 18.6 (N=2)
2026-07-22 13:27:53,583 - INFO - [storyline.analyze_storyline_discharge_extremes] -   Analyzing 7Q30_low for Slow Jet & Northward Shift (full_year, GWL 3.0)...
2026-07-22 13:27:53,584 - INFO - [storyline.analyze_storyline_discharge_extremes] -     -> Result 7Q30_low: Median T = 31.0 (N=1)
2026-07-22 13:27:53,584 - INFO - [storyline.analyze_storyline_discharge_extremes] -   Analyzing 7Q10_high for Slow Jet & Northward Shift (full_year, GWL 3.0)...
2026-07-22 13:27:53,585 - INFO - [storyline.analyze_storyline_discharge_extremes] -     -> Result 7Q10_high: Median T = 4.8 (N=2)
2026-07-22 13:27:53,585 - INFO - [storyline.analyze_storyline_discharge_extremes] -   Analyzing 7Q30_high for Slow Jet & Northward Shift (full_year, GWL 3.0)...
2026-07-22 13:27:53,587 - INFO - [storyline.analyze_storyline_discharge_extremes] -     -> Result 7Q30_high: Median T = 7.4 (N=2)
2026-07-22 13:27:53,587 - INFO - [storyline.analyze_storyline_discharge_extremes] -   Analyzing 30Q10_low for Slow Jet & Northward Shift (full_year, GWL 3.0)...
2026-07-22 13:27:53,588 - INFO - [storyline.analyze_storyline_discharge_extremes] -     -> Result 30Q10_low: Median T = 17.7 (N=2)
2026-07-22 13:27:53,588 - INFO - [storyline.analyze_storyline_discharge_extremes] -   Analyzing 30Q30_low for Slow Jet & Northward Shift (full_year, GWL 3.0)...
2026-07-22 13:27:53,589 - INFO - [storyline.analyze_storyline_discharge_extremes] -     -> Result 30Q30_low: Median T = 15.5 (N=1)
2026-07-22 13:27:53,590 - INFO - [storyline.analyze_storyline_discharge_extremes] -   Analyzing 30Q10_high for Slow Jet & Northward Shift (full_year, GWL 3.0)...
2026-07-22 13:27:53,591 - INFO - [storyline.analyze_storyline_discharge_extremes] -     -> Result 30Q10_high: Median T = 4.5 (N=2)
2026-07-22 13:27:53,591 - INFO - [storyline.analyze_storyline_discharge_extremes] -   Analyzing 30Q30_high for Slow Jet & Northward Shift (full_year, GWL 3.0)...
2026-07-22 13:27:53,593 - INFO - [storyline.analyze_storyline_discharge_extremes] -     -> Result 30Q30_high: Median T = 6.5 (N=2)
2026-07-22 13:27:53,593 - INFO - [storyline.analyze_storyline_discharge_extremes] -   Analyzing 7Q10_low for Slow Jet & Southward Shift (full_year, GWL 3.0)...
2026-07-22 13:27:53,598 - INFO - [storyline.analyze_storyline_discharge_extremes] -     -> Result 7Q10_low: Median T = 7.8 (N=7)
2026-07-22 13:27:53,598 - INFO - [storyline.analyze_storyline_discharge_extremes] -   Analyzing 7Q30_low for Slow Jet & Southward Shift (full_year, GWL 3.0)...
2026-07-22 13:27:53,604 - INFO - [storyline.analyze_storyline_discharge_extremes] -     -> Result 7Q30_low: Median T = 31.0 (N=5)
2026-07-22 13:27:53,604 - INFO - [storyline.analyze_storyline_discharge_extremes] -   Analyzing 7Q10_high for Slow Jet & Southward Shift (full_year, GWL 3.0)...
2026-07-22 13:27:53,609 - INFO - [storyline.analyze_storyline_discharge_extremes] -     -> Result 7Q10_high: Median T = 10.3 (N=9)
2026-07-22 13:27:53,609 - INFO - [storyline.analyze_storyline_discharge_extremes] -   Analyzing 7Q30_high for Slow Jet & Southward Shift (full_year, GWL 3.0)...
2026-07-22 13:27:53,614 - INFO - [storyline.analyze_storyline_discharge_extremes] -     -> Result 7Q30_high: Median T = 15.5 (N=7)
2026-07-22 13:27:53,614 - INFO - [storyline.analyze_storyline_discharge_extremes] -   Analyzing 30Q10_low for Slow Jet & Southward Shift (full_year, GWL 3.0)...
2026-07-22 13:27:53,620 - INFO - [storyline.analyze_storyline_discharge_extremes] -     -> Result 30Q10_low: Median T = 7.8 (N=7)
2026-07-22 13:27:53,620 - INFO - [storyline.analyze_storyline_discharge_extremes] -   Analyzing 30Q30_low for Slow Jet & Southward Shift (full_year, GWL 3.0)...
2026-07-22 13:27:53,625 - INFO - [storyline.analyze_storyline_discharge_extremes] -     -> Result 30Q30_low: Median T = 31.0 (N=6)
2026-07-22 13:27:53,626 - INFO - [storyline.analyze_storyline_discharge_extremes] -   Analyzing 30Q10_high for Slow Jet & Southward Shift (full_year, GWL 3.0)...
2026-07-22 13:27:53,631 - INFO - [storyline.analyze_storyline_discharge_extremes] -     -> Result 30Q10_high: Median T = 7.8 (N=9)
2026-07-22 13:27:53,631 - INFO - [storyline.analyze_storyline_discharge_extremes] -   Analyzing 30Q30_high for Slow Jet & Southward Shift (full_year, GWL 3.0)...
2026-07-22 13:27:53,636 - INFO - [storyline.analyze_storyline_discharge_extremes] -     -> Result 30Q30_high: Median T = 15.5 (N=8)
2026-07-22 13:27:53,636 - INFO - [storyline.analyze_storyline_discharge_extremes] -   Analyzing 7Q10_low for Fast Jet & Southward Shift (full_year, GWL 3.0)...
2026-07-22 13:27:53,639 - INFO - [storyline.analyze_storyline_discharge_extremes] -     -> Result 7Q10_low: Median T = 3.3 (N=4)
2026-07-22 13:27:53,639 - INFO - [storyline.analyze_storyline_discharge_extremes] -   Analyzing 7Q30_low for Fast Jet & Southward Shift (full_year, GWL 3.0)...
2026-07-22 13:27:53,642 - INFO - [storyline.analyze_storyline_discharge_extremes] -     -> Result 7Q30_low: Median T = 8.3 (N=4)
2026-07-22 13:27:53,642 - INFO - [storyline.analyze_storyline_discharge_extremes] -   Analyzing 7Q10_high for Fast Jet & Southward Shift (full_year, GWL 3.0)...
2026-07-22 13:27:53,644 - INFO - [storyline.analyze_storyline_discharge_extremes] -     -> Result 7Q10_high: Median T = 12.9 (N=4)
2026-07-22 13:27:53,644 - INFO - [storyline.analyze_storyline_discharge_extremes] -   Analyzing 7Q30_high for Fast Jet & Southward Shift (full_year, GWL 3.0)...
2026-07-22 13:27:53,646 - INFO - [storyline.analyze_storyline_discharge_extremes] -     -> Result 7Q30_high: Median T = 15.5 (N=3)
2026-07-22 13:27:53,647 - INFO - [storyline.analyze_storyline_discharge_extremes] -   Analyzing 30Q10_low for Fast Jet & Southward Shift (full_year, GWL 3.0)...
2026-07-22 13:27:53,649 - INFO - [storyline.analyze_storyline_discharge_extremes] -     -> Result 30Q10_low: Median T = 3.4 (N=4)
2026-07-22 13:27:53,649 - INFO - [storyline.analyze_storyline_discharge_extremes] -   Analyzing 30Q30_low for Fast Jet & Southward Shift (full_year, GWL 3.0)...
2026-07-22 13:27:53,651 - INFO - [storyline.analyze_storyline_discharge_extremes] -     -> Result 30Q30_low: Median T = 9.0 (N=4)
2026-07-22 13:27:53,651 - INFO - [storyline.analyze_storyline_discharge_extremes] -   Analyzing 30Q10_high for Fast Jet & Southward Shift (full_year, GWL 3.0)...
2026-07-22 13:27:53,654 - INFO - [storyline.analyze_storyline_discharge_extremes] -     -> Result 30Q10_high: Median T = 19.4 (N=4)
2026-07-22 13:27:53,654 - INFO - [storyline.analyze_storyline_discharge_extremes] -   Analyzing 30Q30_high for Fast Jet & Southward Shift (full_year, GWL 3.0)...
2026-07-22 13:27:53,656 - INFO - [storyline.analyze_storyline_discharge_extremes] -     -> Result 30Q30_high: Median T = 31.0 (N=3)
2026-07-22 13:27:53,656 - INFO - [storyline.analyze_storyline_discharge_extremes] -   Analyzing 7Q10_low for Extreme Models (full_year, GWL 3.0)...
2026-07-22 13:27:53,662 - INFO - [storyline.analyze_storyline_discharge_extremes] -     -> Result 7Q10_low: Median T = 3.0 (N=10)
2026-07-22 13:27:53,662 - INFO - [storyline.analyze_storyline_discharge_extremes] -   Analyzing 7Q30_low for Extreme Models (full_year, GWL 3.0)...
2026-07-22 13:27:53,667 - INFO - [storyline.analyze_storyline_discharge_extremes] -     -> Result 7Q30_low: Median T = 5.7 (N=10)
2026-07-22 13:27:53,667 - INFO - [storyline.analyze_storyline_discharge_extremes] -   Analyzing 7Q10_high for Extreme Models (full_year, GWL 3.0)...
2026-07-22 13:27:53,673 - INFO - [storyline.analyze_storyline_discharge_extremes] -     -> Result 7Q10_high: Median T = 10.3 (N=9)
2026-07-22 13:27:53,673 - INFO - [storyline.analyze_storyline_discharge_extremes] -   Analyzing 7Q30_high for Extreme Models (full_year, GWL 3.0)...
2026-07-22 13:27:53,679 - INFO - [storyline.analyze_storyline_discharge_extremes] -     -> Result 7Q30_high: Median T = 15.5 (N=6)
2026-07-22 13:27:53,679 - INFO - [storyline.analyze_storyline_discharge_extremes] -   Analyzing 30Q10_low for Extreme Models (full_year, GWL 3.0)...
2026-07-22 13:27:53,684 - INFO - [storyline.analyze_storyline_discharge_extremes] -     -> Result 30Q10_low: Median T = 2.7 (N=10)
2026-07-22 13:27:53,684 - INFO - [storyline.analyze_storyline_discharge_extremes] -   Analyzing 30Q30_low for Extreme Models (full_year, GWL 3.0)...
2026-07-22 13:27:53,690 - INFO - [storyline.analyze_storyline_discharge_extremes] -     -> Result 30Q30_low: Median T = 6.5 (N=10)
2026-07-22 13:27:53,690 - INFO - [storyline.analyze_storyline_discharge_extremes] -   Analyzing 30Q10_high for Extreme Models (full_year, GWL 3.0)...
2026-07-22 13:27:53,695 - INFO - [storyline.analyze_storyline_discharge_extremes] -     -> Result 30Q10_high: Median T = 15.5 (N=9)
2026-07-22 13:27:53,695 - INFO - [storyline.analyze_storyline_discharge_extremes] -   Analyzing 30Q30_high for Extreme Models (full_year, GWL 3.0)...
2026-07-22 13:27:53,701 - INFO - [storyline.analyze_storyline_discharge_extremes] -     -> Result 30Q30_high: Median T = 23.2 (N=6)
2026-07-22 13:27:53,701 - INFO - [storyline.analyze_storyline_discharge_extremes] -   Analyzing 7Q10_low for Non-Extreme Models (full_year, GWL 3.0)...
2026-07-22 13:27:53,707 - INFO - [storyline.analyze_storyline_discharge_extremes] -     -> Result 7Q10_low: Median T = 31.0 (N=5)
2026-07-22 13:27:53,707 - INFO - [storyline.analyze_storyline_discharge_extremes] -   Analyzing 7Q30_low for Non-Extreme Models (full_year, GWL 3.0)...
2026-07-22 13:27:53,712 - INFO - [storyline.analyze_storyline_discharge_extremes] -     -> Result 7Q30_low: Median T = 31.0 (N=2)
2026-07-22 13:27:53,712 - INFO - [storyline.analyze_storyline_discharge_extremes] -   Analyzing 7Q10_high for Non-Extreme Models (full_year, GWL 3.0)...
2026-07-22 13:27:53,718 - INFO - [storyline.analyze_storyline_discharge_extremes] -     -> Result 7Q10_high: Median T = 5.7 (N=10)
2026-07-22 13:27:53,718 - INFO - [storyline.analyze_storyline_discharge_extremes] -   Analyzing 7Q30_high for Non-Extreme Models (full_year, GWL 3.0)...
2026-07-22 13:27:53,723 - INFO - [storyline.analyze_storyline_discharge_extremes] -     -> Result 7Q30_high: Median T = 15.5 (N=8)
2026-07-22 13:27:53,723 - INFO - [storyline.analyze_storyline_discharge_extremes] -   Analyzing 30Q10_low for Non-Extreme Models (full_year, GWL 3.0)...
2026-07-22 13:27:53,729 - INFO - [storyline.analyze_storyline_discharge_extremes] -     -> Result 30Q10_low: Median T = 31.0 (N=6)
2026-07-22 13:27:53,729 - INFO - [storyline.analyze_storyline_discharge_extremes] -   Analyzing 30Q30_low for Non-Extreme Models (full_year, GWL 3.0)...
2026-07-22 13:27:53,735 - INFO - [storyline.analyze_storyline_discharge_extremes] -     -> Result 30Q30_low: Median T = 31.0 (N=2)
2026-07-22 13:27:53,735 - INFO - [storyline.analyze_storyline_discharge_extremes] -   Analyzing 30Q10_high for Non-Extreme Models (full_year, GWL 3.0)...
2026-07-22 13:27:53,740 - INFO - [storyline.analyze_storyline_discharge_extremes] -     -> Result 30Q10_high: Median T = 7.0 (N=10)
2026-07-22 13:27:53,740 - INFO - [storyline.analyze_storyline_discharge_extremes] -   Analyzing 30Q30_high for Non-Extreme Models (full_year, GWL 3.0)...
2026-07-22 13:27:53,746 - INFO - [storyline.analyze_storyline_discharge_extremes] -     -> Result 30Q30_high: Median T = 15.5 (N=9)
2026-07-22 13:27:53,746 - INFO - [visualization.plot_storyline_return_period_half_year] - Plotting POOLED GEV return period (6-row, 9-col, Full-Year-MMM) for ssp585...
2026-07-22 13:27:55,352 - INFO - [visualization.plot_storyline_return_period_half_year] - Applying shared column X-limits (Low-Flow and High-Flow separately)...
2026-07-22 13:27:59,137 - INFO - [visualization.plot_storyline_return_period_half_year] - Saved REORGANIZED return period plot (6-row, Empirical, Full-Year-MMM) to /nas/home/vlw/Desktop/STREAM/paper1-plots/storyline_discharge_return_period_BY_EVENT_ssp585.png
2026-07-22 13:27:59,138 - INFO - [visualization.plot_historical_seasonal_verification] - Plotting seasonal verification bar chart (Historical + Future GWLs)...
2026-07-22 13:27:59,853 - INFO - [visualization.plot_historical_seasonal_verification] - Saved seasonal verification plot to /nas/home/vlw/Desktop/STREAM/paper1-plots/historical_seasonal_verification_ssp585.png
2026-07-22 13:27:59,853 - INFO - [visualization.plot_core_finding_gev_panel] - Plotting Figure 3 (Core Finding Empirical Panel) with BROKEN AXIS for ssp585...
2026-07-22 13:28:00,331 - INFO - [visualization.plot_core_finding_gev_panel] - Saved Figure 3 to /nas/home/vlw/Desktop/STREAM/paper1-plots/Figure3_core_finding_regime_shift_ssp585.png
2026-07-22 13:28:00,331 - INFO - [visualization.plot_final_figure_2_shift_and_verification] - Plotting Final Figure 2 (Combined Shift and Verification) for ssp585...
2026-07-22 13:28:01,732 - INFO - [visualization.plot_final_figure_2_shift_and_verification] - Saved Final Figure 2 to /nas/home/vlw/Desktop/STREAM/paper1-plots/final_figure_2_regime_shift_and_verification_ssp585.png and /nas/home/vlw/Desktop/STREAM/paper1-plots/final_figure_2_regime_shift_and_verification_ssp585.pdf
2026-07-22 13:28:01,732 - INFO - [main.run_full_analysis] - Discharge extreme events plot not found or requested to recreate. Creating...
2026-07-22 13:28:01,733 - INFO - [visualization.plot_discharge_events_extreme_timeseries] - Plotting extreme discharge events timeseries for ssp585...
2026-07-22 13:28:02,281 - INFO - [visualization.plot_discharge_events_extreme_timeseries] - Saved extreme discharge events timeseries plot to /nas/home/vlw/Desktop/STREAM/paper1-plots/storyline_discharge_events_extremes_ssp585.png
2026-07-22 13:28:02,282 - INFO - [main.run_full_analysis] - Z500 composite plot for GWL 2.0, Winter already exists.
2026-07-22 13:28:02,282 - INFO - [main.run_full_analysis] - Z500 composite plot for GWL 2.0, Summer already exists.
2026-07-22 13:28:02,283 - INFO - [main.run_full_analysis] - Z500 composite plot for GWL 3.0, Winter already exists.
2026-07-22 13:28:02,283 - INFO - [main.run_full_analysis] - Z500 composite plot for GWL 3.0, Summer already exists.
2026-07-22 13:28:02,283 - INFO - [main.run_full_analysis] - PSL composite plot for GWL 2.0, Winter already exists.
2026-07-22 13:28:02,284 - INFO - [main.run_full_analysis] - PSL composite plot for GWL 2.0, Summer already exists.
2026-07-22 13:28:02,285 - INFO - [main.run_full_analysis] - PSL composite plot for GWL 3.0, Winter already exists.
2026-07-22 13:28:02,285 - INFO - [main.run_full_analysis] - PSL composite plot for GWL 3.0, Summer already exists.
2026-07-22 13:28:02,286 - INFO - [main.run_full_analysis] - PR composite plots already exist, but calculating data for missing Final Figure 4...
2026-07-22 13:28:02,286 - INFO - [storyline.calculate_pr_composites_for_extremes] - Calculating PR composites for event '30Q10_low' at GWL +2.0°C, Season=Winter (Top/Bottom 12 models)...
2026-07-22 13:28:02,286 - INFO - [storyline.calculate_pr_composites_for_extremes] - [PR DEBUG] Keys for ACCESS-CM2_ssp585: ['1Q_low_winter', '1Q_high_winter', '7Q_low_winter', '7Q_high_winter', '30Q_low_winter', '30Q_high_winter', '1Q_low_summer', '1Q_high_summer', '7Q_low_summer', '7Q_high_summer', '30Q_low_summer', '30Q_high_summer', '1Q_low_full_year', '1Q_high_full_year', '7Q_low_full_year', '7Q_high_full_year', '30Q_low_full_year', '30Q_high_full_year', 'Mar_discharge', 'Apr_discharge', 'May_discharge', 'Sep_discharge', 'Oct_discharge', 'Nov_discharge', 'DJF_JetSpeed', 'DJF_JetLat', 'DJF_pr', 'DJF_tas', 'DJF_discharge', 'JJA_JetSpeed', 'JJA_JetLat', 'JJA_pr', 'JJA_tas', 'JJA_discharge', 'Hydro_Winter_JetSpeed', 'Hydro_Winter_JetLat', 'Hydro_Summer_JetSpeed', 'Hydro_Summer_JetLat', 'Annual_tas', 'Annual_pr', 'Annual_discharge', 'Annual_spei']
2026-07-22 13:28:02,305 - INFO - [storyline.calculate_pr_composites_for_extremes] -   Calculated Return Periods for 31 models.
2026-07-22 13:28:02,329 - INFO - [storyline.calculate_pr_composites_for_extremes] -   PR Extreme Models (Shortest T): ['BCC-CSM2-MR_ssp585', 'CESM2_ssp585', 'CNRM-CM6-1_ssp585', 'CNRM-CM6-1-HR_ssp585', 'ACCESS-ESM1-5_ssp585', 'CMCC-ESM2_ssp585', 'MPI-ESM1-2-HR_ssp585', 'HadGEM3-GC31-LL_ssp585', 'HadGEM3-GC31-MM_ssp585', 'INM-CM5-0_ssp585']
2026-07-22 13:28:02,329 - INFO - [storyline.calculate_pr_composites_for_extremes] -   PR Non-Extreme Models (Longest T): ['EC-Earth3-CC_ssp585', 'IPSL-CM6A-LR_ssp585', 'MRI-ESM2-0_ssp585', 'UKESM1-0-LL_ssp585', 'E3SM-1-0_ssp585', 'EC-Earth3-Veg-LR_ssp585', 'GFDL-ESM4_ssp585', 'INM-CM4-8_ssp585', 'MIROC-ES2L_ssp585', 'MIROC6_ssp585']
2026-07-22 13:28:02,473 - INFO - [storyline.find_cmip6_pr_file] - Including non-standard file to fill gap: pr_Amon_CESM2_ssp585_r4i1p1f1_gn_20150115-21001215_regridded.nc
2026-07-22 13:28:02,607 - INFO - [storyline.find_cmip6_pr_file] - Including non-standard file to fill gap: pr_Amon_CNRM-CM6-1_ssp585_r1i1p1f2_gr_20150116-21001216_regridded.nc
2026-07-22 13:28:02,741 - INFO - [storyline.find_cmip6_pr_file] - Including non-standard file to fill gap: pr_Amon_CNRM-CM6-1-HR_ssp585_r1i1p1f2_gr_20150116-21001216_regridded.nc
2026-07-22 13:28:03,851 - INFO - [storyline.find_cmip6_pr_file] - Including non-standard file to fill gap: pr_Amon_HadGEM3-GC31-LL_ssp585_r1i1p1f3_gn_20150116-21001216_regridded.nc
2026-07-22 13:28:03,970 - INFO - [storyline.find_cmip6_pr_file] - Including non-standard file to fill gap: pr_Amon_HadGEM3-GC31-MM_ssp585_r1i1p1f3_gn_20150116-21001216_regridded.nc
2026-07-22 13:28:04,247 - WARNING - [storyline.find_cmip6_pr_file] - Excluding overlapping non-standard file: pr_Amon_EC-Earth3-CC_ssp585_r1i1p1f1_gr_20260116-21001216_regridded.nc
2026-07-22 13:28:05,098 - INFO - [storyline.find_cmip6_pr_file] - Including non-standard file to fill gap: pr_Amon_MRI-ESM2-0_ssp585_r1i1p1f1_gn_20150116-23001216_regridded.nc
2026-07-22 13:28:05,239 - INFO - [storyline.find_cmip6_pr_file] - Including non-standard file to fill gap: pr_Amon_UKESM1-0-LL_ssp585_r1i1p1f2_gn_20150116-21001216_regridded.nc
2026-07-22 13:28:05,559 - WARNING - [storyline.find_cmip6_pr_file] - Excluding overlapping non-standard file: pr_Amon_EC-Earth3-Veg-LR_ssp585_r1i1p1f1_gr_20420116-21001216_regridded.nc
2026-07-22 13:28:06,557 - INFO - [storyline.find_cmip6_pr_file] - Including non-standard file to fill gap: pr_Amon_MIROC-ES2L_ssp585_r1i1p1f2_gn_20150116-21001216_regridded.nc
2026-07-22 13:28:06,838 - INFO - [storyline.find_cmip6_pr_historical_file] - Selected historical PR member 'r1i1p1f1' for BCC-CSM2-MR from available: ['r1i1p1f1']
2026-07-22 13:28:07,041 - INFO - [storyline.find_cmip6_pr_historical_file] - Selected historical PR member 'r1i1p1f1' for CESM2 from available: ['r1i1p1f1']
2026-07-22 13:28:07,249 - INFO - [storyline.find_cmip6_pr_historical_file] - Selected historical PR member 'r1i1p1f2' for CNRM-CM6-1 from available: ['r1i1p1f2']
2026-07-22 13:28:07,249 - INFO - [storyline.find_cmip6_pr_historical_file] - Including non-standard historical PR file to fill gap: pr_Amon_CNRM-CM6-1_historical_r1i1p1f2_gr_18500116-20141216_regridded.nc
2026-07-22 13:28:07,458 - INFO - [storyline.find_cmip6_pr_historical_file] - Selected historical PR member 'r1i1p1f2' for CNRM-CM6-1-HR from available: ['r1i1p1f2']
2026-07-22 13:28:07,458 - INFO - [storyline.find_cmip6_pr_historical_file] - Including non-standard historical PR file to fill gap: pr_Amon_CNRM-CM6-1-HR_historical_r1i1p1f2_gr_18500116-20100916_regridded.nc
2026-07-22 13:28:07,458 - INFO - [storyline.find_cmip6_pr_historical_file] - Including non-standard historical PR file to fill gap: pr_Amon_CNRM-CM6-1-HR_historical_r1i1p1f2_gr_20101016-20141216_regridded.nc
2026-07-22 13:28:07,693 - INFO - [storyline.find_cmip6_pr_historical_file] - Selected historical PR member 'r1i1p1f1' for ACCESS-ESM1-5 from available: ['r1i1p1f1']
2026-07-22 13:28:07,896 - INFO - [storyline.find_cmip6_pr_historical_file] - Selected historical PR member 'r1i1p1f1' for CMCC-ESM2 from available: ['r1i1p1f1']
2026-07-22 13:28:08,105 - INFO - [storyline.find_cmip6_pr_historical_file] - Selected historical PR member 'r1i1p1f1' for MPI-ESM1-2-HR from available: ['r1i1p1f1']
2026-07-22 13:28:08,106 - INFO - [storyline.find_cmip6_pr_historical_file] - Including non-standard historical PR file to fill gap: pr_Amon_MPI-ESM1-2-HR_historical_r1i1p1f1_gn_19000116-19041216_regridded.nc
2026-07-22 13:28:08,590 - INFO - [storyline.find_cmip6_pr_historical_file] - Selected historical PR member 'r1i1p1f3' for HadGEM3-GC31-LL from available: ['r1i1p1f3']
2026-07-22 13:28:08,590 - INFO - [storyline.find_cmip6_pr_historical_file] - Including non-standard historical PR file to fill gap: pr_Amon_HadGEM3-GC31-LL_historical_r1i1p1f3_gn_18500116-20141216_regridded.nc
2026-07-22 13:28:08,789 - INFO - [storyline.find_cmip6_pr_historical_file] - Selected historical PR member 'r1i1p1f3' for HadGEM3-GC31-MM from available: ['r1i1p1f3']
2026-07-22 13:28:08,789 - INFO - [storyline.find_cmip6_pr_historical_file] - Including non-standard historical PR file to fill gap: pr_Amon_HadGEM3-GC31-MM_historical_r1i1p1f3_gn_18500116-20141216_regridded.nc
2026-07-22 13:28:08,997 - INFO - [storyline.find_cmip6_pr_historical_file] - Selected historical PR member 'r1i1p1f1' for INM-CM5-0 from available: ['r1i1p1f1']
2026-07-22 13:28:09,253 - INFO - [storyline.find_cmip6_pr_historical_file] - Selected historical PR member 'r1i1p1f1' for EC-Earth3-CC from available: ['r1i1p1f1']
2026-07-22 13:28:11,066 - INFO - [storyline.find_cmip6_pr_historical_file] - Selected historical PR member 'r1i1p1f1' for IPSL-CM6A-LR from available: ['r1i1p1f1']
2026-07-22 13:28:11,252 - INFO - [storyline.find_cmip6_pr_historical_file] - Selected historical PR member 'r1i1p1f1' for MRI-ESM2-0 from available: ['r1i1p1f1']
2026-07-22 13:28:11,252 - INFO - [storyline.find_cmip6_pr_historical_file] - Including non-standard historical PR file to fill gap: pr_Amon_MRI-ESM2-0_historical_r1i1p1f1_gn_18500116-20141216_regridded.nc
2026-07-22 13:28:11,456 - INFO - [storyline.find_cmip6_pr_historical_file] - Selected historical PR member 'r1i1p1f2' for UKESM1-0-LL from available: ['r13i1p1f2', 'r1i1p1f2']
2026-07-22 13:28:11,456 - INFO - [storyline.find_cmip6_pr_historical_file] - Including non-standard historical PR file to fill gap: pr_Amon_UKESM1-0-LL_historical_r1i1p1f2_gn_18500116-20141216_regridded.nc
2026-07-22 13:28:11,802 - INFO - [storyline.find_cmip6_pr_historical_file] - Selected historical PR member 'r1i1p1f1' for E3SM-1-0 from available: ['r1i1p1f1']
2026-07-22 13:28:12,096 - INFO - [storyline.find_cmip6_pr_historical_file] - Selected historical PR member 'r1i1p1f1' for EC-Earth3-Veg-LR from available: ['r1i1p1f1']
2026-07-22 13:28:13,479 - INFO - [storyline.find_cmip6_pr_historical_file] - Selected historical PR member 'r1i1p1f1' for GFDL-ESM4 from available: ['r1i1p1f1']
2026-07-22 13:28:13,480 - INFO - [storyline.find_cmip6_pr_historical_file] - Including non-standard historical PR file to fill gap: pr_Amon_GFDL-ESM4_historical_r1i1p1f1_gr1_18500116-20141216_regridded.nc
2026-07-22 13:28:13,663 - INFO - [storyline.find_cmip6_pr_historical_file] - Selected historical PR member 'r1i1p1f1' for INM-CM4-8 from available: ['r1i1p1f1']
2026-07-22 13:28:13,921 - INFO - [storyline.find_cmip6_pr_historical_file] - Selected historical PR member 'r1i1p1f2' for MIROC-ES2L from available: ['r1i1p1f2']
2026-07-22 13:28:13,922 - INFO - [storyline.find_cmip6_pr_historical_file] - Including non-standard historical PR file to fill gap: pr_Amon_MIROC-ES2L_historical_r1i1p1f2_gn_18500116-20141216_regridded.nc
2026-07-22 13:28:14,130 - INFO - [storyline.find_cmip6_pr_historical_file] - Selected historical PR member 'r1i1p1f1' for MIROC6 from available: ['r1i1p1f1']
2026-07-22 13:28:14,382 - INFO - [storyline.find_cmip6_pr_historical_file] - Selected historical PR member 'r1i1p1f1' for ACCESS-CM2 from available: ['r1i1p1f1']
2026-07-22 13:28:14,587 - INFO - [storyline.find_cmip6_pr_historical_file] - Selected historical PR member 'r1i1p1f1' for ACCESS-ESM1-5 from available: ['r1i1p1f1']
2026-07-22 13:28:14,798 - INFO - [storyline.find_cmip6_pr_historical_file] - Selected historical PR member 'r1i1p1f1' for BCC-CSM2-MR from available: ['r1i1p1f1']
2026-07-22 13:28:15,011 - INFO - [storyline.find_cmip6_pr_historical_file] - Selected historical PR member 'r1i1p1f1' for CESM2 from available: ['r1i1p1f1']
2026-07-22 13:28:15,222 - INFO - [storyline.find_cmip6_pr_historical_file] - Selected historical PR member 'r1i1p1f1' for CESM2-WACCM from available: ['r1i1p1f1']
2026-07-22 13:28:15,430 - INFO - [storyline.find_cmip6_pr_historical_file] - Selected historical PR member 'r1i1p1f1' for CMCC-CM2-SR5 from available: ['r1i1p1f1']
2026-07-22 13:28:15,648 - INFO - [storyline.find_cmip6_pr_historical_file] - Selected historical PR member 'r1i1p1f1' for CMCC-ESM2 from available: ['r1i1p1f1']
2026-07-22 13:28:15,854 - INFO - [storyline.find_cmip6_pr_historical_file] - Selected historical PR member 'r1i1p1f2' for CNRM-CM6-1-HR from available: ['r1i1p1f2']
2026-07-22 13:28:15,855 - INFO - [storyline.find_cmip6_pr_historical_file] - Including non-standard historical PR file to fill gap: pr_Amon_CNRM-CM6-1-HR_historical_r1i1p1f2_gr_18500116-20100916_regridded.nc
2026-07-22 13:28:15,855 - INFO - [storyline.find_cmip6_pr_historical_file] - Including non-standard historical PR file to fill gap: pr_Amon_CNRM-CM6-1-HR_historical_r1i1p1f2_gr_20101016-20141216_regridded.nc
2026-07-22 13:28:16,110 - INFO - [storyline.find_cmip6_pr_historical_file] - Selected historical PR member 'r1i1p1f2' for CNRM-CM6-1 from available: ['r1i1p1f2']
2026-07-22 13:28:16,110 - INFO - [storyline.find_cmip6_pr_historical_file] - Including non-standard historical PR file to fill gap: pr_Amon_CNRM-CM6-1_historical_r1i1p1f2_gr_18500116-20141216_regridded.nc
2026-07-22 13:28:16,566 - INFO - [storyline.find_cmip6_pr_historical_file] - Selected historical PR member 'r1i1p1f2' for CNRM-ESM2-1 from available: ['r1i1p1f2']
2026-07-22 13:28:16,567 - INFO - [storyline.find_cmip6_pr_historical_file] - Including non-standard historical PR file to fill gap: pr_Amon_CNRM-ESM2-1_historical_r1i1p1f2_gr_18500116-20141216_regridded.nc
2026-07-22 13:28:16,775 - INFO - [storyline.find_cmip6_pr_historical_file] - Selected historical PR member 'r1i1p1f1' for CanESM5 from available: ['r1i1p1f1']
2026-07-22 13:28:16,979 - INFO - [storyline.find_cmip6_pr_historical_file] - Selected historical PR member 'r1i1p1f1' for E3SM-1-0 from available: ['r1i1p1f1']
2026-07-22 13:28:17,263 - INFO - [storyline.find_cmip6_pr_historical_file] - Selected historical PR member 'r1i1p1f1' for EC-Earth3-CC from available: ['r1i1p1f1']
2026-07-22 13:28:18,528 - INFO - [storyline.find_cmip6_pr_historical_file] - Selected historical PR member 'r1i1p1f1' for EC-Earth3-Veg-LR from available: ['r1i1p1f1']
2026-07-22 13:28:19,743 - INFO - [storyline.find_cmip6_pr_historical_file] - Selected historical PR member 'r1i1p1f1' for EC-Earth3 from available: ['r1i1p1f1']
2026-07-22 13:28:21,058 - INFO - [storyline.find_cmip6_pr_historical_file] - Selected historical PR member 'r1i1p1f1' for GFDL-ESM4 from available: ['r1i1p1f1']
2026-07-22 13:28:21,059 - INFO - [storyline.find_cmip6_pr_historical_file] - Including non-standard historical PR file to fill gap: pr_Amon_GFDL-ESM4_historical_r1i1p1f1_gr1_18500116-20141216_regridded.nc
2026-07-22 13:28:21,237 - INFO - [storyline.find_cmip6_pr_historical_file] - Selected historical PR member 'r1i1p1f3' for HadGEM3-GC31-LL from available: ['r1i1p1f3']
2026-07-22 13:28:21,237 - INFO - [storyline.find_cmip6_pr_historical_file] - Including non-standard historical PR file to fill gap: pr_Amon_HadGEM3-GC31-LL_historical_r1i1p1f3_gn_18500116-20141216_regridded.nc
2026-07-22 13:28:21,683 - INFO - [storyline.find_cmip6_pr_historical_file] - Selected historical PR member 'r1i1p1f3' for HadGEM3-GC31-MM from available: ['r1i1p1f3']
2026-07-22 13:28:21,683 - INFO - [storyline.find_cmip6_pr_historical_file] - Including non-standard historical PR file to fill gap: pr_Amon_HadGEM3-GC31-MM_historical_r1i1p1f3_gn_18500116-20141216_regridded.nc
2026-07-22 13:28:21,887 - INFO - [storyline.find_cmip6_pr_historical_file] - Selected historical PR member 'r1i1p1f1' for IITM-ESM from available: ['r1i1p1f1']
2026-07-22 13:28:22,248 - INFO - [storyline.find_cmip6_pr_historical_file] - Selected historical PR member 'r1i1p1f1' for INM-CM4-8 from available: ['r1i1p1f1']
2026-07-22 13:28:22,490 - INFO - [storyline.find_cmip6_pr_historical_file] - Selected historical PR member 'r1i1p1f1' for INM-CM5-0 from available: ['r1i1p1f1']
2026-07-22 13:28:22,729 - INFO - [storyline.find_cmip6_pr_historical_file] - Selected historical PR member 'r1i1p1f1' for IPSL-CM6A-LR from available: ['r1i1p1f1']
2026-07-22 13:28:22,949 - INFO - [storyline.find_cmip6_pr_historical_file] - Selected historical PR member 'r1i1p1f1' for KACE-1-0-G from available: ['r1i1p1f1']
2026-07-22 13:28:23,160 - INFO - [storyline.find_cmip6_pr_historical_file] - Selected historical PR member 'r1i1p1f1' for KIOST-ESM from available: ['r1i1p1f1']
2026-07-22 13:28:23,367 - INFO - [storyline.find_cmip6_pr_historical_file] - Selected historical PR member 'r1i1p1f2' for MIROC-ES2L from available: ['r1i1p1f2']
2026-07-22 13:28:23,367 - INFO - [storyline.find_cmip6_pr_historical_file] - Including non-standard historical PR file to fill gap: pr_Amon_MIROC-ES2L_historical_r1i1p1f2_gn_18500116-20141216_regridded.nc
2026-07-22 13:28:23,574 - INFO - [storyline.find_cmip6_pr_historical_file] - Selected historical PR member 'r1i1p1f1' for MIROC6 from available: ['r1i1p1f1']
2026-07-22 13:28:23,814 - INFO - [storyline.find_cmip6_pr_historical_file] - Selected historical PR member 'r1i1p1f1' for MPI-ESM1-2-HR from available: ['r1i1p1f1']
2026-07-22 13:28:23,815 - INFO - [storyline.find_cmip6_pr_historical_file] - Including non-standard historical PR file to fill gap: pr_Amon_MPI-ESM1-2-HR_historical_r1i1p1f1_gn_19000116-19041216_regridded.nc
2026-07-22 13:28:24,280 - INFO - [storyline.find_cmip6_pr_historical_file] - Selected historical PR member 'r1i1p1f1' for MPI-ESM1-2-LR from available: ['r1i1p1f1']
2026-07-22 13:28:24,550 - INFO - [storyline.find_cmip6_pr_historical_file] - Selected historical PR member 'r1i1p1f1' for MRI-ESM2-0 from available: ['r1i1p1f1']
2026-07-22 13:28:24,550 - INFO - [storyline.find_cmip6_pr_historical_file] - Including non-standard historical PR file to fill gap: pr_Amon_MRI-ESM2-0_historical_r1i1p1f1_gn_18500116-20141216_regridded.nc
2026-07-22 13:28:24,744 - INFO - [storyline.find_cmip6_pr_historical_file] - Selected historical PR member 'r1i1p1f1' for NorESM2-MM from available: ['r1i1p1f1']
2026-07-22 13:28:25,096 - INFO - [storyline.find_cmip6_pr_historical_file] - Selected historical PR member 'r1i1p1f2' for UKESM1-0-LL from available: ['r13i1p1f2', 'r1i1p1f2']
2026-07-22 13:28:25,096 - INFO - [storyline.find_cmip6_pr_historical_file] - Including non-standard historical PR file to fill gap: pr_Amon_UKESM1-0-LL_historical_r1i1p1f2_gn_18500116-20141216_regridded.nc
2026-07-22 13:28:25,305 - INFO - [storyline.calculate_pr_composites_for_extremes] -   PR Future Extreme Models (N=10): ['BCC-CSM2-MR_ssp585', 'CESM2_ssp585', 'CNRM-CM6-1_ssp585', 'CNRM-CM6-1-HR_ssp585', 'ACCESS-ESM1-5_ssp585', 'CMCC-ESM2_ssp585', 'MPI-ESM1-2-HR_ssp585', 'HadGEM3-GC31-LL_ssp585', 'HadGEM3-GC31-MM_ssp585', 'INM-CM5-0_ssp585']
2026-07-22 13:28:25,305 - INFO - [storyline.calculate_pr_composites_for_extremes] -   PR Future Non-Extreme Models (N=10): ['EC-Earth3-CC_ssp585', 'IPSL-CM6A-LR_ssp585', 'MRI-ESM2-0_ssp585', 'UKESM1-0-LL_ssp585', 'E3SM-1-0_ssp585', 'EC-Earth3-Veg-LR_ssp585', 'GFDL-ESM4_ssp585', 'INM-CM4-8_ssp585', 'MIROC-ES2L_ssp585', 'MIROC6_ssp585']
2026-07-22 13:28:25,306 - INFO - [storyline.calculate_pr_composites_for_extremes] -   PR Historical Extreme Models (N=10): ['BCC-CSM2-MR_ssp585', 'CESM2_ssp585', 'CNRM-CM6-1_ssp585', 'CNRM-CM6-1-HR_ssp585', 'ACCESS-ESM1-5_ssp585', 'CMCC-ESM2_ssp585', 'MPI-ESM1-2-HR_ssp585', 'HadGEM3-GC31-LL_ssp585', 'HadGEM3-GC31-MM_ssp585', 'INM-CM5-0_ssp585']
2026-07-22 13:28:25,306 - INFO - [storyline.calculate_pr_composites_for_extremes] -   PR Historical Non-Extreme Models (N=10): ['EC-Earth3-CC_ssp585', 'IPSL-CM6A-LR_ssp585', 'MRI-ESM2-0_ssp585', 'UKESM1-0-LL_ssp585', 'E3SM-1-0_ssp585', 'EC-Earth3-Veg-LR_ssp585', 'GFDL-ESM4_ssp585', 'INM-CM4-8_ssp585', 'MIROC-ES2L_ssp585', 'MIROC6_ssp585']
2026-07-22 13:28:25,894 - INFO - [main.run_full_analysis] - PR composite plots already exist, but calculating data for missing Final Figure 4...
2026-07-22 13:28:25,894 - INFO - [storyline.calculate_pr_composites_for_extremes] - Calculating PR composites for event '30Q10_low' at GWL +2.0°C, Season=Summer (Top/Bottom 12 models)...
2026-07-22 13:28:25,894 - INFO - [storyline.calculate_pr_composites_for_extremes] - [PR DEBUG] Keys for ACCESS-CM2_ssp585: ['1Q_low_winter', '1Q_high_winter', '7Q_low_winter', '7Q_high_winter', '30Q_low_winter', '30Q_high_winter', '1Q_low_summer', '1Q_high_summer', '7Q_low_summer', '7Q_high_summer', '30Q_low_summer', '30Q_high_summer', '1Q_low_full_year', '1Q_high_full_year', '7Q_low_full_year', '7Q_high_full_year', '30Q_low_full_year', '30Q_high_full_year', 'Mar_discharge', 'Apr_discharge', 'May_discharge', 'Sep_discharge', 'Oct_discharge', 'Nov_discharge', 'DJF_JetSpeed', 'DJF_JetLat', 'DJF_pr', 'DJF_tas', 'DJF_discharge', 'JJA_JetSpeed', 'JJA_JetLat', 'JJA_pr', 'JJA_tas', 'JJA_discharge', 'Hydro_Winter_JetSpeed', 'Hydro_Winter_JetLat', 'Hydro_Summer_JetSpeed', 'Hydro_Summer_JetLat', 'Annual_tas', 'Annual_pr', 'Annual_discharge', 'Annual_spei']
2026-07-22 13:28:25,912 - INFO - [storyline.calculate_pr_composites_for_extremes] -   Calculated Return Periods for 31 models.
2026-07-22 13:28:25,936 - INFO - [storyline.calculate_pr_composites_for_extremes] -   PR Extreme Models (Shortest T): ['BCC-CSM2-MR_ssp585', 'CNRM-CM6-1_ssp585', 'CESM2_ssp585', 'CNRM-CM6-1-HR_ssp585', 'MPI-ESM1-2-HR_ssp585', 'NorESM2-MM_ssp585', 'ACCESS-ESM1-5_ssp585', 'CMCC-ESM2_ssp585', 'CMCC-CM2-SR5_ssp585', 'INM-CM5-0_ssp585']
2026-07-22 13:28:25,936 - INFO - [storyline.calculate_pr_composites_for_extremes] -   PR Non-Extreme Models (Longest T): ['E3SM-1-0_ssp585', 'EC-Earth3_ssp585', 'GFDL-ESM4_ssp585', 'HadGEM3-GC31-LL_ssp585', 'IITM-ESM_ssp585', 'IPSL-CM6A-LR_ssp585', 'MIROC-ES2L_ssp585', 'MIROC6_ssp585', 'MPI-ESM1-2-LR_ssp585', 'MRI-ESM2-0_ssp585']
2026-07-22 13:28:26,037 - INFO - [storyline.find_cmip6_pr_file] - Including non-standard file to fill gap: pr_Amon_CNRM-CM6-1_ssp585_r1i1p1f2_gr_20150116-21001216_regridded.nc
2026-07-22 13:28:26,156 - INFO - [storyline.find_cmip6_pr_file] - Including non-standard file to fill gap: pr_Amon_CESM2_ssp585_r4i1p1f1_gn_20150115-21001215_regridded.nc
2026-07-22 13:28:26,283 - INFO - [storyline.find_cmip6_pr_file] - Including non-standard file to fill gap: pr_Amon_CNRM-CM6-1-HR_ssp585_r1i1p1f2_gr_20150116-21001216_regridded.nc
2026-07-22 13:28:28,836 - INFO - [storyline.find_cmip6_pr_file] - Including non-standard file to fill gap: pr_Amon_HadGEM3-GC31-LL_ssp585_r1i1p1f3_gn_20150116-21001216_regridded.nc
2026-07-22 13:28:29,317 - INFO - [storyline.find_cmip6_pr_file] - Including non-standard file to fill gap: pr_Amon_MIROC-ES2L_ssp585_r1i1p1f2_gn_20150116-21001216_regridded.nc
2026-07-22 13:28:29,766 - INFO - [storyline.find_cmip6_pr_file] - Including non-standard file to fill gap: pr_Amon_MRI-ESM2-0_ssp585_r1i1p1f1_gn_20150116-23001216_regridded.nc
2026-07-22 13:28:29,908 - INFO - [storyline.find_cmip6_pr_historical_file] - Selected historical PR member 'r1i1p1f1' for BCC-CSM2-MR from available: ['r1i1p1f1']
2026-07-22 13:28:30,107 - INFO - [storyline.find_cmip6_pr_historical_file] - Selected historical PR member 'r1i1p1f2' for CNRM-CM6-1 from available: ['r1i1p1f2']
2026-07-22 13:28:30,108 - INFO - [storyline.find_cmip6_pr_historical_file] - Including non-standard historical PR file to fill gap: pr_Amon_CNRM-CM6-1_historical_r1i1p1f2_gr_18500116-20141216_regridded.nc
2026-07-22 13:28:30,314 - INFO - [storyline.find_cmip6_pr_historical_file] - Selected historical PR member 'r1i1p1f1' for CESM2 from available: ['r1i1p1f1']
2026-07-22 13:28:30,506 - INFO - [storyline.find_cmip6_pr_historical_file] - Selected historical PR member 'r1i1p1f2' for CNRM-CM6-1-HR from available: ['r1i1p1f2']
2026-07-22 13:28:30,506 - INFO - [storyline.find_cmip6_pr_historical_file] - Including non-standard historical PR file to fill gap: pr_Amon_CNRM-CM6-1-HR_historical_r1i1p1f2_gr_18500116-20100916_regridded.nc
2026-07-22 13:28:30,506 - INFO - [storyline.find_cmip6_pr_historical_file] - Including non-standard historical PR file to fill gap: pr_Amon_CNRM-CM6-1-HR_historical_r1i1p1f2_gr_20101016-20141216_regridded.nc
2026-07-22 13:28:30,754 - INFO - [storyline.find_cmip6_pr_historical_file] - Selected historical PR member 'r1i1p1f1' for MPI-ESM1-2-HR from available: ['r1i1p1f1']
2026-07-22 13:28:30,754 - INFO - [storyline.find_cmip6_pr_historical_file] - Including non-standard historical PR file to fill gap: pr_Amon_MPI-ESM1-2-HR_historical_r1i1p1f1_gn_19000116-19041216_regridded.nc
2026-07-22 13:28:31,213 - INFO - [storyline.find_cmip6_pr_historical_file] - Selected historical PR member 'r1i1p1f1' for NorESM2-MM from available: ['r1i1p1f1']
2026-07-22 13:28:31,532 - INFO - [storyline.find_cmip6_pr_historical_file] - Selected historical PR member 'r1i1p1f1' for ACCESS-ESM1-5 from available: ['r1i1p1f1']
2026-07-22 13:28:31,728 - INFO - [storyline.find_cmip6_pr_historical_file] - Selected historical PR member 'r1i1p1f1' for CMCC-ESM2 from available: ['r1i1p1f1']
2026-07-22 13:28:31,931 - INFO - [storyline.find_cmip6_pr_historical_file] - Selected historical PR member 'r1i1p1f1' for CMCC-CM2-SR5 from available: ['r1i1p1f1']
2026-07-22 13:28:32,131 - INFO - [storyline.find_cmip6_pr_historical_file] - Selected historical PR member 'r1i1p1f1' for INM-CM5-0 from available: ['r1i1p1f1']
2026-07-22 13:28:32,369 - INFO - [storyline.find_cmip6_pr_historical_file] - Selected historical PR member 'r1i1p1f1' for E3SM-1-0 from available: ['r1i1p1f1']
2026-07-22 13:28:32,643 - INFO - [storyline.find_cmip6_pr_historical_file] - Selected historical PR member 'r1i1p1f1' for EC-Earth3 from available: ['r1i1p1f1']
2026-07-22 13:28:33,864 - INFO - [storyline.find_cmip6_pr_historical_file] - Selected historical PR member 'r1i1p1f1' for GFDL-ESM4 from available: ['r1i1p1f1']
2026-07-22 13:28:33,864 - INFO - [storyline.find_cmip6_pr_historical_file] - Including non-standard historical PR file to fill gap: pr_Amon_GFDL-ESM4_historical_r1i1p1f1_gr1_18500116-20141216_regridded.nc
2026-07-22 13:28:34,039 - INFO - [storyline.find_cmip6_pr_historical_file] - Selected historical PR member 'r1i1p1f3' for HadGEM3-GC31-LL from available: ['r1i1p1f3']
2026-07-22 13:28:34,039 - INFO - [storyline.find_cmip6_pr_historical_file] - Including non-standard historical PR file to fill gap: pr_Amon_HadGEM3-GC31-LL_historical_r1i1p1f3_gn_18500116-20141216_regridded.nc
2026-07-22 13:28:34,469 - INFO - [storyline.find_cmip6_pr_historical_file] - Selected historical PR member 'r1i1p1f1' for IITM-ESM from available: ['r1i1p1f1']
2026-07-22 13:28:34,804 - INFO - [storyline.find_cmip6_pr_historical_file] - Selected historical PR member 'r1i1p1f1' for IPSL-CM6A-LR from available: ['r1i1p1f1']
2026-07-22 13:28:35,001 - INFO - [storyline.find_cmip6_pr_historical_file] - Selected historical PR member 'r1i1p1f2' for MIROC-ES2L from available: ['r1i1p1f2']
2026-07-22 13:28:35,001 - INFO - [storyline.find_cmip6_pr_historical_file] - Including non-standard historical PR file to fill gap: pr_Amon_MIROC-ES2L_historical_r1i1p1f2_gn_18500116-20141216_regridded.nc
2026-07-22 13:28:35,201 - INFO - [storyline.find_cmip6_pr_historical_file] - Selected historical PR member 'r1i1p1f1' for MIROC6 from available: ['r1i1p1f1']
2026-07-22 13:28:35,430 - INFO - [storyline.find_cmip6_pr_historical_file] - Selected historical PR member 'r1i1p1f1' for MPI-ESM1-2-LR from available: ['r1i1p1f1']
2026-07-22 13:28:35,724 - INFO - [storyline.find_cmip6_pr_historical_file] - Selected historical PR member 'r1i1p1f1' for MRI-ESM2-0 from available: ['r1i1p1f1']
2026-07-22 13:28:35,725 - INFO - [storyline.find_cmip6_pr_historical_file] - Including non-standard historical PR file to fill gap: pr_Amon_MRI-ESM2-0_historical_r1i1p1f1_gn_18500116-20141216_regridded.nc
2026-07-22 13:28:35,930 - INFO - [storyline.find_cmip6_pr_historical_file] - Selected historical PR member 'r1i1p1f1' for ACCESS-CM2 from available: ['r1i1p1f1']
2026-07-22 13:28:36,122 - INFO - [storyline.find_cmip6_pr_historical_file] - Selected historical PR member 'r1i1p1f1' for ACCESS-ESM1-5 from available: ['r1i1p1f1']
2026-07-22 13:28:36,323 - INFO - [storyline.find_cmip6_pr_historical_file] - Selected historical PR member 'r1i1p1f1' for BCC-CSM2-MR from available: ['r1i1p1f1']
2026-07-22 13:28:36,522 - INFO - [storyline.find_cmip6_pr_historical_file] - Selected historical PR member 'r1i1p1f1' for CESM2 from available: ['r1i1p1f1']
2026-07-22 13:28:36,722 - INFO - [storyline.find_cmip6_pr_historical_file] - Selected historical PR member 'r1i1p1f1' for CESM2-WACCM from available: ['r1i1p1f1']
2026-07-22 13:28:36,927 - INFO - [storyline.find_cmip6_pr_historical_file] - Selected historical PR member 'r1i1p1f1' for CMCC-CM2-SR5 from available: ['r1i1p1f1']
2026-07-22 13:28:37,130 - INFO - [storyline.find_cmip6_pr_historical_file] - Selected historical PR member 'r1i1p1f1' for CMCC-ESM2 from available: ['r1i1p1f1']
2026-07-22 13:28:37,334 - INFO - [storyline.find_cmip6_pr_historical_file] - Selected historical PR member 'r1i1p1f2' for CNRM-CM6-1-HR from available: ['r1i1p1f2']
2026-07-22 13:28:37,334 - INFO - [storyline.find_cmip6_pr_historical_file] - Including non-standard historical PR file to fill gap: pr_Amon_CNRM-CM6-1-HR_historical_r1i1p1f2_gr_18500116-20100916_regridded.nc
2026-07-22 13:28:37,334 - INFO - [storyline.find_cmip6_pr_historical_file] - Including non-standard historical PR file to fill gap: pr_Amon_CNRM-CM6-1-HR_historical_r1i1p1f2_gr_20101016-20141216_regridded.nc
2026-07-22 13:28:37,585 - INFO - [storyline.find_cmip6_pr_historical_file] - Selected historical PR member 'r1i1p1f2' for CNRM-CM6-1 from available: ['r1i1p1f2']
2026-07-22 13:28:37,585 - INFO - [storyline.find_cmip6_pr_historical_file] - Including non-standard historical PR file to fill gap: pr_Amon_CNRM-CM6-1_historical_r1i1p1f2_gr_18500116-20141216_regridded.nc
2026-07-22 13:28:37,782 - INFO - [storyline.find_cmip6_pr_historical_file] - Selected historical PR member 'r1i1p1f2' for CNRM-ESM2-1 from available: ['r1i1p1f2']
2026-07-22 13:28:37,783 - INFO - [storyline.find_cmip6_pr_historical_file] - Including non-standard historical PR file to fill gap: pr_Amon_CNRM-ESM2-1_historical_r1i1p1f2_gr_18500116-20141216_regridded.nc
2026-07-22 13:28:37,985 - INFO - [storyline.find_cmip6_pr_historical_file] - Selected historical PR member 'r1i1p1f1' for CanESM5 from available: ['r1i1p1f1']
2026-07-22 13:28:38,185 - INFO - [storyline.find_cmip6_pr_historical_file] - Selected historical PR member 'r1i1p1f1' for E3SM-1-0 from available: ['r1i1p1f1']
2026-07-22 13:28:38,462 - INFO - [storyline.find_cmip6_pr_historical_file] - Selected historical PR member 'r1i1p1f1' for EC-Earth3-CC from available: ['r1i1p1f1']
2026-07-22 13:28:39,658 - INFO - [storyline.find_cmip6_pr_historical_file] - Selected historical PR member 'r1i1p1f1' for EC-Earth3-Veg-LR from available: ['r1i1p1f1']
2026-07-22 13:28:41,054 - INFO - [storyline.find_cmip6_pr_historical_file] - Selected historical PR member 'r1i1p1f1' for EC-Earth3 from available: ['r1i1p1f1']
2026-07-22 13:28:42,226 - INFO - [storyline.find_cmip6_pr_historical_file] - Selected historical PR member 'r1i1p1f1' for GFDL-ESM4 from available: ['r1i1p1f1']
2026-07-22 13:28:42,226 - INFO - [storyline.find_cmip6_pr_historical_file] - Including non-standard historical PR file to fill gap: pr_Amon_GFDL-ESM4_historical_r1i1p1f1_gr1_18500116-20141216_regridded.nc
2026-07-22 13:28:42,405 - INFO - [storyline.find_cmip6_pr_historical_file] - Selected historical PR member 'r1i1p1f3' for HadGEM3-GC31-LL from available: ['r1i1p1f3']
2026-07-22 13:28:42,405 - INFO - [storyline.find_cmip6_pr_historical_file] - Including non-standard historical PR file to fill gap: pr_Amon_HadGEM3-GC31-LL_historical_r1i1p1f3_gn_18500116-20141216_regridded.nc
2026-07-22 13:28:42,606 - INFO - [storyline.find_cmip6_pr_historical_file] - Selected historical PR member 'r1i1p1f3' for HadGEM3-GC31-MM from available: ['r1i1p1f3']
2026-07-22 13:28:42,606 - INFO - [storyline.find_cmip6_pr_historical_file] - Including non-standard historical PR file to fill gap: pr_Amon_HadGEM3-GC31-MM_historical_r1i1p1f3_gn_18500116-20141216_regridded.nc
2026-07-22 13:28:42,809 - INFO - [storyline.find_cmip6_pr_historical_file] - Selected historical PR member 'r1i1p1f1' for IITM-ESM from available: ['r1i1p1f1']
2026-07-22 13:28:43,154 - INFO - [storyline.find_cmip6_pr_historical_file] - Selected historical PR member 'r1i1p1f1' for INM-CM4-8 from available: ['r1i1p1f1']
2026-07-22 13:28:43,387 - INFO - [storyline.find_cmip6_pr_historical_file] - Selected historical PR member 'r1i1p1f1' for INM-CM5-0 from available: ['r1i1p1f1']
2026-07-22 13:28:43,609 - INFO - [storyline.find_cmip6_pr_historical_file] - Selected historical PR member 'r1i1p1f1' for IPSL-CM6A-LR from available: ['r1i1p1f1']
2026-07-22 13:28:43,811 - INFO - [storyline.find_cmip6_pr_historical_file] - Selected historical PR member 'r1i1p1f1' for KACE-1-0-G from available: ['r1i1p1f1']
2026-07-22 13:28:44,015 - INFO - [storyline.find_cmip6_pr_historical_file] - Selected historical PR member 'r1i1p1f1' for KIOST-ESM from available: ['r1i1p1f1']
2026-07-22 13:28:44,218 - INFO - [storyline.find_cmip6_pr_historical_file] - Selected historical PR member 'r1i1p1f2' for MIROC-ES2L from available: ['r1i1p1f2']
2026-07-22 13:28:44,218 - INFO - [storyline.find_cmip6_pr_historical_file] - Including non-standard historical PR file to fill gap: pr_Amon_MIROC-ES2L_historical_r1i1p1f2_gn_18500116-20141216_regridded.nc
2026-07-22 13:28:44,419 - INFO - [storyline.find_cmip6_pr_historical_file] - Selected historical PR member 'r1i1p1f1' for MIROC6 from available: ['r1i1p1f1']
2026-07-22 13:28:44,651 - INFO - [storyline.find_cmip6_pr_historical_file] - Selected historical PR member 'r1i1p1f1' for MPI-ESM1-2-HR from available: ['r1i1p1f1']
2026-07-22 13:28:44,651 - INFO - [storyline.find_cmip6_pr_historical_file] - Including non-standard historical PR file to fill gap: pr_Amon_MPI-ESM1-2-HR_historical_r1i1p1f1_gn_19000116-19041216_regridded.nc
2026-07-22 13:28:45,369 - INFO - [storyline.find_cmip6_pr_historical_file] - Selected historical PR member 'r1i1p1f1' for MPI-ESM1-2-LR from available: ['r1i1p1f1']
2026-07-22 13:28:45,653 - INFO - [storyline.find_cmip6_pr_historical_file] - Selected historical PR member 'r1i1p1f1' for MRI-ESM2-0 from available: ['r1i1p1f1']
2026-07-22 13:28:45,653 - INFO - [storyline.find_cmip6_pr_historical_file] - Including non-standard historical PR file to fill gap: pr_Amon_MRI-ESM2-0_historical_r1i1p1f1_gn_18500116-20141216_regridded.nc
2026-07-22 13:28:45,849 - INFO - [storyline.find_cmip6_pr_historical_file] - Selected historical PR member 'r1i1p1f1' for NorESM2-MM from available: ['r1i1p1f1']
2026-07-22 13:28:46,197 - INFO - [storyline.find_cmip6_pr_historical_file] - Selected historical PR member 'r1i1p1f2' for UKESM1-0-LL from available: ['r13i1p1f2', 'r1i1p1f2']
2026-07-22 13:28:46,197 - INFO - [storyline.find_cmip6_pr_historical_file] - Including non-standard historical PR file to fill gap: pr_Amon_UKESM1-0-LL_historical_r1i1p1f2_gn_18500116-20141216_regridded.nc
2026-07-22 13:28:46,411 - INFO - [storyline.calculate_pr_composites_for_extremes] -   PR Future Extreme Models (N=10): ['BCC-CSM2-MR_ssp585', 'CNRM-CM6-1_ssp585', 'CESM2_ssp585', 'CNRM-CM6-1-HR_ssp585', 'MPI-ESM1-2-HR_ssp585', 'NorESM2-MM_ssp585', 'ACCESS-ESM1-5_ssp585', 'CMCC-ESM2_ssp585', 'CMCC-CM2-SR5_ssp585', 'INM-CM5-0_ssp585']
2026-07-22 13:28:46,412 - INFO - [storyline.calculate_pr_composites_for_extremes] -   PR Future Non-Extreme Models (N=10): ['E3SM-1-0_ssp585', 'EC-Earth3_ssp585', 'GFDL-ESM4_ssp585', 'HadGEM3-GC31-LL_ssp585', 'IITM-ESM_ssp585', 'IPSL-CM6A-LR_ssp585', 'MIROC-ES2L_ssp585', 'MIROC6_ssp585', 'MPI-ESM1-2-LR_ssp585', 'MRI-ESM2-0_ssp585']
2026-07-22 13:28:46,412 - INFO - [storyline.calculate_pr_composites_for_extremes] -   PR Historical Extreme Models (N=10): ['BCC-CSM2-MR_ssp585', 'CNRM-CM6-1_ssp585', 'CESM2_ssp585', 'CNRM-CM6-1-HR_ssp585', 'MPI-ESM1-2-HR_ssp585', 'NorESM2-MM_ssp585', 'ACCESS-ESM1-5_ssp585', 'CMCC-ESM2_ssp585', 'CMCC-CM2-SR5_ssp585', 'INM-CM5-0_ssp585']
2026-07-22 13:28:46,412 - INFO - [storyline.calculate_pr_composites_for_extremes] -   PR Historical Non-Extreme Models (N=10): ['E3SM-1-0_ssp585', 'EC-Earth3_ssp585', 'GFDL-ESM4_ssp585', 'HadGEM3-GC31-LL_ssp585', 'IITM-ESM_ssp585', 'IPSL-CM6A-LR_ssp585', 'MIROC-ES2L_ssp585', 'MIROC6_ssp585', 'MPI-ESM1-2-LR_ssp585', 'MRI-ESM2-0_ssp585']
2026-07-22 13:28:47,005 - INFO - [main.run_full_analysis] - PR composite plots already exist, but calculating data for missing Final Figure 4...
2026-07-22 13:28:47,005 - INFO - [storyline.calculate_pr_composites_for_extremes] - Calculating PR composites for event '30Q10_low' at GWL +3.0°C, Season=Winter (Top/Bottom 12 models)...
2026-07-22 13:28:47,005 - INFO - [storyline.calculate_pr_composites_for_extremes] - [PR DEBUG] Keys for ACCESS-CM2_ssp585: ['1Q_low_winter', '1Q_high_winter', '7Q_low_winter', '7Q_high_winter', '30Q_low_winter', '30Q_high_winter', '1Q_low_summer', '1Q_high_summer', '7Q_low_summer', '7Q_high_summer', '30Q_low_summer', '30Q_high_summer', '1Q_low_full_year', '1Q_high_full_year', '7Q_low_full_year', '7Q_high_full_year', '30Q_low_full_year', '30Q_high_full_year', 'Mar_discharge', 'Apr_discharge', 'May_discharge', 'Sep_discharge', 'Oct_discharge', 'Nov_discharge', 'DJF_JetSpeed', 'DJF_JetLat', 'DJF_pr', 'DJF_tas', 'DJF_discharge', 'JJA_JetSpeed', 'JJA_JetLat', 'JJA_pr', 'JJA_tas', 'JJA_discharge', 'Hydro_Winter_JetSpeed', 'Hydro_Winter_JetLat', 'Hydro_Summer_JetSpeed', 'Hydro_Summer_JetLat', 'Annual_tas', 'Annual_pr', 'Annual_discharge', 'Annual_spei']
2026-07-22 13:28:47,024 - INFO - [storyline.calculate_pr_composites_for_extremes] -   Calculated Return Periods for 31 models.
2026-07-22 13:28:47,048 - INFO - [storyline.calculate_pr_composites_for_extremes] -   PR Extreme Models (Shortest T): ['BCC-CSM2-MR_ssp585', 'CNRM-CM6-1_ssp585', 'CESM2_ssp585', 'KIOST-ESM_ssp585', 'MPI-ESM1-2-LR_ssp585', 'ACCESS-ESM1-5_ssp585', 'CESM2-WACCM_ssp585', 'CMCC-ESM2_ssp585', 'HadGEM3-GC31-LL_ssp585', 'KACE-1-0-G_ssp585']
2026-07-22 13:28:47,048 - INFO - [storyline.calculate_pr_composites_for_extremes] -   PR Non-Extreme Models (Longest T): ['CMCC-CM2-SR5_ssp585', 'E3SM-1-0_ssp585', 'IITM-ESM_ssp585', 'CNRM-ESM2-1_ssp585', 'CanESM5_ssp585', 'EC-Earth3-Veg-LR_ssp585', 'GFDL-ESM4_ssp585', 'MIROC-ES2L_ssp585', 'MIROC6_ssp585', 'MRI-ESM2-0_ssp585']
2026-07-22 13:28:47,156 - INFO - [storyline.find_cmip6_pr_file] - Including non-standard file to fill gap: pr_Amon_CNRM-CM6-1_ssp585_r1i1p1f2_gr_20150116-21001216_regridded.nc
2026-07-22 13:28:47,276 - INFO - [storyline.find_cmip6_pr_file] - Including non-standard file to fill gap: pr_Amon_CESM2_ssp585_r4i1p1f1_gn_20150115-21001215_regridded.nc
2026-07-22 13:28:47,893 - WARNING - [storyline.find_cmip6_pr_file] - Excluding overlapping non-standard file: pr_Amon_CESM2-WACCM_ssp585_r1i1p1f1_gn_22500115-22991215_regridded.nc
2026-07-22 13:28:48,209 - INFO - [storyline.find_cmip6_pr_file] - Including non-standard file to fill gap: pr_Amon_HadGEM3-GC31-LL_ssp585_r1i1p1f3_gn_20150116-21001216_regridded.nc
2026-07-22 13:28:48,992 - INFO - [storyline.find_cmip6_pr_file] - Including non-standard file to fill gap: pr_Amon_CNRM-ESM2-1_ssp585_r1i1p1f2_gr_20150116-21001216_regridded.nc
2026-07-22 13:28:49,260 - WARNING - [storyline.find_cmip6_pr_file] - Excluding overlapping non-standard file: pr_Amon_EC-Earth3-Veg-LR_ssp585_r1i1p1f1_gr_20420116-21001216_regridded.nc
2026-07-22 13:28:50,032 - INFO - [storyline.find_cmip6_pr_file] - Including non-standard file to fill gap: pr_Amon_MIROC-ES2L_ssp585_r1i1p1f2_gn_20150116-21001216_regridded.nc
2026-07-22 13:28:50,292 - INFO - [storyline.find_cmip6_pr_file] - Including non-standard file to fill gap: pr_Amon_MRI-ESM2-0_ssp585_r1i1p1f1_gn_20150116-23001216_regridded.nc
2026-07-22 13:28:50,435 - INFO - [storyline.find_cmip6_pr_historical_file] - Selected historical PR member 'r1i1p1f1' for BCC-CSM2-MR from available: ['r1i1p1f1']
2026-07-22 13:28:50,629 - INFO - [storyline.find_cmip6_pr_historical_file] - Selected historical PR member 'r1i1p1f2' for CNRM-CM6-1 from available: ['r1i1p1f2']
2026-07-22 13:28:50,629 - INFO - [storyline.find_cmip6_pr_historical_file] - Including non-standard historical PR file to fill gap: pr_Amon_CNRM-CM6-1_historical_r1i1p1f2_gr_18500116-20141216_regridded.nc
2026-07-22 13:28:50,833 - INFO - [storyline.find_cmip6_pr_historical_file] - Selected historical PR member 'r1i1p1f1' for CESM2 from available: ['r1i1p1f1']
2026-07-22 13:28:51,035 - INFO - [storyline.find_cmip6_pr_historical_file] - Selected historical PR member 'r1i1p1f1' for KIOST-ESM from available: ['r1i1p1f1']
2026-07-22 13:28:51,239 - INFO - [storyline.find_cmip6_pr_historical_file] - Selected historical PR member 'r1i1p1f1' for MPI-ESM1-2-LR from available: ['r1i1p1f1']
2026-07-22 13:28:51,532 - INFO - [storyline.find_cmip6_pr_historical_file] - Selected historical PR member 'r1i1p1f1' for ACCESS-ESM1-5 from available: ['r1i1p1f1']
2026-07-22 13:28:51,731 - INFO - [storyline.find_cmip6_pr_historical_file] - Selected historical PR member 'r1i1p1f1' for CESM2-WACCM from available: ['r1i1p1f1']
2026-07-22 13:28:52,159 - INFO - [storyline.find_cmip6_pr_historical_file] - Selected historical PR member 'r1i1p1f1' for CMCC-ESM2 from available: ['r1i1p1f1']
2026-07-22 13:28:52,354 - INFO - [storyline.find_cmip6_pr_historical_file] - Selected historical PR member 'r1i1p1f3' for HadGEM3-GC31-LL from available: ['r1i1p1f3']
2026-07-22 13:28:52,354 - INFO - [storyline.find_cmip6_pr_historical_file] - Including non-standard historical PR file to fill gap: pr_Amon_HadGEM3-GC31-LL_historical_r1i1p1f3_gn_18500116-20141216_regridded.nc
2026-07-22 13:28:52,550 - INFO - [storyline.find_cmip6_pr_historical_file] - Selected historical PR member 'r1i1p1f1' for KACE-1-0-G from available: ['r1i1p1f1']
2026-07-22 13:28:52,758 - INFO - [storyline.find_cmip6_pr_historical_file] - Selected historical PR member 'r1i1p1f1' for CMCC-CM2-SR5 from available: ['r1i1p1f1']
2026-07-22 13:28:52,957 - INFO - [storyline.find_cmip6_pr_historical_file] - Selected historical PR member 'r1i1p1f1' for E3SM-1-0 from available: ['r1i1p1f1']
2026-07-22 13:28:53,231 - INFO - [storyline.find_cmip6_pr_historical_file] - Selected historical PR member 'r1i1p1f1' for IITM-ESM from available: ['r1i1p1f1']
2026-07-22 13:28:53,569 - INFO - [storyline.find_cmip6_pr_historical_file] - Selected historical PR member 'r1i1p1f2' for CNRM-ESM2-1 from available: ['r1i1p1f2']
2026-07-22 13:28:53,570 - INFO - [storyline.find_cmip6_pr_historical_file] - Including non-standard historical PR file to fill gap: pr_Amon_CNRM-ESM2-1_historical_r1i1p1f2_gr_18500116-20141216_regridded.nc
2026-07-22 13:28:53,765 - INFO - [storyline.find_cmip6_pr_historical_file] - Selected historical PR member 'r1i1p1f1' for CanESM5 from available: ['r1i1p1f1']
2026-07-22 13:28:53,967 - INFO - [storyline.find_cmip6_pr_historical_file] - Selected historical PR member 'r1i1p1f1' for EC-Earth3-Veg-LR from available: ['r1i1p1f1']
2026-07-22 13:28:55,141 - INFO - [storyline.find_cmip6_pr_historical_file] - Selected historical PR member 'r1i1p1f1' for GFDL-ESM4 from available: ['r1i1p1f1']
2026-07-22 13:28:55,142 - INFO - [storyline.find_cmip6_pr_historical_file] - Including non-standard historical PR file to fill gap: pr_Amon_GFDL-ESM4_historical_r1i1p1f1_gr1_18500116-20141216_regridded.nc
2026-07-22 13:28:55,290 - INFO - [storyline.find_cmip6_pr_historical_file] - Selected historical PR member 'r1i1p1f2' for MIROC-ES2L from available: ['r1i1p1f2']
2026-07-22 13:28:55,290 - INFO - [storyline.find_cmip6_pr_historical_file] - Including non-standard historical PR file to fill gap: pr_Amon_MIROC-ES2L_historical_r1i1p1f2_gn_18500116-20141216_regridded.nc
2026-07-22 13:28:55,462 - INFO - [storyline.find_cmip6_pr_historical_file] - Selected historical PR member 'r1i1p1f1' for MIROC6 from available: ['r1i1p1f1']
2026-07-22 13:28:55,674 - INFO - [storyline.find_cmip6_pr_historical_file] - Selected historical PR member 'r1i1p1f1' for MRI-ESM2-0 from available: ['r1i1p1f1']
2026-07-22 13:28:55,675 - INFO - [storyline.find_cmip6_pr_historical_file] - Including non-standard historical PR file to fill gap: pr_Amon_MRI-ESM2-0_historical_r1i1p1f1_gn_18500116-20141216_regridded.nc
2026-07-22 13:28:55,875 - INFO - [storyline.find_cmip6_pr_historical_file] - Selected historical PR member 'r1i1p1f1' for ACCESS-CM2 from available: ['r1i1p1f1']
2026-07-22 13:28:56,062 - INFO - [storyline.find_cmip6_pr_historical_file] - Selected historical PR member 'r1i1p1f1' for ACCESS-ESM1-5 from available: ['r1i1p1f1']
2026-07-22 13:28:56,231 - INFO - [storyline.find_cmip6_pr_historical_file] - Selected historical PR member 'r1i1p1f1' for BCC-CSM2-MR from available: ['r1i1p1f1']
2026-07-22 13:28:56,415 - INFO - [storyline.find_cmip6_pr_historical_file] - Selected historical PR member 'r1i1p1f1' for CESM2 from available: ['r1i1p1f1']
2026-07-22 13:28:56,605 - INFO - [storyline.find_cmip6_pr_historical_file] - Selected historical PR member 'r1i1p1f1' for CESM2-WACCM from available: ['r1i1p1f1']
2026-07-22 13:28:56,795 - INFO - [storyline.find_cmip6_pr_historical_file] - Selected historical PR member 'r1i1p1f1' for CMCC-CM2-SR5 from available: ['r1i1p1f1']
2026-07-22 13:28:56,991 - INFO - [storyline.find_cmip6_pr_historical_file] - Selected historical PR member 'r1i1p1f1' for CMCC-ESM2 from available: ['r1i1p1f1']
2026-07-22 13:28:57,406 - INFO - [storyline.find_cmip6_pr_historical_file] - Selected historical PR member 'r1i1p1f2' for CNRM-CM6-1-HR from available: ['r1i1p1f2']
2026-07-22 13:28:57,406 - INFO - [storyline.find_cmip6_pr_historical_file] - Including non-standard historical PR file to fill gap: pr_Amon_CNRM-CM6-1-HR_historical_r1i1p1f2_gr_18500116-20100916_regridded.nc
2026-07-22 13:28:57,406 - INFO - [storyline.find_cmip6_pr_historical_file] - Including non-standard historical PR file to fill gap: pr_Amon_CNRM-CM6-1-HR_historical_r1i1p1f2_gr_20101016-20141216_regridded.nc
2026-07-22 13:28:57,632 - INFO - [storyline.find_cmip6_pr_historical_file] - Selected historical PR member 'r1i1p1f2' for CNRM-CM6-1 from available: ['r1i1p1f2']
2026-07-22 13:28:57,632 - INFO - [storyline.find_cmip6_pr_historical_file] - Including non-standard historical PR file to fill gap: pr_Amon_CNRM-CM6-1_historical_r1i1p1f2_gr_18500116-20141216_regridded.nc
2026-07-22 13:28:57,826 - INFO - [storyline.find_cmip6_pr_historical_file] - Selected historical PR member 'r1i1p1f2' for CNRM-ESM2-1 from available: ['r1i1p1f2']
2026-07-22 13:28:57,826 - INFO - [storyline.find_cmip6_pr_historical_file] - Including non-standard historical PR file to fill gap: pr_Amon_CNRM-ESM2-1_historical_r1i1p1f2_gr_18500116-20141216_regridded.nc
2026-07-22 13:28:58,020 - INFO - [storyline.find_cmip6_pr_historical_file] - Selected historical PR member 'r1i1p1f1' for CanESM5 from available: ['r1i1p1f1']
2026-07-22 13:28:58,210 - INFO - [storyline.find_cmip6_pr_historical_file] - Selected historical PR member 'r1i1p1f1' for E3SM-1-0 from available: ['r1i1p1f1']
2026-07-22 13:28:58,467 - INFO - [storyline.find_cmip6_pr_historical_file] - Selected historical PR member 'r1i1p1f1' for EC-Earth3-CC from available: ['r1i1p1f1']
2026-07-22 13:28:59,674 - INFO - [storyline.find_cmip6_pr_historical_file] - Selected historical PR member 'r1i1p1f1' for EC-Earth3-Veg-LR from available: ['r1i1p1f1']
2026-07-22 13:29:00,838 - INFO - [storyline.find_cmip6_pr_historical_file] - Selected historical PR member 'r1i1p1f1' for EC-Earth3 from available: ['r1i1p1f1']
2026-07-22 13:29:02,265 - INFO - [storyline.find_cmip6_pr_historical_file] - Selected historical PR member 'r1i1p1f1' for GFDL-ESM4 from available: ['r1i1p1f1']
2026-07-22 13:29:02,265 - INFO - [storyline.find_cmip6_pr_historical_file] - Including non-standard historical PR file to fill gap: pr_Amon_GFDL-ESM4_historical_r1i1p1f1_gr1_18500116-20141216_regridded.nc
2026-07-22 13:29:02,441 - INFO - [storyline.find_cmip6_pr_historical_file] - Selected historical PR member 'r1i1p1f3' for HadGEM3-GC31-LL from available: ['r1i1p1f3']
2026-07-22 13:29:02,441 - INFO - [storyline.find_cmip6_pr_historical_file] - Including non-standard historical PR file to fill gap: pr_Amon_HadGEM3-GC31-LL_historical_r1i1p1f3_gn_18500116-20141216_regridded.nc
2026-07-22 13:29:02,642 - INFO - [storyline.find_cmip6_pr_historical_file] - Selected historical PR member 'r1i1p1f3' for HadGEM3-GC31-MM from available: ['r1i1p1f3']
2026-07-22 13:29:02,642 - INFO - [storyline.find_cmip6_pr_historical_file] - Including non-standard historical PR file to fill gap: pr_Amon_HadGEM3-GC31-MM_historical_r1i1p1f3_gn_18500116-20141216_regridded.nc
2026-07-22 13:29:02,834 - INFO - [storyline.find_cmip6_pr_historical_file] - Selected historical PR member 'r1i1p1f1' for IITM-ESM from available: ['r1i1p1f1']
2026-07-22 13:29:03,171 - INFO - [storyline.find_cmip6_pr_historical_file] - Selected historical PR member 'r1i1p1f1' for INM-CM4-8 from available: ['r1i1p1f1']
2026-07-22 13:29:03,403 - INFO - [storyline.find_cmip6_pr_historical_file] - Selected historical PR member 'r1i1p1f1' for INM-CM5-0 from available: ['r1i1p1f1']
2026-07-22 13:29:03,632 - INFO - [storyline.find_cmip6_pr_historical_file] - Selected historical PR member 'r1i1p1f1' for IPSL-CM6A-LR from available: ['r1i1p1f1']
2026-07-22 13:29:03,831 - INFO - [storyline.find_cmip6_pr_historical_file] - Selected historical PR member 'r1i1p1f1' for KACE-1-0-G from available: ['r1i1p1f1']
2026-07-22 13:29:04,033 - INFO - [storyline.find_cmip6_pr_historical_file] - Selected historical PR member 'r1i1p1f1' for KIOST-ESM from available: ['r1i1p1f1']
2026-07-22 13:29:04,234 - INFO - [storyline.find_cmip6_pr_historical_file] - Selected historical PR member 'r1i1p1f2' for MIROC-ES2L from available: ['r1i1p1f2']
2026-07-22 13:29:04,234 - INFO - [storyline.find_cmip6_pr_historical_file] - Including non-standard historical PR file to fill gap: pr_Amon_MIROC-ES2L_historical_r1i1p1f2_gn_18500116-20141216_regridded.nc
2026-07-22 13:29:04,433 - INFO - [storyline.find_cmip6_pr_historical_file] - Selected historical PR member 'r1i1p1f1' for MIROC6 from available: ['r1i1p1f1']
2026-07-22 13:29:04,669 - INFO - [storyline.find_cmip6_pr_historical_file] - Selected historical PR member 'r1i1p1f1' for MPI-ESM1-2-HR from available: ['r1i1p1f1']
2026-07-22 13:29:04,670 - INFO - [storyline.find_cmip6_pr_historical_file] - Including non-standard historical PR file to fill gap: pr_Amon_MPI-ESM1-2-HR_historical_r1i1p1f1_gn_19000116-19041216_regridded.nc
2026-07-22 13:29:05,117 - INFO - [storyline.find_cmip6_pr_historical_file] - Selected historical PR member 'r1i1p1f1' for MPI-ESM1-2-LR from available: ['r1i1p1f1']
2026-07-22 13:29:05,396 - INFO - [storyline.find_cmip6_pr_historical_file] - Selected historical PR member 'r1i1p1f1' for MRI-ESM2-0 from available: ['r1i1p1f1']
2026-07-22 13:29:05,396 - INFO - [storyline.find_cmip6_pr_historical_file] - Including non-standard historical PR file to fill gap: pr_Amon_MRI-ESM2-0_historical_r1i1p1f1_gn_18500116-20141216_regridded.nc
2026-07-22 13:29:05,598 - INFO - [storyline.find_cmip6_pr_historical_file] - Selected historical PR member 'r1i1p1f1' for NorESM2-MM from available: ['r1i1p1f1']
2026-07-22 13:29:05,941 - INFO - [storyline.find_cmip6_pr_historical_file] - Selected historical PR member 'r1i1p1f2' for UKESM1-0-LL from available: ['r13i1p1f2', 'r1i1p1f2']
2026-07-22 13:29:05,942 - INFO - [storyline.find_cmip6_pr_historical_file] - Including non-standard historical PR file to fill gap: pr_Amon_UKESM1-0-LL_historical_r1i1p1f2_gn_18500116-20141216_regridded.nc
2026-07-22 13:29:06,153 - INFO - [storyline.calculate_pr_composites_for_extremes] -   PR Future Extreme Models (N=10): ['BCC-CSM2-MR_ssp585', 'CNRM-CM6-1_ssp585', 'CESM2_ssp585', 'KIOST-ESM_ssp585', 'MPI-ESM1-2-LR_ssp585', 'ACCESS-ESM1-5_ssp585', 'CESM2-WACCM_ssp585', 'CMCC-ESM2_ssp585', 'HadGEM3-GC31-LL_ssp585', 'KACE-1-0-G_ssp585']
2026-07-22 13:29:06,153 - INFO - [storyline.calculate_pr_composites_for_extremes] -   PR Future Non-Extreme Models (N=10): ['CMCC-CM2-SR5_ssp585', 'E3SM-1-0_ssp585', 'IITM-ESM_ssp585', 'CNRM-ESM2-1_ssp585', 'CanESM5_ssp585', 'EC-Earth3-Veg-LR_ssp585', 'GFDL-ESM4_ssp585', 'MIROC-ES2L_ssp585', 'MIROC6_ssp585', 'MRI-ESM2-0_ssp585']
2026-07-22 13:29:06,153 - INFO - [storyline.calculate_pr_composites_for_extremes] -   PR Historical Extreme Models (N=10): ['BCC-CSM2-MR_ssp585', 'CNRM-CM6-1_ssp585', 'CESM2_ssp585', 'KIOST-ESM_ssp585', 'MPI-ESM1-2-LR_ssp585', 'ACCESS-ESM1-5_ssp585', 'CESM2-WACCM_ssp585', 'CMCC-ESM2_ssp585', 'HadGEM3-GC31-LL_ssp585', 'KACE-1-0-G_ssp585']
2026-07-22 13:29:06,153 - INFO - [storyline.calculate_pr_composites_for_extremes] -   PR Historical Non-Extreme Models (N=10): ['CMCC-CM2-SR5_ssp585', 'E3SM-1-0_ssp585', 'IITM-ESM_ssp585', 'CNRM-ESM2-1_ssp585', 'CanESM5_ssp585', 'EC-Earth3-Veg-LR_ssp585', 'GFDL-ESM4_ssp585', 'MIROC-ES2L_ssp585', 'MIROC6_ssp585', 'MRI-ESM2-0_ssp585']
2026-07-22 13:29:06,740 - INFO - [main.run_full_analysis] - PR composite plots already exist, but calculating data for missing Final Figure 4...
2026-07-22 13:29:06,740 - INFO - [storyline.calculate_pr_composites_for_extremes] - Calculating PR composites for event '30Q10_low' at GWL +3.0°C, Season=Summer (Top/Bottom 12 models)...
2026-07-22 13:29:06,740 - INFO - [storyline.calculate_pr_composites_for_extremes] - [PR DEBUG] Keys for ACCESS-CM2_ssp585: ['1Q_low_winter', '1Q_high_winter', '7Q_low_winter', '7Q_high_winter', '30Q_low_winter', '30Q_high_winter', '1Q_low_summer', '1Q_high_summer', '7Q_low_summer', '7Q_high_summer', '30Q_low_summer', '30Q_high_summer', '1Q_low_full_year', '1Q_high_full_year', '7Q_low_full_year', '7Q_high_full_year', '30Q_low_full_year', '30Q_high_full_year', 'Mar_discharge', 'Apr_discharge', 'May_discharge', 'Sep_discharge', 'Oct_discharge', 'Nov_discharge', 'DJF_JetSpeed', 'DJF_JetLat', 'DJF_pr', 'DJF_tas', 'DJF_discharge', 'JJA_JetSpeed', 'JJA_JetLat', 'JJA_pr', 'JJA_tas', 'JJA_discharge', 'Hydro_Winter_JetSpeed', 'Hydro_Winter_JetLat', 'Hydro_Summer_JetSpeed', 'Hydro_Summer_JetLat', 'Annual_tas', 'Annual_pr', 'Annual_discharge', 'Annual_spei']
2026-07-22 13:29:06,758 - INFO - [storyline.calculate_pr_composites_for_extremes] -   Calculated Return Periods for 31 models.
2026-07-22 13:29:06,783 - INFO - [storyline.calculate_pr_composites_for_extremes] -   PR Extreme Models (Shortest T): ['KACE-1-0-G_ssp585', 'BCC-CSM2-MR_ssp585', 'CNRM-CM6-1_ssp585', 'CESM2_ssp585', 'CMCC-ESM2_ssp585', 'MPI-ESM1-2-LR_ssp585', 'INM-CM5-0_ssp585', 'KIOST-ESM_ssp585', 'MPI-ESM1-2-HR_ssp585', 'ACCESS-ESM1-5_ssp585']
2026-07-22 13:29:06,783 - INFO - [storyline.calculate_pr_composites_for_extremes] -   PR Non-Extreme Models (Longest T): ['EC-Earth3-Veg-LR_ssp585', 'GFDL-ESM4_ssp585', 'HadGEM3-GC31-LL_ssp585', 'IPSL-CM6A-LR_ssp585', 'CNRM-ESM2-1_ssp585', 'CanESM5_ssp585', 'EC-Earth3_ssp585', 'IITM-ESM_ssp585', 'MIROC-ES2L_ssp585', 'MRI-ESM2-0_ssp585']
2026-07-22 13:29:07,007 - INFO - [storyline.find_cmip6_pr_file] - Including non-standard file to fill gap: pr_Amon_CNRM-CM6-1_ssp585_r1i1p1f2_gr_20150116-21001216_regridded.nc
2026-07-22 13:29:07,126 - INFO - [storyline.find_cmip6_pr_file] - Including non-standard file to fill gap: pr_Amon_CESM2_ssp585_r4i1p1f1_gn_20150115-21001215_regridded.nc
2026-07-22 13:29:08,205 - WARNING - [storyline.find_cmip6_pr_file] - Excluding overlapping non-standard file: pr_Amon_EC-Earth3-Veg-LR_ssp585_r1i1p1f1_gr_20420116-21001216_regridded.nc
2026-07-22 13:29:09,175 - INFO - [storyline.find_cmip6_pr_file] - Including non-standard file to fill gap: pr_Amon_HadGEM3-GC31-LL_ssp585_r1i1p1f3_gn_20150116-21001216_regridded.nc
2026-07-22 13:29:09,467 - INFO - [storyline.find_cmip6_pr_file] - Including non-standard file to fill gap: pr_Amon_CNRM-ESM2-1_ssp585_r1i1p1f2_gr_20150116-21001216_regridded.nc
2026-07-22 13:29:10,587 - INFO - [storyline.find_cmip6_pr_file] - Including non-standard file to fill gap: pr_Amon_MIROC-ES2L_ssp585_r1i1p1f2_gn_20150116-21001216_regridded.nc
2026-07-22 13:29:10,707 - INFO - [storyline.find_cmip6_pr_file] - Including non-standard file to fill gap: pr_Amon_MRI-ESM2-0_ssp585_r1i1p1f1_gn_20150116-23001216_regridded.nc
2026-07-22 13:29:10,853 - INFO - [storyline.find_cmip6_pr_historical_file] - Selected historical PR member 'r1i1p1f1' for KACE-1-0-G from available: ['r1i1p1f1']
2026-07-22 13:29:11,046 - INFO - [storyline.find_cmip6_pr_historical_file] - Selected historical PR member 'r1i1p1f1' for BCC-CSM2-MR from available: ['r1i1p1f1']
2026-07-22 13:29:11,244 - INFO - [storyline.find_cmip6_pr_historical_file] - Selected historical PR member 'r1i1p1f2' for CNRM-CM6-1 from available: ['r1i1p1f2']
2026-07-22 13:29:11,244 - INFO - [storyline.find_cmip6_pr_historical_file] - Including non-standard historical PR file to fill gap: pr_Amon_CNRM-CM6-1_historical_r1i1p1f2_gr_18500116-20141216_regridded.nc
2026-07-22 13:29:11,443 - INFO - [storyline.find_cmip6_pr_historical_file] - Selected historical PR member 'r1i1p1f1' for CESM2 from available: ['r1i1p1f1']
2026-07-22 13:29:11,644 - INFO - [storyline.find_cmip6_pr_historical_file] - Selected historical PR member 'r1i1p1f1' for CMCC-ESM2 from available: ['r1i1p1f1']
2026-07-22 13:29:11,844 - INFO - [storyline.find_cmip6_pr_historical_file] - Selected historical PR member 'r1i1p1f1' for MPI-ESM1-2-LR from available: ['r1i1p1f1']
2026-07-22 13:29:12,135 - INFO - [storyline.find_cmip6_pr_historical_file] - Selected historical PR member 'r1i1p1f1' for INM-CM5-0 from available: ['r1i1p1f1']
2026-07-22 13:29:12,369 - INFO - [storyline.find_cmip6_pr_historical_file] - Selected historical PR member 'r1i1p1f1' for KIOST-ESM from available: ['r1i1p1f1']
2026-07-22 13:29:12,573 - INFO - [storyline.find_cmip6_pr_historical_file] - Selected historical PR member 'r1i1p1f1' for MPI-ESM1-2-HR from available: ['r1i1p1f1']
2026-07-22 13:29:12,574 - INFO - [storyline.find_cmip6_pr_historical_file] - Including non-standard historical PR file to fill gap: pr_Amon_MPI-ESM1-2-HR_historical_r1i1p1f1_gn_19000116-19041216_regridded.nc
2026-07-22 13:29:13,028 - INFO - [storyline.find_cmip6_pr_historical_file] - Selected historical PR member 'r1i1p1f1' for ACCESS-ESM1-5 from available: ['r1i1p1f1']
2026-07-22 13:29:13,234 - INFO - [storyline.find_cmip6_pr_historical_file] - Selected historical PR member 'r1i1p1f1' for EC-Earth3-Veg-LR from available: ['r1i1p1f1']
2026-07-22 13:29:14,689 - INFO - [storyline.find_cmip6_pr_historical_file] - Selected historical PR member 'r1i1p1f1' for GFDL-ESM4 from available: ['r1i1p1f1']
2026-07-22 13:29:14,689 - INFO - [storyline.find_cmip6_pr_historical_file] - Including non-standard historical PR file to fill gap: pr_Amon_GFDL-ESM4_historical_r1i1p1f1_gr1_18500116-20141216_regridded.nc
2026-07-22 13:29:14,864 - INFO - [storyline.find_cmip6_pr_historical_file] - Selected historical PR member 'r1i1p1f3' for HadGEM3-GC31-LL from available: ['r1i1p1f3']
2026-07-22 13:29:14,864 - INFO - [storyline.find_cmip6_pr_historical_file] - Including non-standard historical PR file to fill gap: pr_Amon_HadGEM3-GC31-LL_historical_r1i1p1f3_gn_18500116-20141216_regridded.nc
2026-07-22 13:29:15,062 - INFO - [storyline.find_cmip6_pr_historical_file] - Selected historical PR member 'r1i1p1f1' for IPSL-CM6A-LR from available: ['r1i1p1f1']
2026-07-22 13:29:15,265 - INFO - [storyline.find_cmip6_pr_historical_file] - Selected historical PR member 'r1i1p1f2' for CNRM-ESM2-1 from available: ['r1i1p1f2']
2026-07-22 13:29:15,265 - INFO - [storyline.find_cmip6_pr_historical_file] - Including non-standard historical PR file to fill gap: pr_Amon_CNRM-ESM2-1_historical_r1i1p1f2_gr_18500116-20141216_regridded.nc
2026-07-22 13:29:15,464 - INFO - [storyline.find_cmip6_pr_historical_file] - Selected historical PR member 'r1i1p1f1' for CanESM5 from available: ['r1i1p1f1']
2026-07-22 13:29:15,663 - INFO - [storyline.find_cmip6_pr_historical_file] - Selected historical PR member 'r1i1p1f1' for EC-Earth3 from available: ['r1i1p1f1']
2026-07-22 13:29:16,878 - INFO - [storyline.find_cmip6_pr_historical_file] - Selected historical PR member 'r1i1p1f1' for IITM-ESM from available: ['r1i1p1f1']
2026-07-22 13:29:17,184 - INFO - [storyline.find_cmip6_pr_historical_file] - Selected historical PR member 'r1i1p1f2' for MIROC-ES2L from available: ['r1i1p1f2']
2026-07-22 13:29:17,185 - INFO - [storyline.find_cmip6_pr_historical_file] - Including non-standard historical PR file to fill gap: pr_Amon_MIROC-ES2L_historical_r1i1p1f2_gn_18500116-20141216_regridded.nc
2026-07-22 13:29:17,379 - INFO - [storyline.find_cmip6_pr_historical_file] - Selected historical PR member 'r1i1p1f1' for MRI-ESM2-0 from available: ['r1i1p1f1']
2026-07-22 13:29:17,379 - INFO - [storyline.find_cmip6_pr_historical_file] - Including non-standard historical PR file to fill gap: pr_Amon_MRI-ESM2-0_historical_r1i1p1f1_gn_18500116-20141216_regridded.nc
2026-07-22 13:29:17,582 - INFO - [storyline.find_cmip6_pr_historical_file] - Selected historical PR member 'r1i1p1f1' for ACCESS-CM2 from available: ['r1i1p1f1']
2026-07-22 13:29:17,778 - INFO - [storyline.find_cmip6_pr_historical_file] - Selected historical PR member 'r1i1p1f1' for ACCESS-ESM1-5 from available: ['r1i1p1f1']
2026-07-22 13:29:17,983 - INFO - [storyline.find_cmip6_pr_historical_file] - Selected historical PR member 'r1i1p1f1' for BCC-CSM2-MR from available: ['r1i1p1f1']
2026-07-22 13:29:18,188 - INFO - [storyline.find_cmip6_pr_historical_file] - Selected historical PR member 'r1i1p1f1' for CESM2 from available: ['r1i1p1f1']
2026-07-22 13:29:18,392 - INFO - [storyline.find_cmip6_pr_historical_file] - Selected historical PR member 'r1i1p1f1' for CESM2-WACCM from available: ['r1i1p1f1']
2026-07-22 13:29:18,595 - INFO - [storyline.find_cmip6_pr_historical_file] - Selected historical PR member 'r1i1p1f1' for CMCC-CM2-SR5 from available: ['r1i1p1f1']
2026-07-22 13:29:18,795 - INFO - [storyline.find_cmip6_pr_historical_file] - Selected historical PR member 'r1i1p1f1' for CMCC-ESM2 from available: ['r1i1p1f1']
2026-07-22 13:29:18,995 - INFO - [storyline.find_cmip6_pr_historical_file] - Selected historical PR member 'r1i1p1f2' for CNRM-CM6-1-HR from available: ['r1i1p1f2']
2026-07-22 13:29:18,995 - INFO - [storyline.find_cmip6_pr_historical_file] - Including non-standard historical PR file to fill gap: pr_Amon_CNRM-CM6-1-HR_historical_r1i1p1f2_gr_18500116-20100916_regridded.nc
2026-07-22 13:29:18,995 - INFO - [storyline.find_cmip6_pr_historical_file] - Including non-standard historical PR file to fill gap: pr_Amon_CNRM-CM6-1-HR_historical_r1i1p1f2_gr_20101016-20141216_regridded.nc
2026-07-22 13:29:19,237 - INFO - [storyline.find_cmip6_pr_historical_file] - Selected historical PR member 'r1i1p1f2' for CNRM-CM6-1 from available: ['r1i1p1f2']
2026-07-22 13:29:19,238 - INFO - [storyline.find_cmip6_pr_historical_file] - Including non-standard historical PR file to fill gap: pr_Amon_CNRM-CM6-1_historical_r1i1p1f2_gr_18500116-20141216_regridded.nc
2026-07-22 13:29:19,680 - INFO - [storyline.find_cmip6_pr_historical_file] - Selected historical PR member 'r1i1p1f2' for CNRM-ESM2-1 from available: ['r1i1p1f2']
2026-07-22 13:29:19,681 - INFO - [storyline.find_cmip6_pr_historical_file] - Including non-standard historical PR file to fill gap: pr_Amon_CNRM-ESM2-1_historical_r1i1p1f2_gr_18500116-20141216_regridded.nc
2026-07-22 13:29:19,878 - INFO - [storyline.find_cmip6_pr_historical_file] - Selected historical PR member 'r1i1p1f1' for CanESM5 from available: ['r1i1p1f1']
2026-07-22 13:29:20,077 - INFO - [storyline.find_cmip6_pr_historical_file] - Selected historical PR member 'r1i1p1f1' for E3SM-1-0 from available: ['r1i1p1f1']
2026-07-22 13:29:20,358 - INFO - [storyline.find_cmip6_pr_historical_file] - Selected historical PR member 'r1i1p1f1' for EC-Earth3-CC from available: ['r1i1p1f1']
2026-07-22 13:29:21,566 - INFO - [storyline.find_cmip6_pr_historical_file] - Selected historical PR member 'r1i1p1f1' for EC-Earth3-Veg-LR from available: ['r1i1p1f1']
2026-07-22 13:29:22,742 - INFO - [storyline.find_cmip6_pr_historical_file] - Selected historical PR member 'r1i1p1f1' for EC-Earth3 from available: ['r1i1p1f1']
2026-07-22 13:29:23,914 - INFO - [storyline.find_cmip6_pr_historical_file] - Selected historical PR member 'r1i1p1f1' for GFDL-ESM4 from available: ['r1i1p1f1']
2026-07-22 13:29:23,914 - INFO - [storyline.find_cmip6_pr_historical_file] - Including non-standard historical PR file to fill gap: pr_Amon_GFDL-ESM4_historical_r1i1p1f1_gr1_18500116-20141216_regridded.nc
2026-07-22 13:29:24,088 - INFO - [storyline.find_cmip6_pr_historical_file] - Selected historical PR member 'r1i1p1f3' for HadGEM3-GC31-LL from available: ['r1i1p1f3']
2026-07-22 13:29:24,088 - INFO - [storyline.find_cmip6_pr_historical_file] - Including non-standard historical PR file to fill gap: pr_Amon_HadGEM3-GC31-LL_historical_r1i1p1f3_gn_18500116-20141216_regridded.nc
2026-07-22 13:29:24,531 - INFO - [storyline.find_cmip6_pr_historical_file] - Selected historical PR member 'r1i1p1f3' for HadGEM3-GC31-MM from available: ['r1i1p1f3']
2026-07-22 13:29:24,532 - INFO - [storyline.find_cmip6_pr_historical_file] - Including non-standard historical PR file to fill gap: pr_Amon_HadGEM3-GC31-MM_historical_r1i1p1f3_gn_18500116-20141216_regridded.nc
2026-07-22 13:29:24,735 - INFO - [storyline.find_cmip6_pr_historical_file] - Selected historical PR member 'r1i1p1f1' for IITM-ESM from available: ['r1i1p1f1']
2026-07-22 13:29:25,078 - INFO - [storyline.find_cmip6_pr_historical_file] - Selected historical PR member 'r1i1p1f1' for INM-CM4-8 from available: ['r1i1p1f1']
2026-07-22 13:29:25,306 - INFO - [storyline.find_cmip6_pr_historical_file] - Selected historical PR member 'r1i1p1f1' for INM-CM5-0 from available: ['r1i1p1f1']
2026-07-22 13:29:25,536 - INFO - [storyline.find_cmip6_pr_historical_file] - Selected historical PR member 'r1i1p1f1' for IPSL-CM6A-LR from available: ['r1i1p1f1']
2026-07-22 13:29:25,738 - INFO - [storyline.find_cmip6_pr_historical_file] - Selected historical PR member 'r1i1p1f1' for KACE-1-0-G from available: ['r1i1p1f1']
2026-07-22 13:29:25,938 - INFO - [storyline.find_cmip6_pr_historical_file] - Selected historical PR member 'r1i1p1f1' for KIOST-ESM from available: ['r1i1p1f1']
2026-07-22 13:29:26,139 - INFO - [storyline.find_cmip6_pr_historical_file] - Selected historical PR member 'r1i1p1f2' for MIROC-ES2L from available: ['r1i1p1f2']
2026-07-22 13:29:26,140 - INFO - [storyline.find_cmip6_pr_historical_file] - Including non-standard historical PR file to fill gap: pr_Amon_MIROC-ES2L_historical_r1i1p1f2_gn_18500116-20141216_regridded.nc
2026-07-22 13:29:26,339 - INFO - [storyline.find_cmip6_pr_historical_file] - Selected historical PR member 'r1i1p1f1' for MIROC6 from available: ['r1i1p1f1']
2026-07-22 13:29:26,574 - INFO - [storyline.find_cmip6_pr_historical_file] - Selected historical PR member 'r1i1p1f1' for MPI-ESM1-2-HR from available: ['r1i1p1f1']
2026-07-22 13:29:26,575 - INFO - [storyline.find_cmip6_pr_historical_file] - Including non-standard historical PR file to fill gap: pr_Amon_MPI-ESM1-2-HR_historical_r1i1p1f1_gn_19000116-19041216_regridded.nc
2026-07-22 13:29:27,017 - INFO - [storyline.find_cmip6_pr_historical_file] - Selected historical PR member 'r1i1p1f1' for MPI-ESM1-2-LR from available: ['r1i1p1f1']
2026-07-22 13:29:27,287 - INFO - [storyline.find_cmip6_pr_historical_file] - Selected historical PR member 'r1i1p1f1' for MRI-ESM2-0 from available: ['r1i1p1f1']
2026-07-22 13:29:27,288 - INFO - [storyline.find_cmip6_pr_historical_file] - Including non-standard historical PR file to fill gap: pr_Amon_MRI-ESM2-0_historical_r1i1p1f1_gn_18500116-20141216_regridded.nc
2026-07-22 13:29:27,486 - INFO - [storyline.find_cmip6_pr_historical_file] - Selected historical PR member 'r1i1p1f1' for NorESM2-MM from available: ['r1i1p1f1']
2026-07-22 13:29:27,832 - INFO - [storyline.find_cmip6_pr_historical_file] - Selected historical PR member 'r1i1p1f2' for UKESM1-0-LL from available: ['r13i1p1f2', 'r1i1p1f2']
2026-07-22 13:29:27,832 - INFO - [storyline.find_cmip6_pr_historical_file] - Including non-standard historical PR file to fill gap: pr_Amon_UKESM1-0-LL_historical_r1i1p1f2_gn_18500116-20141216_regridded.nc
2026-07-22 13:29:28,043 - INFO - [storyline.calculate_pr_composites_for_extremes] -   PR Future Extreme Models (N=10): ['KACE-1-0-G_ssp585', 'BCC-CSM2-MR_ssp585', 'CNRM-CM6-1_ssp585', 'CESM2_ssp585', 'CMCC-ESM2_ssp585', 'MPI-ESM1-2-LR_ssp585', 'INM-CM5-0_ssp585', 'KIOST-ESM_ssp585', 'MPI-ESM1-2-HR_ssp585', 'ACCESS-ESM1-5_ssp585']
2026-07-22 13:29:28,043 - INFO - [storyline.calculate_pr_composites_for_extremes] -   PR Future Non-Extreme Models (N=10): ['EC-Earth3-Veg-LR_ssp585', 'GFDL-ESM4_ssp585', 'HadGEM3-GC31-LL_ssp585', 'IPSL-CM6A-LR_ssp585', 'CNRM-ESM2-1_ssp585', 'CanESM5_ssp585', 'EC-Earth3_ssp585', 'IITM-ESM_ssp585', 'MIROC-ES2L_ssp585', 'MRI-ESM2-0_ssp585']
2026-07-22 13:29:28,043 - INFO - [storyline.calculate_pr_composites_for_extremes] -   PR Historical Extreme Models (N=10): ['KACE-1-0-G_ssp585', 'BCC-CSM2-MR_ssp585', 'CNRM-CM6-1_ssp585', 'CESM2_ssp585', 'CMCC-ESM2_ssp585', 'MPI-ESM1-2-LR_ssp585', 'INM-CM5-0_ssp585', 'KIOST-ESM_ssp585', 'MPI-ESM1-2-HR_ssp585', 'ACCESS-ESM1-5_ssp585']
2026-07-22 13:29:28,043 - INFO - [storyline.calculate_pr_composites_for_extremes] -   PR Historical Non-Extreme Models (N=10): ['EC-Earth3-Veg-LR_ssp585', 'GFDL-ESM4_ssp585', 'HadGEM3-GC31-LL_ssp585', 'IPSL-CM6A-LR_ssp585', 'CNRM-ESM2-1_ssp585', 'CanESM5_ssp585', 'EC-Earth3_ssp585', 'IITM-ESM_ssp585', 'MIROC-ES2L_ssp585', 'MRI-ESM2-0_ssp585']
2026-07-22 13:29:28,635 - INFO - [main.run_full_analysis] - Combined PR diff plot for GWL 2.0 already exists.
2026-07-22 13:29:28,635 - INFO - [visualization.plot_final_figure_4_combined] - Plotting combined final figure 4 for GWL 2.0°C, ssp585...
/nas/home/vlw/Desktop/STREAM/Code/paper1-project/visualization.py:6398: UserWarning: This figure includes Axes that are not compatible with tight_layout, so results might be incorrect.
  fig.tight_layout(rect=(0, 0.07, 1, 0.94), h_pad=1.2, w_pad=1.0)
2026-07-22 13:29:33,126 - INFO - [visualization.plot_final_figure_4_combined] - Saved combined final figure 4 to /nas/home/vlw/Desktop/STREAM/paper1-plots/final_figure_4_combined_ssp585_gwl2.0.png and /nas/home/vlw/Desktop/STREAM/paper1-plots/final_figure_4_combined_ssp585_gwl2.0.pdf
2026-07-22 13:29:33,129 - INFO - [main.run_full_analysis] - Combined PR diff plot for GWL 3.0 already exists.
2026-07-22 13:29:33,129 - INFO - [visualization.plot_final_figure_4_combined] - Plotting combined final figure 4 for GWL 3.0°C, ssp585...
/nas/home/vlw/Desktop/STREAM/Code/paper1-project/visualization.py:6398: UserWarning: This figure includes Axes that are not compatible with tight_layout, so results might be incorrect.
  fig.tight_layout(rect=(0, 0.07, 1, 0.94), h_pad=1.2, w_pad=1.0)
2026-07-22 13:29:36,636 - INFO - [visualization.plot_final_figure_4_combined] - Saved combined final figure 4 to /nas/home/vlw/Desktop/STREAM/paper1-plots/final_figure_4_combined_ssp585_gwl3.0.png and /nas/home/vlw/Desktop/STREAM/paper1-plots/final_figure_4_combined_ssp585_gwl3.0.pdf
2026-07-22 13:29:36,641 - INFO - [main.run_full_analysis] - UA composite plot for GWL 2.0, Winter already exists and data not needed.
2026-07-22 13:29:36,641 - INFO - [storyline.calculate_ua_composites_for_extremes] - Calculating UA composites for event '30Q10_low' at GWL +2.0°C, Season=Winter...
2026-07-22 13:29:36,685 - INFO - [storyline.calculate_ua_composites_for_extremes] -   UA Extreme Models (N=10): ['BCC-CSM2-MR_ssp585', 'CESM2_ssp585', 'CNRM-CM6-1_ssp585', 'CNRM-CM6-1-HR_ssp585', 'ACCESS-ESM1-5_ssp585', 'CMCC-ESM2_ssp585', 'MPI-ESM1-2-HR_ssp585', 'HadGEM3-GC31-LL_ssp585', 'HadGEM3-GC31-MM_ssp585', 'INM-CM5-0_ssp585']
2026-07-22 13:29:36,685 - INFO - [storyline.calculate_ua_composites_for_extremes] -   UA Non-Extreme Models (N=10): ['EC-Earth3-CC_ssp585', 'IPSL-CM6A-LR_ssp585', 'MRI-ESM2-0_ssp585', 'UKESM1-0-LL_ssp585', 'E3SM-1-0_ssp585', 'EC-Earth3-Veg-LR_ssp585', 'GFDL-ESM4_ssp585', 'INM-CM4-8_ssp585', 'MIROC-ES2L_ssp585', 'MIROC6_ssp585']
2026-07-22 13:29:36,687 - INFO - [storyline.find_cmip6_ua_file] - Selected UA file member 'r1i1p1f1' for BCC-CSM2-MR (ssp585) from available: ['r1i1p1f1']
2026-07-22 13:29:36,687 - WARNING - [storyline.find_cmip6_ua_file] - Excluding overlapping non-standard UA file: ua_Amon_BCC-CSM2-MR_ssp585_r1i1p1f1_gn_20550116-20970916_regridded.nc
2026-07-22 13:29:36,687 - WARNING - [storyline.find_cmip6_ua_file] - Excluding overlapping non-standard UA file: ua_Amon_BCC-CSM2-MR_ssp585_r1i1p1f1_gn_20971016-21001216_regridded.nc
2026-07-22 13:29:38,431 - INFO - [storyline.find_cmip6_ua_file] - Selected UA file member 'r4i1p1f1' for CESM2 (ssp585) from available: ['r4i1p1f1']
2026-07-22 13:29:38,431 - INFO - [storyline.find_cmip6_ua_file] - Including non-standard UA file to fill gap: ua_Amon_CESM2_ssp585_r4i1p1f1_gn_20150115-20540715_regridded.nc
2026-07-22 13:29:38,432 - INFO - [storyline.find_cmip6_ua_file] - Including non-standard UA file to fill gap: ua_Amon_CESM2_ssp585_r4i1p1f1_gn_20540815-20940214_regridded.nc
2026-07-22 13:29:38,432 - INFO - [storyline.find_cmip6_ua_file] - Including non-standard UA file to fill gap: ua_Amon_CESM2_ssp585_r4i1p1f1_gn_20940315-21001215_regridded.nc
2026-07-22 13:29:38,625 - INFO - [storyline.find_cmip6_ua_file] - Selected UA file member 'r1i1p1f2' for CNRM-CM6-1 (ssp585) from available: ['r1i1p1f2']
2026-07-22 13:29:38,625 - INFO - [storyline.find_cmip6_ua_file] - Including non-standard UA file to fill gap: ua_Amon_CNRM-CM6-1_ssp585_r1i1p1f2_gr_20150116-20811116_regridded.nc
2026-07-22 13:29:38,626 - INFO - [storyline.find_cmip6_ua_file] - Including non-standard UA file to fill gap: ua_Amon_CNRM-CM6-1_ssp585_r1i1p1f2_gr_20811216-21001216_regridded.nc
2026-07-22 13:29:38,794 - INFO - [storyline.find_cmip6_ua_file] - Selected UA file member 'r1i1p1f2' for CNRM-CM6-1-HR (ssp585) from available: ['r1i1p1f2']
2026-07-22 13:29:38,794 - INFO - [storyline.find_cmip6_ua_file] - Including non-standard UA file to fill gap: ua_Amon_CNRM-CM6-1-HR_ssp585_r1i1p1f2_gr_20150116-20230516_regridded.nc
2026-07-22 13:29:38,794 - INFO - [storyline.find_cmip6_ua_file] - Including non-standard UA file to fill gap: ua_Amon_CNRM-CM6-1-HR_ssp585_r1i1p1f2_gr_20230616-20311016_regridded.nc
2026-07-22 13:29:38,795 - INFO - [storyline.find_cmip6_ua_file] - Including non-standard UA file to fill gap: ua_Amon_CNRM-CM6-1-HR_ssp585_r1i1p1f2_gr_20311116-20400316_regridded.nc
2026-07-22 13:29:38,795 - INFO - [storyline.find_cmip6_ua_file] - Including non-standard UA file to fill gap: ua_Amon_CNRM-CM6-1-HR_ssp585_r1i1p1f2_gr_20400416-20480816_regridded.nc
2026-07-22 13:29:38,795 - INFO - [storyline.find_cmip6_ua_file] - Including non-standard UA file to fill gap: ua_Amon_CNRM-CM6-1-HR_ssp585_r1i1p1f2_gr_20480916-20570116_regridded.nc
2026-07-22 13:29:38,795 - INFO - [storyline.find_cmip6_ua_file] - Including non-standard UA file to fill gap: ua_Amon_CNRM-CM6-1-HR_ssp585_r1i1p1f2_gr_20570215-20650616_regridded.nc
2026-07-22 13:29:38,795 - INFO - [storyline.find_cmip6_ua_file] - Including non-standard UA file to fill gap: ua_Amon_CNRM-CM6-1-HR_ssp585_r1i1p1f2_gr_20650716-20731116_regridded.nc
2026-07-22 13:29:38,795 - INFO - [storyline.find_cmip6_ua_file] - Including non-standard UA file to fill gap: ua_Amon_CNRM-CM6-1-HR_ssp585_r1i1p1f2_gr_20731216-20820416_regridded.nc
2026-07-22 13:29:38,795 - INFO - [storyline.find_cmip6_ua_file] - Including non-standard UA file to fill gap: ua_Amon_CNRM-CM6-1-HR_ssp585_r1i1p1f2_gr_20820516-20900916_regridded.nc
2026-07-22 13:29:38,795 - INFO - [storyline.find_cmip6_ua_file] - Including non-standard UA file to fill gap: ua_Amon_CNRM-CM6-1-HR_ssp585_r1i1p1f2_gr_20901016-20990215_regridded.nc
2026-07-22 13:29:38,796 - INFO - [storyline.find_cmip6_ua_file] - Including non-standard UA file to fill gap: ua_Amon_CNRM-CM6-1-HR_ssp585_r1i1p1f2_gr_20990316-21001216_regridded.nc
2026-07-22 13:29:39,056 - INFO - [storyline.find_cmip6_ua_file] - Selected UA file member 'r1i1p1f1' for ACCESS-ESM1-5 (ssp585) from available: ['r1i1p1f1']
/nas/home/vlw/.mambaenvs/STREAM/lib/python3.10/site-packages/dask/array/core.py:4988: PerformanceWarning: Increasing number of chunks by factor of 38
  result = blockwise(
/nas/home/vlw/.mambaenvs/STREAM/lib/python3.10/site-packages/dask/array/core.py:4988: PerformanceWarning: Increasing number of chunks by factor of 38
  result = blockwise(
/nas/home/vlw/.mambaenvs/STREAM/lib/python3.10/site-packages/dask/array/core.py:4988: PerformanceWarning: Increasing number of chunks by factor of 38
  result = blockwise(
2026-07-22 13:29:39,948 - INFO - [storyline.find_cmip6_ua_file] - Selected UA file member 'r1i1p1f1' for CMCC-ESM2 (ssp585) from available: ['r1i1p1f1']
2026-07-22 13:29:39,948 - WARNING - [storyline.find_cmip6_ua_file] - Excluding overlapping non-standard UA file: ua_Amon_CMCC-ESM2_ssp585_r1i1p1f1_gn_20400116-20790716_regridded.nc
2026-07-22 13:29:39,948 - WARNING - [storyline.find_cmip6_ua_file] - Excluding overlapping non-standard UA file: ua_Amon_CMCC-ESM2_ssp585_r1i1p1f1_gn_20790816-21001216_regridded.nc
2026-07-22 13:29:40,137 - INFO - [storyline.find_cmip6_ua_file] - Selected UA file member 'r1i1p1f1' for MPI-ESM1-2-HR (ssp585) from available: ['r1i1p1f1']
2026-07-22 13:29:40,441 - INFO - [storyline.find_cmip6_ua_file] - Selected UA file member 'r1i1p1f3' for HadGEM3-GC31-LL (ssp585) from available: ['r1i1p1f3']
2026-07-22 13:29:40,442 - INFO - [storyline.find_cmip6_ua_file] - Including non-standard UA file to fill gap: ua_Amon_HadGEM3-GC31-LL_ssp585_r1i1p1f3_gn_20150116-20930916_regridded.nc
2026-07-22 13:29:40,442 - INFO - [storyline.find_cmip6_ua_file] - Including non-standard UA file to fill gap: ua_Amon_HadGEM3-GC31-LL_ssp585_r1i1p1f3_gn_20931016-21001216_regridded.nc
2026-07-22 13:29:40,591 - INFO - [storyline.find_cmip6_ua_file] - Selected UA file member 'r1i1p1f3' for HadGEM3-GC31-MM (ssp585) from available: ['r1i1p1f3']
2026-07-22 13:29:40,591 - INFO - [storyline.find_cmip6_ua_file] - Including non-standard UA file to fill gap: ua_Amon_HadGEM3-GC31-MM_ssp585_r1i1p1f3_gn_20150116-20300716_regridded.nc
2026-07-22 13:29:40,591 - INFO - [storyline.find_cmip6_ua_file] - Including non-standard UA file to fill gap: ua_Amon_HadGEM3-GC31-MM_ssp585_r1i1p1f3_gn_20300816-20460216_regridded.nc
2026-07-22 13:29:40,592 - INFO - [storyline.find_cmip6_ua_file] - Including non-standard UA file to fill gap: ua_Amon_HadGEM3-GC31-MM_ssp585_r1i1p1f3_gn_20460316-20610916_regridded.nc
2026-07-22 13:29:40,592 - INFO - [storyline.find_cmip6_ua_file] - Including non-standard UA file to fill gap: ua_Amon_HadGEM3-GC31-MM_ssp585_r1i1p1f3_gn_20611016-20770416_regridded.nc
2026-07-22 13:29:40,592 - INFO - [storyline.find_cmip6_ua_file] - Including non-standard UA file to fill gap: ua_Amon_HadGEM3-GC31-MM_ssp585_r1i1p1f3_gn_20770516-20921116_regridded.nc
2026-07-22 13:29:40,592 - INFO - [storyline.find_cmip6_ua_file] - Including non-standard UA file to fill gap: ua_Amon_HadGEM3-GC31-MM_ssp585_r1i1p1f3_gn_20921216-21001216_regridded.nc
2026-07-22 13:29:40,803 - INFO - [storyline.find_cmip6_ua_file] - Selected UA file member 'r1i1p1f1' for INM-CM5-0 (ssp585) from available: ['r1i1p1f1']
2026-07-22 13:29:41,030 - INFO - [storyline.find_cmip6_ua_file] - Selected UA file member 'r1i1p1f1' for EC-Earth3-CC (ssp585) from available: ['r1i1p1f1']
2026-07-22 13:29:41,854 - INFO - [storyline.find_cmip6_ua_file] - Selected UA file member 'r1i1p1f1' for IPSL-CM6A-LR (ssp585) from available: ['r1i1p1f1']
2026-07-22 13:29:42,005 - INFO - [storyline.find_cmip6_ua_file] - Selected UA file member 'r1i1p1f1' for MRI-ESM2-0 (ssp585) from available: ['r1i1p1f1']
2026-07-22 13:29:42,165 - INFO - [storyline.find_cmip6_ua_file] - Selected UA file member 'r1i1p1f2' for UKESM1-0-LL (ssp585) from available: ['r1i1p1f2']
2026-07-22 13:29:42,165 - INFO - [storyline.find_cmip6_ua_file] - Including non-standard UA file to fill gap: ua_Amon_UKESM1-0-LL_ssp585_r1i1p1f2_gn_20150116-20930916_regridded.nc
2026-07-22 13:29:42,165 - INFO - [storyline.find_cmip6_ua_file] - Including non-standard UA file to fill gap: ua_Amon_UKESM1-0-LL_ssp585_r1i1p1f2_gn_20931016-21001216_regridded.nc
2026-07-22 13:29:42,332 - INFO - [storyline.find_cmip6_ua_file] - Selected UA file member 'r1i1p1f1' for E3SM-1-0 (ssp585) from available: ['r1i1p1f1']
2026-07-22 13:29:42,496 - INFO - [storyline.find_cmip6_ua_file] - Selected UA file member 'r1i1p1f1' for EC-Earth3-Veg-LR (ssp585) from available: ['r1i1p1f1']
2026-07-22 13:29:42,497 - WARNING - [storyline.find_cmip6_ua_file] - Excluding overlapping non-standard UA file: ua_Amon_EC-Earth3-Veg-LR_ssp585_r1i1p1f1_gr_20170116-20590916_regridded.nc
2026-07-22 13:29:42,497 - WARNING - [storyline.find_cmip6_ua_file] - Excluding overlapping non-standard UA file: ua_Amon_EC-Earth3-Veg-LR_ssp585_r1i1p1f1_gr_20280116-20831216_regridded.nc
2026-07-22 13:29:42,498 - WARNING - [storyline.find_cmip6_ua_file] - Excluding overlapping non-standard UA file: ua_Amon_EC-Earth3-Veg-LR_ssp585_r1i1p1f1_gr_20591016-21001216_regridded.nc
2026-07-22 13:29:43,487 - INFO - [storyline.find_cmip6_ua_file] - Selected UA file member 'r1i1p1f1' for GFDL-ESM4 (ssp585) from available: ['r1i1p1f1']
2026-07-22 13:29:43,487 - WARNING - [storyline.find_cmip6_ua_file] - Excluding overlapping non-standard UA file: ua_Amon_GFDL-ESM4_ssp585_r1i1p1f1_gr1_20150116-20570316_regridded.nc
2026-07-22 13:29:43,487 - WARNING - [storyline.find_cmip6_ua_file] - Excluding overlapping non-standard UA file: ua_Amon_GFDL-ESM4_ssp585_r1i1p1f1_gr1_20570416-20990616_regridded.nc
2026-07-22 13:29:43,487 - WARNING - [storyline.find_cmip6_ua_file] - Excluding overlapping non-standard UA file: ua_Amon_GFDL-ESM4_ssp585_r1i1p1f1_gr1_20990716-21001216_regridded.nc
2026-07-22 13:29:43,618 - INFO - [storyline.find_cmip6_ua_file] - Selected UA file member 'r1i1p1f1' for INM-CM4-8 (ssp585) from available: ['r1i1p1f1']
2026-07-22 13:29:43,847 - INFO - [storyline.find_cmip6_ua_file] - Selected UA file member 'r1i1p1f2' for MIROC-ES2L (ssp585) from available: ['r1i1p1f2']
2026-07-22 13:29:43,847 - INFO - [storyline.find_cmip6_ua_file] - Including non-standard UA file to fill gap: ua_Amon_MIROC-ES2L_ssp585_r1i1p1f2_gn_20150116-21001216_regridded.nc
2026-07-22 13:29:43,990 - INFO - [storyline.find_cmip6_ua_file] - Selected UA file member 'r1i1p1f1' for MIROC6 (ssp585) from available: ['r1i1p1f1']
2026-07-22 13:29:43,990 - WARNING - [storyline.find_cmip6_ua_file] - Excluding overlapping non-standard UA file: ua_Amon_MIROC6_ssp585_r1i1p1f1_gn_20150116-20811116_regridded.nc
2026-07-22 13:29:43,990 - WARNING - [storyline.find_cmip6_ua_file] - Excluding overlapping non-standard UA file: ua_Amon_MIROC6_ssp585_r1i1p1f1_gn_20811216-21001216_regridded.nc
2026-07-22 13:29:44,234 - INFO - [storyline.find_cmip6_ua_historical_file] - Selected historical UA member 'r1i1p1f1' for BCC-CSM2-MR from available: ['r1i1p1f1']
2026-07-22 13:29:47,180 - INFO - [storyline.find_cmip6_ua_historical_file] - Selected historical UA member 'r1i1p1f1' for CESM2 from available: ['r1i1p1f1']
2026-07-22 13:29:47,416 - INFO - [storyline.find_cmip6_ua_historical_file] - Selected historical UA member 'r1i1p1f2' for CNRM-CM6-1 from available: ['r1i1p1f2']
2026-07-22 13:29:47,416 - INFO - [storyline.find_cmip6_ua_historical_file] - Including non-standard historical UA file to fill gap: ua_Amon_CNRM-CM6-1_historical_r1i1p1f2_gr_18500116-19161116_regridded.nc
2026-07-22 13:29:47,417 - INFO - [storyline.find_cmip6_ua_historical_file] - Including non-standard historical UA file to fill gap: ua_Amon_CNRM-CM6-1_historical_r1i1p1f2_gr_19161216-19831016_regridded.nc
2026-07-22 13:29:47,417 - INFO - [storyline.find_cmip6_ua_historical_file] - Including non-standard historical UA file to fill gap: ua_Amon_CNRM-CM6-1_historical_r1i1p1f2_gr_19831116-20141216_regridded.nc
2026-07-22 13:29:47,686 - INFO - [storyline.find_cmip6_ua_historical_file] - Selected historical UA member 'r1i1p1f2' for CNRM-CM6-1-HR from available: ['r1i1p1f2']
2026-07-22 13:29:47,947 - INFO - [storyline.find_cmip6_ua_historical_file] - Selected historical UA member 'r1i1p1f1' for ACCESS-ESM1-5 from available: ['r1i1p1f1']
2026-07-22 13:29:48,480 - INFO - [storyline.find_cmip6_ua_historical_file] - Selected historical UA member 'r1i1p1f1' for CMCC-ESM2 from available: ['r1i1p1f1']
2026-07-22 13:29:48,480 - WARNING - [storyline.find_cmip6_ua_historical_file] - Excluding overlapping non-standard historical UA file: ua_Amon_CMCC-ESM2_historical_r1i1p1f1_gn_18500116-18890716_regridded.nc
2026-07-22 13:29:48,480 - WARNING - [storyline.find_cmip6_ua_historical_file] - Excluding overlapping non-standard historical UA file: ua_Amon_CMCC-ESM2_historical_r1i1p1f1_gn_18890816-18991216_regridded.nc
2026-07-22 13:29:48,778 - INFO - [storyline.find_cmip6_ua_historical_file] - Selected historical UA member 'r1i1p1f1' for MPI-ESM1-2-HR from available: ['r1i1p1f1']
2026-07-22 13:29:48,778 - WARNING - [storyline.find_cmip6_ua_historical_file] - Excluding overlapping non-standard historical UA file: ua_Amon_MPI-ESM1-2-HR_historical_r1i1p1f1_gn_18500116-18790816_regridded.nc
2026-07-22 13:29:48,779 - WARNING - [storyline.find_cmip6_ua_historical_file] - Excluding overlapping non-standard historical UA file: ua_Amon_MPI-ESM1-2-HR_historical_r1i1p1f1_gn_18790916-19090416_regridded.nc
2026-07-22 13:29:48,779 - WARNING - [storyline.find_cmip6_ua_historical_file] - Excluding overlapping non-standard historical UA file: ua_Amon_MPI-ESM1-2-HR_historical_r1i1p1f1_gn_19090516-19381216_regridded.nc
2026-07-22 13:29:48,779 - WARNING - [storyline.find_cmip6_ua_historical_file] - Excluding overlapping non-standard historical UA file: ua_Amon_MPI-ESM1-2-HR_historical_r1i1p1f1_gn_19390116-19680816_regridded.nc
2026-07-22 13:29:48,779 - WARNING - [storyline.find_cmip6_ua_historical_file] - Excluding overlapping non-standard historical UA file: ua_Amon_MPI-ESM1-2-HR_historical_r1i1p1f1_gn_19680916-19980416_regridded.nc
2026-07-22 13:29:48,779 - WARNING - [storyline.find_cmip6_ua_historical_file] - Excluding overlapping non-standard historical UA file: ua_Amon_MPI-ESM1-2-HR_historical_r1i1p1f1_gn_19980516-20141216_regridded.nc
2026-07-22 13:29:49,563 - INFO - [storyline.find_cmip6_ua_historical_file] - Selected historical UA member 'r1i1p1f3' for HadGEM3-GC31-LL from available: ['r1i1p1f3']
2026-07-22 13:29:49,563 - INFO - [storyline.find_cmip6_ua_historical_file] - Including non-standard historical UA file to fill gap: ua_Amon_HadGEM3-GC31-LL_historical_r1i1p1f3_gn_18500116-19280916_regridded.nc
2026-07-22 13:29:49,563 - INFO - [storyline.find_cmip6_ua_historical_file] - Including non-standard historical UA file to fill gap: ua_Amon_HadGEM3-GC31-LL_historical_r1i1p1f3_gn_19281016-20070616_regridded.nc
2026-07-22 13:29:49,564 - INFO - [storyline.find_cmip6_ua_historical_file] - Including non-standard historical UA file to fill gap: ua_Amon_HadGEM3-GC31-LL_historical_r1i1p1f3_gn_20070716-20141216_regridded.nc
2026-07-22 13:29:49,808 - INFO - [storyline.find_cmip6_ua_historical_file] - Selected historical UA member 'r1i1p1f3' for HadGEM3-GC31-MM from available: ['r1i1p1f3']
2026-07-22 13:29:49,809 - INFO - [storyline.find_cmip6_ua_historical_file] - Including non-standard historical UA file to fill gap: ua_Amon_HadGEM3-GC31-MM_historical_r1i1p1f3_gn_18500116-18650716_regridded.nc
2026-07-22 13:29:49,809 - INFO - [storyline.find_cmip6_ua_historical_file] - Including non-standard historical UA file to fill gap: ua_Amon_HadGEM3-GC31-MM_historical_r1i1p1f3_gn_18650816-18810216_regridded.nc
2026-07-22 13:29:49,809 - INFO - [storyline.find_cmip6_ua_historical_file] - Including non-standard historical UA file to fill gap: ua_Amon_HadGEM3-GC31-MM_historical_r1i1p1f3_gn_18810316-18960916_regridded.nc
2026-07-22 13:29:49,810 - INFO - [storyline.find_cmip6_ua_historical_file] - Including non-standard historical UA file to fill gap: ua_Amon_HadGEM3-GC31-MM_historical_r1i1p1f3_gn_18961016-19120416_regridded.nc
2026-07-22 13:29:49,810 - INFO - [storyline.find_cmip6_ua_historical_file] - Including non-standard historical UA file to fill gap: ua_Amon_HadGEM3-GC31-MM_historical_r1i1p1f3_gn_19120516-19271116_regridded.nc
2026-07-22 13:29:49,810 - INFO - [storyline.find_cmip6_ua_historical_file] - Including non-standard historical UA file to fill gap: ua_Amon_HadGEM3-GC31-MM_historical_r1i1p1f3_gn_19271216-19430616_regridded.nc
2026-07-22 13:29:49,810 - INFO - [storyline.find_cmip6_ua_historical_file] - Including non-standard historical UA file to fill gap: ua_Amon_HadGEM3-GC31-MM_historical_r1i1p1f3_gn_19430716-19590116_regridded.nc
2026-07-22 13:29:49,810 - INFO - [storyline.find_cmip6_ua_historical_file] - Including non-standard historical UA file to fill gap: ua_Amon_HadGEM3-GC31-MM_historical_r1i1p1f3_gn_19590216-19740816_regridded.nc
2026-07-22 13:29:49,810 - INFO - [storyline.find_cmip6_ua_historical_file] - Including non-standard historical UA file to fill gap: ua_Amon_HadGEM3-GC31-MM_historical_r1i1p1f3_gn_19740916-19900316_regridded.nc
2026-07-22 13:29:49,810 - INFO - [storyline.find_cmip6_ua_historical_file] - Including non-standard historical UA file to fill gap: ua_Amon_HadGEM3-GC31-MM_historical_r1i1p1f3_gn_19900416-20051016_regridded.nc
2026-07-22 13:29:49,810 - INFO - [storyline.find_cmip6_ua_historical_file] - Including non-standard historical UA file to fill gap: ua_Amon_HadGEM3-GC31-MM_historical_r1i1p1f3_gn_20051116-20141216_regridded.nc
2026-07-22 13:29:50,142 - INFO - [storyline.find_cmip6_ua_historical_file] - Selected historical UA member 'r1i1p1f1' for INM-CM5-0 from available: ['r1i1p1f1']
2026-07-22 13:29:50,143 - WARNING - [storyline.find_cmip6_ua_historical_file] - Excluding overlapping non-standard historical UA file: ua_Amon_INM-CM5-0_historical_r1i1p1f1_gr1_19000116-19491216_regridded.nc
2026-07-22 13:29:50,511 - INFO - [storyline.find_cmip6_ua_historical_file] - Selected historical UA member 'r1i1p1f1' for EC-Earth3-CC from available: ['r1i1p1f1']
2026-07-22 13:29:50,512 - WARNING - [storyline.find_cmip6_ua_historical_file] - Excluding overlapping non-standard historical UA file: ua_Amon_EC-Earth3-CC_historical_r1i1p1f1_gr_18500116-18660816_regridded.nc
2026-07-22 13:29:50,512 - WARNING - [storyline.find_cmip6_ua_historical_file] - Excluding overlapping non-standard historical UA file: ua_Amon_EC-Earth3-CC_historical_r1i1p1f1_gr_18660916-18830416_regridded.nc
2026-07-22 13:29:50,512 - WARNING - [storyline.find_cmip6_ua_historical_file] - Excluding overlapping non-standard historical UA file: ua_Amon_EC-Earth3-CC_historical_r1i1p1f1_gr_18830516-18991216_regridded.nc
2026-07-22 13:29:50,512 - WARNING - [storyline.find_cmip6_ua_historical_file] - Excluding overlapping non-standard historical UA file: ua_Amon_EC-Earth3-CC_historical_r1i1p1f1_gr_19000116-19160816_regridded.nc
2026-07-22 13:29:50,513 - WARNING - [storyline.find_cmip6_ua_historical_file] - Excluding overlapping non-standard historical UA file: ua_Amon_EC-Earth3-CC_historical_r1i1p1f1_gr_19160916-19330416_regridded.nc
2026-07-22 13:29:50,513 - WARNING - [storyline.find_cmip6_ua_historical_file] - Excluding overlapping non-standard historical UA file: ua_Amon_EC-Earth3-CC_historical_r1i1p1f1_gr_19330516-19491216_regridded.nc
2026-07-22 13:29:50,513 - WARNING - [storyline.find_cmip6_ua_historical_file] - Excluding overlapping non-standard historical UA file: ua_Amon_EC-Earth3-CC_historical_r1i1p1f1_gr_19500116-19660816_regridded.nc
2026-07-22 13:29:50,513 - WARNING - [storyline.find_cmip6_ua_historical_file] - Excluding overlapping non-standard historical UA file: ua_Amon_EC-Earth3-CC_historical_r1i1p1f1_gr_19660916-19830416_regridded.nc
2026-07-22 13:29:50,513 - WARNING - [storyline.find_cmip6_ua_historical_file] - Excluding overlapping non-standard historical UA file: ua_Amon_EC-Earth3-CC_historical_r1i1p1f1_gr_19830516-19991216_regridded.nc
2026-07-22 13:29:50,513 - WARNING - [storyline.find_cmip6_ua_historical_file] - Excluding overlapping non-standard historical UA file: ua_Amon_EC-Earth3-CC_historical_r1i1p1f1_gr_20000116-20141216_regridded.nc
2026-07-22 13:29:52,263 - INFO - [storyline.find_cmip6_ua_historical_file] - Selected historical UA member 'r1i1p1f1' for IPSL-CM6A-LR from available: ['r1i1p1f1']
2026-07-22 13:29:52,468 - INFO - [storyline.find_cmip6_ua_historical_file] - Selected historical UA member 'r1i1p1f1' for MRI-ESM2-0 from available: ['r1i1p1f1']
2026-07-22 13:29:52,468 - INFO - [storyline.find_cmip6_ua_historical_file] - Including non-standard historical UA file to fill gap: ua_Amon_MRI-ESM2-0_historical_r1i1p1f1_gn_18500116-18920916_regridded.nc
2026-07-22 13:29:52,468 - INFO - [storyline.find_cmip6_ua_historical_file] - Including non-standard historical UA file to fill gap: ua_Amon_MRI-ESM2-0_historical_r1i1p1f1_gn_18921016-19350616_regridded.nc
2026-07-22 13:29:52,469 - INFO - [storyline.find_cmip6_ua_historical_file] - Including non-standard historical UA file to fill gap: ua_Amon_MRI-ESM2-0_historical_r1i1p1f1_gn_19350716-19780316_regridded.nc
2026-07-22 13:29:52,469 - INFO - [storyline.find_cmip6_ua_historical_file] - Including non-standard historical UA file to fill gap: ua_Amon_MRI-ESM2-0_historical_r1i1p1f1_gn_19780416-20141216_regridded.nc
2026-07-22 13:29:52,739 - INFO - [storyline.find_cmip6_ua_historical_file] - Selected historical UA member 'r1i1p1f2' for UKESM1-0-LL from available: ['r1i1p1f2']
2026-07-22 13:29:52,739 - INFO - [storyline.find_cmip6_ua_historical_file] - Including non-standard historical UA file to fill gap: ua_Amon_UKESM1-0-LL_historical_r1i1p1f2_gn_18500116-19280916_regridded.nc
2026-07-22 13:29:52,740 - INFO - [storyline.find_cmip6_ua_historical_file] - Including non-standard historical UA file to fill gap: ua_Amon_UKESM1-0-LL_historical_r1i1p1f2_gn_19281016-20070616_regridded.nc
2026-07-22 13:29:52,740 - INFO - [storyline.find_cmip6_ua_historical_file] - Including non-standard historical UA file to fill gap: ua_Amon_UKESM1-0-LL_historical_r1i1p1f2_gn_20070716-20141216_regridded.nc
2026-07-22 13:29:53,001 - INFO - [storyline.find_cmip6_ua_historical_file] - Selected historical UA member 'r1i1p1f1' for E3SM-1-0 from available: ['r1i1p1f1']
2026-07-22 13:29:53,001 - WARNING - [storyline.find_cmip6_ua_historical_file] - Excluding overlapping non-standard historical UA file: ua_Amon_E3SM-1-0_historical_r1i1p1f1_gr_19000116-19331016_regridded.nc
2026-07-22 13:29:53,001 - WARNING - [storyline.find_cmip6_ua_historical_file] - Excluding overlapping non-standard historical UA file: ua_Amon_E3SM-1-0_historical_r1i1p1f1_gr_19331116-19670816_regridded.nc
2026-07-22 13:29:53,002 - WARNING - [storyline.find_cmip6_ua_historical_file] - Excluding overlapping non-standard historical UA file: ua_Amon_E3SM-1-0_historical_r1i1p1f1_gr_19670916-20010616_regridded.nc
2026-07-22 13:29:53,002 - WARNING - [storyline.find_cmip6_ua_historical_file] - Excluding overlapping non-standard historical UA file: ua_Amon_E3SM-1-0_historical_r1i1p1f1_gr_20010716-20141216_regridded.nc
2026-07-22 13:29:53,465 - INFO - [storyline.find_cmip6_ua_historical_file] - Selected historical UA member 'r1i1p1f1' for EC-Earth3-Veg-LR from available: ['r1i1p1f1']
2026-07-22 13:29:53,466 - WARNING - [storyline.find_cmip6_ua_historical_file] - Excluding overlapping non-standard historical UA file: ua_Amon_EC-Earth3-Veg-LR_historical_r1i1p1f1_gr_18500116-18920916_regridded.nc
2026-07-22 13:29:53,466 - WARNING - [storyline.find_cmip6_ua_historical_file] - Excluding overlapping non-standard historical UA file: ua_Amon_EC-Earth3-Veg-LR_historical_r1i1p1f1_gr_18921016-19350616_regridded.nc
2026-07-22 13:29:53,466 - WARNING - [storyline.find_cmip6_ua_historical_file] - Excluding overlapping non-standard historical UA file: ua_Amon_EC-Earth3-Veg-LR_historical_r1i1p1f1_gr_19350716-19780316_regridded.nc
2026-07-22 13:29:53,466 - WARNING - [storyline.find_cmip6_ua_historical_file] - Excluding overlapping non-standard historical UA file: ua_Amon_EC-Earth3-Veg-LR_historical_r1i1p1f1_gr_19780416-20141216_regridded.nc
2026-07-22 13:29:55,483 - INFO - [storyline.find_cmip6_ua_historical_file] - Selected historical UA member 'r1i1p1f1' for GFDL-ESM4 from available: ['r1i1p1f1']
2026-07-22 13:29:55,709 - INFO - [storyline.find_cmip6_ua_historical_file] - Selected historical UA member 'r1i1p1f1' for INM-CM4-8 from available: ['r1i1p1f1']
2026-07-22 13:29:56,096 - INFO - [storyline.find_cmip6_ua_historical_file] - Selected historical UA member 'r1i1p1f2' for MIROC-ES2L from available: ['r1i1p1f2']
2026-07-22 13:29:56,096 - INFO - [storyline.find_cmip6_ua_historical_file] - Including non-standard historical UA file to fill gap: ua_Amon_MIROC-ES2L_historical_r1i1p1f2_gn_18500116-20141216_regridded.nc
2026-07-22 13:29:56,292 - INFO - [storyline.find_cmip6_ua_historical_file] - Selected historical UA member 'r1i1p1f1' for MIROC6 from available: ['r1i1p1f1']
2026-07-22 13:29:57,180 - INFO - [main.run_full_analysis] - UA composite plot for GWL 2.0, Summer already exists and data not needed.
2026-07-22 13:29:57,180 - INFO - [storyline.calculate_ua_composites_for_extremes] - Calculating UA composites for event '30Q10_low' at GWL +2.0°C, Season=Summer...
2026-07-22 13:29:57,222 - INFO - [storyline.calculate_ua_composites_for_extremes] -   UA Extreme Models (N=10): ['BCC-CSM2-MR_ssp585', 'CNRM-CM6-1_ssp585', 'CESM2_ssp585', 'CNRM-CM6-1-HR_ssp585', 'MPI-ESM1-2-HR_ssp585', 'NorESM2-MM_ssp585', 'ACCESS-ESM1-5_ssp585', 'CMCC-ESM2_ssp585', 'CMCC-CM2-SR5_ssp585', 'INM-CM5-0_ssp585']
2026-07-22 13:29:57,222 - INFO - [storyline.calculate_ua_composites_for_extremes] -   UA Non-Extreme Models (N=10): ['E3SM-1-0_ssp585', 'EC-Earth3_ssp585', 'GFDL-ESM4_ssp585', 'HadGEM3-GC31-LL_ssp585', 'IITM-ESM_ssp585', 'IPSL-CM6A-LR_ssp585', 'MIROC-ES2L_ssp585', 'MIROC6_ssp585', 'MPI-ESM1-2-LR_ssp585', 'MRI-ESM2-0_ssp585']
2026-07-22 13:29:57,223 - INFO - [storyline.find_cmip6_ua_file] - Selected UA file member 'r1i1p1f1' for BCC-CSM2-MR (ssp585) from available: ['r1i1p1f1']
2026-07-22 13:29:57,223 - WARNING - [storyline.find_cmip6_ua_file] - Excluding overlapping non-standard UA file: ua_Amon_BCC-CSM2-MR_ssp585_r1i1p1f1_gn_20550116-20970916_regridded.nc
2026-07-22 13:29:57,223 - WARNING - [storyline.find_cmip6_ua_file] - Excluding overlapping non-standard UA file: ua_Amon_BCC-CSM2-MR_ssp585_r1i1p1f1_gn_20971016-21001216_regridded.nc
2026-07-22 13:29:57,592 - INFO - [storyline.find_cmip6_ua_file] - Selected UA file member 'r1i1p1f2' for CNRM-CM6-1 (ssp585) from available: ['r1i1p1f2']
2026-07-22 13:29:57,592 - INFO - [storyline.find_cmip6_ua_file] - Including non-standard UA file to fill gap: ua_Amon_CNRM-CM6-1_ssp585_r1i1p1f2_gr_20150116-20811116_regridded.nc
2026-07-22 13:29:57,592 - INFO - [storyline.find_cmip6_ua_file] - Including non-standard UA file to fill gap: ua_Amon_CNRM-CM6-1_ssp585_r1i1p1f2_gr_20811216-21001216_regridded.nc
2026-07-22 13:29:57,722 - INFO - [storyline.find_cmip6_ua_file] - Selected UA file member 'r4i1p1f1' for CESM2 (ssp585) from available: ['r4i1p1f1']
2026-07-22 13:29:57,722 - INFO - [storyline.find_cmip6_ua_file] - Including non-standard UA file to fill gap: ua_Amon_CESM2_ssp585_r4i1p1f1_gn_20150115-20540715_regridded.nc
2026-07-22 13:29:57,722 - INFO - [storyline.find_cmip6_ua_file] - Including non-standard UA file to fill gap: ua_Amon_CESM2_ssp585_r4i1p1f1_gn_20540815-20940214_regridded.nc
2026-07-22 13:29:57,723 - INFO - [storyline.find_cmip6_ua_file] - Including non-standard UA file to fill gap: ua_Amon_CESM2_ssp585_r4i1p1f1_gn_20940315-21001215_regridded.nc
2026-07-22 13:29:57,862 - INFO - [storyline.find_cmip6_ua_file] - Selected UA file member 'r1i1p1f2' for CNRM-CM6-1-HR (ssp585) from available: ['r1i1p1f2']
2026-07-22 13:29:57,862 - INFO - [storyline.find_cmip6_ua_file] - Including non-standard UA file to fill gap: ua_Amon_CNRM-CM6-1-HR_ssp585_r1i1p1f2_gr_20150116-20230516_regridded.nc
2026-07-22 13:29:57,863 - INFO - [storyline.find_cmip6_ua_file] - Including non-standard UA file to fill gap: ua_Amon_CNRM-CM6-1-HR_ssp585_r1i1p1f2_gr_20230616-20311016_regridded.nc
2026-07-22 13:29:57,863 - INFO - [storyline.find_cmip6_ua_file] - Including non-standard UA file to fill gap: ua_Amon_CNRM-CM6-1-HR_ssp585_r1i1p1f2_gr_20311116-20400316_regridded.nc
2026-07-22 13:29:57,863 - INFO - [storyline.find_cmip6_ua_file] - Including non-standard UA file to fill gap: ua_Amon_CNRM-CM6-1-HR_ssp585_r1i1p1f2_gr_20400416-20480816_regridded.nc
2026-07-22 13:29:57,863 - INFO - [storyline.find_cmip6_ua_file] - Including non-standard UA file to fill gap: ua_Amon_CNRM-CM6-1-HR_ssp585_r1i1p1f2_gr_20480916-20570116_regridded.nc
2026-07-22 13:29:57,863 - INFO - [storyline.find_cmip6_ua_file] - Including non-standard UA file to fill gap: ua_Amon_CNRM-CM6-1-HR_ssp585_r1i1p1f2_gr_20570215-20650616_regridded.nc
2026-07-22 13:29:57,863 - INFO - [storyline.find_cmip6_ua_file] - Including non-standard UA file to fill gap: ua_Amon_CNRM-CM6-1-HR_ssp585_r1i1p1f2_gr_20650716-20731116_regridded.nc
2026-07-22 13:29:57,863 - INFO - [storyline.find_cmip6_ua_file] - Including non-standard UA file to fill gap: ua_Amon_CNRM-CM6-1-HR_ssp585_r1i1p1f2_gr_20731216-20820416_regridded.nc
2026-07-22 13:29:57,864 - INFO - [storyline.find_cmip6_ua_file] - Including non-standard UA file to fill gap: ua_Amon_CNRM-CM6-1-HR_ssp585_r1i1p1f2_gr_20820516-20900916_regridded.nc
2026-07-22 13:29:57,864 - INFO - [storyline.find_cmip6_ua_file] - Including non-standard UA file to fill gap: ua_Amon_CNRM-CM6-1-HR_ssp585_r1i1p1f2_gr_20901016-20990215_regridded.nc
2026-07-22 13:29:57,864 - INFO - [storyline.find_cmip6_ua_file] - Including non-standard UA file to fill gap: ua_Amon_CNRM-CM6-1-HR_ssp585_r1i1p1f2_gr_20990316-21001216_regridded.nc
2026-07-22 13:29:58,070 - INFO - [storyline.find_cmip6_ua_file] - Selected UA file member 'r1i1p1f1' for MPI-ESM1-2-HR (ssp585) from available: ['r1i1p1f1']
2026-07-22 13:29:58,337 - INFO - [storyline.find_cmip6_ua_file] - Selected UA file member 'r1i1p1f1' for NorESM2-MM (ssp585) from available: ['r1i1p1f1']
2026-07-22 13:29:58,720 - INFO - [storyline.find_cmip6_ua_file] - Selected UA file member 'r1i1p1f1' for ACCESS-ESM1-5 (ssp585) from available: ['r1i1p1f1']
/nas/home/vlw/.mambaenvs/STREAM/lib/python3.10/site-packages/dask/array/core.py:4988: PerformanceWarning: Increasing number of chunks by factor of 38
  result = blockwise(
/nas/home/vlw/.mambaenvs/STREAM/lib/python3.10/site-packages/dask/array/core.py:4988: PerformanceWarning: Increasing number of chunks by factor of 38
  result = blockwise(
/nas/home/vlw/.mambaenvs/STREAM/lib/python3.10/site-packages/dask/array/core.py:4988: PerformanceWarning: Increasing number of chunks by factor of 38
  result = blockwise(
2026-07-22 13:29:59,308 - INFO - [storyline.find_cmip6_ua_file] - Selected UA file member 'r1i1p1f1' for CMCC-ESM2 (ssp585) from available: ['r1i1p1f1']
2026-07-22 13:29:59,308 - WARNING - [storyline.find_cmip6_ua_file] - Excluding overlapping non-standard UA file: ua_Amon_CMCC-ESM2_ssp585_r1i1p1f1_gn_20400116-20790716_regridded.nc
2026-07-22 13:29:59,308 - WARNING - [storyline.find_cmip6_ua_file] - Excluding overlapping non-standard UA file: ua_Amon_CMCC-ESM2_ssp585_r1i1p1f1_gn_20790816-21001216_regridded.nc
2026-07-22 13:29:59,484 - INFO - [storyline.find_cmip6_ua_file] - Selected UA file member 'r1i1p1f1' for CMCC-CM2-SR5 (ssp585) from available: ['r1i1p1f1']
2026-07-22 13:29:59,484 - WARNING - [storyline.find_cmip6_ua_file] - Excluding overlapping non-standard UA file: ua_Amon_CMCC-CM2-SR5_ssp585_r1i1p1f1_gn_20400116-20790716_regridded.nc
2026-07-22 13:29:59,484 - WARNING - [storyline.find_cmip6_ua_file] - Excluding overlapping non-standard UA file: ua_Amon_CMCC-CM2-SR5_ssp585_r1i1p1f1_gn_20790816-21001216_regridded.nc
2026-07-22 13:29:59,667 - INFO - [storyline.find_cmip6_ua_file] - Selected UA file member 'r1i1p1f1' for INM-CM5-0 (ssp585) from available: ['r1i1p1f1']
2026-07-22 13:29:59,886 - INFO - [storyline.find_cmip6_ua_file] - Selected UA file member 'r1i1p1f1' for E3SM-1-0 (ssp585) from available: ['r1i1p1f1']
2026-07-22 13:30:00,028 - INFO - [storyline.find_cmip6_ua_file] - Selected UA file member 'r1i1p1f1' for EC-Earth3 (ssp585) from available: ['r1i1p1f1']
2026-07-22 13:30:00,895 - INFO - [storyline.find_cmip6_ua_file] - Selected UA file member 'r1i1p1f1' for GFDL-ESM4 (ssp585) from available: ['r1i1p1f1']
2026-07-22 13:30:00,895 - WARNING - [storyline.find_cmip6_ua_file] - Excluding overlapping non-standard UA file: ua_Amon_GFDL-ESM4_ssp585_r1i1p1f1_gr1_20150116-20570316_regridded.nc
2026-07-22 13:30:00,895 - WARNING - [storyline.find_cmip6_ua_file] - Excluding overlapping non-standard UA file: ua_Amon_GFDL-ESM4_ssp585_r1i1p1f1_gr1_20570416-20990616_regridded.nc
2026-07-22 13:30:00,895 - WARNING - [storyline.find_cmip6_ua_file] - Excluding overlapping non-standard UA file: ua_Amon_GFDL-ESM4_ssp585_r1i1p1f1_gr1_20990716-21001216_regridded.nc
2026-07-22 13:30:01,011 - INFO - [storyline.find_cmip6_ua_file] - Selected UA file member 'r1i1p1f3' for HadGEM3-GC31-LL (ssp585) from available: ['r1i1p1f3']
2026-07-22 13:30:01,011 - INFO - [storyline.find_cmip6_ua_file] - Including non-standard UA file to fill gap: ua_Amon_HadGEM3-GC31-LL_ssp585_r1i1p1f3_gn_20150116-20930916_regridded.nc
2026-07-22 13:30:01,011 - INFO - [storyline.find_cmip6_ua_file] - Including non-standard UA file to fill gap: ua_Amon_HadGEM3-GC31-LL_ssp585_r1i1p1f3_gn_20931016-21001216_regridded.nc
2026-07-22 13:30:01,155 - INFO - [storyline.find_cmip6_ua_file] - Selected UA file member 'r1i1p1f1' for IITM-ESM (ssp585) from available: ['r1i1p1f1']
2026-07-22 13:30:01,155 - WARNING - [storyline.find_cmip6_ua_file] - Excluding overlapping non-standard UA file: ua_Amon_IITM-ESM_ssp585_r1i1p1f1_gn_20150116-20991216_regridded.nc
2026-07-22 13:30:01,155 - INFO - [storyline.find_cmip6_ua_file] - Including non-standard UA file to fill gap: ua_Amon_IITM-ESM_ssp585_r1i1p1f1_gn_20250116-20991216_regridded.nc
2026-07-22 13:30:01,366 - INFO - [storyline.find_cmip6_ua_file] - Selected UA file member 'r1i1p1f1' for IPSL-CM6A-LR (ssp585) from available: ['r1i1p1f1']
2026-07-22 13:30:01,544 - INFO - [storyline.find_cmip6_ua_file] - Selected UA file member 'r1i1p1f2' for MIROC-ES2L (ssp585) from available: ['r1i1p1f2']
2026-07-22 13:30:01,544 - INFO - [storyline.find_cmip6_ua_file] - Including non-standard UA file to fill gap: ua_Amon_MIROC-ES2L_ssp585_r1i1p1f2_gn_20150116-21001216_regridded.nc
2026-07-22 13:30:01,686 - INFO - [storyline.find_cmip6_ua_file] - Selected UA file member 'r1i1p1f1' for MIROC6 (ssp585) from available: ['r1i1p1f1']
2026-07-22 13:30:01,686 - WARNING - [storyline.find_cmip6_ua_file] - Excluding overlapping non-standard UA file: ua_Amon_MIROC6_ssp585_r1i1p1f1_gn_20150116-20811116_regridded.nc
2026-07-22 13:30:01,687 - WARNING - [storyline.find_cmip6_ua_file] - Excluding overlapping non-standard UA file: ua_Amon_MIROC6_ssp585_r1i1p1f1_gn_20811216-21001216_regridded.nc
2026-07-22 13:30:01,824 - INFO - [storyline.find_cmip6_ua_file] - Selected UA file member 'r1i1p1f1' for MPI-ESM1-2-LR (ssp585) from available: ['r1i1p1f1']
2026-07-22 13:30:01,992 - INFO - [storyline.find_cmip6_ua_file] - Selected UA file member 'r1i1p1f1' for MRI-ESM2-0 (ssp585) from available: ['r1i1p1f1']
2026-07-22 13:30:02,168 - INFO - [storyline.find_cmip6_ua_historical_file] - Selected historical UA member 'r1i1p1f1' for BCC-CSM2-MR from available: ['r1i1p1f1']
2026-07-22 13:30:02,975 - INFO - [storyline.find_cmip6_ua_historical_file] - Selected historical UA member 'r1i1p1f2' for CNRM-CM6-1 from available: ['r1i1p1f2']
2026-07-22 13:30:02,975 - INFO - [storyline.find_cmip6_ua_historical_file] - Including non-standard historical UA file to fill gap: ua_Amon_CNRM-CM6-1_historical_r1i1p1f2_gr_18500116-19161116_regridded.nc
2026-07-22 13:30:02,975 - INFO - [storyline.find_cmip6_ua_historical_file] - Including non-standard historical UA file to fill gap: ua_Amon_CNRM-CM6-1_historical_r1i1p1f2_gr_19161216-19831016_regridded.nc
2026-07-22 13:30:02,976 - INFO - [storyline.find_cmip6_ua_historical_file] - Including non-standard historical UA file to fill gap: ua_Amon_CNRM-CM6-1_historical_r1i1p1f2_gr_19831116-20141216_regridded.nc
2026-07-22 13:30:03,246 - INFO - [storyline.find_cmip6_ua_historical_file] - Selected historical UA member 'r1i1p1f1' for CESM2 from available: ['r1i1p1f1']
2026-07-22 13:30:03,467 - INFO - [storyline.find_cmip6_ua_historical_file] - Selected historical UA member 'r1i1p1f2' for CNRM-CM6-1-HR from available: ['r1i1p1f2']
2026-07-22 13:30:03,719 - INFO - [storyline.find_cmip6_ua_historical_file] - Selected historical UA member 'r1i1p1f1' for MPI-ESM1-2-HR from available: ['r1i1p1f1']
2026-07-22 13:30:03,719 - WARNING - [storyline.find_cmip6_ua_historical_file] - Excluding overlapping non-standard historical UA file: ua_Amon_MPI-ESM1-2-HR_historical_r1i1p1f1_gn_18500116-18790816_regridded.nc
2026-07-22 13:30:03,719 - WARNING - [storyline.find_cmip6_ua_historical_file] - Excluding overlapping non-standard historical UA file: ua_Amon_MPI-ESM1-2-HR_historical_r1i1p1f1_gn_18790916-19090416_regridded.nc
2026-07-22 13:30:03,719 - WARNING - [storyline.find_cmip6_ua_historical_file] - Excluding overlapping non-standard historical UA file: ua_Amon_MPI-ESM1-2-HR_historical_r1i1p1f1_gn_19090516-19381216_regridded.nc
2026-07-22 13:30:03,719 - WARNING - [storyline.find_cmip6_ua_historical_file] - Excluding overlapping non-standard historical UA file: ua_Amon_MPI-ESM1-2-HR_historical_r1i1p1f1_gn_19390116-19680816_regridded.nc
2026-07-22 13:30:03,720 - WARNING - [storyline.find_cmip6_ua_historical_file] - Excluding overlapping non-standard historical UA file: ua_Amon_MPI-ESM1-2-HR_historical_r1i1p1f1_gn_19680916-19980416_regridded.nc
2026-07-22 13:30:03,720 - WARNING - [storyline.find_cmip6_ua_historical_file] - Excluding overlapping non-standard historical UA file: ua_Amon_MPI-ESM1-2-HR_historical_r1i1p1f1_gn_19980516-20141216_regridded.nc
2026-07-22 13:30:04,200 - INFO - [storyline.find_cmip6_ua_historical_file] - Selected historical UA member 'r1i1p1f1' for NorESM2-MM from available: ['r1i1p1f1']
2026-07-22 13:30:04,200 - WARNING - [storyline.find_cmip6_ua_historical_file] - Excluding overlapping non-standard historical UA file: ua_Amon_NorESM2-MM_historical_r1i1p1f1_gn_19100116-19191216_regridded.nc
2026-07-22 13:30:04,566 - INFO - [storyline.find_cmip6_ua_historical_file] - Selected historical UA member 'r1i1p1f1' for ACCESS-ESM1-5 from available: ['r1i1p1f1']
2026-07-22 13:30:04,809 - INFO - [storyline.find_cmip6_ua_historical_file] - Selected historical UA member 'r1i1p1f1' for CMCC-ESM2 from available: ['r1i1p1f1']
2026-07-22 13:30:04,809 - WARNING - [storyline.find_cmip6_ua_historical_file] - Excluding overlapping non-standard historical UA file: ua_Amon_CMCC-ESM2_historical_r1i1p1f1_gn_18500116-18890716_regridded.nc
2026-07-22 13:30:04,809 - WARNING - [storyline.find_cmip6_ua_historical_file] - Excluding overlapping non-standard historical UA file: ua_Amon_CMCC-ESM2_historical_r1i1p1f1_gn_18890816-18991216_regridded.nc
2026-07-22 13:30:05,372 - INFO - [storyline.find_cmip6_ua_historical_file] - Selected historical UA member 'r1i1p1f1' for CMCC-CM2-SR5 from available: ['r1i1p1f1']
2026-07-22 13:30:05,373 - WARNING - [storyline.find_cmip6_ua_historical_file] - Excluding overlapping non-standard historical UA file: ua_Amon_CMCC-CM2-SR5_historical_r1i1p1f1_gn_19500116-19741216_regridded.nc
2026-07-22 13:30:05,669 - INFO - [storyline.find_cmip6_ua_historical_file] - Selected historical UA member 'r1i1p1f1' for INM-CM5-0 from available: ['r1i1p1f1']
2026-07-22 13:30:05,669 - WARNING - [storyline.find_cmip6_ua_historical_file] - Excluding overlapping non-standard historical UA file: ua_Amon_INM-CM5-0_historical_r1i1p1f1_gr1_19000116-19491216_regridded.nc
2026-07-22 13:30:06,034 - INFO - [storyline.find_cmip6_ua_historical_file] - Selected historical UA member 'r1i1p1f1' for E3SM-1-0 from available: ['r1i1p1f1']
2026-07-22 13:30:06,035 - WARNING - [storyline.find_cmip6_ua_historical_file] - Excluding overlapping non-standard historical UA file: ua_Amon_E3SM-1-0_historical_r1i1p1f1_gr_19000116-19331016_regridded.nc
2026-07-22 13:30:06,035 - WARNING - [storyline.find_cmip6_ua_historical_file] - Excluding overlapping non-standard historical UA file: ua_Amon_E3SM-1-0_historical_r1i1p1f1_gr_19331116-19670816_regridded.nc
2026-07-22 13:30:06,035 - WARNING - [storyline.find_cmip6_ua_historical_file] - Excluding overlapping non-standard historical UA file: ua_Amon_E3SM-1-0_historical_r1i1p1f1_gr_19670916-20010616_regridded.nc
2026-07-22 13:30:06,036 - WARNING - [storyline.find_cmip6_ua_historical_file] - Excluding overlapping non-standard historical UA file: ua_Amon_E3SM-1-0_historical_r1i1p1f1_gr_20010716-20141216_regridded.nc
2026-07-22 13:30:06,313 - INFO - [storyline.find_cmip6_ua_historical_file] - Selected historical UA member 'r1i1p1f1' for EC-Earth3 from available: ['r1i1p1f1']
2026-07-22 13:30:07,844 - INFO - [storyline.find_cmip6_ua_historical_file] - Selected historical UA member 'r1i1p1f1' for GFDL-ESM4 from available: ['r1i1p1f1']
2026-07-22 13:30:08,058 - INFO - [storyline.find_cmip6_ua_historical_file] - Selected historical UA member 'r1i1p1f3' for HadGEM3-GC31-LL from available: ['r1i1p1f3']
2026-07-22 13:30:08,058 - INFO - [storyline.find_cmip6_ua_historical_file] - Including non-standard historical UA file to fill gap: ua_Amon_HadGEM3-GC31-LL_historical_r1i1p1f3_gn_18500116-19280916_regridded.nc
2026-07-22 13:30:08,058 - INFO - [storyline.find_cmip6_ua_historical_file] - Including non-standard historical UA file to fill gap: ua_Amon_HadGEM3-GC31-LL_historical_r1i1p1f3_gn_19281016-20070616_regridded.nc
2026-07-22 13:30:08,058 - INFO - [storyline.find_cmip6_ua_historical_file] - Including non-standard historical UA file to fill gap: ua_Amon_HadGEM3-GC31-LL_historical_r1i1p1f3_gn_20070716-20141216_regridded.nc
2026-07-22 13:30:08,324 - INFO - [storyline.find_cmip6_ua_historical_file] - Selected historical UA member 'r1i1p1f1' for IITM-ESM from available: ['r1i1p1f1']
2026-07-22 13:30:08,711 - INFO - [storyline.find_cmip6_ua_historical_file] - Selected historical UA member 'r1i1p1f1' for IPSL-CM6A-LR from available: ['r1i1p1f1']
2026-07-22 13:30:08,940 - INFO - [storyline.find_cmip6_ua_historical_file] - Selected historical UA member 'r1i1p1f2' for MIROC-ES2L from available: ['r1i1p1f2']
2026-07-22 13:30:08,940 - INFO - [storyline.find_cmip6_ua_historical_file] - Including non-standard historical UA file to fill gap: ua_Amon_MIROC-ES2L_historical_r1i1p1f2_gn_18500116-20141216_regridded.nc
2026-07-22 13:30:09,180 - INFO - [storyline.find_cmip6_ua_historical_file] - Selected historical UA member 'r1i1p1f1' for MIROC6 from available: ['r1i1p1f1']
2026-07-22 13:30:09,576 - INFO - [storyline.find_cmip6_ua_historical_file] - Selected historical UA member 'r1i1p1f1' for MPI-ESM1-2-LR from available: ['r1i1p1f1']
2026-07-22 13:30:09,897 - INFO - [storyline.find_cmip6_ua_historical_file] - Selected historical UA member 'r1i1p1f1' for MRI-ESM2-0 from available: ['r1i1p1f1']
2026-07-22 13:30:09,897 - INFO - [storyline.find_cmip6_ua_historical_file] - Including non-standard historical UA file to fill gap: ua_Amon_MRI-ESM2-0_historical_r1i1p1f1_gn_18500116-18920916_regridded.nc
2026-07-22 13:30:09,897 - INFO - [storyline.find_cmip6_ua_historical_file] - Including non-standard historical UA file to fill gap: ua_Amon_MRI-ESM2-0_historical_r1i1p1f1_gn_18921016-19350616_regridded.nc
2026-07-22 13:30:09,898 - INFO - [storyline.find_cmip6_ua_historical_file] - Including non-standard historical UA file to fill gap: ua_Amon_MRI-ESM2-0_historical_r1i1p1f1_gn_19350716-19780316_regridded.nc
2026-07-22 13:30:09,898 - INFO - [storyline.find_cmip6_ua_historical_file] - Including non-standard historical UA file to fill gap: ua_Amon_MRI-ESM2-0_historical_r1i1p1f1_gn_19780416-20141216_regridded.nc
2026-07-22 13:30:10,745 - INFO - [main.run_full_analysis] - UA composite plot for GWL 3.0, Winter already exists and data not needed.
2026-07-22 13:30:10,745 - INFO - [storyline.calculate_ua_composites_for_extremes] - Calculating UA composites for event '30Q10_low' at GWL +3.0°C, Season=Winter...
2026-07-22 13:30:10,788 - INFO - [storyline.calculate_ua_composites_for_extremes] -   UA Extreme Models (N=10): ['BCC-CSM2-MR_ssp585', 'CNRM-CM6-1_ssp585', 'CESM2_ssp585', 'KIOST-ESM_ssp585', 'MPI-ESM1-2-LR_ssp585', 'ACCESS-ESM1-5_ssp585', 'CESM2-WACCM_ssp585', 'CMCC-ESM2_ssp585', 'HadGEM3-GC31-LL_ssp585', 'KACE-1-0-G_ssp585']
2026-07-22 13:30:10,788 - INFO - [storyline.calculate_ua_composites_for_extremes] -   UA Non-Extreme Models (N=10): ['CMCC-CM2-SR5_ssp585', 'E3SM-1-0_ssp585', 'IITM-ESM_ssp585', 'CNRM-ESM2-1_ssp585', 'CanESM5_ssp585', 'EC-Earth3-Veg-LR_ssp585', 'GFDL-ESM4_ssp585', 'MIROC-ES2L_ssp585', 'MIROC6_ssp585', 'MRI-ESM2-0_ssp585']
2026-07-22 13:30:10,789 - INFO - [storyline.find_cmip6_ua_file] - Selected UA file member 'r1i1p1f1' for BCC-CSM2-MR (ssp585) from available: ['r1i1p1f1']
2026-07-22 13:30:10,789 - WARNING - [storyline.find_cmip6_ua_file] - Excluding overlapping non-standard UA file: ua_Amon_BCC-CSM2-MR_ssp585_r1i1p1f1_gn_20550116-20970916_regridded.nc
2026-07-22 13:30:10,789 - WARNING - [storyline.find_cmip6_ua_file] - Excluding overlapping non-standard UA file: ua_Amon_BCC-CSM2-MR_ssp585_r1i1p1f1_gn_20971016-21001216_regridded.nc
2026-07-22 13:30:12,085 - INFO - [storyline.find_cmip6_ua_file] - Selected UA file member 'r1i1p1f2' for CNRM-CM6-1 (ssp585) from available: ['r1i1p1f2']
2026-07-22 13:30:12,085 - INFO - [storyline.find_cmip6_ua_file] - Including non-standard UA file to fill gap: ua_Amon_CNRM-CM6-1_ssp585_r1i1p1f2_gr_20150116-20811116_regridded.nc
2026-07-22 13:30:12,085 - INFO - [storyline.find_cmip6_ua_file] - Including non-standard UA file to fill gap: ua_Amon_CNRM-CM6-1_ssp585_r1i1p1f2_gr_20811216-21001216_regridded.nc
2026-07-22 13:30:12,549 - INFO - [storyline.find_cmip6_ua_file] - Selected UA file member 'r4i1p1f1' for CESM2 (ssp585) from available: ['r4i1p1f1']
2026-07-22 13:30:12,550 - INFO - [storyline.find_cmip6_ua_file] - Including non-standard UA file to fill gap: ua_Amon_CESM2_ssp585_r4i1p1f1_gn_20150115-20540715_regridded.nc
2026-07-22 13:30:12,550 - INFO - [storyline.find_cmip6_ua_file] - Including non-standard UA file to fill gap: ua_Amon_CESM2_ssp585_r4i1p1f1_gn_20540815-20940214_regridded.nc
2026-07-22 13:30:12,551 - INFO - [storyline.find_cmip6_ua_file] - Including non-standard UA file to fill gap: ua_Amon_CESM2_ssp585_r4i1p1f1_gn_20940315-21001215_regridded.nc
2026-07-22 13:30:12,752 - INFO - [storyline.find_cmip6_ua_file] - Selected UA file member 'r1i1p1f1' for KIOST-ESM (ssp585) from available: ['r1i1p1f1']
2026-07-22 13:30:12,906 - INFO - [storyline.find_cmip6_ua_file] - Selected UA file member 'r1i1p1f1' for MPI-ESM1-2-LR (ssp585) from available: ['r1i1p1f1']
2026-07-22 13:30:13,113 - INFO - [storyline.find_cmip6_ua_file] - Selected UA file member 'r1i1p1f1' for ACCESS-ESM1-5 (ssp585) from available: ['r1i1p1f1']
/nas/home/vlw/.mambaenvs/STREAM/lib/python3.10/site-packages/dask/array/core.py:4988: PerformanceWarning: Increasing number of chunks by factor of 38
  result = blockwise(
/nas/home/vlw/.mambaenvs/STREAM/lib/python3.10/site-packages/dask/array/core.py:4988: PerformanceWarning: Increasing number of chunks by factor of 38
  result = blockwise(
/nas/home/vlw/.mambaenvs/STREAM/lib/python3.10/site-packages/dask/array/core.py:4988: PerformanceWarning: Increasing number of chunks by factor of 38
  result = blockwise(
2026-07-22 13:30:13,604 - INFO - [storyline.find_cmip6_ua_file] - Selected UA file member 'r1i1p1f1' for CESM2-WACCM (ssp585) from available: ['r1i1p1f1']
2026-07-22 13:30:13,801 - INFO - [storyline.find_cmip6_ua_file] - Selected UA file member 'r1i1p1f1' for CMCC-ESM2 (ssp585) from available: ['r1i1p1f1']
2026-07-22 13:30:13,801 - WARNING - [storyline.find_cmip6_ua_file] - Excluding overlapping non-standard UA file: ua_Amon_CMCC-ESM2_ssp585_r1i1p1f1_gn_20400116-20790716_regridded.nc
2026-07-22 13:30:13,801 - WARNING - [storyline.find_cmip6_ua_file] - Excluding overlapping non-standard UA file: ua_Amon_CMCC-ESM2_ssp585_r1i1p1f1_gn_20790816-21001216_regridded.nc
2026-07-22 13:30:14,054 - INFO - [storyline.find_cmip6_ua_file] - Selected UA file member 'r1i1p1f3' for HadGEM3-GC31-LL (ssp585) from available: ['r1i1p1f3']
2026-07-22 13:30:14,054 - INFO - [storyline.find_cmip6_ua_file] - Including non-standard UA file to fill gap: ua_Amon_HadGEM3-GC31-LL_ssp585_r1i1p1f3_gn_20150116-20930916_regridded.nc
2026-07-22 13:30:14,054 - INFO - [storyline.find_cmip6_ua_file] - Including non-standard UA file to fill gap: ua_Amon_HadGEM3-GC31-LL_ssp585_r1i1p1f3_gn_20931016-21001216_regridded.nc
2026-07-22 13:30:14,230 - INFO - [storyline.find_cmip6_ua_file] - Selected UA file member 'r1i1p1f1' for KACE-1-0-G (ssp585) from available: ['r1i1p1f1']
2026-07-22 13:30:14,230 - WARNING - [storyline.find_cmip6_ua_file] - Excluding overlapping non-standard UA file: ua_Amon_KACE-1-0-G_ssp585_r1i1p1f1_gr_20150116-20930916_regridded.nc
2026-07-22 13:30:14,230 - WARNING - [storyline.find_cmip6_ua_file] - Excluding overlapping non-standard UA file: ua_Amon_KACE-1-0-G_ssp585_r1i1p1f1_gr_20931016-21001216_regridded.nc
2026-07-22 13:30:14,400 - INFO - [storyline.find_cmip6_ua_file] - Selected UA file member 'r1i1p1f1' for CMCC-CM2-SR5 (ssp585) from available: ['r1i1p1f1']
2026-07-22 13:30:14,400 - WARNING - [storyline.find_cmip6_ua_file] - Excluding overlapping non-standard UA file: ua_Amon_CMCC-CM2-SR5_ssp585_r1i1p1f1_gn_20400116-20790716_regridded.nc
2026-07-22 13:30:14,400 - WARNING - [storyline.find_cmip6_ua_file] - Excluding overlapping non-standard UA file: ua_Amon_CMCC-CM2-SR5_ssp585_r1i1p1f1_gn_20790816-21001216_regridded.nc
2026-07-22 13:30:14,620 - INFO - [storyline.find_cmip6_ua_file] - Selected UA file member 'r1i1p1f1' for E3SM-1-0 (ssp585) from available: ['r1i1p1f1']
2026-07-22 13:30:14,802 - INFO - [storyline.find_cmip6_ua_file] - Selected UA file member 'r1i1p1f1' for IITM-ESM (ssp585) from available: ['r1i1p1f1']
2026-07-22 13:30:14,802 - WARNING - [storyline.find_cmip6_ua_file] - Excluding overlapping non-standard UA file: ua_Amon_IITM-ESM_ssp585_r1i1p1f1_gn_20150116-20991216_regridded.nc
2026-07-22 13:30:14,802 - INFO - [storyline.find_cmip6_ua_file] - Including non-standard UA file to fill gap: ua_Amon_IITM-ESM_ssp585_r1i1p1f1_gn_20250116-20991216_regridded.nc
2026-07-22 13:30:15,162 - INFO - [storyline.find_cmip6_ua_file] - Selected UA file member 'r1i1p1f2' for CNRM-ESM2-1 (ssp585) from available: ['r1i1p1f2']
2026-07-22 13:30:15,162 - INFO - [storyline.find_cmip6_ua_file] - Including non-standard UA file to fill gap: ua_Amon_CNRM-ESM2-1_ssp585_r1i1p1f2_gr_20150116-20811116_regridded.nc
2026-07-22 13:30:15,162 - INFO - [storyline.find_cmip6_ua_file] - Including non-standard UA file to fill gap: ua_Amon_CNRM-ESM2-1_ssp585_r1i1p1f2_gr_20811216-21001216_regridded.nc
2026-07-22 13:30:15,347 - INFO - [storyline.find_cmip6_ua_file] - Selected UA file member 'r1i1p1f1' for CanESM5 (ssp585) from available: ['r1i1p1f1']
2026-07-22 13:30:15,507 - INFO - [storyline.find_cmip6_ua_file] - Selected UA file member 'r1i1p1f1' for EC-Earth3-Veg-LR (ssp585) from available: ['r1i1p1f1']
2026-07-22 13:30:15,508 - WARNING - [storyline.find_cmip6_ua_file] - Excluding overlapping non-standard UA file: ua_Amon_EC-Earth3-Veg-LR_ssp585_r1i1p1f1_gr_20170116-20590916_regridded.nc
2026-07-22 13:30:15,508 - WARNING - [storyline.find_cmip6_ua_file] - Excluding overlapping non-standard UA file: ua_Amon_EC-Earth3-Veg-LR_ssp585_r1i1p1f1_gr_20280116-20831216_regridded.nc
2026-07-22 13:30:15,508 - WARNING - [storyline.find_cmip6_ua_file] - Excluding overlapping non-standard UA file: ua_Amon_EC-Earth3-Veg-LR_ssp585_r1i1p1f1_gr_20591016-21001216_regridded.nc
2026-07-22 13:30:16,363 - INFO - [storyline.find_cmip6_ua_file] - Selected UA file member 'r1i1p1f1' for GFDL-ESM4 (ssp585) from available: ['r1i1p1f1']
2026-07-22 13:30:16,364 - WARNING - [storyline.find_cmip6_ua_file] - Excluding overlapping non-standard UA file: ua_Amon_GFDL-ESM4_ssp585_r1i1p1f1_gr1_20150116-20570316_regridded.nc
2026-07-22 13:30:16,364 - WARNING - [storyline.find_cmip6_ua_file] - Excluding overlapping non-standard UA file: ua_Amon_GFDL-ESM4_ssp585_r1i1p1f1_gr1_20570416-20990616_regridded.nc
2026-07-22 13:30:16,364 - WARNING - [storyline.find_cmip6_ua_file] - Excluding overlapping non-standard UA file: ua_Amon_GFDL-ESM4_ssp585_r1i1p1f1_gr1_20990716-21001216_regridded.nc
2026-07-22 13:30:16,512 - INFO - [storyline.find_cmip6_ua_file] - Selected UA file member 'r1i1p1f2' for MIROC-ES2L (ssp585) from available: ['r1i1p1f2']
2026-07-22 13:30:16,513 - INFO - [storyline.find_cmip6_ua_file] - Including non-standard UA file to fill gap: ua_Amon_MIROC-ES2L_ssp585_r1i1p1f2_gn_20150116-21001216_regridded.nc
2026-07-22 13:30:16,671 - INFO - [storyline.find_cmip6_ua_file] - Selected UA file member 'r1i1p1f1' for MIROC6 (ssp585) from available: ['r1i1p1f1']
2026-07-22 13:30:16,671 - WARNING - [storyline.find_cmip6_ua_file] - Excluding overlapping non-standard UA file: ua_Amon_MIROC6_ssp585_r1i1p1f1_gn_20150116-20811116_regridded.nc
2026-07-22 13:30:16,672 - WARNING - [storyline.find_cmip6_ua_file] - Excluding overlapping non-standard UA file: ua_Amon_MIROC6_ssp585_r1i1p1f1_gn_20811216-21001216_regridded.nc
2026-07-22 13:30:16,961 - INFO - [storyline.find_cmip6_ua_file] - Selected UA file member 'r1i1p1f1' for MRI-ESM2-0 (ssp585) from available: ['r1i1p1f1']
2026-07-22 13:30:17,148 - INFO - [storyline.find_cmip6_ua_historical_file] - Selected historical UA member 'r1i1p1f1' for BCC-CSM2-MR from available: ['r1i1p1f1']
2026-07-22 13:30:18,176 - INFO - [storyline.find_cmip6_ua_historical_file] - Selected historical UA member 'r1i1p1f2' for CNRM-CM6-1 from available: ['r1i1p1f2']
2026-07-22 13:30:18,176 - INFO - [storyline.find_cmip6_ua_historical_file] - Including non-standard historical UA file to fill gap: ua_Amon_CNRM-CM6-1_historical_r1i1p1f2_gr_18500116-19161116_regridded.nc
2026-07-22 13:30:18,176 - INFO - [storyline.find_cmip6_ua_historical_file] - Including non-standard historical UA file to fill gap: ua_Amon_CNRM-CM6-1_historical_r1i1p1f2_gr_19161216-19831016_regridded.nc
2026-07-22 13:30:18,177 - INFO - [storyline.find_cmip6_ua_historical_file] - Including non-standard historical UA file to fill gap: ua_Amon_CNRM-CM6-1_historical_r1i1p1f2_gr_19831116-20141216_regridded.nc
2026-07-22 13:30:18,471 - INFO - [storyline.find_cmip6_ua_historical_file] - Selected historical UA member 'r1i1p1f1' for CESM2 from available: ['r1i1p1f1']
2026-07-22 13:30:18,712 - INFO - [storyline.find_cmip6_ua_historical_file] - Selected historical UA member 'r1i1p1f1' for KIOST-ESM from available: ['r1i1p1f1']
2026-07-22 13:30:18,951 - INFO - [storyline.find_cmip6_ua_historical_file] - Selected historical UA member 'r1i1p1f1' for MPI-ESM1-2-LR from available: ['r1i1p1f1']
2026-07-22 13:30:19,275 - INFO - [storyline.find_cmip6_ua_historical_file] - Selected historical UA member 'r1i1p1f1' for ACCESS-ESM1-5 from available: ['r1i1p1f1']
2026-07-22 13:30:19,535 - INFO - [storyline.find_cmip6_ua_historical_file] - Selected historical UA member 'r1i1p1f1' for CESM2-WACCM from available: ['r1i1p1f1']
2026-07-22 13:30:19,536 - INFO - [storyline.find_cmip6_ua_historical_file] - Including non-standard historical UA file to fill gap: ua_Amon_CESM2-WACCM_historical_r1i1p1f1_gn_18500115-18890715_regridded.nc
2026-07-22 13:30:19,536 - INFO - [storyline.find_cmip6_ua_historical_file] - Including non-standard historical UA file to fill gap: ua_Amon_CESM2-WACCM_historical_r1i1p1f1_gn_18890815-19290214_regridded.nc
2026-07-22 13:30:19,536 - INFO - [storyline.find_cmip6_ua_historical_file] - Including non-standard historical UA file to fill gap: ua_Amon_CESM2-WACCM_historical_r1i1p1f1_gn_19290315-19680915_regridded.nc
2026-07-22 13:30:19,536 - INFO - [storyline.find_cmip6_ua_historical_file] - Including non-standard historical UA file to fill gap: ua_Amon_CESM2-WACCM_historical_r1i1p1f1_gn_19681015-20080415_regridded.nc
2026-07-22 13:30:19,536 - INFO - [storyline.find_cmip6_ua_historical_file] - Including non-standard historical UA file to fill gap: ua_Amon_CESM2-WACCM_historical_r1i1p1f1_gn_20080515-20141215_regridded.nc
2026-07-22 13:30:19,698 - INFO - [storyline.find_cmip6_ua_historical_file] - Selected historical UA member 'r1i1p1f1' for CMCC-ESM2 from available: ['r1i1p1f1']
2026-07-22 13:30:19,699 - WARNING - [storyline.find_cmip6_ua_historical_file] - Excluding overlapping non-standard historical UA file: ua_Amon_CMCC-ESM2_historical_r1i1p1f1_gn_18500116-18890716_regridded.nc
2026-07-22 13:30:19,699 - WARNING - [storyline.find_cmip6_ua_historical_file] - Excluding overlapping non-standard historical UA file: ua_Amon_CMCC-ESM2_historical_r1i1p1f1_gn_18890816-18991216_regridded.nc
2026-07-22 13:30:19,967 - INFO - [storyline.find_cmip6_ua_historical_file] - Selected historical UA member 'r1i1p1f3' for HadGEM3-GC31-LL from available: ['r1i1p1f3']
2026-07-22 13:30:19,967 - INFO - [storyline.find_cmip6_ua_historical_file] - Including non-standard historical UA file to fill gap: ua_Amon_HadGEM3-GC31-LL_historical_r1i1p1f3_gn_18500116-19280916_regridded.nc
2026-07-22 13:30:19,967 - INFO - [storyline.find_cmip6_ua_historical_file] - Including non-standard historical UA file to fill gap: ua_Amon_HadGEM3-GC31-LL_historical_r1i1p1f3_gn_19281016-20070616_regridded.nc
2026-07-22 13:30:19,968 - INFO - [storyline.find_cmip6_ua_historical_file] - Including non-standard historical UA file to fill gap: ua_Amon_HadGEM3-GC31-LL_historical_r1i1p1f3_gn_20070716-20141216_regridded.nc
2026-07-22 13:30:20,246 - INFO - [storyline.find_cmip6_ua_historical_file] - Selected historical UA member 'r1i1p1f1' for KACE-1-0-G from available: ['r1i1p1f1']
2026-07-22 13:30:20,493 - INFO - [storyline.find_cmip6_ua_historical_file] - Selected historical UA member 'r1i1p1f1' for CMCC-CM2-SR5 from available: ['r1i1p1f1']
2026-07-22 13:30:20,493 - WARNING - [storyline.find_cmip6_ua_historical_file] - Excluding overlapping non-standard historical UA file: ua_Amon_CMCC-CM2-SR5_historical_r1i1p1f1_gn_19500116-19741216_regridded.nc
2026-07-22 13:30:20,786 - INFO - [storyline.find_cmip6_ua_historical_file] - Selected historical UA member 'r1i1p1f1' for E3SM-1-0 from available: ['r1i1p1f1']
2026-07-22 13:30:20,786 - WARNING - [storyline.find_cmip6_ua_historical_file] - Excluding overlapping non-standard historical UA file: ua_Amon_E3SM-1-0_historical_r1i1p1f1_gr_19000116-19331016_regridded.nc
2026-07-22 13:30:20,786 - WARNING - [storyline.find_cmip6_ua_historical_file] - Excluding overlapping non-standard historical UA file: ua_Amon_E3SM-1-0_historical_r1i1p1f1_gr_19331116-19670816_regridded.nc
2026-07-22 13:30:20,787 - WARNING - [storyline.find_cmip6_ua_historical_file] - Excluding overlapping non-standard historical UA file: ua_Amon_E3SM-1-0_historical_r1i1p1f1_gr_19670916-20010616_regridded.nc
2026-07-22 13:30:20,787 - WARNING - [storyline.find_cmip6_ua_historical_file] - Excluding overlapping non-standard historical UA file: ua_Amon_E3SM-1-0_historical_r1i1p1f1_gr_20010716-20141216_regridded.nc
2026-07-22 13:30:21,081 - INFO - [storyline.find_cmip6_ua_historical_file] - Selected historical UA member 'r1i1p1f1' for IITM-ESM from available: ['r1i1p1f1']
2026-07-22 13:30:21,460 - INFO - [storyline.find_cmip6_ua_historical_file] - Selected historical UA member 'r1i1p1f2' for CNRM-ESM2-1 from available: ['r1i1p1f2']
2026-07-22 13:30:21,460 - INFO - [storyline.find_cmip6_ua_historical_file] - Including non-standard historical UA file to fill gap: ua_Amon_CNRM-ESM2-1_historical_r1i1p1f2_gr_18500116-19161116_regridded.nc
2026-07-22 13:30:21,461 - INFO - [storyline.find_cmip6_ua_historical_file] - Including non-standard historical UA file to fill gap: ua_Amon_CNRM-ESM2-1_historical_r1i1p1f2_gr_19161216-19831016_regridded.nc
2026-07-22 13:30:21,461 - INFO - [storyline.find_cmip6_ua_historical_file] - Including non-standard historical UA file to fill gap: ua_Amon_CNRM-ESM2-1_historical_r1i1p1f2_gr_19831116-20141216_regridded.nc
2026-07-22 13:30:21,736 - INFO - [storyline.find_cmip6_ua_historical_file] - Selected historical UA member 'r1i1p1f1' for CanESM5 from available: ['r1i1p1f1']
2026-07-22 13:30:21,973 - INFO - [storyline.find_cmip6_ua_historical_file] - Selected historical UA member 'r1i1p1f1' for EC-Earth3-Veg-LR from available: ['r1i1p1f1']
2026-07-22 13:30:21,974 - WARNING - [storyline.find_cmip6_ua_historical_file] - Excluding overlapping non-standard historical UA file: ua_Amon_EC-Earth3-Veg-LR_historical_r1i1p1f1_gr_18500116-18920916_regridded.nc
2026-07-22 13:30:21,974 - WARNING - [storyline.find_cmip6_ua_historical_file] - Excluding overlapping non-standard historical UA file: ua_Amon_EC-Earth3-Veg-LR_historical_r1i1p1f1_gr_18921016-19350616_regridded.nc
2026-07-22 13:30:21,974 - WARNING - [storyline.find_cmip6_ua_historical_file] - Excluding overlapping non-standard historical UA file: ua_Amon_EC-Earth3-Veg-LR_historical_r1i1p1f1_gr_19350716-19780316_regridded.nc
2026-07-22 13:30:21,974 - WARNING - [storyline.find_cmip6_ua_historical_file] - Excluding overlapping non-standard historical UA file: ua_Amon_EC-Earth3-Veg-LR_historical_r1i1p1f1_gr_19780416-20141216_regridded.nc
2026-07-22 13:30:23,740 - INFO - [storyline.find_cmip6_ua_historical_file] - Selected historical UA member 'r1i1p1f1' for GFDL-ESM4 from available: ['r1i1p1f1']
2026-07-22 13:30:23,964 - INFO - [storyline.find_cmip6_ua_historical_file] - Selected historical UA member 'r1i1p1f2' for MIROC-ES2L from available: ['r1i1p1f2']
2026-07-22 13:30:23,965 - INFO - [storyline.find_cmip6_ua_historical_file] - Including non-standard historical UA file to fill gap: ua_Amon_MIROC-ES2L_historical_r1i1p1f2_gn_18500116-20141216_regridded.nc
2026-07-22 13:30:24,201 - INFO - [storyline.find_cmip6_ua_historical_file] - Selected historical UA member 'r1i1p1f1' for MIROC6 from available: ['r1i1p1f1']
2026-07-22 13:30:24,574 - INFO - [storyline.find_cmip6_ua_historical_file] - Selected historical UA member 'r1i1p1f1' for MRI-ESM2-0 from available: ['r1i1p1f1']
2026-07-22 13:30:24,574 - INFO - [storyline.find_cmip6_ua_historical_file] - Including non-standard historical UA file to fill gap: ua_Amon_MRI-ESM2-0_historical_r1i1p1f1_gn_18500116-18920916_regridded.nc
2026-07-22 13:30:24,574 - INFO - [storyline.find_cmip6_ua_historical_file] - Including non-standard historical UA file to fill gap: ua_Amon_MRI-ESM2-0_historical_r1i1p1f1_gn_18921016-19350616_regridded.nc
2026-07-22 13:30:24,575 - INFO - [storyline.find_cmip6_ua_historical_file] - Including non-standard historical UA file to fill gap: ua_Amon_MRI-ESM2-0_historical_r1i1p1f1_gn_19350716-19780316_regridded.nc
2026-07-22 13:30:24,575 - INFO - [storyline.find_cmip6_ua_historical_file] - Including non-standard historical UA file to fill gap: ua_Amon_MRI-ESM2-0_historical_r1i1p1f1_gn_19780416-20141216_regridded.nc
2026-07-22 13:30:25,404 - INFO - [main.run_full_analysis] - UA composite plot for GWL 3.0, Summer already exists and data not needed.
2026-07-22 13:30:25,404 - INFO - [storyline.calculate_ua_composites_for_extremes] - Calculating UA composites for event '30Q10_low' at GWL +3.0°C, Season=Summer...
2026-07-22 13:30:25,448 - INFO - [storyline.calculate_ua_composites_for_extremes] -   UA Extreme Models (N=10): ['KACE-1-0-G_ssp585', 'BCC-CSM2-MR_ssp585', 'CNRM-CM6-1_ssp585', 'CESM2_ssp585', 'CMCC-ESM2_ssp585', 'MPI-ESM1-2-LR_ssp585', 'INM-CM5-0_ssp585', 'KIOST-ESM_ssp585', 'MPI-ESM1-2-HR_ssp585', 'ACCESS-ESM1-5_ssp585']
2026-07-22 13:30:25,448 - INFO - [storyline.calculate_ua_composites_for_extremes] -   UA Non-Extreme Models (N=10): ['EC-Earth3-Veg-LR_ssp585', 'GFDL-ESM4_ssp585', 'HadGEM3-GC31-LL_ssp585', 'IPSL-CM6A-LR_ssp585', 'CNRM-ESM2-1_ssp585', 'CanESM5_ssp585', 'EC-Earth3_ssp585', 'IITM-ESM_ssp585', 'MIROC-ES2L_ssp585', 'MRI-ESM2-0_ssp585']
2026-07-22 13:30:25,450 - INFO - [storyline.find_cmip6_ua_file] - Selected UA file member 'r1i1p1f1' for KACE-1-0-G (ssp585) from available: ['r1i1p1f1']
2026-07-22 13:30:25,450 - WARNING - [storyline.find_cmip6_ua_file] - Excluding overlapping non-standard UA file: ua_Amon_KACE-1-0-G_ssp585_r1i1p1f1_gr_20150116-20930916_regridded.nc
2026-07-22 13:30:25,450 - WARNING - [storyline.find_cmip6_ua_file] - Excluding overlapping non-standard UA file: ua_Amon_KACE-1-0-G_ssp585_r1i1p1f1_gr_20931016-21001216_regridded.nc
2026-07-22 13:30:25,585 - INFO - [storyline.find_cmip6_ua_file] - Selected UA file member 'r1i1p1f1' for BCC-CSM2-MR (ssp585) from available: ['r1i1p1f1']
2026-07-22 13:30:25,586 - WARNING - [storyline.find_cmip6_ua_file] - Excluding overlapping non-standard UA file: ua_Amon_BCC-CSM2-MR_ssp585_r1i1p1f1_gn_20550116-20970916_regridded.nc
2026-07-22 13:30:25,586 - WARNING - [storyline.find_cmip6_ua_file] - Excluding overlapping non-standard UA file: ua_Amon_BCC-CSM2-MR_ssp585_r1i1p1f1_gn_20971016-21001216_regridded.nc
2026-07-22 13:30:26,040 - INFO - [storyline.find_cmip6_ua_file] - Selected UA file member 'r1i1p1f2' for CNRM-CM6-1 (ssp585) from available: ['r1i1p1f2']
2026-07-22 13:30:26,040 - INFO - [storyline.find_cmip6_ua_file] - Including non-standard UA file to fill gap: ua_Amon_CNRM-CM6-1_ssp585_r1i1p1f2_gr_20150116-20811116_regridded.nc
2026-07-22 13:30:26,041 - INFO - [storyline.find_cmip6_ua_file] - Including non-standard UA file to fill gap: ua_Amon_CNRM-CM6-1_ssp585_r1i1p1f2_gr_20811216-21001216_regridded.nc
2026-07-22 13:30:26,226 - INFO - [storyline.find_cmip6_ua_file] - Selected UA file member 'r4i1p1f1' for CESM2 (ssp585) from available: ['r4i1p1f1']
2026-07-22 13:30:26,226 - INFO - [storyline.find_cmip6_ua_file] - Including non-standard UA file to fill gap: ua_Amon_CESM2_ssp585_r4i1p1f1_gn_20150115-20540715_regridded.nc
2026-07-22 13:30:26,226 - INFO - [storyline.find_cmip6_ua_file] - Including non-standard UA file to fill gap: ua_Amon_CESM2_ssp585_r4i1p1f1_gn_20540815-20940214_regridded.nc
2026-07-22 13:30:26,227 - INFO - [storyline.find_cmip6_ua_file] - Including non-standard UA file to fill gap: ua_Amon_CESM2_ssp585_r4i1p1f1_gn_20940315-21001215_regridded.nc
2026-07-22 13:30:26,425 - INFO - [storyline.find_cmip6_ua_file] - Selected UA file member 'r1i1p1f1' for CMCC-ESM2 (ssp585) from available: ['r1i1p1f1']
2026-07-22 13:30:26,426 - WARNING - [storyline.find_cmip6_ua_file] - Excluding overlapping non-standard UA file: ua_Amon_CMCC-ESM2_ssp585_r1i1p1f1_gn_20400116-20790716_regridded.nc
2026-07-22 13:30:26,426 - WARNING - [storyline.find_cmip6_ua_file] - Excluding overlapping non-standard UA file: ua_Amon_CMCC-ESM2_ssp585_r1i1p1f1_gn_20790816-21001216_regridded.nc
2026-07-22 13:30:26,617 - INFO - [storyline.find_cmip6_ua_file] - Selected UA file member 'r1i1p1f1' for MPI-ESM1-2-LR (ssp585) from available: ['r1i1p1f1']
2026-07-22 13:30:26,819 - INFO - [storyline.find_cmip6_ua_file] - Selected UA file member 'r1i1p1f1' for INM-CM5-0 (ssp585) from available: ['r1i1p1f1']
2026-07-22 13:30:27,052 - INFO - [storyline.find_cmip6_ua_file] - Selected UA file member 'r1i1p1f1' for KIOST-ESM (ssp585) from available: ['r1i1p1f1']
2026-07-22 13:30:27,201 - INFO - [storyline.find_cmip6_ua_file] - Selected UA file member 'r1i1p1f1' for MPI-ESM1-2-HR (ssp585) from available: ['r1i1p1f1']
2026-07-22 13:30:27,497 - INFO - [storyline.find_cmip6_ua_file] - Selected UA file member 'r1i1p1f1' for ACCESS-ESM1-5 (ssp585) from available: ['r1i1p1f1']
/nas/home/vlw/.mambaenvs/STREAM/lib/python3.10/site-packages/dask/array/core.py:4988: PerformanceWarning: Increasing number of chunks by factor of 38
  result = blockwise(
/nas/home/vlw/.mambaenvs/STREAM/lib/python3.10/site-packages/dask/array/core.py:4988: PerformanceWarning: Increasing number of chunks by factor of 38
  result = blockwise(
/nas/home/vlw/.mambaenvs/STREAM/lib/python3.10/site-packages/dask/array/core.py:4988: PerformanceWarning: Increasing number of chunks by factor of 38
  result = blockwise(
2026-07-22 13:30:27,841 - INFO - [storyline.find_cmip6_ua_file] - Selected UA file member 'r1i1p1f1' for EC-Earth3-Veg-LR (ssp585) from available: ['r1i1p1f1']
2026-07-22 13:30:27,842 - WARNING - [storyline.find_cmip6_ua_file] - Excluding overlapping non-standard UA file: ua_Amon_EC-Earth3-Veg-LR_ssp585_r1i1p1f1_gr_20170116-20590916_regridded.nc
2026-07-22 13:30:27,842 - WARNING - [storyline.find_cmip6_ua_file] - Excluding overlapping non-standard UA file: ua_Amon_EC-Earth3-Veg-LR_ssp585_r1i1p1f1_gr_20280116-20831216_regridded.nc
2026-07-22 13:30:27,842 - WARNING - [storyline.find_cmip6_ua_file] - Excluding overlapping non-standard UA file: ua_Amon_EC-Earth3-Veg-LR_ssp585_r1i1p1f1_gr_20591016-21001216_regridded.nc
2026-07-22 13:30:28,907 - INFO - [storyline.find_cmip6_ua_file] - Selected UA file member 'r1i1p1f1' for GFDL-ESM4 (ssp585) from available: ['r1i1p1f1']
2026-07-22 13:30:28,907 - WARNING - [storyline.find_cmip6_ua_file] - Excluding overlapping non-standard UA file: ua_Amon_GFDL-ESM4_ssp585_r1i1p1f1_gr1_20150116-20570316_regridded.nc
2026-07-22 13:30:28,907 - WARNING - [storyline.find_cmip6_ua_file] - Excluding overlapping non-standard UA file: ua_Amon_GFDL-ESM4_ssp585_r1i1p1f1_gr1_20570416-20990616_regridded.nc
2026-07-22 13:30:28,907 - WARNING - [storyline.find_cmip6_ua_file] - Excluding overlapping non-standard UA file: ua_Amon_GFDL-ESM4_ssp585_r1i1p1f1_gr1_20990716-21001216_regridded.nc
2026-07-22 13:30:29,035 - INFO - [storyline.find_cmip6_ua_file] - Selected UA file member 'r1i1p1f3' for HadGEM3-GC31-LL (ssp585) from available: ['r1i1p1f3']
2026-07-22 13:30:29,035 - INFO - [storyline.find_cmip6_ua_file] - Including non-standard UA file to fill gap: ua_Amon_HadGEM3-GC31-LL_ssp585_r1i1p1f3_gn_20150116-20930916_regridded.nc
2026-07-22 13:30:29,035 - INFO - [storyline.find_cmip6_ua_file] - Including non-standard UA file to fill gap: ua_Amon_HadGEM3-GC31-LL_ssp585_r1i1p1f3_gn_20931016-21001216_regridded.nc
2026-07-22 13:30:29,202 - INFO - [storyline.find_cmip6_ua_file] - Selected UA file member 'r1i1p1f1' for IPSL-CM6A-LR (ssp585) from available: ['r1i1p1f1']
2026-07-22 13:30:29,389 - INFO - [storyline.find_cmip6_ua_file] - Selected UA file member 'r1i1p1f2' for CNRM-ESM2-1 (ssp585) from available: ['r1i1p1f2']
2026-07-22 13:30:29,389 - INFO - [storyline.find_cmip6_ua_file] - Including non-standard UA file to fill gap: ua_Amon_CNRM-ESM2-1_ssp585_r1i1p1f2_gr_20150116-20811116_regridded.nc
2026-07-22 13:30:29,389 - INFO - [storyline.find_cmip6_ua_file] - Including non-standard UA file to fill gap: ua_Amon_CNRM-ESM2-1_ssp585_r1i1p1f2_gr_20811216-21001216_regridded.nc
2026-07-22 13:30:29,562 - INFO - [storyline.find_cmip6_ua_file] - Selected UA file member 'r1i1p1f1' for CanESM5 (ssp585) from available: ['r1i1p1f1']
2026-07-22 13:30:29,728 - INFO - [storyline.find_cmip6_ua_file] - Selected UA file member 'r1i1p1f1' for EC-Earth3 (ssp585) from available: ['r1i1p1f1']
2026-07-22 13:30:30,531 - INFO - [storyline.find_cmip6_ua_file] - Selected UA file member 'r1i1p1f1' for IITM-ESM (ssp585) from available: ['r1i1p1f1']
2026-07-22 13:30:30,531 - WARNING - [storyline.find_cmip6_ua_file] - Excluding overlapping non-standard UA file: ua_Amon_IITM-ESM_ssp585_r1i1p1f1_gn_20150116-20991216_regridded.nc
2026-07-22 13:30:30,531 - INFO - [storyline.find_cmip6_ua_file] - Including non-standard UA file to fill gap: ua_Amon_IITM-ESM_ssp585_r1i1p1f1_gn_20250116-20991216_regridded.nc
2026-07-22 13:30:30,673 - INFO - [storyline.find_cmip6_ua_file] - Selected UA file member 'r1i1p1f2' for MIROC-ES2L (ssp585) from available: ['r1i1p1f2']
2026-07-22 13:30:30,673 - INFO - [storyline.find_cmip6_ua_file] - Including non-standard UA file to fill gap: ua_Amon_MIROC-ES2L_ssp585_r1i1p1f2_gn_20150116-21001216_regridded.nc
2026-07-22 13:30:30,827 - INFO - [storyline.find_cmip6_ua_file] - Selected UA file member 'r1i1p1f1' for MRI-ESM2-0 (ssp585) from available: ['r1i1p1f1']
2026-07-22 13:30:31,003 - INFO - [storyline.find_cmip6_ua_historical_file] - Selected historical UA member 'r1i1p1f1' for KACE-1-0-G from available: ['r1i1p1f1']
2026-07-22 13:30:31,225 - INFO - [storyline.find_cmip6_ua_historical_file] - Selected historical UA member 'r1i1p1f1' for BCC-CSM2-MR from available: ['r1i1p1f1']
2026-07-22 13:30:31,991 - INFO - [storyline.find_cmip6_ua_historical_file] - Selected historical UA member 'r1i1p1f2' for CNRM-CM6-1 from available: ['r1i1p1f2']
2026-07-22 13:30:31,992 - INFO - [storyline.find_cmip6_ua_historical_file] - Including non-standard historical UA file to fill gap: ua_Amon_CNRM-CM6-1_historical_r1i1p1f2_gr_18500116-19161116_regridded.nc
2026-07-22 13:30:31,992 - INFO - [storyline.find_cmip6_ua_historical_file] - Including non-standard historical UA file to fill gap: ua_Amon_CNRM-CM6-1_historical_r1i1p1f2_gr_19161216-19831016_regridded.nc
2026-07-22 13:30:31,992 - INFO - [storyline.find_cmip6_ua_historical_file] - Including non-standard historical UA file to fill gap: ua_Amon_CNRM-CM6-1_historical_r1i1p1f2_gr_19831116-20141216_regridded.nc
2026-07-22 13:30:32,262 - INFO - [storyline.find_cmip6_ua_historical_file] - Selected historical UA member 'r1i1p1f1' for CESM2 from available: ['r1i1p1f1']
2026-07-22 13:30:32,485 - INFO - [storyline.find_cmip6_ua_historical_file] - Selected historical UA member 'r1i1p1f1' for CMCC-ESM2 from available: ['r1i1p1f1']
2026-07-22 13:30:32,485 - WARNING - [storyline.find_cmip6_ua_historical_file] - Excluding overlapping non-standard historical UA file: ua_Amon_CMCC-ESM2_historical_r1i1p1f1_gn_18500116-18890716_regridded.nc
2026-07-22 13:30:32,486 - WARNING - [storyline.find_cmip6_ua_historical_file] - Excluding overlapping non-standard historical UA file: ua_Amon_CMCC-ESM2_historical_r1i1p1f1_gn_18890816-18991216_regridded.nc
2026-07-22 13:30:32,781 - INFO - [storyline.find_cmip6_ua_historical_file] - Selected historical UA member 'r1i1p1f1' for MPI-ESM1-2-LR from available: ['r1i1p1f1']
2026-07-22 13:30:33,075 - INFO - [storyline.find_cmip6_ua_historical_file] - Selected historical UA member 'r1i1p1f1' for INM-CM5-0 from available: ['r1i1p1f1']
2026-07-22 13:30:33,075 - WARNING - [storyline.find_cmip6_ua_historical_file] - Excluding overlapping non-standard historical UA file: ua_Amon_INM-CM5-0_historical_r1i1p1f1_gr1_19000116-19491216_regridded.nc
2026-07-22 13:30:33,442 - INFO - [storyline.find_cmip6_ua_historical_file] - Selected historical UA member 'r1i1p1f1' for KIOST-ESM from available: ['r1i1p1f1']
2026-07-22 13:30:33,659 - INFO - [storyline.find_cmip6_ua_historical_file] - Selected historical UA member 'r1i1p1f1' for MPI-ESM1-2-HR from available: ['r1i1p1f1']
2026-07-22 13:30:33,659 - WARNING - [storyline.find_cmip6_ua_historical_file] - Excluding overlapping non-standard historical UA file: ua_Amon_MPI-ESM1-2-HR_historical_r1i1p1f1_gn_18500116-18790816_regridded.nc
2026-07-22 13:30:33,660 - WARNING - [storyline.find_cmip6_ua_historical_file] - Excluding overlapping non-standard historical UA file: ua_Amon_MPI-ESM1-2-HR_historical_r1i1p1f1_gn_18790916-19090416_regridded.nc
2026-07-22 13:30:33,660 - WARNING - [storyline.find_cmip6_ua_historical_file] - Excluding overlapping non-standard historical UA file: ua_Amon_MPI-ESM1-2-HR_historical_r1i1p1f1_gn_19090516-19381216_regridded.nc
2026-07-22 13:30:33,660 - WARNING - [storyline.find_cmip6_ua_historical_file] - Excluding overlapping non-standard historical UA file: ua_Amon_MPI-ESM1-2-HR_historical_r1i1p1f1_gn_19390116-19680816_regridded.nc
2026-07-22 13:30:33,660 - WARNING - [storyline.find_cmip6_ua_historical_file] - Excluding overlapping non-standard historical UA file: ua_Amon_MPI-ESM1-2-HR_historical_r1i1p1f1_gn_19680916-19980416_regridded.nc
2026-07-22 13:30:33,660 - WARNING - [storyline.find_cmip6_ua_historical_file] - Excluding overlapping non-standard historical UA file: ua_Amon_MPI-ESM1-2-HR_historical_r1i1p1f1_gn_19980516-20141216_regridded.nc
2026-07-22 13:30:34,140 - INFO - [storyline.find_cmip6_ua_historical_file] - Selected historical UA member 'r1i1p1f1' for ACCESS-ESM1-5 from available: ['r1i1p1f1']
2026-07-22 13:30:34,639 - INFO - [storyline.find_cmip6_ua_historical_file] - Selected historical UA member 'r1i1p1f1' for EC-Earth3-Veg-LR from available: ['r1i1p1f1']
2026-07-22 13:30:34,640 - WARNING - [storyline.find_cmip6_ua_historical_file] - Excluding overlapping non-standard historical UA file: ua_Amon_EC-Earth3-Veg-LR_historical_r1i1p1f1_gr_18500116-18920916_regridded.nc
2026-07-22 13:30:34,640 - WARNING - [storyline.find_cmip6_ua_historical_file] - Excluding overlapping non-standard historical UA file: ua_Amon_EC-Earth3-Veg-LR_historical_r1i1p1f1_gr_18921016-19350616_regridded.nc
2026-07-22 13:30:34,640 - WARNING - [storyline.find_cmip6_ua_historical_file] - Excluding overlapping non-standard historical UA file: ua_Amon_EC-Earth3-Veg-LR_historical_r1i1p1f1_gr_19350716-19780316_regridded.nc
2026-07-22 13:30:34,640 - WARNING - [storyline.find_cmip6_ua_historical_file] - Excluding overlapping non-standard historical UA file: ua_Amon_EC-Earth3-Veg-LR_historical_r1i1p1f1_gr_19780416-20141216_regridded.nc
2026-07-22 13:30:36,088 - INFO - [storyline.find_cmip6_ua_historical_file] - Selected historical UA member 'r1i1p1f1' for GFDL-ESM4 from available: ['r1i1p1f1']
2026-07-22 13:30:36,297 - INFO - [storyline.find_cmip6_ua_historical_file] - Selected historical UA member 'r1i1p1f3' for HadGEM3-GC31-LL from available: ['r1i1p1f3']
2026-07-22 13:30:36,297 - INFO - [storyline.find_cmip6_ua_historical_file] - Including non-standard historical UA file to fill gap: ua_Amon_HadGEM3-GC31-LL_historical_r1i1p1f3_gn_18500116-19280916_regridded.nc
2026-07-22 13:30:36,298 - INFO - [storyline.find_cmip6_ua_historical_file] - Including non-standard historical UA file to fill gap: ua_Amon_HadGEM3-GC31-LL_historical_r1i1p1f3_gn_19281016-20070616_regridded.nc
2026-07-22 13:30:36,298 - INFO - [storyline.find_cmip6_ua_historical_file] - Including non-standard historical UA file to fill gap: ua_Amon_HadGEM3-GC31-LL_historical_r1i1p1f3_gn_20070716-20141216_regridded.nc
2026-07-22 13:30:36,563 - INFO - [storyline.find_cmip6_ua_historical_file] - Selected historical UA member 'r1i1p1f1' for IPSL-CM6A-LR from available: ['r1i1p1f1']
2026-07-22 13:30:36,785 - INFO - [storyline.find_cmip6_ua_historical_file] - Selected historical UA member 'r1i1p1f2' for CNRM-ESM2-1 from available: ['r1i1p1f2']
2026-07-22 13:30:36,785 - INFO - [storyline.find_cmip6_ua_historical_file] - Including non-standard historical UA file to fill gap: ua_Amon_CNRM-ESM2-1_historical_r1i1p1f2_gr_18500116-19161116_regridded.nc
2026-07-22 13:30:36,786 - INFO - [storyline.find_cmip6_ua_historical_file] - Including non-standard historical UA file to fill gap: ua_Amon_CNRM-ESM2-1_historical_r1i1p1f2_gr_19161216-19831016_regridded.nc
2026-07-22 13:30:36,786 - INFO - [storyline.find_cmip6_ua_historical_file] - Including non-standard historical UA file to fill gap: ua_Amon_CNRM-ESM2-1_historical_r1i1p1f2_gr_19831116-20141216_regridded.nc
2026-07-22 13:30:37,057 - INFO - [storyline.find_cmip6_ua_historical_file] - Selected historical UA member 'r1i1p1f1' for CanESM5 from available: ['r1i1p1f1']
2026-07-22 13:30:37,276 - INFO - [storyline.find_cmip6_ua_historical_file] - Selected historical UA member 'r1i1p1f1' for EC-Earth3 from available: ['r1i1p1f1']
2026-07-22 13:30:38,735 - INFO - [storyline.find_cmip6_ua_historical_file] - Selected historical UA member 'r1i1p1f1' for IITM-ESM from available: ['r1i1p1f1']
2026-07-22 13:30:39,069 - INFO - [storyline.find_cmip6_ua_historical_file] - Selected historical UA member 'r1i1p1f2' for MIROC-ES2L from available: ['r1i1p1f2']
2026-07-22 13:30:39,069 - INFO - [storyline.find_cmip6_ua_historical_file] - Including non-standard historical UA file to fill gap: ua_Amon_MIROC-ES2L_historical_r1i1p1f2_gn_18500116-20141216_regridded.nc
2026-07-22 13:30:39,533 - INFO - [storyline.find_cmip6_ua_historical_file] - Selected historical UA member 'r1i1p1f1' for MRI-ESM2-0 from available: ['r1i1p1f1']
2026-07-22 13:30:39,534 - INFO - [storyline.find_cmip6_ua_historical_file] - Including non-standard historical UA file to fill gap: ua_Amon_MRI-ESM2-0_historical_r1i1p1f1_gn_18500116-18920916_regridded.nc
2026-07-22 13:30:39,534 - INFO - [storyline.find_cmip6_ua_historical_file] - Including non-standard historical UA file to fill gap: ua_Amon_MRI-ESM2-0_historical_r1i1p1f1_gn_18921016-19350616_regridded.nc
2026-07-22 13:30:39,534 - INFO - [storyline.find_cmip6_ua_historical_file] - Including non-standard historical UA file to fill gap: ua_Amon_MRI-ESM2-0_historical_r1i1p1f1_gn_19350716-19780316_regridded.nc
2026-07-22 13:30:39,535 - INFO - [storyline.find_cmip6_ua_historical_file] - Including non-standard historical UA file to fill gap: ua_Amon_MRI-ESM2-0_historical_r1i1p1f1_gn_19780416-20141216_regridded.nc
2026-07-22 13:30:40,347 - INFO - [main.run_full_analysis] - Combined UA diff plot for GWL 2.0 already exists.
2026-07-22 13:30:40,347 - INFO - [main.run_full_analysis] - Final figure 3 for GWL 2.0 already exists.
2026-07-22 13:30:40,347 - INFO - [main.run_full_analysis] - Combined UA diff plot for GWL 3.0 already exists.
2026-07-22 13:30:40,347 - INFO - [main.run_full_analysis] - Final figure 3 for GWL 3.0 already exists.
2026-07-22 13:30:40,347 - INFO - [main.run_full_analysis] - TAS composite plot for GWL 2.0, Winter already exists.
2026-07-22 13:30:40,347 - INFO - [main.run_full_analysis] - TAS composite plot for GWL 2.0, Summer already exists.
2026-07-22 13:30:40,348 - INFO - [main.run_full_analysis] - TAS composite plot for GWL 3.0, Winter already exists.
2026-07-22 13:30:40,348 - INFO - [main.run_full_analysis] - TAS composite plot for GWL 3.0, Summer already exists.
2026-07-22 13:30:40,348 - INFO - [main.run_full_analysis] - Plot '/nas/home/vlw/Desktop/STREAM/paper1-plots/storyline_impacts_summary_4x2_boxplots_ssp585.png' already exists.
2026-07-22 13:30:40,348 - INFO - [storyline.calculate_storyline_impacts] - 
--- Calculating Final Storyline Impacts (by averaging classified models) ---
2026-07-22 13:30:40,348 - INFO - [storyline.calculate_storyline_impacts] - 
  Processing Impacts for GWL +2.0°C...
2026-07-22 13:30:40,349 - INFO - [storyline.calculate_storyline_impacts] - 
  Processing Impacts for GWL +3.0°C...
2026-07-22 13:30:40,350 - INFO - [visualization.plot_mechanism_drivers_panel] - Plotting Figure 5 (Mechanism Drivers Panel) with Boxplots (Horizontal) for ssp585...
/nas/home/vlw/Desktop/STREAM/Code/paper1-project/visualization.py:4558: UserWarning: set_ticklabels() should only be used with a fixed number of ticks, i.e. after set_ticks() or using a FixedLocator.
  ax.set_yticklabels(labels, fontsize=10)
/nas/home/vlw/Desktop/STREAM/Code/paper1-project/visualization.py:4558: UserWarning: set_ticklabels() should only be used with a fixed number of ticks, i.e. after set_ticks() or using a FixedLocator.
  ax.set_yticklabels(labels, fontsize=10)
2026-07-22 13:30:41,600 - INFO - [visualization.plot_mechanism_drivers_panel] - Saved Figure 5 (formerly Figure 4) to /nas/home/vlw/Desktop/STREAM/paper1-plots/Figure5_mechanism_drivers_summary_ssp585.png
2026-07-22 13:30:41,600 - INFO - [main.run_full_analysis] - Plot '/nas/home/vlw/Desktop/STREAM/paper1-plots/storyline_lnwl_monthly_distribution_ssp585.png' already exists. Skipping.
2026-07-22 13:30:41,601 - INFO - [main.run_full_analysis] - Calculating LNWL aggregation data...
2026-07-22 13:30:41,601 - INFO - [storyline.analyze_storyline_lnwl_aggregation_metrics] - Analyzing LNWL Aggregation Metrics (Threshold: 970 m³/s)...
2026-07-22 13:30:41,601 - INFO - [storyline.analyze_storyline_lnwl_aggregation_metrics] - Calculating historical LNWL return periods for all aggregations (Winter, Summer, Full Year)...
2026-07-22 13:30:41,770 - INFO - [storyline.analyze_storyline_lnwl_aggregation_metrics] -   -> Historical LNWL aggregation thresholds stored: {
  "winter": {
    "Q_daily_low": {
      "name": "Daily Minimum < LNWL",
      "threshold_m3s": 970.0,
      "hist_return_period": 1.24,
      "type": "low",
      "metric_key_base": "Q_daily_low"
    },
    "Q_7day_low": {
      "name": "7-Day Minimum < LNWL",
      "threshold_m3s": 970.0,
      "hist_return_period": 1.5121951219512195,
      "type": "low",
      "metric_key_base": "Q_7day_low"
    },
    "Q_30day_low": {
      "name": "30-Day Minimum < LNWL",
      "threshold_m3s": 970.0,
      "hist_return_period": 2.2962962962962963,
      "type": "low",
      "metric_key_base": "Q_30day_low"
    },
    "Q_3month_low": {
      "name": "3-Month Minimum < LNWL",
      "threshold_m3s": 970.0,
      "hist_return_period": 6.2,
      "type": "low",
      "metric_key_base": "Q_3month_low"
    }
  },
  "summer": {
    "Q_daily_low": {
      "name": "Daily Minimum < LNWL",
      "threshold_m3s": 970.0,
      "hist_return_period": 2.3846153846153846,
      "type": "low",
      "metric_key_base": "Q_daily_low"
    },
    "Q_7day_low": {
      "name": "7-Day Minimum < LNWL",
      "threshold_m3s": 970.0,
      "hist_return_period": 3.1,
      "type": "low",
      "metric_key_base": "Q_7day_low"
    },
    "Q_30day_low": {
      "name": "30-Day Minimum < LNWL",
      "threshold_m3s": 970.0,
      "hist_return_period": 4.769230769230769,
      "type": "low",
      "metric_key_base": "Q_30day_low"
    },
    "Q_3month_low": {
      "name": "3-Month Minimum < LNWL",
      "threshold_m3s": 970.0,
      "hist_return_period": 15.5,
      "type": "low",
      "metric_key_base": "Q_3month_low"
    }
  },
  "full_year": {
    "Q_daily_low": {
      "name": "Daily Minimum < LNWL",
      "threshold_m3s": 970.0,
      "hist_return_period": 1.2156862745098038,
      "type": "low",
      "metric_key_base": "Q_daily_low"
    },
    "Q_7day_low": {
      "name": "7-Day Minimum < LNWL",
      "threshold_m3s": 970.0,
      "hist_return_period": 1.5121951219512195,
      "type": "low",
      "metric_key_base": "Q_7day_low"
    },
    "Q_30day_low": {
      "name": "30-Day Minimum < LNWL",
      "threshold_m3s": 970.0,
      "hist_return_period": 2.2142857142857144,
      "type": "low",
      "metric_key_base": "Q_30day_low"
    },
    "Q_3month_low": {
      "name": "3-Month Minimum < LNWL",
      "threshold_m3s": 970.0,
      "hist_return_period": 5.166666666666667,
      "type": "low",
      "metric_key_base": "Q_3month_low"
    }
  }
}
2026-07-22 13:31:48,792 - INFO - [visualization.plot_storyline_lnwl_aggregation_comparison] - Plotting LNWL Aggregation Comparison (3x4 grid, 30-Day) for ssp585...
2026-07-22 13:31:49,519 - INFO - [visualization.plot_storyline_lnwl_aggregation_comparison] - Applying shared column X-limits based on widest 'zoomed' range...
2026-07-22 13:31:52,386 - INFO - [visualization.plot_storyline_lnwl_aggregation_comparison] - Saved LNWL aggregation comparison plot (3x4 grid, 30-Day, FullYear) to /nas/home/vlw/Desktop/STREAM/paper1-plots/storyline_lnwl_aggregation_comparison_ssp585.png
2026-07-22 13:31:52,388 - INFO - [visualization.plot_erl_figure4_lnwl_summary] - Plotting ERL Figure 4 (Summer LNWL Impact) for ssp585...
/nas/home/vlw/Desktop/STREAM/Code/paper1-project/visualization.py:4686: UserWarning: set_ticklabels() should only be used with a fixed number of ticks, i.e. after set_ticks() or using a FixedLocator.
  ax.set_yticklabels(labels, fontsize=10)
2026-07-22 13:31:53,065 - INFO - [visualization.plot_erl_figure4_lnwl_summary] - Saved ERL Figure 4 to /nas/home/vlw/Desktop/STREAM/paper1-plots/Figure4_impact_navigation_lnwl_ssp585.png
2026-07-22 13:31:53,066 - INFO - [main.run_full_analysis] - Figure 5 '/nas/home/vlw/Desktop/STREAM/paper1-plots/Figure5_mechanism_drivers_summary_ssp585.png' already exists.
2026-07-22 13:31:53,066 - INFO - [main.run_full_analysis] - Plot '/nas/home/vlw/Desktop/STREAM/paper1-plots/cmip6_fidelity_vs_future_temporal_slopes_ssp585.png' already exists.
2026-07-22 13:31:53,067 - INFO - [main.run_full_analysis] - Plot '/nas/home/vlw/Desktop/STREAM/paper1-plots/cmip6_scatter_comparison_gwl_2.0_ssp585.png' already exists.
2026-07-22 13:31:53,067 - INFO - [main.run_full_analysis] - Plot '/nas/home/vlw/Desktop/STREAM/paper1-plots/cmip6_scatter_comparison_gwl_3.0_ssp585.png' already exists.
2026-07-22 13:31:53,067 - INFO - [main.run_full_analysis] - 

--- CMIP6 Model 2D Storyline Classification for SSP585 ---
2026-07-22 13:31:53,068 - INFO - [main.run_full_analysis] - Models are classified based on zones relative to MMM.
2026-07-22 13:31:53,068 - INFO - [main.run_full_analysis] - 
GWL +2.0°C:
2026-07-22 13:31:53,068 - INFO - [main.run_full_analysis] -    - Storyline 'Extreme Models' (Winter (DJF)):
2026-07-22 13:31:53,068 - INFO - [main.run_full_analysis] -      - Models (10): ACCESS-ESM1-5_ssp585, BCC-CSM2-MR_ssp585, CESM2_ssp585, CMCC-ESM2_ssp585, CNRM-CM6-1-HR_ssp585, CNRM-CM6-1_ssp585, HadGEM3-GC31-LL_ssp585, HadGEM3-GC31-MM_ssp585, INM-CM5-0_ssp585, MPI-ESM1-2-HR_ssp585
2026-07-22 13:31:53,068 - INFO - [main.run_full_analysis] -    - Storyline 'Fast Jet & Northward Shift' (Winter (DJF)):
2026-07-22 13:31:53,068 - INFO - [main.run_full_analysis] -      - Models (5): BCC-CSM2-MR_ssp585, CNRM-CM6-1_ssp585, INM-CM4-8_ssp585, MIROC6_ssp585, UKESM1-0-LL_ssp585
2026-07-22 13:31:53,068 - INFO - [main.run_full_analysis] -    - Storyline 'Fast Jet & Southward Shift' (Winter (DJF)):
2026-07-22 13:31:53,068 - INFO - [main.run_full_analysis] -      - Models (5): ACCESS-ESM1-5_ssp585, CESM2-WACCM_ssp585, CESM2_ssp585, CMCC-ESM2_ssp585, CNRM-CM6-1-HR_ssp585
2026-07-22 13:31:53,068 - INFO - [main.run_full_analysis] -    - Storyline 'MMM' (Winter (DJF)):
2026-07-22 13:31:53,068 - INFO - [main.run_full_analysis] -      - Models (31): ACCESS-CM2_ssp585, ACCESS-ESM1-5_ssp585, BCC-CSM2-MR_ssp585, CESM2-WACCM_ssp585, CESM2_ssp585, CMCC-CM2-SR5_ssp585, CMCC-ESM2_ssp585, CNRM-CM6-1-HR_ssp585, CNRM-CM6-1_ssp585, CNRM-ESM2-1_ssp585, CanESM5_ssp585, E3SM-1-0_ssp585, EC-Earth3-CC_ssp585, EC-Earth3-Veg-LR_ssp585, EC-Earth3_ssp585, GFDL-ESM4_ssp585, HadGEM3-GC31-LL_ssp585, HadGEM3-GC31-MM_ssp585, IITM-ESM_ssp585, INM-CM4-8_ssp585, INM-CM5-0_ssp585, IPSL-CM6A-LR_ssp585, KACE-1-0-G_ssp585, KIOST-ESM_ssp585, MIROC-ES2L_ssp585, MIROC6_ssp585, MPI-ESM1-2-HR_ssp585, MPI-ESM1-2-LR_ssp585, MRI-ESM2-0_ssp585, NorESM2-MM_ssp585, UKESM1-0-LL_ssp585
2026-07-22 13:31:53,068 - INFO - [main.run_full_analysis] -    - Storyline 'Non-Extreme Models' (Winter (DJF)):
2026-07-22 13:31:53,068 - INFO - [main.run_full_analysis] -      - Models (10): E3SM-1-0_ssp585, EC-Earth3-CC_ssp585, EC-Earth3-Veg-LR_ssp585, GFDL-ESM4_ssp585, INM-CM4-8_ssp585, IPSL-CM6A-LR_ssp585, MIROC-ES2L_ssp585, MIROC6_ssp585, MRI-ESM2-0_ssp585, UKESM1-0-LL_ssp585
2026-07-22 13:31:53,068 - INFO - [main.run_full_analysis] -    - Storyline 'Slow Jet & Northward Shift' (Winter (DJF)):
2026-07-22 13:31:53,068 - INFO - [main.run_full_analysis] -      - Models (4): CNRM-ESM2-1_ssp585, EC-Earth3-Veg-LR_ssp585, HadGEM3-GC31-LL_ssp585, KIOST-ESM_ssp585
2026-07-22 13:31:53,068 - INFO - [main.run_full_analysis] -    - Storyline 'Slow Jet & Southward Shift' (Winter (DJF)):
2026-07-22 13:31:53,068 - INFO - [main.run_full_analysis] -      - Models (7): CMCC-CM2-SR5_ssp585, CanESM5_ssp585, E3SM-1-0_ssp585, EC-Earth3-CC_ssp585, HadGEM3-GC31-MM_ssp585, IITM-ESM_ssp585, MRI-ESM2-0_ssp585
2026-07-22 13:31:53,069 - INFO - [main.run_full_analysis] -    - Storyline 'Extreme Models' (Summer (JJA)):
2026-07-22 13:31:53,069 - INFO - [main.run_full_analysis] -      - Models (10): ACCESS-ESM1-5_ssp585, BCC-CSM2-MR_ssp585, CESM2_ssp585, CMCC-CM2-SR5_ssp585, CMCC-ESM2_ssp585, CNRM-CM6-1-HR_ssp585, CNRM-CM6-1_ssp585, INM-CM5-0_ssp585, MPI-ESM1-2-HR_ssp585, NorESM2-MM_ssp585
2026-07-22 13:31:53,069 - INFO - [main.run_full_analysis] -    - Storyline 'Fast Jet & Northward Shift' (Summer (JJA)):
2026-07-22 13:31:53,069 - INFO - [main.run_full_analysis] -      - Models (8): ACCESS-CM2_ssp585, CMCC-CM2-SR5_ssp585, CMCC-ESM2_ssp585, CNRM-CM6-1_ssp585, IITM-ESM_ssp585, MIROC6_ssp585, MPI-ESM1-2-HR_ssp585, MRI-ESM2-0_ssp585
2026-07-22 13:31:53,069 - INFO - [main.run_full_analysis] -    - Storyline 'Fast Jet & Southward Shift' (Summer (JJA)):
2026-07-22 13:31:53,069 - INFO - [main.run_full_analysis] -      - Models (6): CNRM-ESM2-1_ssp585, CanESM5_ssp585, EC-Earth3-CC_ssp585, IPSL-CM6A-LR_ssp585, KIOST-ESM_ssp585, MPI-ESM1-2-LR_ssp585
2026-07-22 13:31:53,069 - INFO - [main.run_full_analysis] -    - Storyline 'MMM' (Summer (JJA)):
2026-07-22 13:31:53,069 - INFO - [main.run_full_analysis] -      - Models (31): ACCESS-CM2_ssp585, ACCESS-ESM1-5_ssp585, BCC-CSM2-MR_ssp585, CESM2-WACCM_ssp585, CESM2_ssp585, CMCC-CM2-SR5_ssp585, CMCC-ESM2_ssp585, CNRM-CM6-1-HR_ssp585, CNRM-CM6-1_ssp585, CNRM-ESM2-1_ssp585, CanESM5_ssp585, E3SM-1-0_ssp585, EC-Earth3-CC_ssp585, EC-Earth3-Veg-LR_ssp585, EC-Earth3_ssp585, GFDL-ESM4_ssp585, HadGEM3-GC31-LL_ssp585, HadGEM3-GC31-MM_ssp585, IITM-ESM_ssp585, INM-CM4-8_ssp585, INM-CM5-0_ssp585, IPSL-CM6A-LR_ssp585, KACE-1-0-G_ssp585, KIOST-ESM_ssp585, MIROC-ES2L_ssp585, MIROC6_ssp585, MPI-ESM1-2-HR_ssp585, MPI-ESM1-2-LR_ssp585, MRI-ESM2-0_ssp585, NorESM2-MM_ssp585, UKESM1-0-LL_ssp585
2026-07-22 13:31:53,069 - INFO - [main.run_full_analysis] -    - Storyline 'Non-Extreme Models' (Summer (JJA)):
2026-07-22 13:31:53,069 - INFO - [main.run_full_analysis] -      - Models (10): E3SM-1-0_ssp585, EC-Earth3_ssp585, GFDL-ESM4_ssp585, HadGEM3-GC31-LL_ssp585, IITM-ESM_ssp585, IPSL-CM6A-LR_ssp585, MIROC-ES2L_ssp585, MIROC6_ssp585, MPI-ESM1-2-LR_ssp585, MRI-ESM2-0_ssp585
2026-07-22 13:31:53,069 - INFO - [main.run_full_analysis] -    - Storyline 'Slow Jet & Northward Shift' (Summer (JJA)):
2026-07-22 13:31:53,069 - INFO - [main.run_full_analysis] -      - Models (5): CESM2-WACCM_ssp585, CESM2_ssp585, EC-Earth3-Veg-LR_ssp585, HadGEM3-GC31-MM_ssp585, NorESM2-MM_ssp585
2026-07-22 13:31:53,069 - INFO - [main.run_full_analysis] -    - Storyline 'Slow Jet & Southward Shift' (Summer (JJA)):
2026-07-22 13:31:53,069 - INFO - [main.run_full_analysis] -      - Models (5): E3SM-1-0_ssp585, EC-Earth3_ssp585, INM-CM4-8_ssp585, MIROC-ES2L_ssp585, UKESM1-0-LL_ssp585
2026-07-22 13:31:53,069 - INFO - [main.run_full_analysis] - 
GWL +3.0°C:
2026-07-22 13:31:53,069 - INFO - [main.run_full_analysis] -    - Storyline 'Extreme Models' (Winter (DJF)):
2026-07-22 13:31:53,069 - INFO - [main.run_full_analysis] -      - Models (10): ACCESS-ESM1-5_ssp585, BCC-CSM2-MR_ssp585, CESM2-WACCM_ssp585, CESM2_ssp585, CMCC-ESM2_ssp585, CNRM-CM6-1_ssp585, HadGEM3-GC31-LL_ssp585, KACE-1-0-G_ssp585, KIOST-ESM_ssp585, MPI-ESM1-2-LR_ssp585
2026-07-22 13:31:53,069 - INFO - [main.run_full_analysis] -    - Storyline 'Fast Jet & Northward Shift' (Winter (DJF)):
2026-07-22 13:31:53,069 - INFO - [main.run_full_analysis] -      - Models (7): BCC-CSM2-MR_ssp585, CNRM-CM6-1_ssp585, INM-CM4-8_ssp585, IPSL-CM6A-LR_ssp585, KACE-1-0-G_ssp585, MIROC6_ssp585, UKESM1-0-LL_ssp585
2026-07-22 13:31:53,069 - INFO - [main.run_full_analysis] -    - Storyline 'Fast Jet & Southward Shift' (Winter (DJF)):
2026-07-22 13:31:53,069 - INFO - [main.run_full_analysis] -      - Models (4): ACCESS-ESM1-5_ssp585, CESM2-WACCM_ssp585, CESM2_ssp585, CMCC-ESM2_ssp585
2026-07-22 13:31:53,069 - INFO - [main.run_full_analysis] -    - Storyline 'MMM' (Winter (DJF)):
2026-07-22 13:31:53,069 - INFO - [main.run_full_analysis] -      - Models (31): ACCESS-CM2_ssp585, ACCESS-ESM1-5_ssp585, BCC-CSM2-MR_ssp585, CESM2-WACCM_ssp585, CESM2_ssp585, CMCC-CM2-SR5_ssp585, CMCC-ESM2_ssp585, CNRM-CM6-1-HR_ssp585, CNRM-CM6-1_ssp585, CNRM-ESM2-1_ssp585, CanESM5_ssp585, E3SM-1-0_ssp585, EC-Earth3-CC_ssp585, EC-Earth3-Veg-LR_ssp585, EC-Earth3_ssp585, GFDL-ESM4_ssp585, HadGEM3-GC31-LL_ssp585, HadGEM3-GC31-MM_ssp585, IITM-ESM_ssp585, INM-CM4-8_ssp585, INM-CM5-0_ssp585, IPSL-CM6A-LR_ssp585, KACE-1-0-G_ssp585, KIOST-ESM_ssp585, MIROC-ES2L_ssp585, MIROC6_ssp585, MPI-ESM1-2-HR_ssp585, MPI-ESM1-2-LR_ssp585, MRI-ESM2-0_ssp585, NorESM2-MM_ssp585, UKESM1-0-LL_ssp585
2026-07-22 13:31:53,069 - INFO - [main.run_full_analysis] -    - Storyline 'Non-Extreme Models' (Winter (DJF)):
2026-07-22 13:31:53,069 - INFO - [main.run_full_analysis] -      - Models (10): CMCC-CM2-SR5_ssp585, CNRM-ESM2-1_ssp585, CanESM5_ssp585, E3SM-1-0_ssp585, EC-Earth3-Veg-LR_ssp585, GFDL-ESM4_ssp585, IITM-ESM_ssp585, MIROC-ES2L_ssp585, MIROC6_ssp585, MRI-ESM2-0_ssp585
2026-07-22 13:31:53,069 - INFO - [main.run_full_analysis] -    - Storyline 'Slow Jet & Northward Shift' (Winter (DJF)):
2026-07-22 13:31:53,070 - INFO - [main.run_full_analysis] -      - Models (2): EC-Earth3-Veg-LR_ssp585, HadGEM3-GC31-LL_ssp585
2026-07-22 13:31:53,070 - INFO - [main.run_full_analysis] -    - Storyline 'Slow Jet & Southward Shift' (Winter (DJF)):
2026-07-22 13:31:53,070 - INFO - [main.run_full_analysis] -      - Models (9): CMCC-CM2-SR5_ssp585, CNRM-CM6-1-HR_ssp585, CanESM5_ssp585, E3SM-1-0_ssp585, EC-Earth3-CC_ssp585, HadGEM3-GC31-MM_ssp585, MPI-ESM1-2-HR_ssp585, MPI-ESM1-2-LR_ssp585, MRI-ESM2-0_ssp585
2026-07-22 13:31:53,070 - INFO - [main.run_full_analysis] -    - Storyline 'Extreme Models' (Summer (JJA)):
2026-07-22 13:31:53,070 - INFO - [main.run_full_analysis] -      - Models (10): ACCESS-ESM1-5_ssp585, BCC-CSM2-MR_ssp585, CESM2_ssp585, CMCC-ESM2_ssp585, CNRM-CM6-1_ssp585, INM-CM5-0_ssp585, KACE-1-0-G_ssp585, KIOST-ESM_ssp585, MPI-ESM1-2-HR_ssp585, MPI-ESM1-2-LR_ssp585
2026-07-22 13:31:53,070 - INFO - [main.run_full_analysis] -    - Storyline 'Fast Jet & Northward Shift' (Summer (JJA)):
2026-07-22 13:31:53,070 - INFO - [main.run_full_analysis] -      - Models (6): CNRM-CM6-1-HR_ssp585, CNRM-CM6-1_ssp585, CNRM-ESM2-1_ssp585, IITM-ESM_ssp585, MPI-ESM1-2-HR_ssp585, MRI-ESM2-0_ssp585
2026-07-22 13:31:53,070 - INFO - [main.run_full_analysis] -    - Storyline 'Fast Jet & Southward Shift' (Summer (JJA)):
2026-07-22 13:31:53,070 - INFO - [main.run_full_analysis] -      - Models (5): ACCESS-CM2_ssp585, EC-Earth3-CC_ssp585, IPSL-CM6A-LR_ssp585, KIOST-ESM_ssp585, MPI-ESM1-2-LR_ssp585
2026-07-22 13:31:53,070 - INFO - [main.run_full_analysis] -    - Storyline 'MMM' (Summer (JJA)):
2026-07-22 13:31:53,070 - INFO - [main.run_full_analysis] -      - Models (31): ACCESS-CM2_ssp585, ACCESS-ESM1-5_ssp585, BCC-CSM2-MR_ssp585, CESM2-WACCM_ssp585, CESM2_ssp585, CMCC-CM2-SR5_ssp585, CMCC-ESM2_ssp585, CNRM-CM6-1-HR_ssp585, CNRM-CM6-1_ssp585, CNRM-ESM2-1_ssp585, CanESM5_ssp585, E3SM-1-0_ssp585, EC-Earth3-CC_ssp585, EC-Earth3-Veg-LR_ssp585, EC-Earth3_ssp585, GFDL-ESM4_ssp585, HadGEM3-GC31-LL_ssp585, HadGEM3-GC31-MM_ssp585, IITM-ESM_ssp585, INM-CM4-8_ssp585, INM-CM5-0_ssp585, IPSL-CM6A-LR_ssp585, KACE-1-0-G_ssp585, KIOST-ESM_ssp585, MIROC-ES2L_ssp585, MIROC6_ssp585, MPI-ESM1-2-HR_ssp585, MPI-ESM1-2-LR_ssp585, MRI-ESM2-0_ssp585, NorESM2-MM_ssp585, UKESM1-0-LL_ssp585
2026-07-22 13:31:53,070 - INFO - [main.run_full_analysis] -    - Storyline 'Non-Extreme Models' (Summer (JJA)):
2026-07-22 13:31:53,070 - INFO - [main.run_full_analysis] -      - Models (10): CNRM-ESM2-1_ssp585, CanESM5_ssp585, EC-Earth3-Veg-LR_ssp585, EC-Earth3_ssp585, GFDL-ESM4_ssp585, HadGEM3-GC31-LL_ssp585, IITM-ESM_ssp585, IPSL-CM6A-LR_ssp585, MIROC-ES2L_ssp585, MRI-ESM2-0_ssp585
2026-07-22 13:31:53,070 - INFO - [main.run_full_analysis] -    - Storyline 'Slow Jet & Northward Shift' (Summer (JJA)):
2026-07-22 13:31:53,071 - INFO - [main.run_full_analysis] -      - Models (6): BCC-CSM2-MR_ssp585, CMCC-CM2-SR5_ssp585, GFDL-ESM4_ssp585, HadGEM3-GC31-LL_ssp585, HadGEM3-GC31-MM_ssp585, NorESM2-MM_ssp585
2026-07-22 13:31:53,071 - INFO - [main.run_full_analysis] -    - Storyline 'Slow Jet & Southward Shift' (Summer (JJA)):
2026-07-22 13:31:53,071 - INFO - [main.run_full_analysis] -      - Models (7): CESM2-WACCM_ssp585, CanESM5_ssp585, E3SM-1-0_ssp585, EC-Earth3-Veg-LR_ssp585, EC-Earth3_ssp585, MIROC-ES2L_ssp585, UKESM1-0-LL_ssp585
2026-07-22 13:31:53,071 - INFO - [main.run_full_analysis] - -----------------------------------------------------------------
2026-07-22 13:31:53,071 - INFO - [main.run_full_analysis] - 
========================= FINISHED CMIP6 ANALYSIS FOR SCENARIO: SSP585 =========================

2026-07-22 13:31:53,071 - INFO - [main.run_full_analysis] - 

========================= STARTING CMIP6 ANALYSIS FOR SCENARIO: SSP245 =========================

2026-07-22 13:31:53,071 - INFO - [storyline.analyze_cmip6_changes_at_gwl] - 
--- Starting CMIP6 Analysis for SCENARIO: ssp245 at Global Warming Levels ---
2026-07-22 13:31:53,071 - INFO - [storyline.analyze_cmip6_changes_at_gwl] - Processing 25 models for scenario ssp245.
2026-07-22 13:31:53,071 - INFO - [storyline._load_and_preprocess_model_data] - Loading ua for ACCESS-CM2 (hist + ['ssp245']), force_regional=False...
2026-07-22 13:31:53,074 - INFO - [storyline._load_and_preprocess_model_data] - Found 6 files for ua (ua requested), ACCESS-CM2.
2026-07-22 13:31:56,761 - INFO - [storyline._load_and_preprocess_model_data] - Loading pr for ACCESS-CM2 (hist + ['ssp245']), force_regional=False...
2026-07-22 13:31:56,768 - INFO - [storyline._load_and_preprocess_model_data] - Found 2 files for pr (pr requested), ACCESS-CM2.
2026-07-22 13:31:59,548 - INFO - [storyline._load_and_preprocess_model_data] - Loading tas for ACCESS-CM2 (hist + ['ssp245']), force_regional=True...
2026-07-22 13:31:59,554 - INFO - [storyline._load_and_preprocess_model_data] - Found 2 files for tas (tas requested), ACCESS-CM2.
2026-07-22 13:32:02,219 - INFO - [storyline._load_and_preprocess_model_data] - Loading tas for ACCESS-CM2 (hist + ['ssp245']), force_regional=False...
2026-07-22 13:32:02,224 - INFO - [storyline._load_and_preprocess_model_data] - Found 2 files for tas (tas requested), ACCESS-CM2.
2026-07-22 13:32:02,469 - INFO - [storyline._load_and_preprocess_model_data] - Loading ua for ACCESS-ESM1-5 (hist + ['ssp245']), force_regional=False...
2026-07-22 13:32:02,475 - INFO - [storyline._load_and_preprocess_model_data] - Found 3 files for ua (ua requested), ACCESS-ESM1-5.
2026-07-22 13:32:05,810 - INFO - [storyline._load_and_preprocess_model_data] - Loading pr for ACCESS-ESM1-5 (hist + ['ssp245']), force_regional=False...
2026-07-22 13:32:05,817 - INFO - [storyline._load_and_preprocess_model_data] - Found 2 files for pr (pr requested), ACCESS-ESM1-5.
2026-07-22 13:32:08,516 - INFO - [storyline._load_and_preprocess_model_data] - Loading tas for ACCESS-ESM1-5 (hist + ['ssp245']), force_regional=True...
2026-07-22 13:32:08,522 - INFO - [storyline._load_and_preprocess_model_data] - Found 2 files for tas (tas requested), ACCESS-ESM1-5.
2026-07-22 13:32:10,928 - INFO - [storyline._load_and_preprocess_model_data] - Loading tas for ACCESS-ESM1-5 (hist + ['ssp245']), force_regional=False...
2026-07-22 13:32:10,932 - INFO - [storyline._load_and_preprocess_model_data] - Found 2 files for tas (tas requested), ACCESS-ESM1-5.
2026-07-22 13:32:11,184 - INFO - [storyline._load_and_preprocess_model_data] - Loading ua for CESM2 (hist + ['ssp245']), force_regional=False...
2026-07-22 13:32:11,190 - INFO - [storyline._load_and_preprocess_model_data] - Found 4 files for ua (ua requested), CESM2.
2026-07-22 13:32:14,508 - INFO - [storyline._load_and_preprocess_model_data] - Loading pr for CESM2 (hist + ['ssp245']), force_regional=False...
2026-07-22 13:32:14,514 - INFO - [storyline._load_and_preprocess_model_data] - Found 2 files for pr (pr requested), CESM2.
2026-07-22 13:32:16,960 - INFO - [storyline._load_and_preprocess_model_data] - Loading tas for CESM2 (hist + ['ssp245']), force_regional=True...
2026-07-22 13:32:16,965 - INFO - [storyline._load_and_preprocess_model_data] - Found 2 files for tas (tas requested), CESM2.
2026-07-22 13:32:18,764 - INFO - [storyline._load_and_preprocess_model_data] - Loading tas for CESM2 (hist + ['ssp245']), force_regional=False...
2026-07-22 13:32:18,768 - INFO - [storyline._load_and_preprocess_model_data] - Found 2 files for tas (tas requested), CESM2.
2026-07-22 13:32:19,014 - INFO - [storyline._load_and_preprocess_model_data] - Loading ua for CESM2-WACCM (hist + ['ssp245']), force_regional=False...
2026-07-22 13:32:19,020 - INFO - [storyline._load_and_preprocess_model_data] - Found 7 files for ua (ua requested), CESM2-WACCM.
2026-07-22 13:32:21,539 - INFO - [storyline._load_and_preprocess_model_data] - Loading pr for CESM2-WACCM (hist + ['ssp245']), force_regional=False...
2026-07-22 13:32:21,545 - INFO - [storyline._load_and_preprocess_model_data] - Found 3 files for pr (pr requested), CESM2-WACCM.
2026-07-22 13:32:23,459 - INFO - [storyline._load_and_preprocess_model_data] - Loading tas for CESM2-WACCM (hist + ['ssp245']), force_regional=True...
2026-07-22 13:32:23,464 - INFO - [storyline._load_and_preprocess_model_data] - Found 3 files for tas (tas requested), CESM2-WACCM.
2026-07-22 13:32:25,376 - INFO - [storyline._load_and_preprocess_model_data] - Loading tas for CESM2-WACCM (hist + ['ssp245']), force_regional=False...
2026-07-22 13:32:25,380 - INFO - [storyline._load_and_preprocess_model_data] - Found 3 files for tas (tas requested), CESM2-WACCM.
2026-07-22 13:32:25,647 - INFO - [storyline._load_and_preprocess_model_data] - Loading ua for CMCC-CM2-SR5 (hist + ['ssp245']), force_regional=False...
2026-07-22 13:32:25,653 - INFO - [storyline._load_and_preprocess_model_data] - Found 12 files for ua (ua requested), CMCC-CM2-SR5.
2026-07-22 13:32:27,069 - INFO - [storyline._load_and_preprocess_model_data] - Loading pr for CMCC-CM2-SR5 (hist + ['ssp245']), force_regional=False...
2026-07-22 13:32:27,075 - INFO - [storyline._load_and_preprocess_model_data] - Found 2 files for pr (pr requested), CMCC-CM2-SR5.
2026-07-22 13:32:28,566 - INFO - [storyline._load_and_preprocess_model_data] - Loading tas for CMCC-CM2-SR5 (hist + ['ssp245']), force_regional=True...
2026-07-22 13:32:28,571 - INFO - [storyline._load_and_preprocess_model_data] - Found 2 files for tas (tas requested), CMCC-CM2-SR5.
2026-07-22 13:32:31,341 - INFO - [storyline._load_and_preprocess_model_data] - Loading tas for CMCC-CM2-SR5 (hist + ['ssp245']), force_regional=False...
2026-07-22 13:32:31,346 - INFO - [storyline._load_and_preprocess_model_data] - Found 2 files for tas (tas requested), CMCC-CM2-SR5.
2026-07-22 13:32:31,602 - INFO - [storyline._load_and_preprocess_model_data] - Loading ua for CMCC-ESM2 (hist + ['ssp245']), force_regional=False...
2026-07-22 13:32:31,608 - INFO - [storyline._load_and_preprocess_model_data] - Found 13 files for ua (ua requested), CMCC-ESM2.
2026-07-22 13:32:34,649 - INFO - [storyline._load_and_preprocess_model_data] - Loading pr for CMCC-ESM2 (hist + ['ssp245']), force_regional=False...
2026-07-22 13:32:34,655 - INFO - [storyline._load_and_preprocess_model_data] - Found 2 files for pr (pr requested), CMCC-ESM2.
2026-07-22 13:32:36,923 - INFO - [storyline._load_and_preprocess_model_data] - Loading tas for CMCC-ESM2 (hist + ['ssp245']), force_regional=True...
2026-07-22 13:32:36,928 - INFO - [storyline._load_and_preprocess_model_data] - Found 2 files for tas (tas requested), CMCC-ESM2.
2026-07-22 13:32:39,009 - INFO - [storyline._load_and_preprocess_model_data] - Loading tas for CMCC-ESM2 (hist + ['ssp245']), force_regional=False...
2026-07-22 13:32:39,014 - INFO - [storyline._load_and_preprocess_model_data] - Found 2 files for tas (tas requested), CMCC-ESM2.
2026-07-22 13:32:39,260 - INFO - [storyline._load_and_preprocess_model_data] - Loading ua for CanESM5 (hist + ['ssp245']), force_regional=False...
2026-07-22 13:32:39,266 - INFO - [storyline._load_and_preprocess_model_data] - Found 2 files for ua (ua requested), CanESM5.
2026-07-22 13:32:41,874 - INFO - [storyline._load_and_preprocess_model_data] - Loading pr for CanESM5 (hist + ['ssp245']), force_regional=False...
2026-07-22 13:32:41,879 - INFO - [storyline._load_and_preprocess_model_data] - Found 2 files for pr (pr requested), CanESM5.
2026-07-22 13:32:43,937 - INFO - [storyline._load_and_preprocess_model_data] - Loading tas for CanESM5 (hist + ['ssp245']), force_regional=True...
2026-07-22 13:32:43,943 - INFO - [storyline._load_and_preprocess_model_data] - Found 2 files for tas (tas requested), CanESM5.
2026-07-22 13:32:46,032 - INFO - [storyline._load_and_preprocess_model_data] - Loading tas for CanESM5 (hist + ['ssp245']), force_regional=False...
2026-07-22 13:32:46,036 - INFO - [storyline._load_and_preprocess_model_data] - Found 2 files for tas (tas requested), CanESM5.
2026-07-22 13:32:46,719 - INFO - [storyline._load_and_preprocess_model_data] - Loading ua for EC-Earth3-CC (hist + ['ssp245']), force_regional=False...
2026-07-22 13:32:46,727 - INFO - [storyline._load_and_preprocess_model_data] - Found 264 files for ua (ua requested), EC-Earth3-CC.
2026-07-22 13:32:53,219 - INFO - [storyline._load_and_preprocess_model_data] - Loading pr for EC-Earth3-CC (hist + ['ssp245']), force_regional=False...
2026-07-22 13:32:53,228 - INFO - [storyline._load_and_preprocess_model_data] - Found 251 files for pr (pr requested), EC-Earth3-CC.
2026-07-22 13:32:57,862 - INFO - [storyline._load_and_preprocess_model_data] - Loading tas for EC-Earth3-CC (hist + ['ssp245']), force_regional=True...
2026-07-22 13:32:57,867 - INFO - [storyline._load_and_preprocess_model_data] - Found 251 files for tas (tas requested), EC-Earth3-CC.
2026-07-22 13:33:02,735 - INFO - [storyline._load_and_preprocess_model_data] - Loading tas for EC-Earth3-CC (hist + ['ssp245']), force_regional=False...
2026-07-22 13:33:02,740 - INFO - [storyline._load_and_preprocess_model_data] - Found 251 files for tas (tas requested), EC-Earth3-CC.
2026-07-22 13:33:06,165 - INFO - [storyline._load_and_preprocess_model_data] - Loading ua for EC-Earth3-Veg-LR (hist + ['ssp245']), force_regional=False...
2026-07-22 13:33:06,171 - INFO - [storyline._load_and_preprocess_model_data] - Found 253 files for ua (ua requested), EC-Earth3-Veg-LR.
2026-07-22 13:33:12,097 - INFO - [storyline._load_and_preprocess_model_data] - Loading pr for EC-Earth3-Veg-LR (hist + ['ssp245']), force_regional=False...
2026-07-22 13:33:12,116 - INFO - [storyline._load_and_preprocess_model_data] - Found 251 files for pr (pr requested), EC-Earth3-Veg-LR.
2026-07-22 13:33:17,234 - INFO - [storyline._load_and_preprocess_model_data] - Loading tas for EC-Earth3-Veg-LR (hist + ['ssp245']), force_regional=True...
2026-07-22 13:33:17,240 - INFO - [storyline._load_and_preprocess_model_data] - Found 251 files for tas (tas requested), EC-Earth3-Veg-LR.
2026-07-22 13:33:23,190 - INFO - [storyline._load_and_preprocess_model_data] - Loading tas for EC-Earth3-Veg-LR (hist + ['ssp245']), force_regional=False...
2026-07-22 13:33:23,197 - INFO - [storyline._load_and_preprocess_model_data] - Found 251 files for tas (tas requested), EC-Earth3-Veg-LR.
2026-07-22 13:33:26,998 - INFO - [storyline._load_and_preprocess_model_data] - Loading ua for EC-Earth3 (hist + ['ssp245']), force_regional=False...
2026-07-22 13:33:27,004 - INFO - [storyline._load_and_preprocess_model_data] - Found 251 files for ua (ua requested), EC-Earth3.
2026-07-22 13:33:34,285 - INFO - [storyline._load_and_preprocess_model_data] - Loading pr for EC-Earth3 (hist + ['ssp245']), force_regional=False...
2026-07-22 13:33:34,292 - INFO - [storyline._load_and_preprocess_model_data] - Found 251 files for pr (pr requested), EC-Earth3.
2026-07-22 13:33:39,016 - INFO - [storyline._load_and_preprocess_model_data] - Loading tas for EC-Earth3 (hist + ['ssp245']), force_regional=True...
2026-07-22 13:33:39,022 - INFO - [storyline._load_and_preprocess_model_data] - Found 251 files for tas (tas requested), EC-Earth3.
2026-07-22 13:33:44,529 - INFO - [storyline._load_and_preprocess_model_data] - Loading tas for EC-Earth3 (hist + ['ssp245']), force_regional=False...
2026-07-22 13:33:44,534 - INFO - [storyline._load_and_preprocess_model_data] - Found 251 files for tas (tas requested), EC-Earth3.
2026-07-22 13:33:48,219 - INFO - [storyline._load_and_preprocess_model_data] - Loading ua for GFDL-ESM4 (hist + ['ssp245']), force_regional=False...
2026-07-22 13:33:48,224 - INFO - [storyline._load_and_preprocess_model_data] - Found 3 files for ua (ua requested), GFDL-ESM4.
2026-07-22 13:33:51,734 - INFO - [storyline._load_and_preprocess_model_data] - Loading pr for GFDL-ESM4 (hist + ['ssp245']), force_regional=False...
2026-07-22 13:33:51,740 - INFO - [storyline._load_and_preprocess_model_data] - Found 2 files for pr (pr requested), GFDL-ESM4.
2026-07-22 13:33:54,129 - INFO - [storyline._load_and_preprocess_model_data] - Loading tas for GFDL-ESM4 (hist + ['ssp245']), force_regional=True...
2026-07-22 13:33:54,135 - INFO - [storyline._load_and_preprocess_model_data] - Found 4 files for tas (tas requested), GFDL-ESM4.
2026-07-22 13:33:56,320 - INFO - [storyline._load_and_preprocess_model_data] - Loading tas for GFDL-ESM4 (hist + ['ssp245']), force_regional=False...
2026-07-22 13:33:56,324 - INFO - [storyline._load_and_preprocess_model_data] - Found 4 files for tas (tas requested), GFDL-ESM4.
2026-07-22 13:33:56,617 - INFO - [storyline._load_and_preprocess_model_data] - Loading ua for HadGEM3-GC31-LL (hist + ['ssp245']), force_regional=False...
2026-07-22 13:33:56,624 - INFO - [storyline._load_and_preprocess_model_data] - Found 5 files for ua (ua requested), HadGEM3-GC31-LL.
2026-07-22 13:33:58,214 - INFO - [storyline._load_and_preprocess_model_data] - Loading pr for HadGEM3-GC31-LL (hist + ['ssp245']), force_regional=False...
2026-07-22 13:33:58,220 - INFO - [storyline._load_and_preprocess_model_data] - Found 2 files for pr (pr requested), HadGEM3-GC31-LL.
2026-07-22 13:33:59,257 - INFO - [storyline._load_and_preprocess_model_data] - Loading tas for HadGEM3-GC31-LL (hist + ['ssp245']), force_regional=True...
2026-07-22 13:33:59,263 - INFO - [storyline._load_and_preprocess_model_data] - Found 2 files for tas (tas requested), HadGEM3-GC31-LL.
2026-07-22 13:34:01,213 - INFO - [storyline._load_and_preprocess_model_data] - Loading tas for HadGEM3-GC31-LL (hist + ['ssp245']), force_regional=False...
2026-07-22 13:34:01,217 - INFO - [storyline._load_and_preprocess_model_data] - Found 2 files for tas (tas requested), HadGEM3-GC31-LL.
2026-07-22 13:34:01,466 - INFO - [storyline._load_and_preprocess_model_data] - Loading ua for IITM-ESM (hist + ['ssp245']), force_regional=False...
2026-07-22 13:34:01,472 - INFO - [storyline._load_and_preprocess_model_data] - Found 25 files for ua (ua requested), IITM-ESM.
2026-07-22 13:34:04,535 - INFO - [storyline._load_and_preprocess_model_data] - Loading pr for IITM-ESM (hist + ['ssp245']), force_regional=False...
2026-07-22 13:34:04,544 - INFO - [storyline._load_and_preprocess_model_data] - Found 26 files for pr (pr requested), IITM-ESM.
2026-07-22 13:34:07,069 - INFO - [storyline._load_and_preprocess_model_data] - Loading tas for IITM-ESM (hist + ['ssp245']), force_regional=True...
2026-07-22 13:34:07,077 - INFO - [storyline._load_and_preprocess_model_data] - Found 21 files for tas (tas requested), IITM-ESM.
2026-07-22 13:34:09,914 - INFO - [storyline._load_and_preprocess_model_data] - Loading tas for IITM-ESM (hist + ['ssp245']), force_regional=False...
2026-07-22 13:34:09,920 - INFO - [storyline._load_and_preprocess_model_data] - Found 21 files for tas (tas requested), IITM-ESM.
2026-07-22 13:34:10,330 - INFO - [storyline._load_and_preprocess_model_data] - Loading ua for INM-CM4-8 (hist + ['ssp245']), force_regional=False...
2026-07-22 13:34:10,338 - INFO - [storyline._load_and_preprocess_model_data] - Found 26 files for ua (ua requested), INM-CM4-8.
2026-07-22 13:34:13,580 - INFO - [storyline._load_and_preprocess_model_data] - Loading pr for INM-CM4-8 (hist + ['ssp245']), force_regional=False...
2026-07-22 13:34:13,588 - INFO - [storyline._load_and_preprocess_model_data] - Found 4 files for pr (pr requested), INM-CM4-8.
2026-07-22 13:34:16,183 - INFO - [storyline._load_and_preprocess_model_data] - Loading tas for INM-CM4-8 (hist + ['ssp245']), force_regional=True...
2026-07-22 13:34:16,189 - INFO - [storyline._load_and_preprocess_model_data] - Found 4 files for tas (tas requested), INM-CM4-8.
2026-07-22 13:34:19,454 - INFO - [storyline._load_and_preprocess_model_data] - Loading tas for INM-CM4-8 (hist + ['ssp245']), force_regional=False...
2026-07-22 13:34:19,459 - INFO - [storyline._load_and_preprocess_model_data] - Found 4 files for tas (tas requested), INM-CM4-8.
2026-07-22 13:34:19,733 - INFO - [storyline._load_and_preprocess_model_data] - Loading ua for INM-CM5-0 (hist + ['ssp245']), force_regional=False...
2026-07-22 13:34:19,739 - INFO - [storyline._load_and_preprocess_model_data] - Found 27 files for ua (ua requested), INM-CM5-0.
2026-07-22 13:34:22,475 - INFO - [storyline._load_and_preprocess_model_data] - Loading pr for INM-CM5-0 (hist + ['ssp245']), force_regional=False...
2026-07-22 13:34:22,483 - INFO - [storyline._load_and_preprocess_model_data] - Found 3 files for pr (pr requested), INM-CM5-0.
2026-07-22 13:34:24,627 - INFO - [storyline._load_and_preprocess_model_data] - Loading tas for INM-CM5-0 (hist + ['ssp245']), force_regional=True...
2026-07-22 13:34:24,632 - INFO - [storyline._load_and_preprocess_model_data] - Found 3 files for tas (tas requested), INM-CM5-0.
2026-07-22 13:34:26,926 - INFO - [storyline._load_and_preprocess_model_data] - Loading tas for INM-CM5-0 (hist + ['ssp245']), force_regional=False...
2026-07-22 13:34:26,931 - INFO - [storyline._load_and_preprocess_model_data] - Found 3 files for tas (tas requested), INM-CM5-0.
2026-07-22 13:34:27,187 - INFO - [storyline._load_and_preprocess_model_data] - Loading ua for IPSL-CM6A-LR (hist + ['ssp245']), force_regional=False...
2026-07-22 13:34:27,193 - INFO - [storyline._load_and_preprocess_model_data] - Found 2 files for ua (ua requested), IPSL-CM6A-LR.
2026-07-22 13:34:29,959 - INFO - [storyline._load_and_preprocess_model_data] - Loading pr for IPSL-CM6A-LR (hist + ['ssp245']), force_regional=False...
2026-07-22 13:34:29,964 - INFO - [storyline._load_and_preprocess_model_data] - Found 2 files for pr (pr requested), IPSL-CM6A-LR.
2026-07-22 13:34:32,711 - INFO - [storyline._load_and_preprocess_model_data] - Loading tas for IPSL-CM6A-LR (hist + ['ssp245']), force_regional=True...
2026-07-22 13:34:32,716 - INFO - [storyline._load_and_preprocess_model_data] - Found 2 files for tas (tas requested), IPSL-CM6A-LR.
2026-07-22 13:34:35,219 - INFO - [storyline._load_and_preprocess_model_data] - Loading tas for IPSL-CM6A-LR (hist + ['ssp245']), force_regional=False...
2026-07-22 13:34:35,224 - INFO - [storyline._load_and_preprocess_model_data] - Found 2 files for tas (tas requested), IPSL-CM6A-LR.
2026-07-22 13:34:35,474 - INFO - [storyline._load_and_preprocess_model_data] - Loading ua for KACE-1-0-G (hist + ['ssp245']), force_regional=False...
2026-07-22 13:34:35,479 - INFO - [storyline._load_and_preprocess_model_data] - Found 2 files for ua (ua requested), KACE-1-0-G.
2026-07-22 13:34:37,918 - INFO - [storyline._load_and_preprocess_model_data] - Loading pr for KACE-1-0-G (hist + ['ssp245']), force_regional=False...
2026-07-22 13:34:37,923 - INFO - [storyline._load_and_preprocess_model_data] - Found 2 files for pr (pr requested), KACE-1-0-G.
2026-07-22 13:34:40,302 - INFO - [storyline._load_and_preprocess_model_data] - Loading tas for KACE-1-0-G (hist + ['ssp245']), force_regional=True...
2026-07-22 13:34:40,307 - INFO - [storyline._load_and_preprocess_model_data] - Found 2 files for tas (tas requested), KACE-1-0-G.
2026-07-22 13:34:43,208 - INFO - [storyline._load_and_preprocess_model_data] - Loading tas for KACE-1-0-G (hist + ['ssp245']), force_regional=False...
2026-07-22 13:34:43,213 - INFO - [storyline._load_and_preprocess_model_data] - Found 2 files for tas (tas requested), KACE-1-0-G.
2026-07-22 13:34:43,465 - INFO - [storyline._load_and_preprocess_model_data] - Loading ua for KIOST-ESM (hist + ['ssp245']), force_regional=False...
2026-07-22 13:34:43,470 - INFO - [storyline._load_and_preprocess_model_data] - Found 2 files for ua (ua requested), KIOST-ESM.
2026-07-22 13:34:46,658 - INFO - [storyline._load_and_preprocess_model_data] - Loading pr for KIOST-ESM (hist + ['ssp245']), force_regional=False...
2026-07-22 13:34:46,663 - INFO - [storyline._load_and_preprocess_model_data] - Found 2 files for pr (pr requested), KIOST-ESM.
2026-07-22 13:34:49,961 - INFO - [storyline._load_and_preprocess_model_data] - Loading tas for KIOST-ESM (hist + ['ssp245']), force_regional=True...
2026-07-22 13:34:49,967 - INFO - [storyline._load_and_preprocess_model_data] - Found 3 files for tas (tas requested), KIOST-ESM.
2026-07-22 13:34:53,054 - INFO - [storyline._load_and_preprocess_model_data] - Loading tas for KIOST-ESM (hist + ['ssp245']), force_regional=False...
2026-07-22 13:34:53,059 - INFO - [storyline._load_and_preprocess_model_data] - Found 3 files for tas (tas requested), KIOST-ESM.
2026-07-22 13:34:53,380 - INFO - [storyline._load_and_preprocess_model_data] - Loading ua for MIROC-ES2L (hist + ['ssp245']), force_regional=False...
2026-07-22 13:34:53,386 - INFO - [storyline._load_and_preprocess_model_data] - Found 2 files for ua (ua requested), MIROC-ES2L.
2026-07-22 13:34:56,246 - INFO - [storyline._load_and_preprocess_model_data] - Loading pr for MIROC-ES2L (hist + ['ssp245']), force_regional=False...
2026-07-22 13:34:56,252 - INFO - [storyline._load_and_preprocess_model_data] - Found 2 files for pr (pr requested), MIROC-ES2L.
2026-07-22 13:34:59,076 - INFO - [storyline._load_and_preprocess_model_data] - Loading tas for MIROC-ES2L (hist + ['ssp245']), force_regional=True...
2026-07-22 13:34:59,082 - INFO - [storyline._load_and_preprocess_model_data] - Found 2 files for tas (tas requested), MIROC-ES2L.
2026-07-22 13:35:02,421 - INFO - [storyline._load_and_preprocess_model_data] - Loading tas for MIROC-ES2L (hist + ['ssp245']), force_regional=False...
2026-07-22 13:35:02,426 - INFO - [storyline._load_and_preprocess_model_data] - Found 2 files for tas (tas requested), MIROC-ES2L.
2026-07-22 13:35:02,682 - INFO - [storyline._load_and_preprocess_model_data] - Loading ua for MIROC6 (hist + ['ssp245']), force_regional=False...
2026-07-22 13:35:02,688 - INFO - [storyline._load_and_preprocess_model_data] - Found 25 files for ua (ua requested), MIROC6.
2026-07-22 13:35:06,652 - INFO - [storyline._load_and_preprocess_model_data] - Loading pr for MIROC6 (hist + ['ssp245']), force_regional=False...
2026-07-22 13:35:06,659 - INFO - [storyline._load_and_preprocess_model_data] - Found 3 files for pr (pr requested), MIROC6.
2026-07-22 13:35:08,296 - INFO - [storyline._load_and_preprocess_model_data] - Loading tas for MIROC6 (hist + ['ssp245']), force_regional=True...
2026-07-22 13:35:08,301 - INFO - [storyline._load_and_preprocess_model_data] - Found 3 files for tas (tas requested), MIROC6.
2026-07-22 13:35:10,909 - INFO - [storyline._load_and_preprocess_model_data] - Loading tas for MIROC6 (hist + ['ssp245']), force_regional=False...
2026-07-22 13:35:10,913 - INFO - [storyline._load_and_preprocess_model_data] - Found 3 files for tas (tas requested), MIROC6.
2026-07-22 13:35:11,141 - INFO - [storyline._load_and_preprocess_model_data] - Loading ua for MPI-ESM1-2-HR (hist + ['ssp245']), force_regional=False...
2026-07-22 13:35:11,147 - INFO - [storyline._load_and_preprocess_model_data] - Found 57 files for ua (ua requested), MPI-ESM1-2-HR.
2026-07-22 13:35:13,602 - INFO - [storyline._load_and_preprocess_model_data] - Loading pr for MPI-ESM1-2-HR (hist + ['ssp245']), force_regional=False...
2026-07-22 13:35:13,612 - INFO - [storyline._load_and_preprocess_model_data] - Found 51 files for pr (pr requested), MPI-ESM1-2-HR.
2026-07-22 13:35:16,124 - INFO - [storyline._load_and_preprocess_model_data] - Loading tas for MPI-ESM1-2-HR (hist + ['ssp245']), force_regional=True...
2026-07-22 13:35:16,132 - INFO - [storyline._load_and_preprocess_model_data] - Found 51 files for tas (tas requested), MPI-ESM1-2-HR.
2026-07-22 13:35:18,463 - INFO - [storyline._load_and_preprocess_model_data] - Loading tas for MPI-ESM1-2-HR (hist + ['ssp245']), force_regional=False...
2026-07-22 13:35:18,471 - INFO - [storyline._load_and_preprocess_model_data] - Found 51 files for tas (tas requested), MPI-ESM1-2-HR.
2026-07-22 13:35:19,159 - INFO - [storyline._load_and_preprocess_model_data] - Loading ua for MPI-ESM1-2-LR (hist + ['ssp245']), force_regional=False...
2026-07-22 13:35:19,166 - INFO - [storyline._load_and_preprocess_model_data] - Found 14 files for ua (ua requested), MPI-ESM1-2-LR.
2026-07-22 13:35:21,627 - INFO - [storyline._load_and_preprocess_model_data] - Loading pr for MPI-ESM1-2-LR (hist + ['ssp245']), force_regional=False...
2026-07-22 13:35:21,633 - INFO - [storyline._load_and_preprocess_model_data] - Found 14 files for pr (pr requested), MPI-ESM1-2-LR.
2026-07-22 13:35:22,974 - INFO - [storyline._load_and_preprocess_model_data] - Loading tas for MPI-ESM1-2-LR (hist + ['ssp245']), force_regional=True...
2026-07-22 13:35:22,980 - INFO - [storyline._load_and_preprocess_model_data] - Found 14 files for tas (tas requested), MPI-ESM1-2-LR.
2026-07-22 13:35:25,489 - INFO - [storyline._load_and_preprocess_model_data] - Loading tas for MPI-ESM1-2-LR (hist + ['ssp245']), force_regional=False...
2026-07-22 13:35:25,494 - INFO - [storyline._load_and_preprocess_model_data] - Found 14 files for tas (tas requested), MPI-ESM1-2-LR.
2026-07-22 13:35:25,831 - INFO - [storyline._load_and_preprocess_model_data] - Loading ua for MRI-ESM2-0 (hist + ['ssp245']), force_regional=False...
2026-07-22 13:35:25,837 - INFO - [storyline._load_and_preprocess_model_data] - Found 6 files for ua (ua requested), MRI-ESM2-0.
2026-07-22 13:35:28,584 - INFO - [storyline._load_and_preprocess_model_data] - Loading pr for MRI-ESM2-0 (hist + ['ssp245']), force_regional=False...
2026-07-22 13:35:28,590 - INFO - [storyline._load_and_preprocess_model_data] - Found 2 files for pr (pr requested), MRI-ESM2-0.
2026-07-22 13:35:30,975 - INFO - [storyline._load_and_preprocess_model_data] - Loading tas for MRI-ESM2-0 (hist + ['ssp245']), force_regional=True...
2026-07-22 13:35:30,981 - INFO - [storyline._load_and_preprocess_model_data] - Found 2 files for tas (tas requested), MRI-ESM2-0.
2026-07-22 13:35:33,503 - INFO - [storyline._load_and_preprocess_model_data] - Loading tas for MRI-ESM2-0 (hist + ['ssp245']), force_regional=False...
2026-07-22 13:35:33,508 - INFO - [storyline._load_and_preprocess_model_data] - Found 2 files for tas (tas requested), MRI-ESM2-0.
2026-07-22 13:35:33,758 - INFO - [storyline._load_and_preprocess_model_data] - Loading ua for NorESM2-MM (hist + ['ssp245']), force_regional=False...
2026-07-22 13:35:33,764 - INFO - [storyline._load_and_preprocess_model_data] - Found 27 files for ua (ua requested), NorESM2-MM.
2026-07-22 13:35:36,350 - INFO - [storyline._load_and_preprocess_model_data] - Loading pr for NorESM2-MM (hist + ['ssp245']), force_regional=False...
2026-07-22 13:35:36,357 - INFO - [storyline._load_and_preprocess_model_data] - Found 26 files for pr (pr requested), NorESM2-MM.
2026-07-22 13:35:38,979 - INFO - [storyline._load_and_preprocess_model_data] - Loading tas for NorESM2-MM (hist + ['ssp245']), force_regional=True...
2026-07-22 13:35:38,987 - INFO - [storyline._load_and_preprocess_model_data] - Found 26 files for tas (tas requested), NorESM2-MM.
2026-07-22 13:35:41,572 - INFO - [storyline._load_and_preprocess_model_data] - Loading tas for NorESM2-MM (hist + ['ssp245']), force_regional=False...
2026-07-22 13:35:41,579 - INFO - [storyline._load_and_preprocess_model_data] - Found 26 files for tas (tas requested), NorESM2-MM.
2026-07-22 13:35:42,007 - INFO - [storyline._load_and_preprocess_model_data] - Loading ua for UKESM1-0-LL (hist + ['ssp245']), force_regional=False...
2026-07-22 13:35:42,015 - INFO - [storyline._load_and_preprocess_model_data] - Found 7 files for ua (ua requested), UKESM1-0-LL.
2026-07-22 13:35:44,872 - INFO - [storyline._load_and_preprocess_model_data] - Loading pr for UKESM1-0-LL (hist + ['ssp245']), force_regional=False...
2026-07-22 13:35:44,877 - INFO - [storyline._load_and_preprocess_model_data] - Found 4 files for pr (pr requested), UKESM1-0-LL.
2026-07-22 13:35:47,219 - INFO - [storyline._load_and_preprocess_model_data] - Loading tas for UKESM1-0-LL (hist + ['ssp245']), force_regional=True...
2026-07-22 13:35:47,225 - INFO - [storyline._load_and_preprocess_model_data] - Found 3 files for tas (tas requested), UKESM1-0-LL.
2026-07-22 13:35:49,583 - INFO - [storyline._load_and_preprocess_model_data] - Loading tas for UKESM1-0-LL (hist + ['ssp245']), force_regional=False...
2026-07-22 13:35:49,588 - INFO - [storyline._load_and_preprocess_model_data] - Found 3 files for tas (tas requested), UKESM1-0-LL.
2026-07-22 13:35:49,883 - INFO - [storyline.analyze_cmip6_changes_at_gwl] - 
--- Loading Danube Discharge Data ---
2026-07-22 13:35:49,883 - INFO - [data_processing.process_discharge_data] - Processing Danube discharge data for specified CMIP6 models...
2026-07-22 13:35:50,105 - INFO - [data_processing.process_discharge_data] - Successfully processed discharge data for EC-Earth3-CC_ssp245
2026-07-22 13:35:50,105 - INFO - [data_processing.process_discharge_data] - Successfully processed discharge data for MIROC-ES2L_ssp245
2026-07-22 13:35:50,106 - INFO - [data_processing.process_discharge_data] - Successfully processed discharge data for KACE-1-0-G_ssp245
2026-07-22 13:35:50,107 - INFO - [data_processing.process_discharge_data] - Successfully processed discharge data for CanESM5_ssp245
2026-07-22 13:35:50,107 - INFO - [data_processing.process_discharge_data] - Successfully processed discharge data for MPI-ESM1-2-HR_ssp245
2026-07-22 13:35:50,108 - INFO - [data_processing.process_discharge_data] - Successfully processed discharge data for NorESM2-MM_ssp245
2026-07-22 13:35:50,109 - INFO - [data_processing.process_discharge_data] - Successfully processed discharge data for ACCESS-CM2_ssp245
2026-07-22 13:35:50,109 - INFO - [data_processing.process_discharge_data] - Successfully processed discharge data for MIROC6_ssp245
2026-07-22 13:35:50,110 - INFO - [data_processing.process_discharge_data] - Successfully processed discharge data for MPI-ESM1-2-LR_ssp245
2026-07-22 13:35:50,111 - INFO - [data_processing.process_discharge_data] - Successfully processed discharge data for CESM2-WACCM_ssp245
2026-07-22 13:35:50,112 - INFO - [data_processing.process_discharge_data] - Successfully processed discharge data for INM-CM5-0_ssp245
2026-07-22 13:35:50,113 - INFO - [data_processing.process_discharge_data] - Successfully processed discharge data for ACCESS-ESM1-5_ssp245
2026-07-22 13:35:50,113 - INFO - [data_processing.process_discharge_data] - Successfully processed discharge data for KIOST-ESM_ssp245
2026-07-22 13:35:50,114 - INFO - [data_processing.process_discharge_data] - Successfully processed discharge data for INM-CM4-8_ssp245
2026-07-22 13:35:50,115 - INFO - [data_processing.process_discharge_data] - Successfully processed discharge data for CMCC-ESM2_ssp245
2026-07-22 13:35:50,115 - INFO - [data_processing.process_discharge_data] - Successfully processed discharge data for HadGEM3-GC31-LL_ssp245
2026-07-22 13:35:50,116 - INFO - [data_processing.process_discharge_data] - Successfully processed discharge data for MRI-ESM2-0_ssp245
2026-07-22 13:35:50,118 - INFO - [data_processing.process_discharge_data] - Successfully processed discharge data for EC-Earth3_ssp245
2026-07-22 13:35:50,119 - INFO - [data_processing.process_discharge_data] - Successfully processed discharge data for GFDL-ESM4_ssp245
2026-07-22 13:35:50,119 - INFO - [data_processing.process_discharge_data] - Successfully processed discharge data for IITM-ESM_ssp245
2026-07-22 13:35:50,120 - INFO - [data_processing.process_discharge_data] - Successfully processed discharge data for CMCC-CM2-SR5_ssp245
2026-07-22 13:35:50,121 - INFO - [data_processing.process_discharge_data] - Successfully processed discharge data for UKESM1-0-LL_ssp245
2026-07-22 13:35:50,122 - INFO - [data_processing.process_discharge_data] - Successfully processed discharge data for CESM2_ssp245
2026-07-22 13:35:50,123 - INFO - [data_processing.process_discharge_data] - Successfully processed discharge data for EC-Earth3-Veg-LR_ssp245
2026-07-22 13:35:50,124 - INFO - [data_processing.process_discharge_data] - Successfully processed discharge data for IPSL-CM6A-LR_ssp245
2026-07-22 13:35:50,264 - INFO - [data_processing.process_discharge_data] - Successfully processed discharge data for EC-Earth3-CC_ssp585
2026-07-22 13:35:50,265 - INFO - [data_processing.process_discharge_data] - Successfully processed discharge data for MIROC-ES2L_ssp585
2026-07-22 13:35:50,265 - INFO - [data_processing.process_discharge_data] - Successfully processed discharge data for KACE-1-0-G_ssp585
2026-07-22 13:35:50,266 - INFO - [data_processing.process_discharge_data] - Successfully processed discharge data for CanESM5_ssp585
2026-07-22 13:35:50,267 - INFO - [data_processing.process_discharge_data] - Successfully processed discharge data for MPI-ESM1-2-HR_ssp585
2026-07-22 13:35:50,268 - INFO - [data_processing.process_discharge_data] - Successfully processed discharge data for NorESM2-MM_ssp585
2026-07-22 13:35:50,269 - INFO - [data_processing.process_discharge_data] - Successfully processed discharge data for ACCESS-CM2_ssp585
2026-07-22 13:35:50,269 - INFO - [data_processing.process_discharge_data] - Successfully processed discharge data for MIROC6_ssp585
2026-07-22 13:35:50,270 - INFO - [data_processing.process_discharge_data] - Successfully processed discharge data for MPI-ESM1-2-LR_ssp585
2026-07-22 13:35:50,271 - INFO - [data_processing.process_discharge_data] - Successfully processed discharge data for CESM2-WACCM_ssp585
2026-07-22 13:35:50,271 - INFO - [data_processing.process_discharge_data] - Successfully processed discharge data for INM-CM5-0_ssp585
2026-07-22 13:35:50,272 - INFO - [data_processing.process_discharge_data] - Successfully processed discharge data for ACCESS-ESM1-5_ssp585
2026-07-22 13:35:50,273 - INFO - [data_processing.process_discharge_data] - Successfully processed discharge data for KIOST-ESM_ssp585
2026-07-22 13:35:50,274 - INFO - [data_processing.process_discharge_data] - Successfully processed discharge data for INM-CM4-8_ssp585
2026-07-22 13:35:50,274 - INFO - [data_processing.process_discharge_data] - Successfully processed discharge data for CMCC-ESM2_ssp585
2026-07-22 13:35:50,275 - INFO - [data_processing.process_discharge_data] - Successfully processed discharge data for HadGEM3-GC31-LL_ssp585
2026-07-22 13:35:50,276 - INFO - [data_processing.process_discharge_data] - Successfully processed discharge data for MRI-ESM2-0_ssp585
2026-07-22 13:35:50,277 - INFO - [data_processing.process_discharge_data] - Successfully processed discharge data for EC-Earth3_ssp585
2026-07-22 13:35:50,277 - INFO - [data_processing.process_discharge_data] - Successfully processed discharge data for GFDL-ESM4_ssp585
2026-07-22 13:35:50,278 - INFO - [data_processing.process_discharge_data] - Successfully processed discharge data for IITM-ESM_ssp585
2026-07-22 13:35:50,279 - INFO - [data_processing.process_discharge_data] - Successfully processed discharge data for CMCC-CM2-SR5_ssp585
2026-07-22 13:35:50,280 - INFO - [data_processing.process_discharge_data] - Successfully processed discharge data for UKESM1-0-LL_ssp585
2026-07-22 13:35:50,281 - INFO - [data_processing.process_discharge_data] - Successfully processed discharge data for CESM2_ssp585
2026-07-22 13:35:50,282 - INFO - [data_processing.process_discharge_data] - Successfully processed discharge data for EC-Earth3-Veg-LR_ssp585
2026-07-22 13:35:50,282 - INFO - [data_processing.process_discharge_data] - Successfully processed discharge data for IPSL-CM6A-LR_ssp585
2026-07-22 13:35:51,093 - INFO - [storyline.analyze_cmip6_changes_at_gwl] - 
--- GWL Timing and Analysis Window Details ---
2026-07-22 13:35:51,093 - INFO - [storyline.analyze_cmip6_changes_at_gwl] - GWL 2.0°C reached in 2041 for ACCESS-CM2 (ssp245). Analysis Window: 2026-2056 (31 years)
2026-07-22 13:35:51,093 - INFO - [storyline.analyze_cmip6_changes_at_gwl] - GWL 3.0°C reached in 2071 for ACCESS-CM2 (ssp245). Analysis Window: 2056-2086 (31 years)
2026-07-22 13:35:51,093 - INFO - [storyline.analyze_cmip6_changes_at_gwl] - GWL 2.0°C reached in 2045 for ACCESS-ESM1-5 (ssp245). Analysis Window: 2030-2060 (31 years)
2026-07-22 13:35:51,093 - INFO - [storyline.analyze_cmip6_changes_at_gwl] - GWL 2.0°C reached in 2046 for CESM2 (ssp245). Analysis Window: 2031-2061 (31 years)
2026-07-22 13:35:51,093 - INFO - [storyline.analyze_cmip6_changes_at_gwl] - GWL 3.0°C reached in 2081 for CESM2 (ssp245). Analysis Window: 2066-2096 (31 years)
2026-07-22 13:35:51,093 - INFO - [storyline.analyze_cmip6_changes_at_gwl] - GWL 2.0°C reached in 2039 for CESM2-WACCM (ssp245). Analysis Window: 2024-2054 (31 years)
2026-07-22 13:35:51,094 - INFO - [storyline.analyze_cmip6_changes_at_gwl] - GWL 3.0°C reached in 2076 for CESM2-WACCM (ssp245). Analysis Window: 2061-2091 (31 years)
2026-07-22 13:35:51,094 - INFO - [storyline.analyze_cmip6_changes_at_gwl] - GWL 2.0°C reached in 2038 for CMCC-CM2-SR5 (ssp245). Analysis Window: 2023-2053 (31 years)
2026-07-22 13:35:51,094 - INFO - [storyline.analyze_cmip6_changes_at_gwl] - GWL 3.0°C reached in 2066 for CMCC-CM2-SR5 (ssp245). Analysis Window: 2051-2081 (31 years)
2026-07-22 13:35:51,094 - INFO - [storyline.analyze_cmip6_changes_at_gwl] - GWL 2.0°C reached in 2041 for CMCC-ESM2 (ssp245). Analysis Window: 2026-2056 (31 years)
2026-07-22 13:35:51,094 - INFO - [storyline.analyze_cmip6_changes_at_gwl] - GWL 3.0°C reached in 2066 for CMCC-ESM2 (ssp245). Analysis Window: 2051-2081 (31 years)
2026-07-22 13:35:51,094 - INFO - [storyline.analyze_cmip6_changes_at_gwl] - GWL 2.0°C reached in 2024 for CanESM5 (ssp245). Analysis Window: 2009-2039 (31 years)
2026-07-22 13:35:51,094 - INFO - [storyline.analyze_cmip6_changes_at_gwl] - GWL 3.0°C reached in 2050 for CanESM5 (ssp245). Analysis Window: 2035-2065 (31 years)
2026-07-22 13:35:51,094 - INFO - [storyline.analyze_cmip6_changes_at_gwl] - GWL 2.0°C reached in 2035 for EC-Earth3-CC (ssp245). Analysis Window: 2020-2050 (31 years)
2026-07-22 13:35:51,094 - INFO - [storyline.analyze_cmip6_changes_at_gwl] - GWL 3.0°C reached in 2074 for EC-Earth3-CC (ssp245). Analysis Window: 2059-2089 (31 years)
2026-07-22 13:35:51,094 - INFO - [storyline.analyze_cmip6_changes_at_gwl] - GWL 2.0°C reached in 2050 for EC-Earth3-Veg-LR (ssp245). Analysis Window: 2035-2065 (31 years)
2026-07-22 13:35:51,094 - INFO - [storyline.analyze_cmip6_changes_at_gwl] - GWL 2.0°C reached in 2044 for EC-Earth3 (ssp245). Analysis Window: 2029-2059 (31 years)
2026-07-22 13:35:51,094 - INFO - [storyline.analyze_cmip6_changes_at_gwl] - GWL 2.0°C reached in 2073 for GFDL-ESM4 (ssp245). Analysis Window: 2058-2088 (31 years)
2026-07-22 13:35:51,094 - INFO - [storyline.analyze_cmip6_changes_at_gwl] - GWL 2.0°C reached in 2034 for HadGEM3-GC31-LL (ssp245). Analysis Window: 2019-2049 (31 years)
2026-07-22 13:35:51,094 - INFO - [storyline.analyze_cmip6_changes_at_gwl] - GWL 3.0°C reached in 2062 for HadGEM3-GC31-LL (ssp245). Analysis Window: 2047-2077 (31 years)
2026-07-22 13:35:51,094 - INFO - [storyline.analyze_cmip6_changes_at_gwl] - GWL 2.0°C reached in 2064 for IITM-ESM (ssp245). Analysis Window: 2049-2079 (31 years)
2026-07-22 13:35:51,094 - INFO - [storyline.analyze_cmip6_changes_at_gwl] - GWL 2.0°C reached in 2064 for INM-CM4-8 (ssp245). Analysis Window: 2049-2079 (31 years)
2026-07-22 13:35:51,094 - INFO - [storyline.analyze_cmip6_changes_at_gwl] - GWL 2.0°C reached in 2072 for INM-CM5-0 (ssp245). Analysis Window: 2057-2087 (31 years)
2026-07-22 13:35:51,094 - INFO - [storyline.analyze_cmip6_changes_at_gwl] - GWL 2.0°C reached in 2034 for IPSL-CM6A-LR (ssp245). Analysis Window: 2019-2049 (31 years)
2026-07-22 13:35:51,095 - INFO - [storyline.analyze_cmip6_changes_at_gwl] - GWL 3.0°C reached in 2065 for IPSL-CM6A-LR (ssp245). Analysis Window: 2050-2080 (31 years)
2026-07-22 13:35:51,095 - INFO - [storyline.analyze_cmip6_changes_at_gwl] - GWL 2.0°C reached in 2024 for KACE-1-0-G (ssp245). Analysis Window: 2009-2039 (31 years)
2026-07-22 13:35:51,095 - INFO - [storyline.analyze_cmip6_changes_at_gwl] - GWL 3.0°C reached in 2051 for KACE-1-0-G (ssp245). Analysis Window: 2036-2066 (31 years)
2026-07-22 13:35:51,095 - INFO - [storyline.analyze_cmip6_changes_at_gwl] - GWL 2.0°C reached in 2042 for KIOST-ESM (ssp245). Analysis Window: 2027-2057 (31 years)
2026-07-22 13:35:51,095 - INFO - [storyline.analyze_cmip6_changes_at_gwl] - GWL 2.0°C reached in 2064 for MIROC-ES2L (ssp245). Analysis Window: 2049-2079 (31 years)
2026-07-22 13:35:51,095 - INFO - [storyline.analyze_cmip6_changes_at_gwl] - GWL 2.0°C reached in 2075 for MIROC6 (ssp245). Analysis Window: 2060-2090 (31 years)
2026-07-22 13:35:51,095 - INFO - [storyline.analyze_cmip6_changes_at_gwl] - GWL 2.0°C reached in 2061 for MPI-ESM1-2-HR (ssp245). Analysis Window: 2046-2076 (31 years)
2026-07-22 13:35:51,095 - INFO - [storyline.analyze_cmip6_changes_at_gwl] - GWL 2.0°C reached in 2060 for MPI-ESM1-2-LR (ssp245). Analysis Window: 2045-2075 (31 years)
2026-07-22 13:35:51,095 - INFO - [storyline.analyze_cmip6_changes_at_gwl] - GWL 2.0°C reached in 2049 for MRI-ESM2-0 (ssp245). Analysis Window: 2034-2064 (31 years)
2026-07-22 13:35:51,095 - INFO - [storyline.analyze_cmip6_changes_at_gwl] - GWL 2.0°C reached in 2081 for NorESM2-MM (ssp245). Analysis Window: 2066-2096 (31 years)
2026-07-22 13:35:51,095 - INFO - [storyline.analyze_cmip6_changes_at_gwl] - GWL 2.0°C reached in 2035 for UKESM1-0-LL (ssp245). Analysis Window: 2020-2050 (31 years)
2026-07-22 13:35:51,095 - INFO - [storyline.analyze_cmip6_changes_at_gwl] - GWL 3.0°C reached in 2059 for UKESM1-0-LL (ssp245). Analysis Window: 2044-2074 (31 years)
2026-07-22 13:35:57,209 - INFO - [data_processing.calculate_spei] - Calculating SPEI with a 4-month scale (Spatial: False)...
2026-07-22 13:36:04,008 - INFO - [data_processing.calculate_spei] - Calculating SPEI with a 4-month scale (Spatial: False)...
2026-07-22 13:36:11,375 - INFO - [data_processing.calculate_spei] - Calculating SPEI with a 4-month scale (Spatial: False)...
2026-07-22 13:36:16,818 - INFO - [data_processing.calculate_spei] - Calculating SPEI with a 4-month scale (Spatial: False)...
2026-07-22 13:36:22,403 - INFO - [data_processing.calculate_spei] - Calculating SPEI with a 4-month scale (Spatial: False)...
2026-07-22 13:36:27,776 - INFO - [data_processing.calculate_spei] - Calculating SPEI with a 4-month scale (Spatial: False)...
2026-07-22 13:36:34,662 - INFO - [data_processing.calculate_spei] - Calculating SPEI with a 4-month scale (Spatial: False)...
2026-07-22 13:36:41,329 - INFO - [data_processing.calculate_spei] - Calculating SPEI with a 4-month scale (Spatial: False)...
2026-07-22 13:36:47,577 - INFO - [data_processing.calculate_spei] - Calculating SPEI with a 4-month scale (Spatial: False)...
2026-07-22 13:36:54,146 - INFO - [data_processing.calculate_spei] - Calculating SPEI with a 4-month scale (Spatial: False)...
2026-07-22 13:36:59,477 - INFO - [data_processing.calculate_spei] - Calculating SPEI with a 4-month scale (Spatial: False)...
2026-07-22 13:37:07,220 - INFO - [data_processing.calculate_spei] - Calculating SPEI with a 4-month scale (Spatial: False)...
2026-07-22 13:37:13,448 - INFO - [data_processing.calculate_spei] - Calculating SPEI with a 4-month scale (Spatial: False)...
2026-07-22 13:37:21,897 - INFO - [data_processing.calculate_spei] - Calculating SPEI with a 4-month scale (Spatial: False)...
2026-07-22 13:37:26,423 - INFO - [data_processing.calculate_spei] - Calculating SPEI with a 4-month scale (Spatial: False)...
2026-07-22 13:37:31,817 - INFO - [data_processing.calculate_spei] - Calculating SPEI with a 4-month scale (Spatial: False)...
2026-07-22 13:37:37,163 - INFO - [data_processing.calculate_spei] - Calculating SPEI with a 4-month scale (Spatial: False)...
2026-07-22 13:37:41,977 - INFO - [data_processing.calculate_spei] - Calculating SPEI with a 4-month scale (Spatial: False)...
2026-07-22 13:37:45,710 - INFO - [data_processing.calculate_spei] - Calculating SPEI with a 4-month scale (Spatial: False)...
2026-07-22 13:37:51,378 - INFO - [data_processing.calculate_spei] - Calculating SPEI with a 4-month scale (Spatial: False)...
2026-07-22 13:37:55,494 - INFO - [data_processing.calculate_spei] - Calculating SPEI with a 4-month scale (Spatial: False)...
2026-07-22 13:38:00,461 - INFO - [data_processing.calculate_spei] - Calculating SPEI with a 4-month scale (Spatial: False)...
2026-07-22 13:38:06,571 - INFO - [data_processing.calculate_spei] - Calculating SPEI with a 4-month scale (Spatial: False)...
2026-07-22 13:38:12,170 - INFO - [data_processing.calculate_spei] - Calculating SPEI with a 4-month scale (Spatial: False)...
2026-07-22 13:38:17,633 - INFO - [data_processing.calculate_spei] - Calculating SPEI with a 4-month scale (Spatial: False)...
2026-07-22 13:38:18,750 - INFO - [storyline.analyze_cmip6_changes_at_gwl] - --- DEBUG: CHECKING MMM_CHANGES ---
2026-07-22 13:38:18,750 - INFO - [storyline.analyze_cmip6_changes_at_gwl] -   GWL 2.0°C -> DJF_pr: 4.141593988295489, JJA_pr: -3.761023106150497
2026-07-22 13:38:18,750 - INFO - [storyline.analyze_cmip6_changes_at_gwl] -   GWL 3.0°C -> DJF_pr: 9.336775094630344, JJA_pr: -6.1407181869917675
2026-07-22 13:38:18,750 - INFO - [storyline.analyze_cmip6_changes_at_gwl] - --- END DEBUG ---
2026-07-22 13:38:18,750 - INFO - [storyline.classify_models_into_storylines_2d] - Classifying models into 2D, Axial, and Extreme storylines (Inner Radius for Axial: 0.5 std. dev.)...
2026-07-22 13:38:20,121 - INFO - [main.run_full_analysis] - Plot '/nas/home/vlw/Desktop/STREAM/paper1-plots/cmip6_jet_changes_vs_gwl_ssp245.png' already exists.
2026-07-22 13:38:20,123 - INFO - [main.run_full_analysis] - Plot '/nas/home/vlw/Desktop/STREAM/paper1-plots/cmip6_jet_inter_relationship_scatter_quadrants_ssp245.png' already exists.
2026-07-22 13:38:20,125 - INFO - [main.run_full_analysis] - Climate evolution plots and final fig 3 base for ssp245 already exist. Skipping.
2026-07-22 13:38:20,125 - INFO - [main.run_full_analysis] - Plot '/nas/home/vlw/Desktop/STREAM/paper1-plots/storyline_u850_change_maps_ssp245.png' already exists.
2026-07-22 13:38:20,148 - INFO - [main.run_full_analysis] - Injected 12 Extreme and 12 Non-Extreme models for DJF GWL 2.0.
2026-07-22 13:38:20,167 - INFO - [main.run_full_analysis] - Injected 12 Extreme and 12 Non-Extreme models for JJA GWL 2.0.
2026-07-22 13:38:20,183 - INFO - [main.run_full_analysis] - Injected 5 Extreme and 5 Non-Extreme models for DJF GWL 3.0.
2026-07-22 13:38:20,199 - INFO - [main.run_full_analysis] - Injected 5 Extreme and 5 Non-Extreme models for JJA GWL 3.0.
2026-07-22 13:38:20,199 - INFO - [main.run_full_analysis] - Calculating half-year EVA return period data for ssp245...
2026-07-22 13:38:20,199 - INFO - [storyline.analyze_storyline_discharge_extremes] - Analyzing storyline discharge... mit GEPPOOLTER GEV-Logik (v4.3) + BOOTSTRAPPING (Median) + Long-Term Data Support...
2026-07-22 13:38:20,199 - INFO - [storyline.analyze_storyline_discharge_extremes] - Calculating historical EVA thresholds and return periods based on ANNUAL peaks (for all seasons)...
2026-07-22 13:38:20,216 - INFO - [storyline.analyze_storyline_discharge_extremes] -   -> Annual LNWL Return Period: 1.22 years
2026-07-22 13:38:20,216 - INFO - [storyline.analyze_storyline_discharge_extremes] - Calculating REFERENCE historical thresholds (Obs only)...
2026-07-22 13:38:20,216 - INFO - [stats_analyzer.calculate_eva_thresholds] - Calculating EVA thresholds for FULL YEAR...
2026-07-22 13:38:20,227 - INFO - [stats_analyzer.calculate_eva_thresholds] - Calculating EVA thresholds for 1Q (low, full_year) using Empirical Quantiles...
2026-07-22 13:38:20,242 - INFO - [stats_analyzer.calculate_eva_thresholds] - Calculating EVA thresholds for 7Q (low, full_year) using Empirical Quantiles...
2026-07-22 13:38:20,258 - INFO - [stats_analyzer.calculate_eva_thresholds] - Calculating EVA thresholds for 30Q (low, full_year) using Empirical Quantiles...
2026-07-22 13:38:20,258 - INFO - [stats_analyzer.calculate_eva_thresholds] - Calculating EVA thresholds for FULL YEAR...
2026-07-22 13:38:20,269 - INFO - [stats_analyzer.calculate_eva_thresholds] - Calculating EVA thresholds for 1Q (high, full_year) using Empirical Quantiles...
2026-07-22 13:38:20,284 - INFO - [stats_analyzer.calculate_eva_thresholds] - Calculating EVA thresholds for 7Q (high, full_year) using Empirical Quantiles...
2026-07-22 13:38:20,300 - INFO - [stats_analyzer.calculate_eva_thresholds] - Calculating EVA thresholds for 30Q (high, full_year) using Empirical Quantiles...
2026-07-22 13:38:20,300 - INFO - [storyline.analyze_storyline_discharge_extremes] - Calculating historical seasonal breakdown for verification (Hydrological Half-Years: Nov-Apr, May-Oct)...
2026-07-22 13:38:34,805 - INFO - [storyline.analyze_storyline_discharge_extremes] -   Analyzing 7Q10_low for MMM (winter, GWL 2.0)...
2026-07-22 13:38:34,822 - INFO - [storyline.analyze_storyline_discharge_extremes] -     -> Result 7Q10_low: Median T = 10.3 (N=19)
2026-07-22 13:38:34,822 - INFO - [storyline.analyze_storyline_discharge_extremes] -   Analyzing 7Q30_low for MMM (winter, GWL 2.0)...
2026-07-22 13:38:34,836 - INFO - [storyline.analyze_storyline_discharge_extremes] -     -> Result 7Q30_low: Median T = 15.5 (N=15)
2026-07-22 13:38:34,836 - INFO - [storyline.analyze_storyline_discharge_extremes] -   Analyzing 7Q10_high for MMM (winter, GWL 2.0)...
2026-07-22 13:38:34,852 - INFO - [storyline.analyze_storyline_discharge_extremes] -     -> Result 7Q10_high: Median T = 15.5 (N=17)
2026-07-22 13:38:34,852 - INFO - [storyline.analyze_storyline_discharge_extremes] -   Analyzing 7Q30_high for MMM (winter, GWL 2.0)...
2026-07-22 13:38:34,866 - INFO - [storyline.analyze_storyline_discharge_extremes] -     -> Result 7Q30_high: Median T = 31.0 (N=11)
2026-07-22 13:38:34,866 - INFO - [storyline.analyze_storyline_discharge_extremes] -   Analyzing 30Q10_low for MMM (winter, GWL 2.0)...
2026-07-22 13:38:34,881 - INFO - [storyline.analyze_storyline_discharge_extremes] -     -> Result 30Q10_low: Median T = 7.8 (N=17)
2026-07-22 13:38:34,881 - INFO - [storyline.analyze_storyline_discharge_extremes] -   Analyzing 30Q30_low for MMM (winter, GWL 2.0)...
2026-07-22 13:38:34,895 - INFO - [storyline.analyze_storyline_discharge_extremes] -     -> Result 30Q30_low: Median T = 15.5 (N=13)
2026-07-22 13:38:34,895 - INFO - [storyline.analyze_storyline_discharge_extremes] -   Analyzing 30Q10_high for MMM (winter, GWL 2.0)...
2026-07-22 13:38:34,911 - INFO - [storyline.analyze_storyline_discharge_extremes] -     -> Result 30Q10_high: Median T = 15.5 (N=17)
2026-07-22 13:38:34,911 - INFO - [storyline.analyze_storyline_discharge_extremes] -   Analyzing 30Q30_high for MMM (winter, GWL 2.0)...
2026-07-22 13:38:34,925 - INFO - [storyline.analyze_storyline_discharge_extremes] -     -> Result 30Q30_high: Median T = 31.0 (N=11)
2026-07-22 13:38:34,925 - INFO - [storyline.analyze_storyline_discharge_extremes] -   Analyzing 7Q10_low for Fast Jet & Northward Shift (winter, GWL 2.0)...
2026-07-22 13:38:34,928 - INFO - [storyline.analyze_storyline_discharge_extremes] -     -> Result 7Q10_low: Median T = 10.3 (N=3)
2026-07-22 13:38:34,928 - INFO - [storyline.analyze_storyline_discharge_extremes] -   Analyzing 7Q30_low for Fast Jet & Northward Shift (winter, GWL 2.0)...
2026-07-22 13:38:34,930 - INFO - [storyline.analyze_storyline_discharge_extremes] -     -> Result 7Q30_low: Median T = 31.0 (N=3)
2026-07-22 13:38:34,930 - INFO - [storyline.analyze_storyline_discharge_extremes] -   Analyzing 7Q10_high for Fast Jet & Northward Shift (winter, GWL 2.0)...
2026-07-22 13:38:34,933 - INFO - [storyline.analyze_storyline_discharge_extremes] -     -> Result 7Q10_high: Median T = 15.5 (N=3)
2026-07-22 13:38:34,933 - INFO - [storyline.analyze_storyline_discharge_extremes] -   Analyzing 7Q30_high for Fast Jet & Northward Shift (winter, GWL 2.0)...
2026-07-22 13:38:34,935 - INFO - [storyline.analyze_storyline_discharge_extremes] -     -> Result 7Q30_high: Median T = 31.0 (N=2)
2026-07-22 13:38:34,935 - INFO - [storyline.analyze_storyline_discharge_extremes] -   Analyzing 30Q10_low for Fast Jet & Northward Shift (winter, GWL 2.0)...
2026-07-22 13:38:34,938 - INFO - [storyline.analyze_storyline_discharge_extremes] -     -> Result 30Q10_low: Median T = 6.2 (N=3)
2026-07-22 13:38:34,938 - INFO - [storyline.analyze_storyline_discharge_extremes] -   Analyzing 30Q30_low for Fast Jet & Northward Shift (winter, GWL 2.0)...
2026-07-22 13:38:34,940 - INFO - [storyline.analyze_storyline_discharge_extremes] -     -> Result 30Q30_low: Median T = 19.4 (N=2)
2026-07-22 13:38:34,941 - INFO - [storyline.analyze_storyline_discharge_extremes] -   Analyzing 30Q10_high for Fast Jet & Northward Shift (winter, GWL 2.0)...
2026-07-22 13:38:34,943 - INFO - [storyline.analyze_storyline_discharge_extremes] -     -> Result 30Q10_high: Median T = 18.6 (N=2)
2026-07-22 13:38:34,944 - INFO - [storyline.analyze_storyline_discharge_extremes] -   Analyzing 30Q30_high for Fast Jet & Northward Shift (winter, GWL 2.0)...
2026-07-22 13:38:34,947 - INFO - [storyline.analyze_storyline_discharge_extremes] -     -> Result 30Q30_high: Median T = 15.5 (N=1)
2026-07-22 13:38:34,948 - INFO - [storyline.analyze_storyline_discharge_extremes] -   Analyzing 7Q10_low for Slow Jet & Northward Shift (winter, GWL 2.0)...
2026-07-22 13:38:34,952 - INFO - [storyline.analyze_storyline_discharge_extremes] -     -> Result 7Q10_low: Median T = 6.2 (N=6)
2026-07-22 13:38:34,953 - INFO - [storyline.analyze_storyline_discharge_extremes] -   Analyzing 7Q30_low for Slow Jet & Northward Shift (winter, GWL 2.0)...
2026-07-22 13:38:34,957 - INFO - [storyline.analyze_storyline_discharge_extremes] -     -> Result 7Q30_low: Median T = 15.5 (N=5)
2026-07-22 13:38:34,958 - INFO - [storyline.analyze_storyline_discharge_extremes] -   Analyzing 7Q10_high for Slow Jet & Northward Shift (winter, GWL 2.0)...
2026-07-22 13:38:34,963 - INFO - [storyline.analyze_storyline_discharge_extremes] -     -> Result 7Q10_high: Median T = 23.2 (N=4)
2026-07-22 13:38:34,963 - INFO - [storyline.analyze_storyline_discharge_extremes] -   Analyzing 7Q30_high for Slow Jet & Northward Shift (winter, GWL 2.0)...
2026-07-22 13:38:34,967 - INFO - [storyline.analyze_storyline_discharge_extremes] -     -> Result 7Q30_high: Median T = 23.2 (N=2)
2026-07-22 13:38:34,968 - INFO - [storyline.analyze_storyline_discharge_extremes] -   Analyzing 30Q10_low for Slow Jet & Northward Shift (winter, GWL 2.0)...
2026-07-22 13:38:34,973 - INFO - [storyline.analyze_storyline_discharge_extremes] -     -> Result 30Q10_low: Median T = 5.7 (N=6)
2026-07-22 13:38:34,973 - INFO - [storyline.analyze_storyline_discharge_extremes] -   Analyzing 30Q30_low for Slow Jet & Northward Shift (winter, GWL 2.0)...
2026-07-22 13:38:34,978 - INFO - [storyline.analyze_storyline_discharge_extremes] -     -> Result 30Q30_low: Median T = 15.5 (N=5)
2026-07-22 13:38:34,979 - INFO - [storyline.analyze_storyline_discharge_extremes] -   Analyzing 30Q10_high for Slow Jet & Northward Shift (winter, GWL 2.0)...
2026-07-22 13:38:34,984 - INFO - [storyline.analyze_storyline_discharge_extremes] -     -> Result 30Q10_high: Median T = 31.0 (N=5)
2026-07-22 13:38:34,984 - INFO - [storyline.analyze_storyline_discharge_extremes] -   Analyzing 30Q30_high for Slow Jet & Northward Shift (winter, GWL 2.0)...
2026-07-22 13:38:34,989 - INFO - [storyline.analyze_storyline_discharge_extremes] -     -> Result 30Q30_high: Median T = 23.2 (N=2)
2026-07-22 13:38:34,989 - INFO - [storyline.analyze_storyline_discharge_extremes] -   Analyzing 7Q10_low for Slow Jet & Southward Shift (winter, GWL 2.0)...
2026-07-22 13:38:34,992 - INFO - [storyline.analyze_storyline_discharge_extremes] -     -> Result 7Q10_low: Median T = 15.5 (N=3)
2026-07-22 13:38:34,993 - INFO - [storyline.analyze_storyline_discharge_extremes] -   Analyzing 7Q30_low for Slow Jet & Southward Shift (winter, GWL 2.0)...
2026-07-22 13:38:34,996 - INFO - [storyline.analyze_storyline_discharge_extremes] -     -> Result 7Q30_low: Median T = 31.0 (N=3)
2026-07-22 13:38:34,996 - INFO - [storyline.analyze_storyline_discharge_extremes] -   Analyzing 7Q10_high for Slow Jet & Southward Shift (winter, GWL 2.0)...
2026-07-22 13:38:34,999 - INFO - [storyline.analyze_storyline_discharge_extremes] -     -> Result 7Q10_high: Median T = 19.4 (N=4)
2026-07-22 13:38:34,999 - INFO - [storyline.analyze_storyline_discharge_extremes] -   Analyzing 7Q30_high for Slow Jet & Southward Shift (winter, GWL 2.0)...
2026-07-22 13:38:35,002 - INFO - [storyline.analyze_storyline_discharge_extremes] -     -> Result 7Q30_high: Median T = 31.0 (N=4)
2026-07-22 13:38:35,003 - INFO - [storyline.analyze_storyline_discharge_extremes] -   Analyzing 30Q10_low for Slow Jet & Southward Shift (winter, GWL 2.0)...
2026-07-22 13:38:35,006 - INFO - [storyline.analyze_storyline_discharge_extremes] -     -> Result 30Q10_low: Median T = 15.5 (N=3)
2026-07-22 13:38:35,006 - INFO - [storyline.analyze_storyline_discharge_extremes] -   Analyzing 30Q30_low for Slow Jet & Southward Shift (winter, GWL 2.0)...
2026-07-22 13:38:35,009 - INFO - [storyline.analyze_storyline_discharge_extremes] -     -> Result 30Q30_low: Median T = 23.2 (N=2)
2026-07-22 13:38:35,009 - INFO - [storyline.analyze_storyline_discharge_extremes] -   Analyzing 30Q10_high for Slow Jet & Southward Shift (winter, GWL 2.0)...
2026-07-22 13:38:35,012 - INFO - [storyline.analyze_storyline_discharge_extremes] -     -> Result 30Q10_high: Median T = 31.0 (N=4)
2026-07-22 13:38:35,013 - INFO - [storyline.analyze_storyline_discharge_extremes] -   Analyzing 30Q30_high for Slow Jet & Southward Shift (winter, GWL 2.0)...
2026-07-22 13:38:35,016 - INFO - [storyline.analyze_storyline_discharge_extremes] -     -> Result 30Q30_high: Median T = 31.0 (N=4)
2026-07-22 13:38:35,016 - INFO - [storyline.analyze_storyline_discharge_extremes] -   Analyzing 7Q10_low for Fast Jet & Southward Shift (winter, GWL 2.0)...
2026-07-22 13:38:35,018 - INFO - [storyline.analyze_storyline_discharge_extremes] -     -> Result 7Q10_low: Median T = 10.3 (N=3)
2026-07-22 13:38:35,018 - INFO - [storyline.analyze_storyline_discharge_extremes] -   Analyzing 7Q30_low for Fast Jet & Southward Shift (winter, GWL 2.0)...
2026-07-22 13:38:35,021 - INFO - [storyline.analyze_storyline_discharge_extremes] -     -> Result 7Q30_low: Median T = 15.5 (N=3)
2026-07-22 13:38:35,021 - INFO - [storyline.analyze_storyline_discharge_extremes] -   Analyzing 7Q10_high for Fast Jet & Southward Shift (winter, GWL 2.0)...
2026-07-22 13:38:35,023 - INFO - [storyline.analyze_storyline_discharge_extremes] -     -> Result 7Q10_high: Median T = 12.9 (N=2)
2026-07-22 13:38:35,023 - INFO - [storyline.analyze_storyline_discharge_extremes] -   Analyzing 7Q30_high for Fast Jet & Southward Shift (winter, GWL 2.0)...
2026-07-22 13:38:35,025 - INFO - [storyline.analyze_storyline_discharge_extremes] -     -> Result 7Q30_high: Median T = 15.5 (N=2)
2026-07-22 13:38:35,025 - INFO - [storyline.analyze_storyline_discharge_extremes] -   Analyzing 30Q10_low for Fast Jet & Southward Shift (winter, GWL 2.0)...
2026-07-22 13:38:35,027 - INFO - [storyline.analyze_storyline_discharge_extremes] -     -> Result 30Q10_low: Median T = 6.2 (N=3)
2026-07-22 13:38:35,027 - INFO - [storyline.analyze_storyline_discharge_extremes] -   Analyzing 30Q30_low for Fast Jet & Southward Shift (winter, GWL 2.0)...
2026-07-22 13:38:35,028 - INFO - [storyline.analyze_storyline_discharge_extremes] -     -> Result 30Q30_low: Median T = 31.0 (N=3)
2026-07-22 13:38:35,028 - INFO - [storyline.analyze_storyline_discharge_extremes] -   Analyzing 30Q10_high for Fast Jet & Southward Shift (winter, GWL 2.0)...
2026-07-22 13:38:35,030 - INFO - [storyline.analyze_storyline_discharge_extremes] -     -> Result 30Q10_high: Median T = 15.5 (N=2)
2026-07-22 13:38:35,030 - INFO - [storyline.analyze_storyline_discharge_extremes] -   Analyzing 30Q30_high for Fast Jet & Southward Shift (winter, GWL 2.0)...
2026-07-22 13:38:35,032 - INFO - [storyline.analyze_storyline_discharge_extremes] -     -> Result 30Q30_high: Median T = 15.5 (N=1)
2026-07-22 13:38:35,032 - INFO - [storyline.analyze_storyline_discharge_extremes] -   Analyzing 7Q10_low for Extreme Models (winter, GWL 2.0)...
2026-07-22 13:38:35,039 - INFO - [storyline.analyze_storyline_discharge_extremes] -     -> Result 7Q10_low: Median T = 7.0 (N=12)
2026-07-22 13:38:35,039 - INFO - [storyline.analyze_storyline_discharge_extremes] -   Analyzing 7Q30_low for Extreme Models (winter, GWL 2.0)...
2026-07-22 13:38:35,046 - INFO - [storyline.analyze_storyline_discharge_extremes] -     -> Result 7Q30_low: Median T = 15.5 (N=11)
2026-07-22 13:38:35,046 - INFO - [storyline.analyze_storyline_discharge_extremes] -   Analyzing 7Q10_high for Extreme Models (winter, GWL 2.0)...
2026-07-22 13:38:35,053 - INFO - [storyline.analyze_storyline_discharge_extremes] -     -> Result 7Q10_high: Median T = 31.0 (N=7)
2026-07-22 13:38:35,053 - INFO - [storyline.analyze_storyline_discharge_extremes] -   Analyzing 7Q30_high for Extreme Models (winter, GWL 2.0)...
2026-07-22 13:38:35,060 - INFO - [storyline.analyze_storyline_discharge_extremes] -     -> Result 7Q30_high: Median T = 31.0 (N=5)
2026-07-22 13:38:35,060 - INFO - [storyline.analyze_storyline_discharge_extremes] -   Analyzing 30Q10_low for Extreme Models (winter, GWL 2.0)...
2026-07-22 13:38:35,067 - INFO - [storyline.analyze_storyline_discharge_extremes] -     -> Result 30Q10_low: Median T = 6.2 (N=12)
2026-07-22 13:38:35,067 - INFO - [storyline.analyze_storyline_discharge_extremes] -   Analyzing 30Q30_low for Extreme Models (winter, GWL 2.0)...
2026-07-22 13:38:35,074 - INFO - [storyline.analyze_storyline_discharge_extremes] -     -> Result 30Q30_low: Median T = 12.9 (N=10)
2026-07-22 13:38:35,074 - INFO - [storyline.analyze_storyline_discharge_extremes] -   Analyzing 30Q10_high for Extreme Models (winter, GWL 2.0)...
2026-07-22 13:38:35,081 - INFO - [storyline.analyze_storyline_discharge_extremes] -     -> Result 30Q10_high: Median T = 31.0 (N=7)
2026-07-22 13:38:35,081 - INFO - [storyline.analyze_storyline_discharge_extremes] -   Analyzing 30Q30_high for Extreme Models (winter, GWL 2.0)...
2026-07-22 13:38:35,088 - INFO - [storyline.analyze_storyline_discharge_extremes] -     -> Result 30Q30_high: Median T = 31.0 (N=5)
2026-07-22 13:38:35,088 - INFO - [storyline.analyze_storyline_discharge_extremes] -   Analyzing 7Q10_low for Non-Extreme Models (winter, GWL 2.0)...
2026-07-22 13:38:35,095 - INFO - [storyline.analyze_storyline_discharge_extremes] -     -> Result 7Q10_low: Median T = 15.5 (N=6)
2026-07-22 13:38:35,095 - INFO - [storyline.analyze_storyline_discharge_extremes] -   Analyzing 7Q30_low for Non-Extreme Models (winter, GWL 2.0)...
2026-07-22 13:38:35,102 - INFO - [storyline.analyze_storyline_discharge_extremes] -     -> Result 7Q30_low: Median T = 31.0 (N=3)
2026-07-22 13:38:35,102 - INFO - [storyline.analyze_storyline_discharge_extremes] -   Analyzing 7Q10_high for Non-Extreme Models (winter, GWL 2.0)...
2026-07-22 13:38:35,109 - INFO - [storyline.analyze_storyline_discharge_extremes] -     -> Result 7Q10_high: Median T = 15.5 (N=9)
2026-07-22 13:38:35,109 - INFO - [storyline.analyze_storyline_discharge_extremes] -   Analyzing 7Q30_high for Non-Extreme Models (winter, GWL 2.0)...
2026-07-22 13:38:35,116 - INFO - [storyline.analyze_storyline_discharge_extremes] -     -> Result 7Q30_high: Median T = 31.0 (N=5)
2026-07-22 13:38:35,116 - INFO - [storyline.analyze_storyline_discharge_extremes] -   Analyzing 30Q10_low for Non-Extreme Models (winter, GWL 2.0)...
2026-07-22 13:38:35,123 - INFO - [storyline.analyze_storyline_discharge_extremes] -     -> Result 30Q10_low: Median T = 23.2 (N=4)
2026-07-22 13:38:35,123 - INFO - [storyline.analyze_storyline_discharge_extremes] -   Analyzing 30Q30_low for Non-Extreme Models (winter, GWL 2.0)...
2026-07-22 13:38:35,130 - INFO - [storyline.analyze_storyline_discharge_extremes] -     -> Result 30Q30_low: Median T = 31.0 (N=2)
2026-07-22 13:38:35,130 - INFO - [storyline.analyze_storyline_discharge_extremes] -   Analyzing 30Q10_high for Non-Extreme Models (winter, GWL 2.0)...
2026-07-22 13:38:35,137 - INFO - [storyline.analyze_storyline_discharge_extremes] -     -> Result 30Q10_high: Median T = 15.5 (N=9)
2026-07-22 13:38:35,137 - INFO - [storyline.analyze_storyline_discharge_extremes] -   Analyzing 30Q30_high for Non-Extreme Models (winter, GWL 2.0)...
2026-07-22 13:38:35,144 - INFO - [storyline.analyze_storyline_discharge_extremes] -     -> Result 30Q30_high: Median T = 31.0 (N=5)
2026-07-22 13:38:35,144 - INFO - [storyline.analyze_storyline_discharge_extremes] -   Analyzing 7Q10_low for MMM (summer, GWL 2.0)...
2026-07-22 13:38:35,159 - INFO - [storyline.analyze_storyline_discharge_extremes] -     -> Result 7Q10_low: Median T = 15.5 (N=15)
2026-07-22 13:38:35,159 - INFO - [storyline.analyze_storyline_discharge_extremes] -   Analyzing 7Q30_low for MMM (summer, GWL 2.0)...
2026-07-22 13:38:35,173 - INFO - [storyline.analyze_storyline_discharge_extremes] -     -> Result 7Q30_low: Median T = 31.0 (N=7)
2026-07-22 13:38:35,173 - INFO - [storyline.analyze_storyline_discharge_extremes] -   Analyzing 7Q10_high for MMM (summer, GWL 2.0)...
2026-07-22 13:38:35,187 - INFO - [storyline.analyze_storyline_discharge_extremes] -     -> Result 7Q10_high: Median T = 10.3 (N=22)
2026-07-22 13:38:35,187 - INFO - [storyline.analyze_storyline_discharge_extremes] -   Analyzing 7Q30_high for MMM (summer, GWL 2.0)...
2026-07-22 13:38:35,201 - INFO - [storyline.analyze_storyline_discharge_extremes] -     -> Result 7Q30_high: Median T = 15.5 (N=15)
2026-07-22 13:38:35,201 - INFO - [storyline.analyze_storyline_discharge_extremes] -   Analyzing 30Q10_low for MMM (summer, GWL 2.0)...
2026-07-22 13:38:35,216 - INFO - [storyline.analyze_storyline_discharge_extremes] -     -> Result 30Q10_low: Median T = 15.5 (N=17)
2026-07-22 13:38:35,216 - INFO - [storyline.analyze_storyline_discharge_extremes] -   Analyzing 30Q30_low for MMM (summer, GWL 2.0)...
2026-07-22 13:38:35,230 - INFO - [storyline.analyze_storyline_discharge_extremes] -     -> Result 30Q30_low: Median T = 31.0 (N=9)
2026-07-22 13:38:35,230 - INFO - [storyline.analyze_storyline_discharge_extremes] -   Analyzing 30Q10_high for MMM (summer, GWL 2.0)...
2026-07-22 13:38:35,245 - INFO - [storyline.analyze_storyline_discharge_extremes] -     -> Result 30Q10_high: Median T = 10.3 (N=24)
2026-07-22 13:38:35,245 - INFO - [storyline.analyze_storyline_discharge_extremes] -   Analyzing 30Q30_high for MMM (summer, GWL 2.0)...
2026-07-22 13:38:35,259 - INFO - [storyline.analyze_storyline_discharge_extremes] -     -> Result 30Q30_high: Median T = 15.5 (N=16)
2026-07-22 13:38:35,259 - INFO - [storyline.analyze_storyline_discharge_extremes] -   Analyzing 7Q10_low for Fast Jet & Northward Shift (summer, GWL 2.0)...
2026-07-22 13:38:35,262 - INFO - [storyline.analyze_storyline_discharge_extremes] -     -> Result 7Q10_low: Median T = 15.5 (N=3)
2026-07-22 13:38:35,262 - INFO - [storyline.analyze_storyline_discharge_extremes] -   Analyzing 7Q30_low for Fast Jet & Northward Shift (summer, GWL 2.0)...
2026-07-22 13:38:35,264 - INFO - [storyline.analyze_storyline_discharge_extremes] -     -> Result 7Q30_low: Median T = nan (N=0)
2026-07-22 13:38:35,264 - INFO - [storyline.analyze_storyline_discharge_extremes] -   Analyzing 7Q10_high for Fast Jet & Northward Shift (summer, GWL 2.0)...
2026-07-22 13:38:35,267 - INFO - [storyline.analyze_storyline_discharge_extremes] -     -> Result 7Q10_high: Median T = 15.5 (N=3)
2026-07-22 13:38:35,267 - INFO - [storyline.analyze_storyline_discharge_extremes] -   Analyzing 7Q30_high for Fast Jet & Northward Shift (summer, GWL 2.0)...
2026-07-22 13:38:35,269 - INFO - [storyline.analyze_storyline_discharge_extremes] -     -> Result 7Q30_high: Median T = 15.5 (N=3)
2026-07-22 13:38:35,269 - INFO - [storyline.analyze_storyline_discharge_extremes] -   Analyzing 30Q10_low for Fast Jet & Northward Shift (summer, GWL 2.0)...
2026-07-22 13:38:35,272 - INFO - [storyline.analyze_storyline_discharge_extremes] -     -> Result 30Q10_low: Median T = 15.5 (N=3)
2026-07-22 13:38:35,272 - INFO - [storyline.analyze_storyline_discharge_extremes] -   Analyzing 30Q30_low for Fast Jet & Northward Shift (summer, GWL 2.0)...
2026-07-22 13:38:35,274 - INFO - [storyline.analyze_storyline_discharge_extremes] -     -> Result 30Q30_low: Median T = 15.5 (N=1)
2026-07-22 13:38:35,274 - INFO - [storyline.analyze_storyline_discharge_extremes] -   Analyzing 30Q10_high for Fast Jet & Northward Shift (summer, GWL 2.0)...
2026-07-22 13:38:35,277 - INFO - [storyline.analyze_storyline_discharge_extremes] -     -> Result 30Q10_high: Median T = 31.0 (N=4)
2026-07-22 13:38:35,277 - INFO - [storyline.analyze_storyline_discharge_extremes] -   Analyzing 30Q30_high for Fast Jet & Northward Shift (summer, GWL 2.0)...
2026-07-22 13:38:35,279 - INFO - [storyline.analyze_storyline_discharge_extremes] -     -> Result 30Q30_high: Median T = 31.0 (N=2)
2026-07-22 13:38:35,279 - INFO - [storyline.analyze_storyline_discharge_extremes] -   Analyzing 7Q10_low for Slow Jet & Northward Shift (summer, GWL 2.0)...
2026-07-22 13:38:35,283 - INFO - [storyline.analyze_storyline_discharge_extremes] -     -> Result 7Q10_low: Median T = 23.2 (N=2)
2026-07-22 13:38:35,283 - INFO - [storyline.analyze_storyline_discharge_extremes] -   Analyzing 7Q30_low for Slow Jet & Northward Shift (summer, GWL 2.0)...
2026-07-22 13:38:35,286 - INFO - [storyline.analyze_storyline_discharge_extremes] -     -> Result 7Q30_low: Median T = nan (N=0)
2026-07-22 13:38:35,286 - INFO - [storyline.analyze_storyline_discharge_extremes] -   Analyzing 7Q10_high for Slow Jet & Northward Shift (summer, GWL 2.0)...
2026-07-22 13:38:35,289 - INFO - [storyline.analyze_storyline_discharge_extremes] -     -> Result 7Q10_high: Median T = 7.8 (N=5)
2026-07-22 13:38:35,289 - INFO - [storyline.analyze_storyline_discharge_extremes] -   Analyzing 7Q30_high for Slow Jet & Northward Shift (summer, GWL 2.0)...
2026-07-22 13:38:35,292 - INFO - [storyline.analyze_storyline_discharge_extremes] -     -> Result 7Q30_high: Median T = 15.5 (N=3)
2026-07-22 13:38:35,292 - INFO - [storyline.analyze_storyline_discharge_extremes] -   Analyzing 30Q10_low for Slow Jet & Northward Shift (summer, GWL 2.0)...
2026-07-22 13:38:35,295 - INFO - [storyline.analyze_storyline_discharge_extremes] -     -> Result 30Q10_low: Median T = 19.4 (N=2)
2026-07-22 13:38:35,295 - INFO - [storyline.analyze_storyline_discharge_extremes] -   Analyzing 30Q30_low for Slow Jet & Northward Shift (summer, GWL 2.0)...
2026-07-22 13:38:35,298 - INFO - [storyline.analyze_storyline_discharge_extremes] -     -> Result 30Q30_low: Median T = 31.0 (N=1)
2026-07-22 13:38:35,298 - INFO - [storyline.analyze_storyline_discharge_extremes] -   Analyzing 30Q10_high for Slow Jet & Northward Shift (summer, GWL 2.0)...
2026-07-22 13:38:35,301 - INFO - [storyline.analyze_storyline_discharge_extremes] -     -> Result 30Q10_high: Median T = 6.2 (N=5)
2026-07-22 13:38:35,301 - INFO - [storyline.analyze_storyline_discharge_extremes] -   Analyzing 30Q30_high for Slow Jet & Northward Shift (summer, GWL 2.0)...
2026-07-22 13:38:35,304 - INFO - [storyline.analyze_storyline_discharge_extremes] -     -> Result 30Q30_high: Median T = 12.9 (N=4)
2026-07-22 13:38:35,304 - INFO - [storyline.analyze_storyline_discharge_extremes] -   Analyzing 7Q10_low for Slow Jet & Southward Shift (summer, GWL 2.0)...
2026-07-22 13:38:35,306 - INFO - [storyline.analyze_storyline_discharge_extremes] -     -> Result 7Q10_low: Median T = 15.5 (N=1)
2026-07-22 13:38:35,306 - INFO - [storyline.analyze_storyline_discharge_extremes] -   Analyzing 7Q30_low for Slow Jet & Southward Shift (summer, GWL 2.0)...
2026-07-22 13:38:35,309 - INFO - [storyline.analyze_storyline_discharge_extremes] -     -> Result 7Q30_low: Median T = 31.0 (N=1)
2026-07-22 13:38:35,309 - INFO - [storyline.analyze_storyline_discharge_extremes] -   Analyzing 7Q10_high for Slow Jet & Southward Shift (summer, GWL 2.0)...
2026-07-22 13:38:35,311 - INFO - [storyline.analyze_storyline_discharge_extremes] -     -> Result 7Q10_high: Median T = 8.3 (N=4)
2026-07-22 13:38:35,311 - INFO - [storyline.analyze_storyline_discharge_extremes] -   Analyzing 7Q30_high for Slow Jet & Southward Shift (summer, GWL 2.0)...
2026-07-22 13:38:35,314 - INFO - [storyline.analyze_storyline_discharge_extremes] -     -> Result 7Q30_high: Median T = 15.5 (N=3)
2026-07-22 13:38:35,314 - INFO - [storyline.analyze_storyline_discharge_extremes] -   Analyzing 30Q10_low for Slow Jet & Southward Shift (summer, GWL 2.0)...
2026-07-22 13:38:35,316 - INFO - [storyline.analyze_storyline_discharge_extremes] -     -> Result 30Q10_low: Median T = 10.3 (N=1)
2026-07-22 13:38:35,316 - INFO - [storyline.analyze_storyline_discharge_extremes] -   Analyzing 30Q30_low for Slow Jet & Southward Shift (summer, GWL 2.0)...
2026-07-22 13:38:35,318 - INFO - [storyline.analyze_storyline_discharge_extremes] -     -> Result 30Q30_low: Median T = 31.0 (N=1)
2026-07-22 13:38:35,319 - INFO - [storyline.analyze_storyline_discharge_extremes] -   Analyzing 30Q10_high for Slow Jet & Southward Shift (summer, GWL 2.0)...
2026-07-22 13:38:35,321 - INFO - [storyline.analyze_storyline_discharge_extremes] -     -> Result 30Q10_high: Median T = 9.0 (N=4)
2026-07-22 13:38:35,321 - INFO - [storyline.analyze_storyline_discharge_extremes] -   Analyzing 30Q30_high for Slow Jet & Southward Shift (summer, GWL 2.0)...
2026-07-22 13:38:35,323 - INFO - [storyline.analyze_storyline_discharge_extremes] -     -> Result 30Q30_high: Median T = 23.2 (N=4)
2026-07-22 13:38:35,324 - INFO - [storyline.analyze_storyline_discharge_extremes] -   Analyzing 7Q10_low for Fast Jet & Southward Shift (summer, GWL 2.0)...
2026-07-22 13:38:35,326 - INFO - [storyline.analyze_storyline_discharge_extremes] -     -> Result 7Q10_low: Median T = 20.7 (N=2)
2026-07-22 13:38:35,326 - INFO - [storyline.analyze_storyline_discharge_extremes] -   Analyzing 7Q30_low for Fast Jet & Southward Shift (summer, GWL 2.0)...
2026-07-22 13:38:35,328 - INFO - [storyline.analyze_storyline_discharge_extremes] -     -> Result 7Q30_low: Median T = 31.0 (N=1)
2026-07-22 13:38:35,328 - INFO - [storyline.analyze_storyline_discharge_extremes] -   Analyzing 7Q10_high for Fast Jet & Southward Shift (summer, GWL 2.0)...
2026-07-22 13:38:35,331 - INFO - [storyline.analyze_storyline_discharge_extremes] -     -> Result 7Q10_high: Median T = 12.9 (N=4)
2026-07-22 13:38:35,331 - INFO - [storyline.analyze_storyline_discharge_extremes] -   Analyzing 7Q30_high for Fast Jet & Southward Shift (summer, GWL 2.0)...
2026-07-22 13:38:35,333 - INFO - [storyline.analyze_storyline_discharge_extremes] -     -> Result 7Q30_high: Median T = 15.5 (N=3)
2026-07-22 13:38:35,334 - INFO - [storyline.analyze_storyline_discharge_extremes] -   Analyzing 30Q10_low for Fast Jet & Southward Shift (summer, GWL 2.0)...
2026-07-22 13:38:35,336 - INFO - [storyline.analyze_storyline_discharge_extremes] -     -> Result 30Q10_low: Median T = 31.0 (N=3)
2026-07-22 13:38:35,336 - INFO - [storyline.analyze_storyline_discharge_extremes] -   Analyzing 30Q30_low for Fast Jet & Southward Shift (summer, GWL 2.0)...
2026-07-22 13:38:35,338 - INFO - [storyline.analyze_storyline_discharge_extremes] -     -> Result 30Q30_low: Median T = 31.0 (N=1)
2026-07-22 13:38:35,338 - INFO - [storyline.analyze_storyline_discharge_extremes] -   Analyzing 30Q10_high for Fast Jet & Southward Shift (summer, GWL 2.0)...
2026-07-22 13:38:35,341 - INFO - [storyline.analyze_storyline_discharge_extremes] -     -> Result 30Q10_high: Median T = 9.0 (N=4)
2026-07-22 13:38:35,341 - INFO - [storyline.analyze_storyline_discharge_extremes] -   Analyzing 30Q30_high for Fast Jet & Southward Shift (summer, GWL 2.0)...
2026-07-22 13:38:35,343 - INFO - [storyline.analyze_storyline_discharge_extremes] -     -> Result 30Q30_high: Median T = 10.3 (N=3)
2026-07-22 13:38:35,344 - INFO - [storyline.analyze_storyline_discharge_extremes] -   Analyzing 7Q10_low for Extreme Models (summer, GWL 2.0)...
2026-07-22 13:38:35,350 - INFO - [storyline.analyze_storyline_discharge_extremes] -     -> Result 7Q10_low: Median T = 15.5 (N=11)
2026-07-22 13:38:35,351 - INFO - [storyline.analyze_storyline_discharge_extremes] -   Analyzing 7Q30_low for Extreme Models (summer, GWL 2.0)...
2026-07-22 13:38:35,357 - INFO - [storyline.analyze_storyline_discharge_extremes] -     -> Result 7Q30_low: Median T = 31.0 (N=4)
2026-07-22 13:38:35,357 - INFO - [storyline.analyze_storyline_discharge_extremes] -   Analyzing 7Q10_high for Extreme Models (summer, GWL 2.0)...
2026-07-22 13:38:35,364 - INFO - [storyline.analyze_storyline_discharge_extremes] -     -> Result 7Q10_high: Median T = 9.0 (N=10)
2026-07-22 13:38:35,364 - INFO - [storyline.analyze_storyline_discharge_extremes] -   Analyzing 7Q30_high for Extreme Models (summer, GWL 2.0)...
2026-07-22 13:38:35,371 - INFO - [storyline.analyze_storyline_discharge_extremes] -     -> Result 7Q30_high: Median T = 15.5 (N=8)
2026-07-22 13:38:35,371 - INFO - [storyline.analyze_storyline_discharge_extremes] -   Analyzing 30Q10_low for Extreme Models (summer, GWL 2.0)...
2026-07-22 13:38:35,378 - INFO - [storyline.analyze_storyline_discharge_extremes] -     -> Result 30Q10_low: Median T = 12.9 (N=12)
2026-07-22 13:38:35,378 - INFO - [storyline.analyze_storyline_discharge_extremes] -   Analyzing 30Q30_low for Extreme Models (summer, GWL 2.0)...
2026-07-22 13:38:35,385 - INFO - [storyline.analyze_storyline_discharge_extremes] -     -> Result 30Q30_low: Median T = 31.0 (N=6)
2026-07-22 13:38:35,385 - INFO - [storyline.analyze_storyline_discharge_extremes] -   Analyzing 30Q10_high for Extreme Models (summer, GWL 2.0)...
2026-07-22 13:38:35,392 - INFO - [storyline.analyze_storyline_discharge_extremes] -     -> Result 30Q10_high: Median T = 15.5 (N=12)
2026-07-22 13:38:35,392 - INFO - [storyline.analyze_storyline_discharge_extremes] -   Analyzing 30Q30_high for Extreme Models (summer, GWL 2.0)...
2026-07-22 13:38:35,399 - INFO - [storyline.analyze_storyline_discharge_extremes] -     -> Result 30Q30_high: Median T = 31.0 (N=7)
2026-07-22 13:38:35,399 - INFO - [storyline.analyze_storyline_discharge_extremes] -   Analyzing 7Q10_low for Non-Extreme Models (summer, GWL 2.0)...
2026-07-22 13:38:35,405 - INFO - [storyline.analyze_storyline_discharge_extremes] -     -> Result 7Q10_low: Median T = 31.0 (N=3)
2026-07-22 13:38:35,405 - INFO - [storyline.analyze_storyline_discharge_extremes] -   Analyzing 7Q30_low for Non-Extreme Models (summer, GWL 2.0)...
2026-07-22 13:38:35,412 - INFO - [storyline.analyze_storyline_discharge_extremes] -     -> Result 7Q30_low: Median T = 31.0 (N=3)
2026-07-22 13:38:35,412 - INFO - [storyline.analyze_storyline_discharge_extremes] -   Analyzing 7Q10_high for Non-Extreme Models (summer, GWL 2.0)...
2026-07-22 13:38:35,420 - INFO - [storyline.analyze_storyline_discharge_extremes] -     -> Result 7Q10_high: Median T = 10.3 (N=11)
2026-07-22 13:38:35,420 - INFO - [storyline.analyze_storyline_discharge_extremes] -   Analyzing 7Q30_high for Non-Extreme Models (summer, GWL 2.0)...
2026-07-22 13:38:35,426 - INFO - [storyline.analyze_storyline_discharge_extremes] -     -> Result 7Q30_high: Median T = 12.9 (N=6)
2026-07-22 13:38:35,426 - INFO - [storyline.analyze_storyline_discharge_extremes] -   Analyzing 30Q10_low for Non-Extreme Models (summer, GWL 2.0)...
2026-07-22 13:38:35,433 - INFO - [storyline.analyze_storyline_discharge_extremes] -     -> Result 30Q10_low: Median T = 31.0 (N=4)
2026-07-22 13:38:35,433 - INFO - [storyline.analyze_storyline_discharge_extremes] -   Analyzing 30Q30_low for Non-Extreme Models (summer, GWL 2.0)...
2026-07-22 13:38:35,440 - INFO - [storyline.analyze_storyline_discharge_extremes] -     -> Result 30Q30_low: Median T = 31.0 (N=3)
2026-07-22 13:38:35,440 - INFO - [storyline.analyze_storyline_discharge_extremes] -   Analyzing 30Q10_high for Non-Extreme Models (summer, GWL 2.0)...
2026-07-22 13:38:35,447 - INFO - [storyline.analyze_storyline_discharge_extremes] -     -> Result 30Q10_high: Median T = 7.8 (N=11)
2026-07-22 13:38:35,447 - INFO - [storyline.analyze_storyline_discharge_extremes] -   Analyzing 30Q30_high for Non-Extreme Models (summer, GWL 2.0)...
2026-07-22 13:38:35,453 - INFO - [storyline.analyze_storyline_discharge_extremes] -     -> Result 30Q30_high: Median T = 12.9 (N=8)
2026-07-22 13:38:35,453 - INFO - [storyline.analyze_storyline_discharge_extremes] -   Analyzing 7Q10_low for MMM (full_year, GWL 2.0)...
2026-07-22 13:38:35,467 - INFO - [storyline.analyze_storyline_discharge_extremes] -     -> Result 7Q10_low: Median T = 10.3 (N=19)
2026-07-22 13:38:35,467 - INFO - [storyline.analyze_storyline_discharge_extremes] -   Analyzing 7Q30_low for MMM (full_year, GWL 2.0)...
2026-07-22 13:38:35,481 - INFO - [storyline.analyze_storyline_discharge_extremes] -     -> Result 7Q30_low: Median T = 15.5 (N=15)
2026-07-22 13:38:35,481 - INFO - [storyline.analyze_storyline_discharge_extremes] -   Analyzing 7Q10_high for MMM (full_year, GWL 2.0)...
2026-07-22 13:38:35,495 - INFO - [storyline.analyze_storyline_discharge_extremes] -     -> Result 7Q10_high: Median T = 7.8 (N=24)
2026-07-22 13:38:35,495 - INFO - [storyline.analyze_storyline_discharge_extremes] -   Analyzing 7Q30_high for MMM (full_year, GWL 2.0)...
2026-07-22 13:38:35,508 - INFO - [storyline.analyze_storyline_discharge_extremes] -     -> Result 7Q30_high: Median T = 15.5 (N=17)
2026-07-22 13:38:35,508 - INFO - [storyline.analyze_storyline_discharge_extremes] -   Analyzing 30Q10_low for MMM (full_year, GWL 2.0)...
2026-07-22 13:38:35,522 - INFO - [storyline.analyze_storyline_discharge_extremes] -     -> Result 30Q10_low: Median T = 7.8 (N=19)
2026-07-22 13:38:35,522 - INFO - [storyline.analyze_storyline_discharge_extremes] -   Analyzing 30Q30_low for MMM (full_year, GWL 2.0)...
2026-07-22 13:38:35,536 - INFO - [storyline.analyze_storyline_discharge_extremes] -     -> Result 30Q30_low: Median T = 15.5 (N=13)
2026-07-22 13:38:35,536 - INFO - [storyline.analyze_storyline_discharge_extremes] -   Analyzing 30Q10_high for MMM (full_year, GWL 2.0)...
2026-07-22 13:38:35,549 - INFO - [storyline.analyze_storyline_discharge_extremes] -     -> Result 30Q10_high: Median T = 7.8 (N=25)
2026-07-22 13:38:35,549 - INFO - [storyline.analyze_storyline_discharge_extremes] -   Analyzing 30Q30_high for MMM (full_year, GWL 2.0)...
2026-07-22 13:38:35,563 - INFO - [storyline.analyze_storyline_discharge_extremes] -     -> Result 30Q30_high: Median T = 15.5 (N=18)
2026-07-22 13:38:35,563 - INFO - [storyline.analyze_storyline_discharge_extremes] -   Analyzing 7Q10_low for Fast Jet & Northward Shift (full_year, GWL 2.0)...
2026-07-22 13:38:35,565 - INFO - [storyline.analyze_storyline_discharge_extremes] -     -> Result 7Q10_low: Median T = 10.3 (N=3)
2026-07-22 13:38:35,565 - INFO - [storyline.analyze_storyline_discharge_extremes] -   Analyzing 7Q30_low for Fast Jet & Northward Shift (full_year, GWL 2.0)...
2026-07-22 13:38:35,568 - INFO - [storyline.analyze_storyline_discharge_extremes] -     -> Result 7Q30_low: Median T = 31.0 (N=3)
2026-07-22 13:38:35,568 - INFO - [storyline.analyze_storyline_discharge_extremes] -   Analyzing 7Q10_high for Fast Jet & Northward Shift (full_year, GWL 2.0)...
2026-07-22 13:38:35,570 - INFO - [storyline.analyze_storyline_discharge_extremes] -     -> Result 7Q10_high: Median T = 9.0 (N=4)
2026-07-22 13:38:35,570 - INFO - [storyline.analyze_storyline_discharge_extremes] -   Analyzing 7Q30_high for Fast Jet & Northward Shift (full_year, GWL 2.0)...
2026-07-22 13:38:35,573 - INFO - [storyline.analyze_storyline_discharge_extremes] -     -> Result 7Q30_high: Median T = 15.5 (N=2)
2026-07-22 13:38:35,573 - INFO - [storyline.analyze_storyline_discharge_extremes] -   Analyzing 30Q10_low for Fast Jet & Northward Shift (full_year, GWL 2.0)...
2026-07-22 13:38:35,575 - INFO - [storyline.analyze_storyline_discharge_extremes] -     -> Result 30Q10_low: Median T = 10.8 (N=4)
2026-07-22 13:38:35,575 - INFO - [storyline.analyze_storyline_discharge_extremes] -   Analyzing 30Q30_low for Fast Jet & Northward Shift (full_year, GWL 2.0)...
2026-07-22 13:38:35,578 - INFO - [storyline.analyze_storyline_discharge_extremes] -     -> Result 30Q30_low: Median T = 19.4 (N=2)
2026-07-22 13:38:35,578 - INFO - [storyline.analyze_storyline_discharge_extremes] -   Analyzing 30Q10_high for Fast Jet & Northward Shift (full_year, GWL 2.0)...
2026-07-22 13:38:35,580 - INFO - [storyline.analyze_storyline_discharge_extremes] -     -> Result 30Q10_high: Median T = 11.6 (N=4)
2026-07-22 13:38:35,580 - INFO - [storyline.analyze_storyline_discharge_extremes] -   Analyzing 30Q30_high for Fast Jet & Northward Shift (full_year, GWL 2.0)...
2026-07-22 13:38:35,582 - INFO - [storyline.analyze_storyline_discharge_extremes] -     -> Result 30Q30_high: Median T = 6.2 (N=1)
2026-07-22 13:38:35,582 - INFO - [storyline.analyze_storyline_discharge_extremes] -   Analyzing 7Q10_low for Slow Jet & Northward Shift (full_year, GWL 2.0)...
2026-07-22 13:38:35,587 - INFO - [storyline.analyze_storyline_discharge_extremes] -     -> Result 7Q10_low: Median T = 6.2 (N=6)
2026-07-22 13:38:35,587 - INFO - [storyline.analyze_storyline_discharge_extremes] -   Analyzing 7Q30_low for Slow Jet & Northward Shift (full_year, GWL 2.0)...
2026-07-22 13:38:35,591 - INFO - [storyline.analyze_storyline_discharge_extremes] -     -> Result 7Q30_low: Median T = 15.5 (N=5)
2026-07-22 13:38:35,592 - INFO - [storyline.analyze_storyline_discharge_extremes] -   Analyzing 7Q10_high for Slow Jet & Northward Shift (full_year, GWL 2.0)...
2026-07-22 13:38:35,596 - INFO - [storyline.analyze_storyline_discharge_extremes] -     -> Result 7Q10_high: Median T = 7.8 (N=7)
2026-07-22 13:38:35,596 - INFO - [storyline.analyze_storyline_discharge_extremes] -   Analyzing 7Q30_high for Slow Jet & Northward Shift (full_year, GWL 2.0)...
2026-07-22 13:38:35,601 - INFO - [storyline.analyze_storyline_discharge_extremes] -     -> Result 7Q30_high: Median T = 15.5 (N=5)
2026-07-22 13:38:35,601 - INFO - [storyline.analyze_storyline_discharge_extremes] -   Analyzing 30Q10_low for Slow Jet & Northward Shift (full_year, GWL 2.0)...
2026-07-22 13:38:35,605 - INFO - [storyline.analyze_storyline_discharge_extremes] -     -> Result 30Q10_low: Median T = 4.8 (N=6)
2026-07-22 13:38:35,605 - INFO - [storyline.analyze_storyline_discharge_extremes] -   Analyzing 30Q30_low for Slow Jet & Northward Shift (full_year, GWL 2.0)...
2026-07-22 13:38:35,610 - INFO - [storyline.analyze_storyline_discharge_extremes] -     -> Result 30Q30_low: Median T = 15.5 (N=5)
2026-07-22 13:38:35,610 - INFO - [storyline.analyze_storyline_discharge_extremes] -   Analyzing 30Q10_high for Slow Jet & Northward Shift (full_year, GWL 2.0)...
2026-07-22 13:38:35,614 - INFO - [storyline.analyze_storyline_discharge_extremes] -     -> Result 30Q10_high: Median T = 7.8 (N=8)
2026-07-22 13:38:35,614 - INFO - [storyline.analyze_storyline_discharge_extremes] -   Analyzing 30Q30_high for Slow Jet & Northward Shift (full_year, GWL 2.0)...
2026-07-22 13:38:35,619 - INFO - [storyline.analyze_storyline_discharge_extremes] -     -> Result 30Q30_high: Median T = 31.0 (N=6)
2026-07-22 13:38:35,619 - INFO - [storyline.analyze_storyline_discharge_extremes] -   Analyzing 7Q10_low for Slow Jet & Southward Shift (full_year, GWL 2.0)...
2026-07-22 13:38:35,622 - INFO - [storyline.analyze_storyline_discharge_extremes] -     -> Result 7Q10_low: Median T = 15.5 (N=3)
2026-07-22 13:38:35,622 - INFO - [storyline.analyze_storyline_discharge_extremes] -   Analyzing 7Q30_low for Slow Jet & Southward Shift (full_year, GWL 2.0)...
2026-07-22 13:38:35,625 - INFO - [storyline.analyze_storyline_discharge_extremes] -     -> Result 7Q30_low: Median T = 31.0 (N=3)
2026-07-22 13:38:35,625 - INFO - [storyline.analyze_storyline_discharge_extremes] -   Analyzing 7Q10_high for Slow Jet & Southward Shift (full_year, GWL 2.0)...
2026-07-22 13:38:35,628 - INFO - [storyline.analyze_storyline_discharge_extremes] -     -> Result 7Q10_high: Median T = 5.2 (N=5)
2026-07-22 13:38:35,628 - INFO - [storyline.analyze_storyline_discharge_extremes] -   Analyzing 7Q30_high for Slow Jet & Southward Shift (full_year, GWL 2.0)...
2026-07-22 13:38:35,631 - INFO - [storyline.analyze_storyline_discharge_extremes] -     -> Result 7Q30_high: Median T = 9.0 (N=4)
2026-07-22 13:38:35,631 - INFO - [storyline.analyze_storyline_discharge_extremes] -   Analyzing 30Q10_low for Slow Jet & Southward Shift (full_year, GWL 2.0)...
2026-07-22 13:38:35,634 - INFO - [storyline.analyze_storyline_discharge_extremes] -     -> Result 30Q10_low: Median T = 15.5 (N=3)
2026-07-22 13:38:35,634 - INFO - [storyline.analyze_storyline_discharge_extremes] -   Analyzing 30Q30_low for Slow Jet & Southward Shift (full_year, GWL 2.0)...
2026-07-22 13:38:35,637 - INFO - [storyline.analyze_storyline_discharge_extremes] -     -> Result 30Q30_low: Median T = 23.2 (N=2)
2026-07-22 13:38:35,637 - INFO - [storyline.analyze_storyline_discharge_extremes] -   Analyzing 30Q10_high for Slow Jet & Southward Shift (full_year, GWL 2.0)...
2026-07-22 13:38:35,639 - INFO - [storyline.analyze_storyline_discharge_extremes] -     -> Result 30Q10_high: Median T = 5.2 (N=5)
2026-07-22 13:38:35,640 - INFO - [storyline.analyze_storyline_discharge_extremes] -   Analyzing 30Q30_high for Slow Jet & Southward Shift (full_year, GWL 2.0)...
2026-07-22 13:38:35,642 - INFO - [storyline.analyze_storyline_discharge_extremes] -     -> Result 30Q30_high: Median T = 12.9 (N=4)
2026-07-22 13:38:35,642 - INFO - [storyline.analyze_storyline_discharge_extremes] -   Analyzing 7Q10_low for Fast Jet & Southward Shift (full_year, GWL 2.0)...
2026-07-22 13:38:35,644 - INFO - [storyline.analyze_storyline_discharge_extremes] -     -> Result 7Q10_low: Median T = 7.8 (N=3)
2026-07-22 13:38:35,644 - INFO - [storyline.analyze_storyline_discharge_extremes] -   Analyzing 7Q30_low for Fast Jet & Southward Shift (full_year, GWL 2.0)...
2026-07-22 13:38:35,646 - INFO - [storyline.analyze_storyline_discharge_extremes] -     -> Result 7Q30_low: Median T = 15.5 (N=3)
2026-07-22 13:38:35,646 - INFO - [storyline.analyze_storyline_discharge_extremes] -   Analyzing 7Q10_high for Fast Jet & Southward Shift (full_year, GWL 2.0)...
2026-07-22 13:38:35,648 - INFO - [storyline.analyze_storyline_discharge_extremes] -     -> Result 7Q10_high: Median T = 5.2 (N=3)
2026-07-22 13:38:35,648 - INFO - [storyline.analyze_storyline_discharge_extremes] -   Analyzing 7Q30_high for Fast Jet & Southward Shift (full_year, GWL 2.0)...
2026-07-22 13:38:35,650 - INFO - [storyline.analyze_storyline_discharge_extremes] -     -> Result 7Q30_high: Median T = 10.3 (N=3)
2026-07-22 13:38:35,650 - INFO - [storyline.analyze_storyline_discharge_extremes] -   Analyzing 30Q10_low for Fast Jet & Southward Shift (full_year, GWL 2.0)...
2026-07-22 13:38:35,652 - INFO - [storyline.analyze_storyline_discharge_extremes] -     -> Result 30Q10_low: Median T = 5.2 (N=3)
2026-07-22 13:38:35,652 - INFO - [storyline.analyze_storyline_discharge_extremes] -   Analyzing 30Q30_low for Fast Jet & Southward Shift (full_year, GWL 2.0)...
2026-07-22 13:38:35,654 - INFO - [storyline.analyze_storyline_discharge_extremes] -     -> Result 30Q30_low: Median T = 31.0 (N=3)
2026-07-22 13:38:35,654 - INFO - [storyline.analyze_storyline_discharge_extremes] -   Analyzing 30Q10_high for Fast Jet & Southward Shift (full_year, GWL 2.0)...
2026-07-22 13:38:35,656 - INFO - [storyline.analyze_storyline_discharge_extremes] -     -> Result 30Q10_high: Median T = 10.3 (N=3)
2026-07-22 13:38:35,656 - INFO - [storyline.analyze_storyline_discharge_extremes] -   Analyzing 30Q30_high for Fast Jet & Southward Shift (full_year, GWL 2.0)...
2026-07-22 13:38:35,658 - INFO - [storyline.analyze_storyline_discharge_extremes] -     -> Result 30Q30_high: Median T = 10.3 (N=3)
2026-07-22 13:38:35,658 - INFO - [storyline.analyze_storyline_discharge_extremes] -   Analyzing 7Q10_low for Extreme Models (full_year, GWL 2.0)...
2026-07-22 13:38:35,665 - INFO - [storyline.analyze_storyline_discharge_extremes] -     -> Result 7Q10_low: Median T = 7.0 (N=12)
2026-07-22 13:38:35,665 - INFO - [storyline.analyze_storyline_discharge_extremes] -   Analyzing 7Q30_low for Extreme Models (full_year, GWL 2.0)...
2026-07-22 13:38:35,672 - INFO - [storyline.analyze_storyline_discharge_extremes] -     -> Result 7Q30_low: Median T = 15.5 (N=11)
2026-07-22 13:38:35,672 - INFO - [storyline.analyze_storyline_discharge_extremes] -   Analyzing 7Q10_high for Extreme Models (full_year, GWL 2.0)...
2026-07-22 13:38:35,680 - INFO - [storyline.analyze_storyline_discharge_extremes] -     -> Result 7Q10_high: Median T = 10.3 (N=11)
2026-07-22 13:38:35,680 - INFO - [storyline.analyze_storyline_discharge_extremes] -   Analyzing 7Q30_high for Extreme Models (full_year, GWL 2.0)...
2026-07-22 13:38:35,686 - INFO - [storyline.analyze_storyline_discharge_extremes] -     -> Result 7Q30_high: Median T = 12.9 (N=8)
2026-07-22 13:38:35,686 - INFO - [storyline.analyze_storyline_discharge_extremes] -   Analyzing 30Q10_low for Extreme Models (full_year, GWL 2.0)...
2026-07-22 13:38:35,693 - INFO - [storyline.analyze_storyline_discharge_extremes] -     -> Result 30Q10_low: Median T = 5.7 (N=12)
2026-07-22 13:38:35,693 - INFO - [storyline.analyze_storyline_discharge_extremes] -   Analyzing 30Q30_low for Extreme Models (full_year, GWL 2.0)...
2026-07-22 13:38:35,700 - INFO - [storyline.analyze_storyline_discharge_extremes] -     -> Result 30Q30_low: Median T = 12.9 (N=10)
2026-07-22 13:38:35,700 - INFO - [storyline.analyze_storyline_discharge_extremes] -   Analyzing 30Q10_high for Extreme Models (full_year, GWL 2.0)...
2026-07-22 13:38:35,706 - INFO - [storyline.analyze_storyline_discharge_extremes] -     -> Result 30Q10_high: Median T = 10.3 (N=12)
2026-07-22 13:38:35,706 - INFO - [storyline.analyze_storyline_discharge_extremes] -   Analyzing 30Q30_high for Extreme Models (full_year, GWL 2.0)...
2026-07-22 13:38:35,713 - INFO - [storyline.analyze_storyline_discharge_extremes] -     -> Result 30Q30_high: Median T = 20.7 (N=8)
2026-07-22 13:38:35,713 - INFO - [storyline.analyze_storyline_discharge_extremes] -   Analyzing 7Q10_low for Non-Extreme Models (full_year, GWL 2.0)...
2026-07-22 13:38:35,720 - INFO - [storyline.analyze_storyline_discharge_extremes] -     -> Result 7Q10_low: Median T = 15.5 (N=6)
2026-07-22 13:38:35,720 - INFO - [storyline.analyze_storyline_discharge_extremes] -   Analyzing 7Q30_low for Non-Extreme Models (full_year, GWL 2.0)...
2026-07-22 13:38:35,726 - INFO - [storyline.analyze_storyline_discharge_extremes] -     -> Result 7Q30_low: Median T = 31.0 (N=3)
2026-07-22 13:38:35,727 - INFO - [storyline.analyze_storyline_discharge_extremes] -   Analyzing 7Q10_high for Non-Extreme Models (full_year, GWL 2.0)...
2026-07-22 13:38:35,733 - INFO - [storyline.analyze_storyline_discharge_extremes] -     -> Result 7Q10_high: Median T = 6.5 (N=12)
2026-07-22 13:38:35,733 - INFO - [storyline.analyze_storyline_discharge_extremes] -   Analyzing 7Q30_high for Non-Extreme Models (full_year, GWL 2.0)...
2026-07-22 13:38:35,740 - INFO - [storyline.analyze_storyline_discharge_extremes] -     -> Result 7Q30_high: Median T = 15.5 (N=8)
2026-07-22 13:38:35,740 - INFO - [storyline.analyze_storyline_discharge_extremes] -   Analyzing 30Q10_low for Non-Extreme Models (full_year, GWL 2.0)...
2026-07-22 13:38:35,747 - INFO - [storyline.analyze_storyline_discharge_extremes] -     -> Result 30Q10_low: Median T = 15.5 (N=6)
2026-07-22 13:38:35,747 - INFO - [storyline.analyze_storyline_discharge_extremes] -   Analyzing 30Q30_low for Non-Extreme Models (full_year, GWL 2.0)...
2026-07-22 13:38:35,753 - INFO - [storyline.analyze_storyline_discharge_extremes] -     -> Result 30Q30_low: Median T = 23.2 (N=2)
2026-07-22 13:38:35,753 - INFO - [storyline.analyze_storyline_discharge_extremes] -   Analyzing 30Q10_high for Non-Extreme Models (full_year, GWL 2.0)...
2026-07-22 13:38:35,760 - INFO - [storyline.analyze_storyline_discharge_extremes] -     -> Result 30Q10_high: Median T = 7.0 (N=12)
2026-07-22 13:38:35,760 - INFO - [storyline.analyze_storyline_discharge_extremes] -   Analyzing 30Q30_high for Non-Extreme Models (full_year, GWL 2.0)...
2026-07-22 13:38:35,767 - INFO - [storyline.analyze_storyline_discharge_extremes] -     -> Result 30Q30_high: Median T = 15.5 (N=9)
2026-07-22 13:38:35,767 - INFO - [storyline.analyze_storyline_discharge_extremes] -   Analyzing 7Q10_low for MMM (winter, GWL 3.0)...
2026-07-22 13:38:35,773 - INFO - [storyline.analyze_storyline_discharge_extremes] -     -> Result 7Q10_low: Median T = 8.3 (N=10)
2026-07-22 13:38:35,773 - INFO - [storyline.analyze_storyline_discharge_extremes] -   Analyzing 7Q30_low for MMM (winter, GWL 3.0)...
2026-07-22 13:38:35,779 - INFO - [storyline.analyze_storyline_discharge_extremes] -     -> Result 7Q30_low: Median T = 31.0 (N=8)
2026-07-22 13:38:35,779 - INFO - [storyline.analyze_storyline_discharge_extremes] -   Analyzing 7Q10_high for MMM (winter, GWL 3.0)...
2026-07-22 13:38:35,785 - INFO - [storyline.analyze_storyline_discharge_extremes] -     -> Result 7Q10_high: Median T = 15.5 (N=9)
2026-07-22 13:38:35,785 - INFO - [storyline.analyze_storyline_discharge_extremes] -   Analyzing 7Q30_high for MMM (winter, GWL 3.0)...
2026-07-22 13:38:35,791 - INFO - [storyline.analyze_storyline_discharge_extremes] -     -> Result 7Q30_high: Median T = 31.0 (N=6)
2026-07-22 13:38:35,792 - INFO - [storyline.analyze_storyline_discharge_extremes] -   Analyzing 30Q10_low for MMM (winter, GWL 3.0)...
2026-07-22 13:38:35,798 - INFO - [storyline.analyze_storyline_discharge_extremes] -     -> Result 30Q10_low: Median T = 15.5 (N=11)
2026-07-22 13:38:35,798 - INFO - [storyline.analyze_storyline_discharge_extremes] -   Analyzing 30Q30_low for MMM (winter, GWL 3.0)...
2026-07-22 13:38:35,804 - INFO - [storyline.analyze_storyline_discharge_extremes] -     -> Result 30Q30_low: Median T = 15.5 (N=7)
2026-07-22 13:38:35,804 - INFO - [storyline.analyze_storyline_discharge_extremes] -   Analyzing 30Q10_high for MMM (winter, GWL 3.0)...
2026-07-22 13:38:35,810 - INFO - [storyline.analyze_storyline_discharge_extremes] -     -> Result 30Q10_high: Median T = 15.5 (N=8)
2026-07-22 13:38:35,810 - INFO - [storyline.analyze_storyline_discharge_extremes] -   Analyzing 30Q30_high for MMM (winter, GWL 3.0)...
2026-07-22 13:38:35,816 - INFO - [storyline.analyze_storyline_discharge_extremes] -     -> Result 30Q30_high: Median T = 31.0 (N=5)
2026-07-22 13:38:35,816 - INFO - [storyline.analyze_storyline_discharge_extremes] -   Analyzing 7Q10_low for Slow Jet & Northward Shift (winter, GWL 3.0)...
2026-07-22 13:38:35,819 - INFO - [storyline.analyze_storyline_discharge_extremes] -     -> Result 7Q10_low: Median T = 10.3 (N=5)
2026-07-22 13:38:35,819 - INFO - [storyline.analyze_storyline_discharge_extremes] -   Analyzing 7Q30_low for Slow Jet & Northward Shift (winter, GWL 3.0)...
2026-07-22 13:38:35,822 - INFO - [storyline.analyze_storyline_discharge_extremes] -     -> Result 7Q30_low: Median T = 31.0 (N=3)
2026-07-22 13:38:35,822 - INFO - [storyline.analyze_storyline_discharge_extremes] -   Analyzing 7Q10_high for Slow Jet & Northward Shift (winter, GWL 3.0)...
2026-07-22 13:38:35,825 - INFO - [storyline.analyze_storyline_discharge_extremes] -     -> Result 7Q10_high: Median T = 9.0 (N=4)
2026-07-22 13:38:35,825 - INFO - [storyline.analyze_storyline_discharge_extremes] -   Analyzing 7Q30_high for Slow Jet & Northward Shift (winter, GWL 3.0)...
2026-07-22 13:38:35,828 - INFO - [storyline.analyze_storyline_discharge_extremes] -     -> Result 7Q30_high: Median T = 23.2 (N=4)
2026-07-22 13:38:35,828 - INFO - [storyline.analyze_storyline_discharge_extremes] -   Analyzing 30Q10_low for Slow Jet & Northward Shift (winter, GWL 3.0)...
2026-07-22 13:38:35,831 - INFO - [storyline.analyze_storyline_discharge_extremes] -     -> Result 30Q10_low: Median T = 15.5 (N=5)
2026-07-22 13:38:35,831 - INFO - [storyline.analyze_storyline_discharge_extremes] -   Analyzing 30Q30_low for Slow Jet & Northward Shift (winter, GWL 3.0)...
2026-07-22 13:38:35,834 - INFO - [storyline.analyze_storyline_discharge_extremes] -     -> Result 30Q30_low: Median T = 17.2 (N=2)
2026-07-22 13:38:35,834 - INFO - [storyline.analyze_storyline_discharge_extremes] -   Analyzing 30Q10_high for Slow Jet & Northward Shift (winter, GWL 3.0)...
2026-07-22 13:38:35,837 - INFO - [storyline.analyze_storyline_discharge_extremes] -     -> Result 30Q10_high: Median T = 10.3 (N=4)
2026-07-22 13:38:35,837 - INFO - [storyline.analyze_storyline_discharge_extremes] -   Analyzing 30Q30_high for Slow Jet & Northward Shift (winter, GWL 3.0)...
2026-07-22 13:38:35,840 - INFO - [storyline.analyze_storyline_discharge_extremes] -     -> Result 30Q30_high: Median T = 15.5 (N=3)
2026-07-22 13:38:35,840 - INFO - [storyline.analyze_storyline_discharge_extremes] -   Analyzing 7Q10_low for Fast Jet & Southward Shift (winter, GWL 3.0)...
2026-07-22 13:38:35,843 - INFO - [storyline.analyze_storyline_discharge_extremes] -     -> Result 7Q10_low: Median T = 4.5 (N=4)
2026-07-22 13:38:35,843 - INFO - [storyline.analyze_storyline_discharge_extremes] -   Analyzing 7Q30_low for Fast Jet & Southward Shift (winter, GWL 3.0)...
2026-07-22 13:38:35,845 - INFO - [storyline.analyze_storyline_discharge_extremes] -     -> Result 7Q30_low: Median T = 20.7 (N=4)
2026-07-22 13:38:35,845 - INFO - [storyline.analyze_storyline_discharge_extremes] -   Analyzing 7Q10_high for Fast Jet & Southward Shift (winter, GWL 3.0)...
2026-07-22 13:38:35,848 - INFO - [storyline.analyze_storyline_discharge_extremes] -     -> Result 7Q10_high: Median T = 15.5 (N=3)
2026-07-22 13:38:35,848 - INFO - [storyline.analyze_storyline_discharge_extremes] -   Analyzing 7Q30_high for Fast Jet & Southward Shift (winter, GWL 3.0)...
2026-07-22 13:38:35,850 - INFO - [storyline.analyze_storyline_discharge_extremes] -     -> Result 7Q30_high: Median T = 31.0 (N=2)
2026-07-22 13:38:35,850 - INFO - [storyline.analyze_storyline_discharge_extremes] -   Analyzing 30Q10_low for Fast Jet & Southward Shift (winter, GWL 3.0)...
2026-07-22 13:38:35,853 - INFO - [storyline.analyze_storyline_discharge_extremes] -     -> Result 30Q10_low: Median T = 4.8 (N=4)
2026-07-22 13:38:35,853 - INFO - [storyline.analyze_storyline_discharge_extremes] -   Analyzing 30Q30_low for Fast Jet & Southward Shift (winter, GWL 3.0)...
2026-07-22 13:38:35,855 - INFO - [storyline.analyze_storyline_discharge_extremes] -     -> Result 30Q30_low: Median T = 15.5 (N=4)
2026-07-22 13:38:35,855 - INFO - [storyline.analyze_storyline_discharge_extremes] -   Analyzing 30Q10_high for Fast Jet & Southward Shift (winter, GWL 3.0)...
2026-07-22 13:38:35,857 - INFO - [storyline.analyze_storyline_discharge_extremes] -     -> Result 30Q10_high: Median T = 15.5 (N=2)
2026-07-22 13:38:35,857 - INFO - [storyline.analyze_storyline_discharge_extremes] -   Analyzing 30Q30_high for Fast Jet & Southward Shift (winter, GWL 3.0)...
2026-07-22 13:38:35,860 - INFO - [storyline.analyze_storyline_discharge_extremes] -     -> Result 30Q30_high: Median T = 31.0 (N=1)
2026-07-22 13:38:35,860 - INFO - [storyline.analyze_storyline_discharge_extremes] -   Analyzing 7Q10_low for Extreme Models (winter, GWL 3.0)...
2026-07-22 13:38:35,863 - INFO - [storyline.analyze_storyline_discharge_extremes] -     -> Result 7Q10_low: Median T = 3.9 (N=5)
2026-07-22 13:38:35,863 - INFO - [storyline.analyze_storyline_discharge_extremes] -   Analyzing 7Q30_low for Extreme Models (winter, GWL 3.0)...
2026-07-22 13:38:35,866 - INFO - [storyline.analyze_storyline_discharge_extremes] -     -> Result 7Q30_low: Median T = 10.3 (N=5)
2026-07-22 13:38:35,866 - INFO - [storyline.analyze_storyline_discharge_extremes] -   Analyzing 7Q10_high for Extreme Models (winter, GWL 3.0)...
2026-07-22 13:38:35,869 - INFO - [storyline.analyze_storyline_discharge_extremes] -     -> Result 7Q10_high: Median T = 15.5 (N=3)
2026-07-22 13:38:35,869 - INFO - [storyline.analyze_storyline_discharge_extremes] -   Analyzing 7Q30_high for Extreme Models (winter, GWL 3.0)...
2026-07-22 13:38:35,872 - INFO - [storyline.analyze_storyline_discharge_extremes] -     -> Result 7Q30_high: Median T = 18.1 (N=2)
2026-07-22 13:38:35,872 - INFO - [storyline.analyze_storyline_discharge_extremes] -   Analyzing 30Q10_low for Extreme Models (winter, GWL 3.0)...
2026-07-22 13:38:35,875 - INFO - [storyline.analyze_storyline_discharge_extremes] -     -> Result 30Q10_low: Median T = 4.4 (N=5)
2026-07-22 13:38:35,875 - INFO - [storyline.analyze_storyline_discharge_extremes] -   Analyzing 30Q30_low for Extreme Models (winter, GWL 3.0)...
2026-07-22 13:38:35,878 - INFO - [storyline.analyze_storyline_discharge_extremes] -     -> Result 30Q30_low: Median T = 15.5 (N=5)
2026-07-22 13:38:35,878 - INFO - [storyline.analyze_storyline_discharge_extremes] -   Analyzing 30Q10_high for Extreme Models (winter, GWL 3.0)...
2026-07-22 13:38:35,881 - INFO - [storyline.analyze_storyline_discharge_extremes] -     -> Result 30Q10_high: Median T = 10.0 (N=2)
2026-07-22 13:38:35,881 - INFO - [storyline.analyze_storyline_discharge_extremes] -   Analyzing 30Q30_high for Extreme Models (winter, GWL 3.0)...
2026-07-22 13:38:35,883 - INFO - [storyline.analyze_storyline_discharge_extremes] -     -> Result 30Q30_high: Median T = 6.2 (N=1)
2026-07-22 13:38:35,883 - INFO - [storyline.analyze_storyline_discharge_extremes] -   Analyzing 7Q10_low for Non-Extreme Models (winter, GWL 3.0)...
2026-07-22 13:38:35,886 - INFO - [storyline.analyze_storyline_discharge_extremes] -     -> Result 7Q10_low: Median T = 12.9 (N=4)
2026-07-22 13:38:35,886 - INFO - [storyline.analyze_storyline_discharge_extremes] -   Analyzing 7Q30_low for Non-Extreme Models (winter, GWL 3.0)...
2026-07-22 13:38:35,889 - INFO - [storyline.analyze_storyline_discharge_extremes] -     -> Result 7Q30_low: Median T = 31.0 (N=3)
2026-07-22 13:38:35,889 - INFO - [storyline.analyze_storyline_discharge_extremes] -   Analyzing 7Q10_high for Non-Extreme Models (winter, GWL 3.0)...
2026-07-22 13:38:35,892 - INFO - [storyline.analyze_storyline_discharge_extremes] -     -> Result 7Q10_high: Median T = 15.5 (N=5)
2026-07-22 13:38:35,892 - INFO - [storyline.analyze_storyline_discharge_extremes] -   Analyzing 7Q30_high for Non-Extreme Models (winter, GWL 3.0)...
2026-07-22 13:38:35,895 - INFO - [storyline.analyze_storyline_discharge_extremes] -     -> Result 7Q30_high: Median T = 31.0 (N=3)
2026-07-22 13:38:35,895 - INFO - [storyline.analyze_storyline_discharge_extremes] -   Analyzing 30Q10_low for Non-Extreme Models (winter, GWL 3.0)...
2026-07-22 13:38:35,898 - INFO - [storyline.analyze_storyline_discharge_extremes] -     -> Result 30Q10_low: Median T = 31.0 (N=5)
2026-07-22 13:38:35,898 - INFO - [storyline.analyze_storyline_discharge_extremes] -   Analyzing 30Q30_low for Non-Extreme Models (winter, GWL 3.0)...
2026-07-22 13:38:35,901 - INFO - [storyline.analyze_storyline_discharge_extremes] -     -> Result 30Q30_low: Median T = 31.0 (N=2)
2026-07-22 13:38:35,901 - INFO - [storyline.analyze_storyline_discharge_extremes] -   Analyzing 30Q10_high for Non-Extreme Models (winter, GWL 3.0)...
2026-07-22 13:38:35,904 - INFO - [storyline.analyze_storyline_discharge_extremes] -     -> Result 30Q10_high: Median T = 15.5 (N=5)
2026-07-22 13:38:35,904 - INFO - [storyline.analyze_storyline_discharge_extremes] -   Analyzing 30Q30_high for Non-Extreme Models (winter, GWL 3.0)...
2026-07-22 13:38:35,907 - INFO - [storyline.analyze_storyline_discharge_extremes] -     -> Result 30Q30_high: Median T = 31.0 (N=3)
2026-07-22 13:38:35,907 - INFO - [storyline.analyze_storyline_discharge_extremes] -   Analyzing 7Q10_low for MMM (summer, GWL 3.0)...
2026-07-22 13:38:35,914 - INFO - [storyline.analyze_storyline_discharge_extremes] -     -> Result 7Q10_low: Median T = 10.3 (N=9)
2026-07-22 13:38:35,914 - INFO - [storyline.analyze_storyline_discharge_extremes] -   Analyzing 7Q30_low for MMM (summer, GWL 3.0)...
2026-07-22 13:38:35,920 - INFO - [storyline.analyze_storyline_discharge_extremes] -     -> Result 7Q30_low: Median T = 31.0 (N=8)
2026-07-22 13:38:35,920 - INFO - [storyline.analyze_storyline_discharge_extremes] -   Analyzing 7Q10_high for MMM (summer, GWL 3.0)...
2026-07-22 13:38:35,926 - INFO - [storyline.analyze_storyline_discharge_extremes] -     -> Result 7Q10_high: Median T = 15.5 (N=10)
2026-07-22 13:38:35,926 - INFO - [storyline.analyze_storyline_discharge_extremes] -   Analyzing 7Q30_high for MMM (summer, GWL 3.0)...
2026-07-22 13:38:35,932 - INFO - [storyline.analyze_storyline_discharge_extremes] -     -> Result 7Q30_high: Median T = 15.5 (N=6)
2026-07-22 13:38:35,932 - INFO - [storyline.analyze_storyline_discharge_extremes] -   Analyzing 30Q10_low for MMM (summer, GWL 3.0)...
2026-07-22 13:38:35,938 - INFO - [storyline.analyze_storyline_discharge_extremes] -     -> Result 30Q10_low: Median T = 7.8 (N=9)
2026-07-22 13:38:35,938 - INFO - [storyline.analyze_storyline_discharge_extremes] -   Analyzing 30Q30_low for MMM (summer, GWL 3.0)...
2026-07-22 13:38:35,944 - INFO - [storyline.analyze_storyline_discharge_extremes] -     -> Result 30Q30_low: Median T = 31.0 (N=8)
2026-07-22 13:38:35,944 - INFO - [storyline.analyze_storyline_discharge_extremes] -   Analyzing 30Q10_high for MMM (summer, GWL 3.0)...
2026-07-22 13:38:35,950 - INFO - [storyline.analyze_storyline_discharge_extremes] -     -> Result 30Q10_high: Median T = 10.3 (N=9)
2026-07-22 13:38:35,951 - INFO - [storyline.analyze_storyline_discharge_extremes] -   Analyzing 30Q30_high for MMM (summer, GWL 3.0)...
2026-07-22 13:38:35,957 - INFO - [storyline.analyze_storyline_discharge_extremes] -     -> Result 30Q30_high: Median T = 15.5 (N=6)
2026-07-22 13:38:35,957 - INFO - [storyline.analyze_storyline_discharge_extremes] -   Analyzing 7Q10_low for Fast Jet & Northward Shift (summer, GWL 3.0)...
2026-07-22 13:38:35,958 - INFO - [storyline.analyze_storyline_discharge_extremes] -     -> Result 7Q10_low: Median T = 12.9 (N=2)
2026-07-22 13:38:35,958 - INFO - [storyline.analyze_storyline_discharge_extremes] -   Analyzing 7Q30_low for Fast Jet & Northward Shift (summer, GWL 3.0)...
2026-07-22 13:38:35,959 - INFO - [storyline.analyze_storyline_discharge_extremes] -     -> Result 7Q30_low: Median T = 31.0 (N=2)
2026-07-22 13:38:35,959 - INFO - [storyline.analyze_storyline_discharge_extremes] -   Analyzing 7Q10_high for Fast Jet & Northward Shift (summer, GWL 3.0)...
2026-07-22 13:38:35,961 - INFO - [storyline.analyze_storyline_discharge_extremes] -     -> Result 7Q10_high: Median T = 20.7 (N=2)
2026-07-22 13:38:35,961 - INFO - [storyline.analyze_storyline_discharge_extremes] -   Analyzing 7Q30_high for Fast Jet & Northward Shift (summer, GWL 3.0)...
2026-07-22 13:38:35,962 - INFO - [storyline.analyze_storyline_discharge_extremes] -     -> Result 7Q30_high: Median T = 23.2 (N=2)
2026-07-22 13:38:35,962 - INFO - [storyline.analyze_storyline_discharge_extremes] -   Analyzing 30Q10_low for Fast Jet & Northward Shift (summer, GWL 3.0)...
2026-07-22 13:38:35,964 - INFO - [storyline.analyze_storyline_discharge_extremes] -     -> Result 30Q10_low: Median T = 6.5 (N=2)
2026-07-22 13:38:35,964 - INFO - [storyline.analyze_storyline_discharge_extremes] -   Analyzing 30Q30_low for Fast Jet & Northward Shift (summer, GWL 3.0)...
2026-07-22 13:38:35,966 - INFO - [storyline.analyze_storyline_discharge_extremes] -     -> Result 30Q30_low: Median T = 23.2 (N=2)
2026-07-22 13:38:35,966 - INFO - [storyline.analyze_storyline_discharge_extremes] -   Analyzing 30Q10_high for Fast Jet & Northward Shift (summer, GWL 3.0)...
2026-07-22 13:38:35,967 - INFO - [storyline.analyze_storyline_discharge_extremes] -     -> Result 30Q10_high: Median T = 18.6 (N=2)
2026-07-22 13:38:35,968 - INFO - [storyline.analyze_storyline_discharge_extremes] -   Analyzing 30Q30_high for Fast Jet & Northward Shift (summer, GWL 3.0)...
2026-07-22 13:38:35,969 - INFO - [storyline.analyze_storyline_discharge_extremes] -     -> Result 30Q30_high: Median T = 7.8 (N=1)
2026-07-22 13:38:35,969 - INFO - [storyline.analyze_storyline_discharge_extremes] -   Analyzing 7Q10_low for Slow Jet & Northward Shift (summer, GWL 3.0)...
2026-07-22 13:38:35,971 - INFO - [storyline.analyze_storyline_discharge_extremes] -     -> Result 7Q10_low: Median T = 20.7 (N=2)
2026-07-22 13:38:35,971 - INFO - [storyline.analyze_storyline_discharge_extremes] -   Analyzing 7Q30_low for Slow Jet & Northward Shift (summer, GWL 3.0)...
2026-07-22 13:38:35,972 - INFO - [storyline.analyze_storyline_discharge_extremes] -     -> Result 7Q30_low: Median T = 31.0 (N=2)
2026-07-22 13:38:35,972 - INFO - [storyline.analyze_storyline_discharge_extremes] -   Analyzing 7Q10_high for Slow Jet & Northward Shift (summer, GWL 3.0)...
2026-07-22 13:38:35,974 - INFO - [storyline.analyze_storyline_discharge_extremes] -     -> Result 7Q10_high: Median T = 10.0 (N=2)
2026-07-22 13:38:35,974 - INFO - [storyline.analyze_storyline_discharge_extremes] -   Analyzing 7Q30_high for Slow Jet & Northward Shift (summer, GWL 3.0)...
2026-07-22 13:38:35,975 - INFO - [storyline.analyze_storyline_discharge_extremes] -     -> Result 7Q30_high: Median T = 10.3 (N=1)
2026-07-22 13:38:35,975 - INFO - [storyline.analyze_storyline_discharge_extremes] -   Analyzing 30Q10_low for Slow Jet & Northward Shift (summer, GWL 3.0)...
2026-07-22 13:38:35,977 - INFO - [storyline.analyze_storyline_discharge_extremes] -     -> Result 30Q10_low: Median T = 20.7 (N=2)
2026-07-22 13:38:35,977 - INFO - [storyline.analyze_storyline_discharge_extremes] -   Analyzing 30Q30_low for Slow Jet & Northward Shift (summer, GWL 3.0)...
2026-07-22 13:38:35,979 - INFO - [storyline.analyze_storyline_discharge_extremes] -     -> Result 30Q30_low: Median T = 31.0 (N=2)
2026-07-22 13:38:35,979 - INFO - [storyline.analyze_storyline_discharge_extremes] -   Analyzing 30Q10_high for Slow Jet & Northward Shift (summer, GWL 3.0)...
2026-07-22 13:38:35,980 - INFO - [storyline.analyze_storyline_discharge_extremes] -     -> Result 30Q10_high: Median T = 6.2 (N=1)
2026-07-22 13:38:35,980 - INFO - [storyline.analyze_storyline_discharge_extremes] -   Analyzing 30Q30_high for Slow Jet & Northward Shift (summer, GWL 3.0)...
2026-07-22 13:38:35,982 - INFO - [storyline.analyze_storyline_discharge_extremes] -     -> Result 30Q30_high: Median T = 15.5 (N=1)
2026-07-22 13:38:35,982 - INFO - [storyline.analyze_storyline_discharge_extremes] -   Analyzing 7Q10_low for Slow Jet & Southward Shift (summer, GWL 3.0)...
2026-07-22 13:38:35,983 - INFO - [storyline.analyze_storyline_discharge_extremes] -     -> Result 7Q10_low: Median T = 7.8 (N=1)
2026-07-22 13:38:35,983 - INFO - [storyline.analyze_storyline_discharge_extremes] -   Analyzing 7Q30_low for Slow Jet & Southward Shift (summer, GWL 3.0)...
2026-07-22 13:38:35,984 - INFO - [storyline.analyze_storyline_discharge_extremes] -     -> Result 7Q30_low: Median T = 31.0 (N=1)
2026-07-22 13:38:35,984 - INFO - [storyline.analyze_storyline_discharge_extremes] -   Analyzing 7Q10_high for Slow Jet & Southward Shift (summer, GWL 3.0)...
2026-07-22 13:38:35,986 - INFO - [storyline.analyze_storyline_discharge_extremes] -     -> Result 7Q10_high: Median T = 23.2 (N=2)
2026-07-22 13:38:35,986 - INFO - [storyline.analyze_storyline_discharge_extremes] -   Analyzing 7Q30_high for Slow Jet & Southward Shift (summer, GWL 3.0)...
2026-07-22 13:38:35,987 - INFO - [storyline.analyze_storyline_discharge_extremes] -     -> Result 7Q30_high: Median T = 31.0 (N=1)
2026-07-22 13:38:35,987 - INFO - [storyline.analyze_storyline_discharge_extremes] -   Analyzing 30Q10_low for Slow Jet & Southward Shift (summer, GWL 3.0)...
2026-07-22 13:38:35,989 - INFO - [storyline.analyze_storyline_discharge_extremes] -     -> Result 30Q10_low: Median T = 5.2 (N=1)
2026-07-22 13:38:35,989 - INFO - [storyline.analyze_storyline_discharge_extremes] -   Analyzing 30Q30_low for Slow Jet & Southward Shift (summer, GWL 3.0)...
2026-07-22 13:38:35,990 - INFO - [storyline.analyze_storyline_discharge_extremes] -     -> Result 30Q30_low: Median T = 15.5 (N=1)
2026-07-22 13:38:35,990 - INFO - [storyline.analyze_storyline_discharge_extremes] -   Analyzing 30Q10_high for Slow Jet & Southward Shift (summer, GWL 3.0)...
2026-07-22 13:38:35,992 - INFO - [storyline.analyze_storyline_discharge_extremes] -     -> Result 30Q10_high: Median T = 7.8 (N=2)
2026-07-22 13:38:35,992 - INFO - [storyline.analyze_storyline_discharge_extremes] -   Analyzing 30Q30_high for Slow Jet & Southward Shift (summer, GWL 3.0)...
2026-07-22 13:38:35,993 - INFO - [storyline.analyze_storyline_discharge_extremes] -     -> Result 30Q30_high: Median T = 31.0 (N=2)
2026-07-22 13:38:35,993 - INFO - [storyline.analyze_storyline_discharge_extremes] -   Analyzing 7Q10_low for Fast Jet & Southward Shift (summer, GWL 3.0)...
2026-07-22 13:38:35,995 - INFO - [storyline.analyze_storyline_discharge_extremes] -     -> Result 7Q10_low: Median T = 31.0 (N=2)
2026-07-22 13:38:35,995 - INFO - [storyline.analyze_storyline_discharge_extremes] -   Analyzing 7Q30_low for Fast Jet & Southward Shift (summer, GWL 3.0)...
2026-07-22 13:38:35,997 - INFO - [storyline.analyze_storyline_discharge_extremes] -     -> Result 7Q30_low: Median T = 31.0 (N=1)
2026-07-22 13:38:35,997 - INFO - [storyline.analyze_storyline_discharge_extremes] -   Analyzing 7Q10_high for Fast Jet & Southward Shift (summer, GWL 3.0)...
2026-07-22 13:38:35,998 - INFO - [storyline.analyze_storyline_discharge_extremes] -     -> Result 7Q10_high: Median T = 19.4 (N=2)
2026-07-22 13:38:35,998 - INFO - [storyline.analyze_storyline_discharge_extremes] -   Analyzing 7Q30_high for Fast Jet & Southward Shift (summer, GWL 3.0)...
2026-07-22 13:38:36,000 - INFO - [storyline.analyze_storyline_discharge_extremes] -     -> Result 7Q30_high: Median T = 10.3 (N=1)
2026-07-22 13:38:36,000 - INFO - [storyline.analyze_storyline_discharge_extremes] -   Analyzing 30Q10_low for Fast Jet & Southward Shift (summer, GWL 3.0)...
2026-07-22 13:38:36,001 - INFO - [storyline.analyze_storyline_discharge_extremes] -     -> Result 30Q10_low: Median T = 31.0 (N=2)
2026-07-22 13:38:36,001 - INFO - [storyline.analyze_storyline_discharge_extremes] -   Analyzing 30Q30_low for Fast Jet & Southward Shift (summer, GWL 3.0)...
2026-07-22 13:38:36,003 - INFO - [storyline.analyze_storyline_discharge_extremes] -     -> Result 30Q30_low: Median T = 31.0 (N=1)
2026-07-22 13:38:36,003 - INFO - [storyline.analyze_storyline_discharge_extremes] -   Analyzing 30Q10_high for Fast Jet & Southward Shift (summer, GWL 3.0)...
2026-07-22 13:38:36,005 - INFO - [storyline.analyze_storyline_discharge_extremes] -     -> Result 30Q10_high: Median T = 18.1 (N=2)
2026-07-22 13:38:36,005 - INFO - [storyline.analyze_storyline_discharge_extremes] -   Analyzing 30Q30_high for Fast Jet & Southward Shift (summer, GWL 3.0)...
2026-07-22 13:38:36,006 - INFO - [storyline.analyze_storyline_discharge_extremes] -     -> Result 30Q30_high: Median T = 10.3 (N=1)
2026-07-22 13:38:36,006 - INFO - [storyline.analyze_storyline_discharge_extremes] -   Analyzing 7Q10_low for Extreme Models (summer, GWL 3.0)...
2026-07-22 13:38:36,009 - INFO - [storyline.analyze_storyline_discharge_extremes] -     -> Result 7Q10_low: Median T = 10.3 (N=5)
2026-07-22 13:38:36,009 - INFO - [storyline.analyze_storyline_discharge_extremes] -   Analyzing 7Q30_low for Extreme Models (summer, GWL 3.0)...
2026-07-22 13:38:36,013 - INFO - [storyline.analyze_storyline_discharge_extremes] -     -> Result 7Q30_low: Median T = 31.0 (N=5)
2026-07-22 13:38:36,013 - INFO - [storyline.analyze_storyline_discharge_extremes] -   Analyzing 7Q10_high for Extreme Models (summer, GWL 3.0)...
2026-07-22 13:38:36,016 - INFO - [storyline.analyze_storyline_discharge_extremes] -     -> Result 7Q10_high: Median T = 31.0 (N=4)
2026-07-22 13:38:36,016 - INFO - [storyline.analyze_storyline_discharge_extremes] -   Analyzing 7Q30_high for Extreme Models (summer, GWL 3.0)...
2026-07-22 13:38:36,019 - INFO - [storyline.analyze_storyline_discharge_extremes] -     -> Result 7Q30_high: Median T = 23.2 (N=2)
2026-07-22 13:38:36,019 - INFO - [storyline.analyze_storyline_discharge_extremes] -   Analyzing 30Q10_low for Extreme Models (summer, GWL 3.0)...
2026-07-22 13:38:36,022 - INFO - [storyline.analyze_storyline_discharge_extremes] -     -> Result 30Q10_low: Median T = 5.2 (N=5)
2026-07-22 13:38:36,023 - INFO - [storyline.analyze_storyline_discharge_extremes] -   Analyzing 30Q30_low for Extreme Models (summer, GWL 3.0)...
2026-07-22 13:38:36,026 - INFO - [storyline.analyze_storyline_discharge_extremes] -     -> Result 30Q30_low: Median T = 15.5 (N=5)
2026-07-22 13:38:36,026 - INFO - [storyline.analyze_storyline_discharge_extremes] -   Analyzing 30Q10_high for Extreme Models (summer, GWL 3.0)...
2026-07-22 13:38:36,029 - INFO - [storyline.analyze_storyline_discharge_extremes] -     -> Result 30Q10_high: Median T = 20.7 (N=4)
2026-07-22 13:38:36,029 - INFO - [storyline.analyze_storyline_discharge_extremes] -   Analyzing 30Q30_high for Extreme Models (summer, GWL 3.0)...
2026-07-22 13:38:36,032 - INFO - [storyline.analyze_storyline_discharge_extremes] -     -> Result 30Q30_high: Median T = 19.4 (N=2)
2026-07-22 13:38:36,032 - INFO - [storyline.analyze_storyline_discharge_extremes] -   Analyzing 7Q10_low for Non-Extreme Models (summer, GWL 3.0)...
2026-07-22 13:38:36,035 - INFO - [storyline.analyze_storyline_discharge_extremes] -     -> Result 7Q10_low: Median T = 31.0 (N=3)
2026-07-22 13:38:36,035 - INFO - [storyline.analyze_storyline_discharge_extremes] -   Analyzing 7Q30_low for Non-Extreme Models (summer, GWL 3.0)...
2026-07-22 13:38:36,038 - INFO - [storyline.analyze_storyline_discharge_extremes] -     -> Result 7Q30_low: Median T = 31.0 (N=2)
2026-07-22 13:38:36,038 - INFO - [storyline.analyze_storyline_discharge_extremes] -   Analyzing 7Q10_high for Non-Extreme Models (summer, GWL 3.0)...
2026-07-22 13:38:36,041 - INFO - [storyline.analyze_storyline_discharge_extremes] -     -> Result 7Q10_high: Median T = 7.8 (N=5)
2026-07-22 13:38:36,041 - INFO - [storyline.analyze_storyline_discharge_extremes] -   Analyzing 7Q30_high for Non-Extreme Models (summer, GWL 3.0)...
2026-07-22 13:38:36,044 - INFO - [storyline.analyze_storyline_discharge_extremes] -     -> Result 7Q30_high: Median T = 12.9 (N=4)
2026-07-22 13:38:36,044 - INFO - [storyline.analyze_storyline_discharge_extremes] -   Analyzing 30Q10_low for Non-Extreme Models (summer, GWL 3.0)...
2026-07-22 13:38:36,047 - INFO - [storyline.analyze_storyline_discharge_extremes] -     -> Result 30Q10_low: Median T = 31.0 (N=3)
2026-07-22 13:38:36,047 - INFO - [storyline.analyze_storyline_discharge_extremes] -   Analyzing 30Q30_low for Non-Extreme Models (summer, GWL 3.0)...
2026-07-22 13:38:36,050 - INFO - [storyline.analyze_storyline_discharge_extremes] -     -> Result 30Q30_low: Median T = 31.0 (N=2)
2026-07-22 13:38:36,050 - INFO - [storyline.analyze_storyline_discharge_extremes] -   Analyzing 30Q10_high for Non-Extreme Models (summer, GWL 3.0)...
2026-07-22 13:38:36,053 - INFO - [storyline.analyze_storyline_discharge_extremes] -     -> Result 30Q10_high: Median T = 6.2 (N=5)
2026-07-22 13:38:36,053 - INFO - [storyline.analyze_storyline_discharge_extremes] -   Analyzing 30Q30_high for Non-Extreme Models (summer, GWL 3.0)...
2026-07-22 13:38:36,056 - INFO - [storyline.analyze_storyline_discharge_extremes] -     -> Result 30Q30_high: Median T = 15.5 (N=4)
2026-07-22 13:38:36,056 - INFO - [storyline.analyze_storyline_discharge_extremes] -   Analyzing 7Q10_low for MMM (full_year, GWL 3.0)...
2026-07-22 13:38:36,062 - INFO - [storyline.analyze_storyline_discharge_extremes] -     -> Result 7Q10_low: Median T = 8.3 (N=10)
2026-07-22 13:38:36,063 - INFO - [storyline.analyze_storyline_discharge_extremes] -   Analyzing 7Q30_low for MMM (full_year, GWL 3.0)...
2026-07-22 13:38:36,069 - INFO - [storyline.analyze_storyline_discharge_extremes] -     -> Result 7Q30_low: Median T = 23.2 (N=8)
2026-07-22 13:38:36,069 - INFO - [storyline.analyze_storyline_discharge_extremes] -   Analyzing 7Q10_high for MMM (full_year, GWL 3.0)...
2026-07-22 13:38:36,075 - INFO - [storyline.analyze_storyline_discharge_extremes] -     -> Result 7Q10_high: Median T = 10.3 (N=10)
2026-07-22 13:38:36,075 - INFO - [storyline.analyze_storyline_discharge_extremes] -   Analyzing 7Q30_high for MMM (full_year, GWL 3.0)...
2026-07-22 13:38:36,081 - INFO - [storyline.analyze_storyline_discharge_extremes] -     -> Result 7Q30_high: Median T = 20.7 (N=8)
2026-07-22 13:38:36,081 - INFO - [storyline.analyze_storyline_discharge_extremes] -   Analyzing 30Q10_low for MMM (full_year, GWL 3.0)...
2026-07-22 13:38:36,087 - INFO - [storyline.analyze_storyline_discharge_extremes] -     -> Result 30Q10_low: Median T = 6.2 (N=11)
2026-07-22 13:38:36,087 - INFO - [storyline.analyze_storyline_discharge_extremes] -   Analyzing 30Q30_low for MMM (full_year, GWL 3.0)...
2026-07-22 13:38:36,093 - INFO - [storyline.analyze_storyline_discharge_extremes] -     -> Result 30Q30_low: Median T = 12.9 (N=8)
2026-07-22 13:38:36,093 - INFO - [storyline.analyze_storyline_discharge_extremes] -   Analyzing 30Q10_high for MMM (full_year, GWL 3.0)...
2026-07-22 13:38:36,099 - INFO - [storyline.analyze_storyline_discharge_extremes] -     -> Result 30Q10_high: Median T = 6.2 (N=9)
2026-07-22 13:38:36,099 - INFO - [storyline.analyze_storyline_discharge_extremes] -   Analyzing 30Q30_high for MMM (full_year, GWL 3.0)...
2026-07-22 13:38:36,105 - INFO - [storyline.analyze_storyline_discharge_extremes] -     -> Result 30Q30_high: Median T = 15.5 (N=8)
2026-07-22 13:38:36,106 - INFO - [storyline.analyze_storyline_discharge_extremes] -   Analyzing 7Q10_low for Slow Jet & Northward Shift (full_year, GWL 3.0)...
2026-07-22 13:38:36,108 - INFO - [storyline.analyze_storyline_discharge_extremes] -     -> Result 7Q10_low: Median T = 10.3 (N=5)
2026-07-22 13:38:36,108 - INFO - [storyline.analyze_storyline_discharge_extremes] -   Analyzing 7Q30_low for Slow Jet & Northward Shift (full_year, GWL 3.0)...
2026-07-22 13:38:36,111 - INFO - [storyline.analyze_storyline_discharge_extremes] -     -> Result 7Q30_low: Median T = 31.0 (N=3)
2026-07-22 13:38:36,111 - INFO - [storyline.analyze_storyline_discharge_extremes] -   Analyzing 7Q10_high for Slow Jet & Northward Shift (full_year, GWL 3.0)...
2026-07-22 13:38:36,114 - INFO - [storyline.analyze_storyline_discharge_extremes] -     -> Result 7Q10_high: Median T = 4.2 (N=4)
2026-07-22 13:38:36,114 - INFO - [storyline.analyze_storyline_discharge_extremes] -   Analyzing 7Q30_high for Slow Jet & Northward Shift (full_year, GWL 3.0)...
2026-07-22 13:38:36,117 - INFO - [storyline.analyze_storyline_discharge_extremes] -     -> Result 7Q30_high: Median T = 9.0 (N=4)
2026-07-22 13:38:36,117 - INFO - [storyline.analyze_storyline_discharge_extremes] -   Analyzing 30Q10_low for Slow Jet & Northward Shift (full_year, GWL 3.0)...
2026-07-22 13:38:36,120 - INFO - [storyline.analyze_storyline_discharge_extremes] -     -> Result 30Q10_low: Median T = 15.5 (N=5)
2026-07-22 13:38:36,120 - INFO - [storyline.analyze_storyline_discharge_extremes] -   Analyzing 30Q30_low for Slow Jet & Northward Shift (full_year, GWL 3.0)...
2026-07-22 13:38:36,123 - INFO - [storyline.analyze_storyline_discharge_extremes] -     -> Result 30Q30_low: Median T = 31.0 (N=3)
2026-07-22 13:38:36,123 - INFO - [storyline.analyze_storyline_discharge_extremes] -   Analyzing 30Q10_high for Slow Jet & Northward Shift (full_year, GWL 3.0)...
2026-07-22 13:38:36,126 - INFO - [storyline.analyze_storyline_discharge_extremes] -     -> Result 30Q10_high: Median T = 5.7 (N=4)
2026-07-22 13:38:36,126 - INFO - [storyline.analyze_storyline_discharge_extremes] -   Analyzing 30Q30_high for Slow Jet & Northward Shift (full_year, GWL 3.0)...
2026-07-22 13:38:36,129 - INFO - [storyline.analyze_storyline_discharge_extremes] -     -> Result 30Q30_high: Median T = 12.9 (N=4)
2026-07-22 13:38:36,129 - INFO - [storyline.analyze_storyline_discharge_extremes] -   Analyzing 7Q10_low for Fast Jet & Southward Shift (full_year, GWL 3.0)...
2026-07-22 13:38:36,132 - INFO - [storyline.analyze_storyline_discharge_extremes] -     -> Result 7Q10_low: Median T = 4.5 (N=4)
2026-07-22 13:38:36,132 - INFO - [storyline.analyze_storyline_discharge_extremes] -   Analyzing 7Q30_low for Fast Jet & Southward Shift (full_year, GWL 3.0)...
2026-07-22 13:38:36,134 - INFO - [storyline.analyze_storyline_discharge_extremes] -     -> Result 7Q30_low: Median T = 12.9 (N=4)
2026-07-22 13:38:36,134 - INFO - [storyline.analyze_storyline_discharge_extremes] -   Analyzing 7Q10_high for Fast Jet & Southward Shift (full_year, GWL 3.0)...
2026-07-22 13:38:36,137 - INFO - [storyline.analyze_storyline_discharge_extremes] -     -> Result 7Q10_high: Median T = 10.3 (N=4)
2026-07-22 13:38:36,137 - INFO - [storyline.analyze_storyline_discharge_extremes] -   Analyzing 7Q30_high for Fast Jet & Southward Shift (full_year, GWL 3.0)...
2026-07-22 13:38:36,139 - INFO - [storyline.analyze_storyline_discharge_extremes] -     -> Result 7Q30_high: Median T = 19.4 (N=2)
2026-07-22 13:38:36,139 - INFO - [storyline.analyze_storyline_discharge_extremes] -   Analyzing 30Q10_low for Fast Jet & Southward Shift (full_year, GWL 3.0)...
2026-07-22 13:38:36,142 - INFO - [storyline.analyze_storyline_discharge_extremes] -     -> Result 30Q10_low: Median T = 4.2 (N=4)
2026-07-22 13:38:36,142 - INFO - [storyline.analyze_storyline_discharge_extremes] -   Analyzing 30Q30_low for Fast Jet & Southward Shift (full_year, GWL 3.0)...
2026-07-22 13:38:36,144 - INFO - [storyline.analyze_storyline_discharge_extremes] -     -> Result 30Q30_low: Median T = 12.9 (N=4)
2026-07-22 13:38:36,144 - INFO - [storyline.analyze_storyline_discharge_extremes] -   Analyzing 30Q10_high for Fast Jet & Southward Shift (full_year, GWL 3.0)...
2026-07-22 13:38:36,147 - INFO - [storyline.analyze_storyline_discharge_extremes] -     -> Result 30Q10_high: Median T = 10.3 (N=3)
2026-07-22 13:38:36,147 - INFO - [storyline.analyze_storyline_discharge_extremes] -   Analyzing 30Q30_high for Fast Jet & Southward Shift (full_year, GWL 3.0)...
2026-07-22 13:38:36,150 - INFO - [storyline.analyze_storyline_discharge_extremes] -     -> Result 30Q30_high: Median T = 19.4 (N=2)
2026-07-22 13:38:36,150 - INFO - [storyline.analyze_storyline_discharge_extremes] -   Analyzing 7Q10_low for Extreme Models (full_year, GWL 3.0)...
2026-07-22 13:38:36,153 - INFO - [storyline.analyze_storyline_discharge_extremes] -     -> Result 7Q10_low: Median T = 3.9 (N=5)
2026-07-22 13:38:36,153 - INFO - [storyline.analyze_storyline_discharge_extremes] -   Analyzing 7Q30_low for Extreme Models (full_year, GWL 3.0)...
2026-07-22 13:38:36,156 - INFO - [storyline.analyze_storyline_discharge_extremes] -     -> Result 7Q30_low: Median T = 10.3 (N=5)
2026-07-22 13:38:36,156 - INFO - [storyline.analyze_storyline_discharge_extremes] -   Analyzing 7Q10_high for Extreme Models (full_year, GWL 3.0)...
2026-07-22 13:38:36,160 - INFO - [storyline.analyze_storyline_discharge_extremes] -     -> Result 7Q10_high: Median T = 10.3 (N=4)
2026-07-22 13:38:36,160 - INFO - [storyline.analyze_storyline_discharge_extremes] -   Analyzing 7Q30_high for Extreme Models (full_year, GWL 3.0)...
2026-07-22 13:38:36,163 - INFO - [storyline.analyze_storyline_discharge_extremes] -     -> Result 7Q30_high: Median T = 17.7 (N=2)
2026-07-22 13:38:36,163 - INFO - [storyline.analyze_storyline_discharge_extremes] -   Analyzing 30Q10_low for Extreme Models (full_year, GWL 3.0)...
2026-07-22 13:38:36,166 - INFO - [storyline.analyze_storyline_discharge_extremes] -     -> Result 30Q10_low: Median T = 3.9 (N=5)
2026-07-22 13:38:36,166 - INFO - [storyline.analyze_storyline_discharge_extremes] -   Analyzing 30Q30_low for Extreme Models (full_year, GWL 3.0)...
2026-07-22 13:38:36,169 - INFO - [storyline.analyze_storyline_discharge_extremes] -     -> Result 30Q30_low: Median T = 10.3 (N=5)
2026-07-22 13:38:36,169 - INFO - [storyline.analyze_storyline_discharge_extremes] -   Analyzing 30Q10_high for Extreme Models (full_year, GWL 3.0)...
2026-07-22 13:38:36,173 - INFO - [storyline.analyze_storyline_discharge_extremes] -     -> Result 30Q10_high: Median T = 10.3 (N=3)
2026-07-22 13:38:36,173 - INFO - [storyline.analyze_storyline_discharge_extremes] -   Analyzing 30Q30_high for Extreme Models (full_year, GWL 3.0)...
2026-07-22 13:38:36,176 - INFO - [storyline.analyze_storyline_discharge_extremes] -     -> Result 30Q30_high: Median T = 17.7 (N=2)
2026-07-22 13:38:36,176 - INFO - [storyline.analyze_storyline_discharge_extremes] -   Analyzing 7Q10_low for Non-Extreme Models (full_year, GWL 3.0)...
2026-07-22 13:38:36,179 - INFO - [storyline.analyze_storyline_discharge_extremes] -     -> Result 7Q10_low: Median T = 12.9 (N=4)
2026-07-22 13:38:36,179 - INFO - [storyline.analyze_storyline_discharge_extremes] -   Analyzing 7Q30_low for Non-Extreme Models (full_year, GWL 3.0)...
2026-07-22 13:38:36,182 - INFO - [storyline.analyze_storyline_discharge_extremes] -     -> Result 7Q30_low: Median T = 31.0 (N=3)
2026-07-22 13:38:36,183 - INFO - [storyline.analyze_storyline_discharge_extremes] -   Analyzing 7Q10_high for Non-Extreme Models (full_year, GWL 3.0)...
2026-07-22 13:38:36,186 - INFO - [storyline.analyze_storyline_discharge_extremes] -     -> Result 7Q10_high: Median T = 4.4 (N=5)
2026-07-22 13:38:36,186 - INFO - [storyline.analyze_storyline_discharge_extremes] -   Analyzing 7Q30_high for Non-Extreme Models (full_year, GWL 3.0)...
2026-07-22 13:38:36,189 - INFO - [storyline.analyze_storyline_discharge_extremes] -     -> Result 7Q30_high: Median T = 10.3 (N=5)
2026-07-22 13:38:36,189 - INFO - [storyline.analyze_storyline_discharge_extremes] -   Analyzing 30Q10_low for Non-Extreme Models (full_year, GWL 3.0)...
2026-07-22 13:38:36,192 - INFO - [storyline.analyze_storyline_discharge_extremes] -     -> Result 30Q10_low: Median T = 15.5 (N=5)
2026-07-22 13:38:36,192 - INFO - [storyline.analyze_storyline_discharge_extremes] -   Analyzing 30Q30_low for Non-Extreme Models (full_year, GWL 3.0)...
2026-07-22 13:38:36,195 - INFO - [storyline.analyze_storyline_discharge_extremes] -     -> Result 30Q30_low: Median T = 31.0 (N=3)
2026-07-22 13:38:36,195 - INFO - [storyline.analyze_storyline_discharge_extremes] -   Analyzing 30Q10_high for Non-Extreme Models (full_year, GWL 3.0)...
2026-07-22 13:38:36,198 - INFO - [storyline.analyze_storyline_discharge_extremes] -     -> Result 30Q10_high: Median T = 5.2 (N=5)
2026-07-22 13:38:36,198 - INFO - [storyline.analyze_storyline_discharge_extremes] -   Analyzing 30Q30_high for Non-Extreme Models (full_year, GWL 3.0)...
2026-07-22 13:38:36,201 - INFO - [storyline.analyze_storyline_discharge_extremes] -     -> Result 30Q30_high: Median T = 15.5 (N=5)
2026-07-22 13:38:36,201 - INFO - [visualization.plot_storyline_return_period_half_year] - Plotting POOLED GEV return period (6-row, 9-col, Full-Year-MMM) for ssp245...
2026-07-22 13:38:37,854 - INFO - [visualization.plot_storyline_return_period_half_year] - Applying shared column X-limits (Low-Flow and High-Flow separately)...
2026-07-22 13:38:41,443 - INFO - [visualization.plot_storyline_return_period_half_year] - Saved REORGANIZED return period plot (6-row, Empirical, Full-Year-MMM) to /nas/home/vlw/Desktop/STREAM/paper1-plots/storyline_discharge_return_period_BY_EVENT_ssp245.png
2026-07-22 13:38:41,444 - INFO - [visualization.plot_historical_seasonal_verification] - Plotting seasonal verification bar chart (Historical + Future GWLs)...
2026-07-22 13:38:41,920 - INFO - [visualization.plot_historical_seasonal_verification] - Saved seasonal verification plot to /nas/home/vlw/Desktop/STREAM/paper1-plots/historical_seasonal_verification_ssp245.png
2026-07-22 13:38:41,920 - INFO - [visualization.plot_core_finding_gev_panel] - Plotting Figure 3 (Core Finding Empirical Panel) with BROKEN AXIS for ssp245...
2026-07-22 13:38:42,391 - INFO - [visualization.plot_core_finding_gev_panel] - Saved Figure 3 to /nas/home/vlw/Desktop/STREAM/paper1-plots/Figure3_core_finding_regime_shift_ssp245.png
2026-07-22 13:38:42,391 - INFO - [visualization.plot_final_figure_2_shift_and_verification] - Plotting Final Figure 2 (Combined Shift and Verification) for ssp245...
2026-07-22 13:38:43,352 - INFO - [visualization.plot_final_figure_2_shift_and_verification] - Saved Final Figure 2 to /nas/home/vlw/Desktop/STREAM/paper1-plots/final_figure_2_regime_shift_and_verification_ssp245.png and /nas/home/vlw/Desktop/STREAM/paper1-plots/final_figure_2_regime_shift_and_verification_ssp245.pdf
2026-07-22 13:38:43,352 - INFO - [main.run_full_analysis] - Discharge extreme events plot not found or requested to recreate. Creating...
2026-07-22 13:38:43,354 - INFO - [visualization.plot_discharge_events_extreme_timeseries] - Plotting extreme discharge events timeseries for ssp245...
2026-07-22 13:38:43,861 - INFO - [visualization.plot_discharge_events_extreme_timeseries] - Saved extreme discharge events timeseries plot to /nas/home/vlw/Desktop/STREAM/paper1-plots/storyline_discharge_events_extremes_ssp245.png
2026-07-22 13:38:43,862 - INFO - [main.run_full_analysis] - PSL composite plot for GWL 2.0, Winter already exists.
2026-07-22 13:38:43,863 - INFO - [main.run_full_analysis] - PSL composite plot for GWL 2.0, Summer already exists.
2026-07-22 13:38:43,863 - INFO - [main.run_full_analysis] - PSL composite plot for GWL 3.0, Winter already exists.
2026-07-22 13:38:43,864 - INFO - [main.run_full_analysis] - PSL composite plot for GWL 3.0, Summer already exists.
2026-07-22 13:38:43,865 - INFO - [main.run_full_analysis] - PR composite plots already exist, but calculating data for missing Final Figure 4...
2026-07-22 13:38:43,866 - INFO - [storyline.calculate_pr_composites_for_extremes] - Calculating PR composites for event '30Q10_low' at GWL +2.0°C, Season=Winter (Top/Bottom 12 models)...
2026-07-22 13:38:43,866 - INFO - [storyline.calculate_pr_composites_for_extremes] - [PR DEBUG] Keys for ACCESS-CM2_ssp245: ['1Q_low_winter', '1Q_high_winter', '7Q_low_winter', '7Q_high_winter', '30Q_low_winter', '30Q_high_winter', '1Q_low_summer', '1Q_high_summer', '7Q_low_summer', '7Q_high_summer', '30Q_low_summer', '30Q_high_summer', '1Q_low_full_year', '1Q_high_full_year', '7Q_low_full_year', '7Q_high_full_year', '30Q_low_full_year', '30Q_high_full_year', 'Mar_discharge', 'Apr_discharge', 'May_discharge', 'Sep_discharge', 'Oct_discharge', 'Nov_discharge', 'DJF_JetSpeed', 'DJF_JetLat', 'DJF_pr', 'DJF_tas', 'DJF_discharge', 'JJA_JetSpeed', 'JJA_JetLat', 'JJA_pr', 'JJA_tas', 'JJA_discharge', 'Hydro_Winter_JetSpeed', 'Hydro_Winter_JetLat', 'Hydro_Summer_JetSpeed', 'Hydro_Summer_JetLat', 'Annual_tas', 'Annual_pr', 'Annual_discharge', 'Annual_spei']
2026-07-22 13:38:43,882 - INFO - [storyline.calculate_pr_composites_for_extremes] -   Calculated Return Periods for 25 models.
2026-07-22 13:38:43,902 - INFO - [storyline.calculate_pr_composites_for_extremes] -   PR Extreme Models (Shortest T): ['ACCESS-ESM1-5_ssp245', 'KACE-1-0-G_ssp245', 'MPI-ESM1-2-HR_ssp245', 'NorESM2-MM_ssp245', 'CESM2_ssp245', 'HadGEM3-GC31-LL_ssp245', 'INM-CM4-8_ssp245', 'MIROC6_ssp245', 'CMCC-ESM2_ssp245', 'CESM2-WACCM_ssp245', 'EC-Earth3_ssp245', 'INM-CM5-0_ssp245']
2026-07-22 13:38:43,902 - INFO - [storyline.calculate_pr_composites_for_extremes] -   PR Non-Extreme Models (Longest T): ['KIOST-ESM_ssp245', 'UKESM1-0-LL_ssp245', 'CMCC-CM2-SR5_ssp245', 'EC-Earth3-CC_ssp245', 'ACCESS-CM2_ssp245', 'CanESM5_ssp245', 'EC-Earth3-Veg-LR_ssp245', 'GFDL-ESM4_ssp245', 'IITM-ESM_ssp245', 'MIROC-ES2L_ssp245', 'MPI-ESM1-2-LR_ssp245', 'MRI-ESM2-0_ssp245']
2026-07-22 13:38:44,637 - INFO - [storyline.find_cmip6_pr_file] - Including non-standard file to fill gap: pr_Amon_CESM2_ssp245_r4i1p1f1_gn_20150115-21001215_regridded.nc
2026-07-22 13:38:44,765 - INFO - [storyline.find_cmip6_pr_file] - Including non-standard file to fill gap: pr_Amon_HadGEM3-GC31-LL_ssp245_r1i1p1f3_gn_20150116-21001216_regridded.nc
2026-07-22 13:38:46,493 - INFO - [storyline.find_cmip6_pr_file] - Selected PR file member 'r1i1p1f2' for UKESM1-0-LL (ssp245) from available in dir: ['r13i1p1f2', 'r1i1p1f2']
2026-07-22 13:38:46,493 - INFO - [storyline.find_cmip6_pr_file] - Including non-standard file to fill gap: pr_Amon_UKESM1-0-LL_ssp245_r1i1p1f2_gn_20150116-21001216_regridded.nc
2026-07-22 13:38:48,284 - INFO - [storyline.find_cmip6_pr_file] - Including non-standard file to fill gap: pr_Amon_EC-Earth3-Veg-LR_ssp245_r1i1p1f1_gr_20240116-20241216_regridded.nc
2026-07-22 13:38:49,317 - INFO - [storyline.find_cmip6_pr_file] - Including non-standard file to fill gap: pr_Amon_MIROC-ES2L_ssp245_r1i1p1f2_gn_20150116-21001216_regridded.nc
2026-07-22 13:38:49,631 - INFO - [storyline.find_cmip6_pr_file] - Including non-standard file to fill gap: pr_Amon_MRI-ESM2-0_ssp245_r1i1p1f1_gn_20150116-21001216_regridded.nc
2026-07-22 13:38:49,772 - INFO - [storyline.find_cmip6_pr_historical_file] - Selected historical PR member 'r1i1p1f1' for ACCESS-ESM1-5 from available: ['r1i1p1f1']
2026-07-22 13:38:49,967 - INFO - [storyline.find_cmip6_pr_historical_file] - Selected historical PR member 'r1i1p1f1' for KACE-1-0-G from available: ['r1i1p1f1']
2026-07-22 13:38:50,165 - INFO - [storyline.find_cmip6_pr_historical_file] - Selected historical PR member 'r1i1p1f1' for MPI-ESM1-2-HR from available: ['r1i1p1f1']
2026-07-22 13:38:50,166 - INFO - [storyline.find_cmip6_pr_historical_file] - Including non-standard historical PR file to fill gap: pr_Amon_MPI-ESM1-2-HR_historical_r1i1p1f1_gn_19000116-19041216_regridded.nc
2026-07-22 13:38:50,642 - INFO - [storyline.find_cmip6_pr_historical_file] - Selected historical PR member 'r1i1p1f1' for NorESM2-MM from available: ['r1i1p1f1']
2026-07-22 13:38:50,990 - INFO - [storyline.find_cmip6_pr_historical_file] - Selected historical PR member 'r1i1p1f1' for CESM2 from available: ['r1i1p1f1']
2026-07-22 13:38:51,186 - INFO - [storyline.find_cmip6_pr_historical_file] - Selected historical PR member 'r1i1p1f3' for HadGEM3-GC31-LL from available: ['r1i1p1f3']
2026-07-22 13:38:51,186 - INFO - [storyline.find_cmip6_pr_historical_file] - Including non-standard historical PR file to fill gap: pr_Amon_HadGEM3-GC31-LL_historical_r1i1p1f3_gn_18500116-20141216_regridded.nc
2026-07-22 13:38:51,381 - INFO - [storyline.find_cmip6_pr_historical_file] - Selected historical PR member 'r1i1p1f1' for INM-CM4-8 from available: ['r1i1p1f1']
2026-07-22 13:38:51,626 - INFO - [storyline.find_cmip6_pr_historical_file] - Selected historical PR member 'r1i1p1f1' for MIROC6 from available: ['r1i1p1f1']
2026-07-22 13:38:51,865 - INFO - [storyline.find_cmip6_pr_historical_file] - Selected historical PR member 'r1i1p1f1' for CMCC-ESM2 from available: ['r1i1p1f1']
2026-07-22 13:38:52,068 - INFO - [storyline.find_cmip6_pr_historical_file] - Selected historical PR member 'r1i1p1f1' for CESM2-WACCM from available: ['r1i1p1f1']
2026-07-22 13:38:52,273 - INFO - [storyline.find_cmip6_pr_historical_file] - Selected historical PR member 'r1i1p1f1' for EC-Earth3 from available: ['r1i1p1f1']
2026-07-22 13:38:53,617 - INFO - [storyline.find_cmip6_pr_historical_file] - Selected historical PR member 'r1i1p1f1' for INM-CM5-0 from available: ['r1i1p1f1']
2026-07-22 13:38:53,827 - INFO - [storyline.find_cmip6_pr_historical_file] - Selected historical PR member 'r1i1p1f1' for KIOST-ESM from available: ['r1i1p1f1']
2026-07-22 13:38:54,021 - INFO - [storyline.find_cmip6_pr_historical_file] - Selected historical PR member 'r1i1p1f2' for UKESM1-0-LL from available: ['r13i1p1f2', 'r1i1p1f2']
2026-07-22 13:38:54,021 - INFO - [storyline.find_cmip6_pr_historical_file] - Including non-standard historical PR file to fill gap: pr_Amon_UKESM1-0-LL_historical_r1i1p1f2_gn_18500116-20141216_regridded.nc
2026-07-22 13:38:54,694 - INFO - [storyline.find_cmip6_pr_historical_file] - Selected historical PR member 'r1i1p1f1' for CMCC-CM2-SR5 from available: ['r1i1p1f1']
2026-07-22 13:38:54,899 - INFO - [storyline.find_cmip6_pr_historical_file] - Selected historical PR member 'r1i1p1f1' for EC-Earth3-CC from available: ['r1i1p1f1']
2026-07-22 13:38:56,244 - INFO - [storyline.find_cmip6_pr_historical_file] - Selected historical PR member 'r1i1p1f1' for ACCESS-CM2 from available: ['r1i1p1f1']
2026-07-22 13:38:56,404 - INFO - [storyline.find_cmip6_pr_historical_file] - Selected historical PR member 'r1i1p1f1' for CanESM5 from available: ['r1i1p1f1']
2026-07-22 13:38:56,606 - INFO - [storyline.find_cmip6_pr_historical_file] - Selected historical PR member 'r1i1p1f1' for EC-Earth3-Veg-LR from available: ['r1i1p1f1']
2026-07-22 13:38:57,952 - INFO - [storyline.find_cmip6_pr_historical_file] - Selected historical PR member 'r1i1p1f1' for GFDL-ESM4 from available: ['r1i1p1f1']
2026-07-22 13:38:57,952 - INFO - [storyline.find_cmip6_pr_historical_file] - Including non-standard historical PR file to fill gap: pr_Amon_GFDL-ESM4_historical_r1i1p1f1_gr1_18500116-20141216_regridded.nc
2026-07-22 13:38:58,132 - INFO - [storyline.find_cmip6_pr_historical_file] - Selected historical PR member 'r1i1p1f1' for IITM-ESM from available: ['r1i1p1f1']
2026-07-22 13:38:58,491 - INFO - [storyline.find_cmip6_pr_historical_file] - Selected historical PR member 'r1i1p1f2' for MIROC-ES2L from available: ['r1i1p1f2']
2026-07-22 13:38:58,491 - INFO - [storyline.find_cmip6_pr_historical_file] - Including non-standard historical PR file to fill gap: pr_Amon_MIROC-ES2L_historical_r1i1p1f2_gn_18500116-20141216_regridded.nc
2026-07-22 13:38:58,686 - INFO - [storyline.find_cmip6_pr_historical_file] - Selected historical PR member 'r1i1p1f1' for MPI-ESM1-2-LR from available: ['r1i1p1f1']
2026-07-22 13:38:58,986 - INFO - [storyline.find_cmip6_pr_historical_file] - Selected historical PR member 'r1i1p1f1' for MRI-ESM2-0 from available: ['r1i1p1f1']
2026-07-22 13:38:58,986 - INFO - [storyline.find_cmip6_pr_historical_file] - Including non-standard historical PR file to fill gap: pr_Amon_MRI-ESM2-0_historical_r1i1p1f1_gn_18500116-20141216_regridded.nc
2026-07-22 13:38:59,198 - INFO - [storyline.find_cmip6_pr_historical_file] - Selected historical PR member 'r1i1p1f1' for ACCESS-CM2 from available: ['r1i1p1f1']
2026-07-22 13:38:59,393 - INFO - [storyline.find_cmip6_pr_historical_file] - Selected historical PR member 'r1i1p1f1' for ACCESS-ESM1-5 from available: ['r1i1p1f1']
2026-07-22 13:38:59,866 - INFO - [storyline.find_cmip6_pr_historical_file] - Selected historical PR member 'r1i1p1f1' for CESM2 from available: ['r1i1p1f1']
2026-07-22 13:39:00,066 - INFO - [storyline.find_cmip6_pr_historical_file] - Selected historical PR member 'r1i1p1f1' for CESM2-WACCM from available: ['r1i1p1f1']
2026-07-22 13:39:00,271 - INFO - [storyline.find_cmip6_pr_historical_file] - Selected historical PR member 'r1i1p1f1' for CMCC-CM2-SR5 from available: ['r1i1p1f1']
2026-07-22 13:39:00,473 - INFO - [storyline.find_cmip6_pr_historical_file] - Selected historical PR member 'r1i1p1f1' for CMCC-ESM2 from available: ['r1i1p1f1']
2026-07-22 13:39:00,674 - INFO - [storyline.find_cmip6_pr_historical_file] - Selected historical PR member 'r1i1p1f1' for CanESM5 from available: ['r1i1p1f1']
2026-07-22 13:39:00,878 - INFO - [storyline.find_cmip6_pr_historical_file] - Selected historical PR member 'r1i1p1f1' for EC-Earth3-CC from available: ['r1i1p1f1']
2026-07-22 13:39:02,101 - INFO - [storyline.find_cmip6_pr_historical_file] - Selected historical PR member 'r1i1p1f1' for EC-Earth3-Veg-LR from available: ['r1i1p1f1']
2026-07-22 13:39:03,287 - INFO - [storyline.find_cmip6_pr_historical_file] - Selected historical PR member 'r1i1p1f1' for EC-Earth3 from available: ['r1i1p1f1']
2026-07-22 13:39:04,779 - INFO - [storyline.find_cmip6_pr_historical_file] - Selected historical PR member 'r1i1p1f1' for GFDL-ESM4 from available: ['r1i1p1f1']
2026-07-22 13:39:04,779 - INFO - [storyline.find_cmip6_pr_historical_file] - Including non-standard historical PR file to fill gap: pr_Amon_GFDL-ESM4_historical_r1i1p1f1_gr1_18500116-20141216_regridded.nc
2026-07-22 13:39:04,959 - INFO - [storyline.find_cmip6_pr_historical_file] - Selected historical PR member 'r1i1p1f3' for HadGEM3-GC31-LL from available: ['r1i1p1f3']
2026-07-22 13:39:04,959 - INFO - [storyline.find_cmip6_pr_historical_file] - Including non-standard historical PR file to fill gap: pr_Amon_HadGEM3-GC31-LL_historical_r1i1p1f3_gn_18500116-20141216_regridded.nc
2026-07-22 13:39:05,162 - INFO - [storyline.find_cmip6_pr_historical_file] - Selected historical PR member 'r1i1p1f1' for IITM-ESM from available: ['r1i1p1f1']
2026-07-22 13:39:05,513 - INFO - [storyline.find_cmip6_pr_historical_file] - Selected historical PR member 'r1i1p1f1' for INM-CM4-8 from available: ['r1i1p1f1']
2026-07-22 13:39:05,749 - INFO - [storyline.find_cmip6_pr_historical_file] - Selected historical PR member 'r1i1p1f1' for INM-CM5-0 from available: ['r1i1p1f1']
2026-07-22 13:39:05,982 - INFO - [storyline.find_cmip6_pr_historical_file] - Selected historical PR member 'r1i1p1f1' for IPSL-CM6A-LR from available: ['r1i1p1f1']
2026-07-22 13:39:06,182 - INFO - [storyline.find_cmip6_pr_historical_file] - Selected historical PR member 'r1i1p1f1' for KACE-1-0-G from available: ['r1i1p1f1']
2026-07-22 13:39:06,379 - INFO - [storyline.find_cmip6_pr_historical_file] - Selected historical PR member 'r1i1p1f1' for KIOST-ESM from available: ['r1i1p1f1']
2026-07-22 13:39:06,580 - INFO - [storyline.find_cmip6_pr_historical_file] - Selected historical PR member 'r1i1p1f2' for MIROC-ES2L from available: ['r1i1p1f2']
2026-07-22 13:39:06,580 - INFO - [storyline.find_cmip6_pr_historical_file] - Including non-standard historical PR file to fill gap: pr_Amon_MIROC-ES2L_historical_r1i1p1f2_gn_18500116-20141216_regridded.nc
2026-07-22 13:39:06,777 - INFO - [storyline.find_cmip6_pr_historical_file] - Selected historical PR member 'r1i1p1f1' for MIROC6 from available: ['r1i1p1f1']
2026-07-22 13:39:07,014 - INFO - [storyline.find_cmip6_pr_historical_file] - Selected historical PR member 'r1i1p1f1' for MPI-ESM1-2-HR from available: ['r1i1p1f1']
2026-07-22 13:39:07,015 - INFO - [storyline.find_cmip6_pr_historical_file] - Including non-standard historical PR file to fill gap: pr_Amon_MPI-ESM1-2-HR_historical_r1i1p1f1_gn_19000116-19041216_regridded.nc
2026-07-22 13:39:07,491 - INFO - [storyline.find_cmip6_pr_historical_file] - Selected historical PR member 'r1i1p1f1' for MPI-ESM1-2-LR from available: ['r1i1p1f1']
2026-07-22 13:39:07,752 - INFO - [storyline.find_cmip6_pr_historical_file] - Selected historical PR member 'r1i1p1f1' for MRI-ESM2-0 from available: ['r1i1p1f1']
2026-07-22 13:39:07,752 - INFO - [storyline.find_cmip6_pr_historical_file] - Including non-standard historical PR file to fill gap: pr_Amon_MRI-ESM2-0_historical_r1i1p1f1_gn_18500116-20141216_regridded.nc
2026-07-22 13:39:07,954 - INFO - [storyline.find_cmip6_pr_historical_file] - Selected historical PR member 'r1i1p1f1' for NorESM2-MM from available: ['r1i1p1f1']
2026-07-22 13:39:08,304 - INFO - [storyline.find_cmip6_pr_historical_file] - Selected historical PR member 'r1i1p1f2' for UKESM1-0-LL from available: ['r13i1p1f2', 'r1i1p1f2']
2026-07-22 13:39:08,304 - INFO - [storyline.find_cmip6_pr_historical_file] - Including non-standard historical PR file to fill gap: pr_Amon_UKESM1-0-LL_historical_r1i1p1f2_gn_18500116-20141216_regridded.nc
2026-07-22 13:39:08,517 - INFO - [storyline.calculate_pr_composites_for_extremes] -   PR Future Extreme Models (N=12): ['ACCESS-ESM1-5_ssp245', 'KACE-1-0-G_ssp245', 'MPI-ESM1-2-HR_ssp245', 'NorESM2-MM_ssp245', 'CESM2_ssp245', 'HadGEM3-GC31-LL_ssp245', 'INM-CM4-8_ssp245', 'MIROC6_ssp245', 'CMCC-ESM2_ssp245', 'CESM2-WACCM_ssp245', 'EC-Earth3_ssp245', 'INM-CM5-0_ssp245']
2026-07-22 13:39:08,517 - INFO - [storyline.calculate_pr_composites_for_extremes] -   PR Future Non-Extreme Models (N=12): ['KIOST-ESM_ssp245', 'UKESM1-0-LL_ssp245', 'CMCC-CM2-SR5_ssp245', 'EC-Earth3-CC_ssp245', 'ACCESS-CM2_ssp245', 'CanESM5_ssp245', 'EC-Earth3-Veg-LR_ssp245', 'GFDL-ESM4_ssp245', 'IITM-ESM_ssp245', 'MIROC-ES2L_ssp245', 'MPI-ESM1-2-LR_ssp245', 'MRI-ESM2-0_ssp245']
2026-07-22 13:39:08,517 - INFO - [storyline.calculate_pr_composites_for_extremes] -   PR Historical Extreme Models (N=12): ['ACCESS-ESM1-5_ssp245', 'KACE-1-0-G_ssp245', 'MPI-ESM1-2-HR_ssp245', 'NorESM2-MM_ssp245', 'CESM2_ssp245', 'HadGEM3-GC31-LL_ssp245', 'INM-CM4-8_ssp245', 'MIROC6_ssp245', 'CMCC-ESM2_ssp245', 'CESM2-WACCM_ssp245', 'EC-Earth3_ssp245', 'INM-CM5-0_ssp245']
2026-07-22 13:39:08,518 - INFO - [storyline.calculate_pr_composites_for_extremes] -   PR Historical Non-Extreme Models (N=12): ['KIOST-ESM_ssp245', 'UKESM1-0-LL_ssp245', 'CMCC-CM2-SR5_ssp245', 'EC-Earth3-CC_ssp245', 'ACCESS-CM2_ssp245', 'CanESM5_ssp245', 'EC-Earth3-Veg-LR_ssp245', 'GFDL-ESM4_ssp245', 'IITM-ESM_ssp245', 'MIROC-ES2L_ssp245', 'MPI-ESM1-2-LR_ssp245', 'MRI-ESM2-0_ssp245']
2026-07-22 13:39:09,175 - INFO - [main.run_full_analysis] - PR composite plots already exist, but calculating data for missing Final Figure 4...
2026-07-22 13:39:09,175 - INFO - [storyline.calculate_pr_composites_for_extremes] - Calculating PR composites for event '30Q10_low' at GWL +2.0°C, Season=Summer (Top/Bottom 12 models)...
2026-07-22 13:39:09,175 - INFO - [storyline.calculate_pr_composites_for_extremes] - [PR DEBUG] Keys for ACCESS-CM2_ssp245: ['1Q_low_winter', '1Q_high_winter', '7Q_low_winter', '7Q_high_winter', '30Q_low_winter', '30Q_high_winter', '1Q_low_summer', '1Q_high_summer', '7Q_low_summer', '7Q_high_summer', '30Q_low_summer', '30Q_high_summer', '1Q_low_full_year', '1Q_high_full_year', '7Q_low_full_year', '7Q_high_full_year', '30Q_low_full_year', '30Q_high_full_year', 'Mar_discharge', 'Apr_discharge', 'May_discharge', 'Sep_discharge', 'Oct_discharge', 'Nov_discharge', 'DJF_JetSpeed', 'DJF_JetLat', 'DJF_pr', 'DJF_tas', 'DJF_discharge', 'JJA_JetSpeed', 'JJA_JetLat', 'JJA_pr', 'JJA_tas', 'JJA_discharge', 'Hydro_Winter_JetSpeed', 'Hydro_Winter_JetLat', 'Hydro_Summer_JetSpeed', 'Hydro_Summer_JetLat', 'Annual_tas', 'Annual_pr', 'Annual_discharge', 'Annual_spei']
2026-07-22 13:39:09,190 - INFO - [storyline.calculate_pr_composites_for_extremes] -   Calculated Return Periods for 25 models.
2026-07-22 13:39:09,210 - INFO - [storyline.calculate_pr_composites_for_extremes] -   PR Extreme Models (Shortest T): ['MPI-ESM1-2-HR_ssp245', 'HadGEM3-GC31-LL_ssp245', 'NorESM2-MM_ssp245', 'ACCESS-ESM1-5_ssp245', 'CESM2_ssp245', 'KACE-1-0-G_ssp245', 'CMCC-CM2-SR5_ssp245', 'INM-CM4-8_ssp245', 'KIOST-ESM_ssp245', 'UKESM1-0-LL_ssp245', 'ACCESS-CM2_ssp245', 'CESM2-WACCM_ssp245']
2026-07-22 13:39:09,210 - INFO - [storyline.calculate_pr_composites_for_extremes] -   PR Non-Extreme Models (Longest T): ['INM-CM5-0_ssp245', 'IPSL-CM6A-LR_ssp245', 'MIROC-ES2L_ssp245', 'MIROC6_ssp245', 'CMCC-ESM2_ssp245', 'CanESM5_ssp245', 'EC-Earth3-Veg-LR_ssp245', 'EC-Earth3_ssp245', 'GFDL-ESM4_ssp245', 'IITM-ESM_ssp245', 'MPI-ESM1-2-LR_ssp245', 'MRI-ESM2-0_ssp245']
2026-07-22 13:39:09,454 - INFO - [storyline.find_cmip6_pr_file] - Including non-standard file to fill gap: pr_Amon_HadGEM3-GC31-LL_ssp245_r1i1p1f3_gn_20150116-21001216_regridded.nc
2026-07-22 13:39:09,934 - INFO - [storyline.find_cmip6_pr_file] - Including non-standard file to fill gap: pr_Amon_CESM2_ssp245_r4i1p1f1_gn_20150115-21001215_regridded.nc
2026-07-22 13:39:10,903 - INFO - [storyline.find_cmip6_pr_file] - Selected PR file member 'r1i1p1f2' for UKESM1-0-LL (ssp245) from available in dir: ['r13i1p1f2', 'r1i1p1f2']
2026-07-22 13:39:10,904 - INFO - [storyline.find_cmip6_pr_file] - Including non-standard file to fill gap: pr_Amon_UKESM1-0-LL_ssp245_r1i1p1f2_gn_20150116-21001216_regridded.nc
2026-07-22 13:39:11,604 - INFO - [storyline.find_cmip6_pr_file] - Including non-standard file to fill gap: pr_Amon_MIROC-ES2L_ssp245_r1i1p1f2_gn_20150116-21001216_regridded.nc
2026-07-22 13:39:12,134 - INFO - [storyline.find_cmip6_pr_file] - Including non-standard file to fill gap: pr_Amon_EC-Earth3-Veg-LR_ssp245_r1i1p1f1_gr_20240116-20241216_regridded.nc
2026-07-22 13:39:13,944 - INFO - [storyline.find_cmip6_pr_file] - Including non-standard file to fill gap: pr_Amon_MRI-ESM2-0_ssp245_r1i1p1f1_gn_20150116-21001216_regridded.nc
2026-07-22 13:39:14,076 - INFO - [storyline.find_cmip6_pr_historical_file] - Selected historical PR member 'r1i1p1f1' for MPI-ESM1-2-HR from available: ['r1i1p1f1']
2026-07-22 13:39:14,076 - INFO - [storyline.find_cmip6_pr_historical_file] - Including non-standard historical PR file to fill gap: pr_Amon_MPI-ESM1-2-HR_historical_r1i1p1f1_gn_19000116-19041216_regridded.nc
2026-07-22 13:39:14,506 - INFO - [storyline.find_cmip6_pr_historical_file] - Selected historical PR member 'r1i1p1f3' for HadGEM3-GC31-LL from available: ['r1i1p1f3']
2026-07-22 13:39:14,506 - INFO - [storyline.find_cmip6_pr_historical_file] - Including non-standard historical PR file to fill gap: pr_Amon_HadGEM3-GC31-LL_historical_r1i1p1f3_gn_18500116-20141216_regridded.nc
2026-07-22 13:39:14,704 - INFO - [storyline.find_cmip6_pr_historical_file] - Selected historical PR member 'r1i1p1f1' for NorESM2-MM from available: ['r1i1p1f1']
2026-07-22 13:39:15,047 - INFO - [storyline.find_cmip6_pr_historical_file] - Selected historical PR member 'r1i1p1f1' for ACCESS-ESM1-5 from available: ['r1i1p1f1']
2026-07-22 13:39:15,246 - INFO - [storyline.find_cmip6_pr_historical_file] - Selected historical PR member 'r1i1p1f1' for CESM2 from available: ['r1i1p1f1']
2026-07-22 13:39:15,449 - INFO - [storyline.find_cmip6_pr_historical_file] - Selected historical PR member 'r1i1p1f1' for KACE-1-0-G from available: ['r1i1p1f1']
2026-07-22 13:39:15,652 - INFO - [storyline.find_cmip6_pr_historical_file] - Selected historical PR member 'r1i1p1f1' for CMCC-CM2-SR5 from available: ['r1i1p1f1']
2026-07-22 13:39:16,101 - INFO - [storyline.find_cmip6_pr_historical_file] - Selected historical PR member 'r1i1p1f1' for INM-CM4-8 from available: ['r1i1p1f1']
2026-07-22 13:39:16,346 - INFO - [storyline.find_cmip6_pr_historical_file] - Selected historical PR member 'r1i1p1f1' for KIOST-ESM from available: ['r1i1p1f1']
2026-07-22 13:39:16,544 - INFO - [storyline.find_cmip6_pr_historical_file] - Selected historical PR member 'r1i1p1f2' for UKESM1-0-LL from available: ['r13i1p1f2', 'r1i1p1f2']
2026-07-22 13:39:16,544 - INFO - [storyline.find_cmip6_pr_historical_file] - Including non-standard historical PR file to fill gap: pr_Amon_UKESM1-0-LL_historical_r1i1p1f2_gn_18500116-20141216_regridded.nc
2026-07-22 13:39:16,755 - INFO - [storyline.find_cmip6_pr_historical_file] - Selected historical PR member 'r1i1p1f1' for ACCESS-CM2 from available: ['r1i1p1f1']
2026-07-22 13:39:16,956 - INFO - [storyline.find_cmip6_pr_historical_file] - Selected historical PR member 'r1i1p1f1' for CESM2-WACCM from available: ['r1i1p1f1']
2026-07-22 13:39:17,161 - INFO - [storyline.find_cmip6_pr_historical_file] - Selected historical PR member 'r1i1p1f1' for INM-CM5-0 from available: ['r1i1p1f1']
2026-07-22 13:39:17,387 - INFO - [storyline.find_cmip6_pr_historical_file] - Selected historical PR member 'r1i1p1f1' for IPSL-CM6A-LR from available: ['r1i1p1f1']
2026-07-22 13:39:17,585 - INFO - [storyline.find_cmip6_pr_historical_file] - Selected historical PR member 'r1i1p1f2' for MIROC-ES2L from available: ['r1i1p1f2']
2026-07-22 13:39:17,585 - INFO - [storyline.find_cmip6_pr_historical_file] - Including non-standard historical PR file to fill gap: pr_Amon_MIROC-ES2L_historical_r1i1p1f2_gn_18500116-20141216_regridded.nc
2026-07-22 13:39:17,804 - INFO - [storyline.find_cmip6_pr_historical_file] - Selected historical PR member 'r1i1p1f1' for MIROC6 from available: ['r1i1p1f1']
2026-07-22 13:39:18,038 - INFO - [storyline.find_cmip6_pr_historical_file] - Selected historical PR member 'r1i1p1f1' for CMCC-ESM2 from available: ['r1i1p1f1']
2026-07-22 13:39:18,242 - INFO - [storyline.find_cmip6_pr_historical_file] - Selected historical PR member 'r1i1p1f1' for CanESM5 from available: ['r1i1p1f1']
2026-07-22 13:39:18,442 - INFO - [storyline.find_cmip6_pr_historical_file] - Selected historical PR member 'r1i1p1f1' for EC-Earth3-Veg-LR from available: ['r1i1p1f1']
2026-07-22 13:39:19,732 - INFO - [storyline.find_cmip6_pr_historical_file] - Selected historical PR member 'r1i1p1f1' for EC-Earth3 from available: ['r1i1p1f1']
2026-07-22 13:39:21,212 - INFO - [storyline.find_cmip6_pr_historical_file] - Selected historical PR member 'r1i1p1f1' for GFDL-ESM4 from available: ['r1i1p1f1']
2026-07-22 13:39:21,212 - INFO - [storyline.find_cmip6_pr_historical_file] - Including non-standard historical PR file to fill gap: pr_Amon_GFDL-ESM4_historical_r1i1p1f1_gr1_18500116-20141216_regridded.nc
2026-07-22 13:39:21,386 - INFO - [storyline.find_cmip6_pr_historical_file] - Selected historical PR member 'r1i1p1f1' for IITM-ESM from available: ['r1i1p1f1']
2026-07-22 13:39:21,730 - INFO - [storyline.find_cmip6_pr_historical_file] - Selected historical PR member 'r1i1p1f1' for MPI-ESM1-2-LR from available: ['r1i1p1f1']
2026-07-22 13:39:21,988 - INFO - [storyline.find_cmip6_pr_historical_file] - Selected historical PR member 'r1i1p1f1' for MRI-ESM2-0 from available: ['r1i1p1f1']
2026-07-22 13:39:21,988 - INFO - [storyline.find_cmip6_pr_historical_file] - Including non-standard historical PR file to fill gap: pr_Amon_MRI-ESM2-0_historical_r1i1p1f1_gn_18500116-20141216_regridded.nc
2026-07-22 13:39:22,161 - INFO - [storyline.find_cmip6_pr_historical_file] - Selected historical PR member 'r1i1p1f1' for ACCESS-CM2 from available: ['r1i1p1f1']
2026-07-22 13:39:22,312 - INFO - [storyline.find_cmip6_pr_historical_file] - Selected historical PR member 'r1i1p1f1' for ACCESS-ESM1-5 from available: ['r1i1p1f1']
2026-07-22 13:39:22,463 - INFO - [storyline.find_cmip6_pr_historical_file] - Selected historical PR member 'r1i1p1f1' for CESM2 from available: ['r1i1p1f1']
2026-07-22 13:39:22,632 - INFO - [storyline.find_cmip6_pr_historical_file] - Selected historical PR member 'r1i1p1f1' for CESM2-WACCM from available: ['r1i1p1f1']
2026-07-22 13:39:22,800 - INFO - [storyline.find_cmip6_pr_historical_file] - Selected historical PR member 'r1i1p1f1' for CMCC-CM2-SR5 from available: ['r1i1p1f1']
2026-07-22 13:39:22,993 - INFO - [storyline.find_cmip6_pr_historical_file] - Selected historical PR member 'r1i1p1f1' for CMCC-ESM2 from available: ['r1i1p1f1']
2026-07-22 13:39:23,189 - INFO - [storyline.find_cmip6_pr_historical_file] - Selected historical PR member 'r1i1p1f1' for CanESM5 from available: ['r1i1p1f1']
2026-07-22 13:39:23,384 - INFO - [storyline.find_cmip6_pr_historical_file] - Selected historical PR member 'r1i1p1f1' for EC-Earth3-CC from available: ['r1i1p1f1']
2026-07-22 13:39:24,593 - INFO - [storyline.find_cmip6_pr_historical_file] - Selected historical PR member 'r1i1p1f1' for EC-Earth3-Veg-LR from available: ['r1i1p1f1']
2026-07-22 13:39:26,016 - INFO - [storyline.find_cmip6_pr_historical_file] - Selected historical PR member 'r1i1p1f1' for EC-Earth3 from available: ['r1i1p1f1']
2026-07-22 13:39:27,189 - INFO - [storyline.find_cmip6_pr_historical_file] - Selected historical PR member 'r1i1p1f1' for GFDL-ESM4 from available: ['r1i1p1f1']
2026-07-22 13:39:27,189 - INFO - [storyline.find_cmip6_pr_historical_file] - Including non-standard historical PR file to fill gap: pr_Amon_GFDL-ESM4_historical_r1i1p1f1_gr1_18500116-20141216_regridded.nc
2026-07-22 13:39:27,363 - INFO - [storyline.find_cmip6_pr_historical_file] - Selected historical PR member 'r1i1p1f3' for HadGEM3-GC31-LL from available: ['r1i1p1f3']
2026-07-22 13:39:27,363 - INFO - [storyline.find_cmip6_pr_historical_file] - Including non-standard historical PR file to fill gap: pr_Amon_HadGEM3-GC31-LL_historical_r1i1p1f3_gn_18500116-20141216_regridded.nc
2026-07-22 13:39:27,554 - INFO - [storyline.find_cmip6_pr_historical_file] - Selected historical PR member 'r1i1p1f1' for IITM-ESM from available: ['r1i1p1f1']
2026-07-22 13:39:27,902 - INFO - [storyline.find_cmip6_pr_historical_file] - Selected historical PR member 'r1i1p1f1' for INM-CM4-8 from available: ['r1i1p1f1']
2026-07-22 13:39:28,132 - INFO - [storyline.find_cmip6_pr_historical_file] - Selected historical PR member 'r1i1p1f1' for INM-CM5-0 from available: ['r1i1p1f1']
2026-07-22 13:39:28,362 - INFO - [storyline.find_cmip6_pr_historical_file] - Selected historical PR member 'r1i1p1f1' for IPSL-CM6A-LR from available: ['r1i1p1f1']
2026-07-22 13:39:28,561 - INFO - [storyline.find_cmip6_pr_historical_file] - Selected historical PR member 'r1i1p1f1' for KACE-1-0-G from available: ['r1i1p1f1']
2026-07-22 13:39:28,764 - INFO - [storyline.find_cmip6_pr_historical_file] - Selected historical PR member 'r1i1p1f1' for KIOST-ESM from available: ['r1i1p1f1']
2026-07-22 13:39:28,962 - INFO - [storyline.find_cmip6_pr_historical_file] - Selected historical PR member 'r1i1p1f2' for MIROC-ES2L from available: ['r1i1p1f2']
2026-07-22 13:39:28,962 - INFO - [storyline.find_cmip6_pr_historical_file] - Including non-standard historical PR file to fill gap: pr_Amon_MIROC-ES2L_historical_r1i1p1f2_gn_18500116-20141216_regridded.nc
2026-07-22 13:39:29,163 - INFO - [storyline.find_cmip6_pr_historical_file] - Selected historical PR member 'r1i1p1f1' for MIROC6 from available: ['r1i1p1f1']
2026-07-22 13:39:29,392 - INFO - [storyline.find_cmip6_pr_historical_file] - Selected historical PR member 'r1i1p1f1' for MPI-ESM1-2-HR from available: ['r1i1p1f1']
2026-07-22 13:39:29,393 - INFO - [storyline.find_cmip6_pr_historical_file] - Including non-standard historical PR file to fill gap: pr_Amon_MPI-ESM1-2-HR_historical_r1i1p1f1_gn_19000116-19041216_regridded.nc
2026-07-22 13:39:30,105 - INFO - [storyline.find_cmip6_pr_historical_file] - Selected historical PR member 'r1i1p1f1' for MPI-ESM1-2-LR from available: ['r1i1p1f1']
2026-07-22 13:39:30,380 - INFO - [storyline.find_cmip6_pr_historical_file] - Selected historical PR member 'r1i1p1f1' for MRI-ESM2-0 from available: ['r1i1p1f1']
2026-07-22 13:39:30,380 - INFO - [storyline.find_cmip6_pr_historical_file] - Including non-standard historical PR file to fill gap: pr_Amon_MRI-ESM2-0_historical_r1i1p1f1_gn_18500116-20141216_regridded.nc
2026-07-22 13:39:30,566 - INFO - [storyline.find_cmip6_pr_historical_file] - Selected historical PR member 'r1i1p1f1' for NorESM2-MM from available: ['r1i1p1f1']
2026-07-22 13:39:30,913 - INFO - [storyline.find_cmip6_pr_historical_file] - Selected historical PR member 'r1i1p1f2' for UKESM1-0-LL from available: ['r13i1p1f2', 'r1i1p1f2']
2026-07-22 13:39:30,914 - INFO - [storyline.find_cmip6_pr_historical_file] - Including non-standard historical PR file to fill gap: pr_Amon_UKESM1-0-LL_historical_r1i1p1f2_gn_18500116-20141216_regridded.nc
2026-07-22 13:39:31,121 - INFO - [storyline.calculate_pr_composites_for_extremes] -   PR Future Extreme Models (N=12): ['MPI-ESM1-2-HR_ssp245', 'HadGEM3-GC31-LL_ssp245', 'NorESM2-MM_ssp245', 'ACCESS-ESM1-5_ssp245', 'CESM2_ssp245', 'KACE-1-0-G_ssp245', 'CMCC-CM2-SR5_ssp245', 'INM-CM4-8_ssp245', 'KIOST-ESM_ssp245', 'UKESM1-0-LL_ssp245', 'ACCESS-CM2_ssp245', 'CESM2-WACCM_ssp245']
2026-07-22 13:39:31,121 - INFO - [storyline.calculate_pr_composites_for_extremes] -   PR Future Non-Extreme Models (N=12): ['INM-CM5-0_ssp245', 'IPSL-CM6A-LR_ssp245', 'MIROC-ES2L_ssp245', 'MIROC6_ssp245', 'CMCC-ESM2_ssp245', 'CanESM5_ssp245', 'EC-Earth3-Veg-LR_ssp245', 'EC-Earth3_ssp245', 'GFDL-ESM4_ssp245', 'IITM-ESM_ssp245', 'MPI-ESM1-2-LR_ssp245', 'MRI-ESM2-0_ssp245']
2026-07-22 13:39:31,121 - INFO - [storyline.calculate_pr_composites_for_extremes] -   PR Historical Extreme Models (N=12): ['MPI-ESM1-2-HR_ssp245', 'HadGEM3-GC31-LL_ssp245', 'NorESM2-MM_ssp245', 'ACCESS-ESM1-5_ssp245', 'CESM2_ssp245', 'KACE-1-0-G_ssp245', 'CMCC-CM2-SR5_ssp245', 'INM-CM4-8_ssp245', 'KIOST-ESM_ssp245', 'UKESM1-0-LL_ssp245', 'ACCESS-CM2_ssp245', 'CESM2-WACCM_ssp245']
2026-07-22 13:39:31,122 - INFO - [storyline.calculate_pr_composites_for_extremes] -   PR Historical Non-Extreme Models (N=12): ['INM-CM5-0_ssp245', 'IPSL-CM6A-LR_ssp245', 'MIROC-ES2L_ssp245', 'MIROC6_ssp245', 'CMCC-ESM2_ssp245', 'CanESM5_ssp245', 'EC-Earth3-Veg-LR_ssp245', 'EC-Earth3_ssp245', 'GFDL-ESM4_ssp245', 'IITM-ESM_ssp245', 'MPI-ESM1-2-LR_ssp245', 'MRI-ESM2-0_ssp245']
2026-07-22 13:39:31,782 - INFO - [main.run_full_analysis] - PR composite plots already exist, but calculating data for missing Final Figure 4...
2026-07-22 13:39:31,782 - INFO - [storyline.calculate_pr_composites_for_extremes] - Calculating PR composites for event '30Q10_low' at GWL +3.0°C, Season=Winter (Top/Bottom 12 models)...
2026-07-22 13:39:31,782 - INFO - [storyline.calculate_pr_composites_for_extremes] - [PR DEBUG] Keys for ACCESS-CM2_ssp245: ['1Q_low_winter', '1Q_high_winter', '7Q_low_winter', '7Q_high_winter', '30Q_low_winter', '30Q_high_winter', '1Q_low_summer', '1Q_high_summer', '7Q_low_summer', '7Q_high_summer', '30Q_low_summer', '30Q_high_summer', '1Q_low_full_year', '1Q_high_full_year', '7Q_low_full_year', '7Q_high_full_year', '30Q_low_full_year', '30Q_high_full_year', 'Mar_discharge', 'Apr_discharge', 'May_discharge', 'Sep_discharge', 'Oct_discharge', 'Nov_discharge', 'DJF_JetSpeed', 'DJF_JetLat', 'DJF_pr', 'DJF_tas', 'DJF_discharge', 'JJA_JetSpeed', 'JJA_JetLat', 'JJA_pr', 'JJA_tas', 'JJA_discharge', 'Hydro_Winter_JetSpeed', 'Hydro_Winter_JetLat', 'Hydro_Summer_JetSpeed', 'Hydro_Summer_JetLat', 'Annual_tas', 'Annual_pr', 'Annual_discharge', 'Annual_spei']
2026-07-22 13:39:31,794 - INFO - [storyline.calculate_pr_composites_for_extremes] -   Calculated Return Periods for 11 models.
2026-07-22 13:39:31,810 - INFO - [storyline.calculate_pr_composites_for_extremes] -   PR Extreme Models (Shortest T): ['KACE-1-0-G_ssp245', 'CESM2_ssp245', 'CESM2-WACCM_ssp245', 'HadGEM3-GC31-LL_ssp245', 'UKESM1-0-LL_ssp245']
2026-07-22 13:39:31,810 - INFO - [storyline.calculate_pr_composites_for_extremes] -   PR Non-Extreme Models (Longest T): ['EC-Earth3-CC_ssp245', 'IPSL-CM6A-LR_ssp245', 'CMCC-CM2-SR5_ssp245', 'CMCC-ESM2_ssp245', 'CanESM5_ssp245']
2026-07-22 13:39:31,920 - INFO - [storyline.find_cmip6_pr_file] - Including non-standard file to fill gap: pr_Amon_CESM2_ssp245_r4i1p1f1_gn_20150115-21001215_regridded.nc
2026-07-22 13:39:32,163 - INFO - [storyline.find_cmip6_pr_file] - Including non-standard file to fill gap: pr_Amon_HadGEM3-GC31-LL_ssp245_r1i1p1f3_gn_20150116-21001216_regridded.nc
2026-07-22 13:39:32,295 - INFO - [storyline.find_cmip6_pr_file] - Selected PR file member 'r1i1p1f2' for UKESM1-0-LL (ssp245) from available in dir: ['r13i1p1f2', 'r1i1p1f2']
2026-07-22 13:39:32,295 - INFO - [storyline.find_cmip6_pr_file] - Including non-standard file to fill gap: pr_Amon_UKESM1-0-LL_ssp245_r1i1p1f2_gn_20150116-21001216_regridded.nc
2026-07-22 13:39:33,682 - INFO - [storyline.find_cmip6_pr_historical_file] - Selected historical PR member 'r1i1p1f1' for KACE-1-0-G from available: ['r1i1p1f1']
2026-07-22 13:39:33,877 - INFO - [storyline.find_cmip6_pr_historical_file] - Selected historical PR member 'r1i1p1f1' for CESM2 from available: ['r1i1p1f1']
2026-07-22 13:39:34,077 - INFO - [storyline.find_cmip6_pr_historical_file] - Selected historical PR member 'r1i1p1f1' for CESM2-WACCM from available: ['r1i1p1f1']
2026-07-22 13:39:34,272 - INFO - [storyline.find_cmip6_pr_historical_file] - Selected historical PR member 'r1i1p1f3' for HadGEM3-GC31-LL from available: ['r1i1p1f3']
2026-07-22 13:39:34,272 - INFO - [storyline.find_cmip6_pr_historical_file] - Including non-standard historical PR file to fill gap: pr_Amon_HadGEM3-GC31-LL_historical_r1i1p1f3_gn_18500116-20141216_regridded.nc
2026-07-22 13:39:34,468 - INFO - [storyline.find_cmip6_pr_historical_file] - Selected historical PR member 'r1i1p1f2' for UKESM1-0-LL from available: ['r13i1p1f2', 'r1i1p1f2']
2026-07-22 13:39:34,468 - INFO - [storyline.find_cmip6_pr_historical_file] - Including non-standard historical PR file to fill gap: pr_Amon_UKESM1-0-LL_historical_r1i1p1f2_gn_18500116-20141216_regridded.nc
2026-07-22 13:39:34,673 - INFO - [storyline.find_cmip6_pr_historical_file] - Selected historical PR member 'r1i1p1f1' for EC-Earth3-CC from available: ['r1i1p1f1']
2026-07-22 13:39:36,170 - INFO - [storyline.find_cmip6_pr_historical_file] - Selected historical PR member 'r1i1p1f1' for IPSL-CM6A-LR from available: ['r1i1p1f1']
2026-07-22 13:39:36,346 - INFO - [storyline.find_cmip6_pr_historical_file] - Selected historical PR member 'r1i1p1f1' for CMCC-CM2-SR5 from available: ['r1i1p1f1']
2026-07-22 13:39:36,541 - INFO - [storyline.find_cmip6_pr_historical_file] - Selected historical PR member 'r1i1p1f1' for CMCC-ESM2 from available: ['r1i1p1f1']
2026-07-22 13:39:36,740 - INFO - [storyline.find_cmip6_pr_historical_file] - Selected historical PR member 'r1i1p1f1' for CanESM5 from available: ['r1i1p1f1']
2026-07-22 13:39:36,945 - INFO - [storyline.find_cmip6_pr_historical_file] - Selected historical PR member 'r1i1p1f1' for ACCESS-CM2 from available: ['r1i1p1f1']
2026-07-22 13:39:37,143 - INFO - [storyline.find_cmip6_pr_historical_file] - Selected historical PR member 'r1i1p1f1' for CESM2 from available: ['r1i1p1f1']
2026-07-22 13:39:37,340 - INFO - [storyline.find_cmip6_pr_historical_file] - Selected historical PR member 'r1i1p1f1' for CESM2-WACCM from available: ['r1i1p1f1']
2026-07-22 13:39:37,536 - INFO - [storyline.find_cmip6_pr_historical_file] - Selected historical PR member 'r1i1p1f1' for CMCC-CM2-SR5 from available: ['r1i1p1f1']
2026-07-22 13:39:37,734 - INFO - [storyline.find_cmip6_pr_historical_file] - Selected historical PR member 'r1i1p1f1' for CMCC-ESM2 from available: ['r1i1p1f1']
2026-07-22 13:39:37,930 - INFO - [storyline.find_cmip6_pr_historical_file] - Selected historical PR member 'r1i1p1f1' for CanESM5 from available: ['r1i1p1f1']
2026-07-22 13:39:38,127 - INFO - [storyline.find_cmip6_pr_historical_file] - Selected historical PR member 'r1i1p1f1' for EC-Earth3-CC from available: ['r1i1p1f1']
2026-07-22 13:39:39,339 - INFO - [storyline.find_cmip6_pr_historical_file] - Selected historical PR member 'r1i1p1f3' for HadGEM3-GC31-LL from available: ['r1i1p1f3']
2026-07-22 13:39:39,339 - INFO - [storyline.find_cmip6_pr_historical_file] - Including non-standard historical PR file to fill gap: pr_Amon_HadGEM3-GC31-LL_historical_r1i1p1f3_gn_18500116-20141216_regridded.nc
2026-07-22 13:39:39,515 - INFO - [storyline.find_cmip6_pr_historical_file] - Selected historical PR member 'r1i1p1f1' for IPSL-CM6A-LR from available: ['r1i1p1f1']
2026-07-22 13:39:39,713 - INFO - [storyline.find_cmip6_pr_historical_file] - Selected historical PR member 'r1i1p1f1' for KACE-1-0-G from available: ['r1i1p1f1']
2026-07-22 13:39:39,902 - INFO - [storyline.find_cmip6_pr_historical_file] - Selected historical PR member 'r1i1p1f2' for UKESM1-0-LL from available: ['r13i1p1f2', 'r1i1p1f2']
2026-07-22 13:39:39,903 - INFO - [storyline.find_cmip6_pr_historical_file] - Including non-standard historical PR file to fill gap: pr_Amon_UKESM1-0-LL_historical_r1i1p1f2_gn_18500116-20141216_regridded.nc
2026-07-22 13:39:40,105 - INFO - [storyline.calculate_pr_composites_for_extremes] -   PR Future Extreme Models (N=5): ['KACE-1-0-G_ssp245', 'CESM2_ssp245', 'CESM2-WACCM_ssp245', 'HadGEM3-GC31-LL_ssp245', 'UKESM1-0-LL_ssp245']
2026-07-22 13:39:40,105 - INFO - [storyline.calculate_pr_composites_for_extremes] -   PR Future Non-Extreme Models (N=5): ['EC-Earth3-CC_ssp245', 'IPSL-CM6A-LR_ssp245', 'CMCC-CM2-SR5_ssp245', 'CMCC-ESM2_ssp245', 'CanESM5_ssp245']
2026-07-22 13:39:40,105 - INFO - [storyline.calculate_pr_composites_for_extremes] -   PR Historical Extreme Models (N=5): ['KACE-1-0-G_ssp245', 'CESM2_ssp245', 'CESM2-WACCM_ssp245', 'HadGEM3-GC31-LL_ssp245', 'UKESM1-0-LL_ssp245']
2026-07-22 13:39:40,106 - INFO - [storyline.calculate_pr_composites_for_extremes] -   PR Historical Non-Extreme Models (N=5): ['EC-Earth3-CC_ssp245', 'IPSL-CM6A-LR_ssp245', 'CMCC-CM2-SR5_ssp245', 'CMCC-ESM2_ssp245', 'CanESM5_ssp245']
2026-07-22 13:39:40,537 - INFO - [main.run_full_analysis] - PR composite plots already exist, but calculating data for missing Final Figure 4...
2026-07-22 13:39:40,537 - INFO - [storyline.calculate_pr_composites_for_extremes] - Calculating PR composites for event '30Q10_low' at GWL +3.0°C, Season=Summer (Top/Bottom 12 models)...
2026-07-22 13:39:40,537 - INFO - [storyline.calculate_pr_composites_for_extremes] - [PR DEBUG] Keys for ACCESS-CM2_ssp245: ['1Q_low_winter', '1Q_high_winter', '7Q_low_winter', '7Q_high_winter', '30Q_low_winter', '30Q_high_winter', '1Q_low_summer', '1Q_high_summer', '7Q_low_summer', '7Q_high_summer', '30Q_low_summer', '30Q_high_summer', '1Q_low_full_year', '1Q_high_full_year', '7Q_low_full_year', '7Q_high_full_year', '30Q_low_full_year', '30Q_high_full_year', 'Mar_discharge', 'Apr_discharge', 'May_discharge', 'Sep_discharge', 'Oct_discharge', 'Nov_discharge', 'DJF_JetSpeed', 'DJF_JetLat', 'DJF_pr', 'DJF_tas', 'DJF_discharge', 'JJA_JetSpeed', 'JJA_JetLat', 'JJA_pr', 'JJA_tas', 'JJA_discharge', 'Hydro_Winter_JetSpeed', 'Hydro_Winter_JetLat', 'Hydro_Summer_JetSpeed', 'Hydro_Summer_JetLat', 'Annual_tas', 'Annual_pr', 'Annual_discharge', 'Annual_spei']
2026-07-22 13:39:40,548 - INFO - [storyline.calculate_pr_composites_for_extremes] -   Calculated Return Periods for 11 models.
2026-07-22 13:39:40,564 - INFO - [storyline.calculate_pr_composites_for_extremes] -   PR Extreme Models (Shortest T): ['KACE-1-0-G_ssp245', 'CESM2_ssp245', 'HadGEM3-GC31-LL_ssp245', 'UKESM1-0-LL_ssp245', 'IPSL-CM6A-LR_ssp245']
2026-07-22 13:39:40,564 - INFO - [storyline.calculate_pr_composites_for_extremes] -   PR Non-Extreme Models (Longest T): ['ACCESS-CM2_ssp245', 'CMCC-CM2-SR5_ssp245', 'CMCC-ESM2_ssp245', 'CanESM5_ssp245', 'EC-Earth3-CC_ssp245']
2026-07-22 13:39:40,677 - INFO - [storyline.find_cmip6_pr_file] - Including non-standard file to fill gap: pr_Amon_CESM2_ssp245_r4i1p1f1_gn_20150115-21001215_regridded.nc
2026-07-22 13:39:40,795 - INFO - [storyline.find_cmip6_pr_file] - Including non-standard file to fill gap: pr_Amon_HadGEM3-GC31-LL_ssp245_r1i1p1f3_gn_20150116-21001216_regridded.nc
2026-07-22 13:39:40,924 - INFO - [storyline.find_cmip6_pr_file] - Selected PR file member 'r1i1p1f2' for UKESM1-0-LL (ssp245) from available in dir: ['r13i1p1f2', 'r1i1p1f2']
2026-07-22 13:39:40,924 - INFO - [storyline.find_cmip6_pr_file] - Including non-standard file to fill gap: pr_Amon_UKESM1-0-LL_ssp245_r1i1p1f2_gn_20150116-21001216_regridded.nc
2026-07-22 13:39:42,656 - INFO - [storyline.find_cmip6_pr_historical_file] - Selected historical PR member 'r1i1p1f1' for KACE-1-0-G from available: ['r1i1p1f1']
2026-07-22 13:39:42,830 - INFO - [storyline.find_cmip6_pr_historical_file] - Selected historical PR member 'r1i1p1f1' for CESM2 from available: ['r1i1p1f1']
2026-07-22 13:39:43,027 - INFO - [storyline.find_cmip6_pr_historical_file] - Selected historical PR member 'r1i1p1f3' for HadGEM3-GC31-LL from available: ['r1i1p1f3']
2026-07-22 13:39:43,027 - INFO - [storyline.find_cmip6_pr_historical_file] - Including non-standard historical PR file to fill gap: pr_Amon_HadGEM3-GC31-LL_historical_r1i1p1f3_gn_18500116-20141216_regridded.nc
2026-07-22 13:39:43,226 - INFO - [storyline.find_cmip6_pr_historical_file] - Selected historical PR member 'r1i1p1f2' for UKESM1-0-LL from available: ['r13i1p1f2', 'r1i1p1f2']
2026-07-22 13:39:43,226 - INFO - [storyline.find_cmip6_pr_historical_file] - Including non-standard historical PR file to fill gap: pr_Amon_UKESM1-0-LL_historical_r1i1p1f2_gn_18500116-20141216_regridded.nc
2026-07-22 13:39:43,421 - INFO - [storyline.find_cmip6_pr_historical_file] - Selected historical PR member 'r1i1p1f1' for IPSL-CM6A-LR from available: ['r1i1p1f1']
2026-07-22 13:39:43,625 - INFO - [storyline.find_cmip6_pr_historical_file] - Selected historical PR member 'r1i1p1f1' for ACCESS-CM2 from available: ['r1i1p1f1']
2026-07-22 13:39:43,822 - INFO - [storyline.find_cmip6_pr_historical_file] - Selected historical PR member 'r1i1p1f1' for CMCC-CM2-SR5 from available: ['r1i1p1f1']
2026-07-22 13:39:44,022 - INFO - [storyline.find_cmip6_pr_historical_file] - Selected historical PR member 'r1i1p1f1' for CMCC-ESM2 from available: ['r1i1p1f1']
2026-07-22 13:39:44,219 - INFO - [storyline.find_cmip6_pr_historical_file] - Selected historical PR member 'r1i1p1f1' for CanESM5 from available: ['r1i1p1f1']
2026-07-22 13:39:44,415 - INFO - [storyline.find_cmip6_pr_historical_file] - Selected historical PR member 'r1i1p1f1' for EC-Earth3-CC from available: ['r1i1p1f1']
2026-07-22 13:39:45,637 - INFO - [storyline.find_cmip6_pr_historical_file] - Selected historical PR member 'r1i1p1f1' for ACCESS-CM2 from available: ['r1i1p1f1']
2026-07-22 13:39:45,817 - INFO - [storyline.find_cmip6_pr_historical_file] - Selected historical PR member 'r1i1p1f1' for CESM2 from available: ['r1i1p1f1']
2026-07-22 13:39:46,015 - INFO - [storyline.find_cmip6_pr_historical_file] - Selected historical PR member 'r1i1p1f1' for CESM2-WACCM from available: ['r1i1p1f1']
2026-07-22 13:39:46,455 - INFO - [storyline.find_cmip6_pr_historical_file] - Selected historical PR member 'r1i1p1f1' for CMCC-CM2-SR5 from available: ['r1i1p1f1']
2026-07-22 13:39:46,647 - INFO - [storyline.find_cmip6_pr_historical_file] - Selected historical PR member 'r1i1p1f1' for CMCC-ESM2 from available: ['r1i1p1f1']
2026-07-22 13:39:46,845 - INFO - [storyline.find_cmip6_pr_historical_file] - Selected historical PR member 'r1i1p1f1' for CanESM5 from available: ['r1i1p1f1']
2026-07-22 13:39:47,043 - INFO - [storyline.find_cmip6_pr_historical_file] - Selected historical PR member 'r1i1p1f1' for EC-Earth3-CC from available: ['r1i1p1f1']
2026-07-22 13:39:48,255 - INFO - [storyline.find_cmip6_pr_historical_file] - Selected historical PR member 'r1i1p1f3' for HadGEM3-GC31-LL from available: ['r1i1p1f3']
2026-07-22 13:39:48,255 - INFO - [storyline.find_cmip6_pr_historical_file] - Including non-standard historical PR file to fill gap: pr_Amon_HadGEM3-GC31-LL_historical_r1i1p1f3_gn_18500116-20141216_regridded.nc
2026-07-22 13:39:48,433 - INFO - [storyline.find_cmip6_pr_historical_file] - Selected historical PR member 'r1i1p1f1' for IPSL-CM6A-LR from available: ['r1i1p1f1']
2026-07-22 13:39:48,635 - INFO - [storyline.find_cmip6_pr_historical_file] - Selected historical PR member 'r1i1p1f1' for KACE-1-0-G from available: ['r1i1p1f1']
2026-07-22 13:39:48,834 - INFO - [storyline.find_cmip6_pr_historical_file] - Selected historical PR member 'r1i1p1f2' for UKESM1-0-LL from available: ['r13i1p1f2', 'r1i1p1f2']
2026-07-22 13:39:48,834 - INFO - [storyline.find_cmip6_pr_historical_file] - Including non-standard historical PR file to fill gap: pr_Amon_UKESM1-0-LL_historical_r1i1p1f2_gn_18500116-20141216_regridded.nc
2026-07-22 13:39:49,042 - INFO - [storyline.calculate_pr_composites_for_extremes] -   PR Future Extreme Models (N=5): ['KACE-1-0-G_ssp245', 'CESM2_ssp245', 'HadGEM3-GC31-LL_ssp245', 'UKESM1-0-LL_ssp245', 'IPSL-CM6A-LR_ssp245']
2026-07-22 13:39:49,042 - INFO - [storyline.calculate_pr_composites_for_extremes] -   PR Future Non-Extreme Models (N=5): ['ACCESS-CM2_ssp245', 'CMCC-CM2-SR5_ssp245', 'CMCC-ESM2_ssp245', 'CanESM5_ssp245', 'EC-Earth3-CC_ssp245']
2026-07-22 13:39:49,042 - INFO - [storyline.calculate_pr_composites_for_extremes] -   PR Historical Extreme Models (N=5): ['KACE-1-0-G_ssp245', 'CESM2_ssp245', 'HadGEM3-GC31-LL_ssp245', 'UKESM1-0-LL_ssp245', 'IPSL-CM6A-LR_ssp245']
2026-07-22 13:39:49,043 - INFO - [storyline.calculate_pr_composites_for_extremes] -   PR Historical Non-Extreme Models (N=5): ['ACCESS-CM2_ssp245', 'CMCC-CM2-SR5_ssp245', 'CMCC-ESM2_ssp245', 'CanESM5_ssp245', 'EC-Earth3-CC_ssp245']
2026-07-22 13:39:49,470 - INFO - [main.run_full_analysis] - Combined PR diff plot for GWL 2.0 already exists.
2026-07-22 13:39:49,471 - INFO - [visualization.plot_final_figure_4_combined] - Plotting combined final figure 4 for GWL 2.0°C, ssp245...
/nas/home/vlw/Desktop/STREAM/Code/paper1-project/visualization.py:6398: UserWarning: This figure includes Axes that are not compatible with tight_layout, so results might be incorrect.
  fig.tight_layout(rect=(0, 0.07, 1, 0.94), h_pad=1.2, w_pad=1.0)
2026-07-22 13:39:52,952 - INFO - [visualization.plot_final_figure_4_combined] - Saved combined final figure 4 to /nas/home/vlw/Desktop/STREAM/paper1-plots/final_figure_4_combined_ssp245_gwl2.0.png and /nas/home/vlw/Desktop/STREAM/paper1-plots/final_figure_4_combined_ssp245_gwl2.0.pdf
2026-07-22 13:39:52,954 - INFO - [main.run_full_analysis] - Combined PR diff plot for GWL 3.0 already exists.
2026-07-22 13:39:52,954 - INFO - [visualization.plot_final_figure_4_combined] - Plotting combined final figure 4 for GWL 3.0°C, ssp245...
/nas/home/vlw/Desktop/STREAM/Code/paper1-project/visualization.py:6398: UserWarning: This figure includes Axes that are not compatible with tight_layout, so results might be incorrect.
  fig.tight_layout(rect=(0, 0.07, 1, 0.94), h_pad=1.2, w_pad=1.0)
2026-07-22 13:39:56,836 - INFO - [visualization.plot_final_figure_4_combined] - Saved combined final figure 4 to /nas/home/vlw/Desktop/STREAM/paper1-plots/final_figure_4_combined_ssp245_gwl3.0.png and /nas/home/vlw/Desktop/STREAM/paper1-plots/final_figure_4_combined_ssp245_gwl3.0.pdf
2026-07-22 13:39:56,840 - INFO - [main.run_full_analysis] - UA composite plot for GWL 2.0, Winter already exists and data not needed.
2026-07-22 13:39:56,840 - INFO - [storyline.calculate_ua_composites_for_extremes] - Calculating UA composites for event '30Q10_low' at GWL +2.0°C, Season=Winter...
2026-07-22 13:39:56,877 - INFO - [storyline.calculate_ua_composites_for_extremes] -   UA Extreme Models (N=12): ['ACCESS-ESM1-5_ssp245', 'KACE-1-0-G_ssp245', 'MPI-ESM1-2-HR_ssp245', 'NorESM2-MM_ssp245', 'CESM2_ssp245', 'HadGEM3-GC31-LL_ssp245', 'INM-CM4-8_ssp245', 'MIROC6_ssp245', 'CMCC-ESM2_ssp245', 'CESM2-WACCM_ssp245', 'EC-Earth3_ssp245', 'INM-CM5-0_ssp245']
2026-07-22 13:39:56,877 - INFO - [storyline.calculate_ua_composites_for_extremes] -   UA Non-Extreme Models (N=12): ['KIOST-ESM_ssp245', 'UKESM1-0-LL_ssp245', 'CMCC-CM2-SR5_ssp245', 'EC-Earth3-CC_ssp245', 'ACCESS-CM2_ssp245', 'CanESM5_ssp245', 'EC-Earth3-Veg-LR_ssp245', 'GFDL-ESM4_ssp245', 'IITM-ESM_ssp245', 'MIROC-ES2L_ssp245', 'MPI-ESM1-2-LR_ssp245', 'MRI-ESM2-0_ssp245']
2026-07-22 13:39:56,879 - INFO - [storyline.find_cmip6_ua_file] - Selected UA file member 'r1i1p1f1' for ACCESS-ESM1-5 (ssp245) from available: ['r1i1p1f1']
2026-07-22 13:39:57,016 - INFO - [storyline.find_cmip6_ua_file] - Selected UA file member 'r1i1p1f1' for KACE-1-0-G (ssp245) from available: ['r1i1p1f1']
2026-07-22 13:39:57,141 - INFO - [storyline.find_cmip6_ua_file] - Selected UA file member 'r1i1p1f1' for MPI-ESM1-2-HR (ssp245) from available: ['r1i1p1f1']
2026-07-22 13:39:57,448 - INFO - [storyline.find_cmip6_ua_file] - Selected UA file member 'r1i1p1f1' for NorESM2-MM (ssp245) from available: ['r1i1p1f1']
2026-07-22 13:39:57,658 - INFO - [storyline.find_cmip6_ua_file] - Selected UA file member 'r4i1p1f1' for CESM2 (ssp245) from available: ['r4i1p1f1']
2026-07-22 13:39:57,658 - INFO - [storyline.find_cmip6_ua_file] - Including non-standard UA file to fill gap: ua_Amon_CESM2_ssp245_r4i1p1f1_gn_20150115-20540715_regridded.nc
2026-07-22 13:39:57,658 - INFO - [storyline.find_cmip6_ua_file] - Including non-standard UA file to fill gap: ua_Amon_CESM2_ssp245_r4i1p1f1_gn_20540815-20940214_regridded.nc
2026-07-22 13:39:57,658 - INFO - [storyline.find_cmip6_ua_file] - Including non-standard UA file to fill gap: ua_Amon_CESM2_ssp245_r4i1p1f1_gn_20940315-21001215_regridded.nc
2026-07-22 13:39:57,826 - INFO - [storyline.find_cmip6_ua_file] - Selected UA file member 'r1i1p1f3' for HadGEM3-GC31-LL (ssp245) from available: ['r1i1p1f3']
2026-07-22 13:39:57,998 - INFO - [storyline.find_cmip6_ua_file] - Selected UA file member 'r1i1p1f1' for INM-CM4-8 (ssp245) from available: ['r1i1p1f1']
2026-07-22 13:39:58,236 - INFO - [storyline.find_cmip6_ua_file] - Selected UA file member 'r1i1p1f1' for MIROC6 (ssp245) from available: ['r1i1p1f1']
2026-07-22 13:39:58,236 - WARNING - [storyline.find_cmip6_ua_file] - Excluding overlapping non-standard UA file: ua_Amon_MIROC6_ssp245_r1i1p1f1_gn_20150116-20741216_regridded.nc
2026-07-22 13:39:58,409 - INFO - [storyline.find_cmip6_ua_file] - Selected UA file member 'r1i1p1f1' for CMCC-ESM2 (ssp245) from available: ['r1i1p1f1']
2026-07-22 13:39:58,575 - INFO - [storyline.find_cmip6_ua_file] - Selected UA file member 'r1i1p1f1' for CESM2-WACCM (ssp245) from available: ['r1i1p1f1']
2026-07-22 13:39:58,735 - INFO - [storyline.find_cmip6_ua_file] - Selected UA file member 'r1i1p1f1' for EC-Earth3 (ssp245) from available: ['r1i1p1f1']
2026-07-22 13:39:59,604 - INFO - [storyline.find_cmip6_ua_file] - Selected UA file member 'r1i1p1f1' for INM-CM5-0 (ssp245) from available: ['r1i1p1f1']
2026-07-22 13:39:59,604 - INFO - [storyline.find_cmip6_ua_file] - Including non-standard UA file to fill gap: ua_Amon_INM-CM5-0_ssp245_r1i1p1f1_gr1_20750116-20841216_regridded.nc
2026-07-22 13:39:59,804 - INFO - [storyline.find_cmip6_ua_file] - Selected UA file member 'r1i1p1f1' for KIOST-ESM (ssp245) from available: ['r1i1p1f1']
2026-07-22 13:39:59,935 - INFO - [storyline.find_cmip6_ua_file] - Selected UA file member 'r1i1p1f2' for UKESM1-0-LL (ssp245) from available: ['r13i1p1f2', 'r1i1p1f2']
2026-07-22 13:39:59,936 - INFO - [storyline.find_cmip6_ua_file] - Including non-standard UA file to fill gap: ua_Amon_UKESM1-0-LL_ssp245_r1i1p1f2_gn_20150116-20930916_regridded.nc
2026-07-22 13:39:59,936 - INFO - [storyline.find_cmip6_ua_file] - Including non-standard UA file to fill gap: ua_Amon_UKESM1-0-LL_ssp245_r1i1p1f2_gn_20931016-21001216_regridded.nc
2026-07-22 13:40:00,350 - INFO - [storyline.find_cmip6_ua_file] - Selected UA file member 'r1i1p1f1' for CMCC-CM2-SR5 (ssp245) from available: ['r1i1p1f1']
2026-07-22 13:40:00,351 - INFO - [storyline.find_cmip6_ua_file] - Including non-standard UA file to fill gap: ua_Amon_CMCC-CM2-SR5_ssp245_r1i1p1f1_gn_20400116-20641216_regridded.nc
2026-07-22 13:40:00,544 - INFO - [storyline.find_cmip6_ua_file] - Selected UA file member 'r1i1p1f1' for EC-Earth3-CC (ssp245) from available: ['r1i1p1f1']
2026-07-22 13:40:00,544 - WARNING - [storyline.find_cmip6_ua_file] - Excluding overlapping non-standard UA file: ua_Amon_EC-Earth3-CC_ssp245_r1i1p1f1_gr_20150116-20310816_regridded.nc
2026-07-22 13:40:00,545 - WARNING - [storyline.find_cmip6_ua_file] - Excluding overlapping non-standard UA file: ua_Amon_EC-Earth3-CC_ssp245_r1i1p1f1_gr_20310916-20480416_regridded.nc
2026-07-22 13:40:00,545 - WARNING - [storyline.find_cmip6_ua_file] - Excluding overlapping non-standard UA file: ua_Amon_EC-Earth3-CC_ssp245_r1i1p1f1_gr_20480516-20641216_regridded.nc
2026-07-22 13:40:00,545 - WARNING - [storyline.find_cmip6_ua_file] - Excluding overlapping non-standard UA file: ua_Amon_EC-Earth3-CC_ssp245_r1i1p1f1_gr_20650116-20810816_regridded.nc
2026-07-22 13:40:00,545 - WARNING - [storyline.find_cmip6_ua_file] - Excluding overlapping non-standard UA file: ua_Amon_EC-Earth3-CC_ssp245_r1i1p1f1_gr_20810916-20980416_regridded.nc
2026-07-22 13:40:00,545 - WARNING - [storyline.find_cmip6_ua_file] - Excluding overlapping non-standard UA file: ua_Amon_EC-Earth3-CC_ssp245_r1i1p1f1_gr_20980516-21001216_regridded.nc
2026-07-22 13:40:01,688 - INFO - [storyline.find_cmip6_ua_file] - Selected UA file member 'r1i1p1f1' for ACCESS-CM2 (ssp245) from available: ['r1i1p1f1']
2026-07-22 13:40:01,826 - INFO - [storyline.find_cmip6_ua_file] - Selected UA file member 'r1i1p1f1' for CanESM5 (ssp245) from available: ['r1i1p1f1']
2026-07-22 13:40:01,962 - INFO - [storyline.find_cmip6_ua_file] - Selected UA file member 'r1i1p1f1' for EC-Earth3-Veg-LR (ssp245) from available: ['r1i1p1f1']
2026-07-22 13:40:01,962 - WARNING - [storyline.find_cmip6_ua_file] - Excluding overlapping non-standard UA file: ua_Amon_EC-Earth3-Veg-LR_ssp245_r1i1p1f1_gr_20150116-20791216_regridded.nc
2026-07-22 13:40:03,112 - INFO - [storyline.find_cmip6_ua_file] - Selected UA file member 'r1i1p1f1' for GFDL-ESM4 (ssp245) from available: ['r1i1p1f1']
2026-07-22 13:40:03,242 - INFO - [storyline.find_cmip6_ua_file] - Selected UA file member 'r1i1p1f1' for IITM-ESM (ssp245) from available: ['r1i1p1f1']
2026-07-22 13:40:03,242 - WARNING - [storyline.find_cmip6_ua_file] - Excluding overlapping non-standard UA file: ua_Amon_IITM-ESM_ssp245_r1i1p1f1_gn_20150116-20991216_regridded.nc
2026-07-22 13:40:03,448 - INFO - [storyline.find_cmip6_ua_file] - Selected UA file member 'r1i1p1f2' for MIROC-ES2L (ssp245) from available: ['r1i1p1f2']
2026-07-22 13:40:03,449 - INFO - [storyline.find_cmip6_ua_file] - Including non-standard UA file to fill gap: ua_Amon_MIROC-ES2L_ssp245_r1i1p1f2_gn_20150116-21001216_regridded.nc
2026-07-22 13:40:03,590 - INFO - [storyline.find_cmip6_ua_file] - Selected UA file member 'r1i1p1f1' for MPI-ESM1-2-LR (ssp245) from available: ['r1i1p1f1']
2026-07-22 13:40:03,784 - INFO - [storyline.find_cmip6_ua_file] - Selected UA file member 'r1i1p1f1' for MRI-ESM2-0 (ssp245) from available: ['r1i1p1f1']
2026-07-22 13:40:03,784 - INFO - [storyline.find_cmip6_ua_file] - Including non-standard UA file to fill gap: ua_Amon_MRI-ESM2-0_ssp245_r1i1p1f1_gn_20650116-20991216_regridded.nc
2026-07-22 13:40:03,960 - INFO - [storyline.find_cmip6_ua_historical_file] - Selected historical UA member 'r1i1p1f1' for ACCESS-ESM1-5 from available: ['r1i1p1f1']
2026-07-22 13:40:04,199 - INFO - [storyline.find_cmip6_ua_historical_file] - Selected historical UA member 'r1i1p1f1' for KACE-1-0-G from available: ['r1i1p1f1']
2026-07-22 13:40:04,424 - INFO - [storyline.find_cmip6_ua_historical_file] - Selected historical UA member 'r1i1p1f1' for MPI-ESM1-2-HR from available: ['r1i1p1f1']
2026-07-22 13:40:04,425 - WARNING - [storyline.find_cmip6_ua_historical_file] - Excluding overlapping non-standard historical UA file: ua_Amon_MPI-ESM1-2-HR_historical_r1i1p1f1_gn_18500116-18790816_regridded.nc
2026-07-22 13:40:04,425 - WARNING - [storyline.find_cmip6_ua_historical_file] - Excluding overlapping non-standard historical UA file: ua_Amon_MPI-ESM1-2-HR_historical_r1i1p1f1_gn_18790916-19090416_regridded.nc
2026-07-22 13:40:04,425 - WARNING - [storyline.find_cmip6_ua_historical_file] - Excluding overlapping non-standard historical UA file: ua_Amon_MPI-ESM1-2-HR_historical_r1i1p1f1_gn_19090516-19381216_regridded.nc
2026-07-22 13:40:04,426 - WARNING - [storyline.find_cmip6_ua_historical_file] - Excluding overlapping non-standard historical UA file: ua_Amon_MPI-ESM1-2-HR_historical_r1i1p1f1_gn_19390116-19680816_regridded.nc
2026-07-22 13:40:04,426 - WARNING - [storyline.find_cmip6_ua_historical_file] - Excluding overlapping non-standard historical UA file: ua_Amon_MPI-ESM1-2-HR_historical_r1i1p1f1_gn_19680916-19980416_regridded.nc
2026-07-22 13:40:04,426 - WARNING - [storyline.find_cmip6_ua_historical_file] - Excluding overlapping non-standard historical UA file: ua_Amon_MPI-ESM1-2-HR_historical_r1i1p1f1_gn_19980516-20141216_regridded.nc
2026-07-22 13:40:04,947 - INFO - [storyline.find_cmip6_ua_historical_file] - Selected historical UA member 'r1i1p1f1' for NorESM2-MM from available: ['r1i1p1f1']
2026-07-22 13:40:04,947 - WARNING - [storyline.find_cmip6_ua_historical_file] - Excluding overlapping non-standard historical UA file: ua_Amon_NorESM2-MM_historical_r1i1p1f1_gn_19100116-19191216_regridded.nc
2026-07-22 13:40:05,314 - INFO - [storyline.find_cmip6_ua_historical_file] - Selected historical UA member 'r1i1p1f1' for CESM2 from available: ['r1i1p1f1']
2026-07-22 13:40:05,538 - INFO - [storyline.find_cmip6_ua_historical_file] - Selected historical UA member 'r1i1p1f3' for HadGEM3-GC31-LL from available: ['r1i1p1f3']
2026-07-22 13:40:05,539 - INFO - [storyline.find_cmip6_ua_historical_file] - Including non-standard historical UA file to fill gap: ua_Amon_HadGEM3-GC31-LL_historical_r1i1p1f3_gn_18500116-19280916_regridded.nc
2026-07-22 13:40:05,539 - INFO - [storyline.find_cmip6_ua_historical_file] - Including non-standard historical UA file to fill gap: ua_Amon_HadGEM3-GC31-LL_historical_r1i1p1f3_gn_19281016-20070616_regridded.nc
2026-07-22 13:40:05,539 - INFO - [storyline.find_cmip6_ua_historical_file] - Including non-standard historical UA file to fill gap: ua_Amon_HadGEM3-GC31-LL_historical_r1i1p1f3_gn_20070716-20141216_regridded.nc
2026-07-22 13:40:05,797 - INFO - [storyline.find_cmip6_ua_historical_file] - Selected historical UA member 'r1i1p1f1' for INM-CM4-8 from available: ['r1i1p1f1']
2026-07-22 13:40:06,159 - INFO - [storyline.find_cmip6_ua_historical_file] - Selected historical UA member 'r1i1p1f1' for MIROC6 from available: ['r1i1p1f1']
2026-07-22 13:40:06,527 - INFO - [storyline.find_cmip6_ua_historical_file] - Selected historical UA member 'r1i1p1f1' for CMCC-ESM2 from available: ['r1i1p1f1']
2026-07-22 13:40:06,528 - WARNING - [storyline.find_cmip6_ua_historical_file] - Excluding overlapping non-standard historical UA file: ua_Amon_CMCC-ESM2_historical_r1i1p1f1_gn_18500116-18890716_regridded.nc
2026-07-22 13:40:06,528 - WARNING - [storyline.find_cmip6_ua_historical_file] - Excluding overlapping non-standard historical UA file: ua_Amon_CMCC-ESM2_historical_r1i1p1f1_gn_18890816-18991216_regridded.nc
2026-07-22 13:40:06,814 - INFO - [storyline.find_cmip6_ua_historical_file] - Selected historical UA member 'r1i1p1f1' for CESM2-WACCM from available: ['r1i1p1f1']
2026-07-22 13:40:06,814 - INFO - [storyline.find_cmip6_ua_historical_file] - Including non-standard historical UA file to fill gap: ua_Amon_CESM2-WACCM_historical_r1i1p1f1_gn_18500115-18890715_regridded.nc
2026-07-22 13:40:06,814 - INFO - [storyline.find_cmip6_ua_historical_file] - Including non-standard historical UA file to fill gap: ua_Amon_CESM2-WACCM_historical_r1i1p1f1_gn_18890815-19290214_regridded.nc
2026-07-22 13:40:06,815 - INFO - [storyline.find_cmip6_ua_historical_file] - Including non-standard historical UA file to fill gap: ua_Amon_CESM2-WACCM_historical_r1i1p1f1_gn_19290315-19680915_regridded.nc
2026-07-22 13:40:06,815 - INFO - [storyline.find_cmip6_ua_historical_file] - Including non-standard historical UA file to fill gap: ua_Amon_CESM2-WACCM_historical_r1i1p1f1_gn_19681015-20080415_regridded.nc
2026-07-22 13:40:06,815 - INFO - [storyline.find_cmip6_ua_historical_file] - Including non-standard historical UA file to fill gap: ua_Amon_CESM2-WACCM_historical_r1i1p1f1_gn_20080515-20141215_regridded.nc
2026-07-22 13:40:07,234 - INFO - [storyline.find_cmip6_ua_historical_file] - Selected historical UA member 'r1i1p1f1' for EC-Earth3 from available: ['r1i1p1f1']
2026-07-22 13:40:08,785 - INFO - [storyline.find_cmip6_ua_historical_file] - Selected historical UA member 'r1i1p1f1' for INM-CM5-0 from available: ['r1i1p1f1']
2026-07-22 13:40:08,785 - WARNING - [storyline.find_cmip6_ua_historical_file] - Excluding overlapping non-standard historical UA file: ua_Amon_INM-CM5-0_historical_r1i1p1f1_gr1_19000116-19491216_regridded.nc
2026-07-22 13:40:09,132 - INFO - [storyline.find_cmip6_ua_historical_file] - Selected historical UA member 'r1i1p1f1' for KIOST-ESM from available: ['r1i1p1f1']
2026-07-22 13:40:09,348 - INFO - [storyline.find_cmip6_ua_historical_file] - Selected historical UA member 'r1i1p1f2' for UKESM1-0-LL from available: ['r1i1p1f2']
2026-07-22 13:40:09,348 - INFO - [storyline.find_cmip6_ua_historical_file] - Including non-standard historical UA file to fill gap: ua_Amon_UKESM1-0-LL_historical_r1i1p1f2_gn_18500116-19280916_regridded.nc
2026-07-22 13:40:09,349 - INFO - [storyline.find_cmip6_ua_historical_file] - Including non-standard historical UA file to fill gap: ua_Amon_UKESM1-0-LL_historical_r1i1p1f2_gn_19281016-20070616_regridded.nc
2026-07-22 13:40:09,349 - INFO - [storyline.find_cmip6_ua_historical_file] - Including non-standard historical UA file to fill gap: ua_Amon_UKESM1-0-LL_historical_r1i1p1f2_gn_20070716-20141216_regridded.nc
2026-07-22 13:40:09,618 - INFO - [storyline.find_cmip6_ua_historical_file] - Selected historical UA member 'r1i1p1f1' for CMCC-CM2-SR5 from available: ['r1i1p1f1']
2026-07-22 13:40:09,618 - WARNING - [storyline.find_cmip6_ua_historical_file] - Excluding overlapping non-standard historical UA file: ua_Amon_CMCC-CM2-SR5_historical_r1i1p1f1_gn_19500116-19741216_regridded.nc
2026-07-22 13:40:09,917 - INFO - [storyline.find_cmip6_ua_historical_file] - Selected historical UA member 'r1i1p1f1' for EC-Earth3-CC from available: ['r1i1p1f1']
2026-07-22 13:40:09,918 - WARNING - [storyline.find_cmip6_ua_historical_file] - Excluding overlapping non-standard historical UA file: ua_Amon_EC-Earth3-CC_historical_r1i1p1f1_gr_18500116-18660816_regridded.nc
2026-07-22 13:40:09,918 - WARNING - [storyline.find_cmip6_ua_historical_file] - Excluding overlapping non-standard historical UA file: ua_Amon_EC-Earth3-CC_historical_r1i1p1f1_gr_18660916-18830416_regridded.nc
2026-07-22 13:40:09,918 - WARNING - [storyline.find_cmip6_ua_historical_file] - Excluding overlapping non-standard historical UA file: ua_Amon_EC-Earth3-CC_historical_r1i1p1f1_gr_18830516-18991216_regridded.nc
2026-07-22 13:40:09,918 - WARNING - [storyline.find_cmip6_ua_historical_file] - Excluding overlapping non-standard historical UA file: ua_Amon_EC-Earth3-CC_historical_r1i1p1f1_gr_19000116-19160816_regridded.nc
2026-07-22 13:40:09,918 - WARNING - [storyline.find_cmip6_ua_historical_file] - Excluding overlapping non-standard historical UA file: ua_Amon_EC-Earth3-CC_historical_r1i1p1f1_gr_19160916-19330416_regridded.nc
2026-07-22 13:40:09,918 - WARNING - [storyline.find_cmip6_ua_historical_file] - Excluding overlapping non-standard historical UA file: ua_Amon_EC-Earth3-CC_historical_r1i1p1f1_gr_19330516-19491216_regridded.nc
2026-07-22 13:40:09,918 - WARNING - [storyline.find_cmip6_ua_historical_file] - Excluding overlapping non-standard historical UA file: ua_Amon_EC-Earth3-CC_historical_r1i1p1f1_gr_19500116-19660816_regridded.nc
2026-07-22 13:40:09,918 - WARNING - [storyline.find_cmip6_ua_historical_file] - Excluding overlapping non-standard historical UA file: ua_Amon_EC-Earth3-CC_historical_r1i1p1f1_gr_19660916-19830416_regridded.nc
2026-07-22 13:40:09,919 - WARNING - [storyline.find_cmip6_ua_historical_file] - Excluding overlapping non-standard historical UA file: ua_Amon_EC-Earth3-CC_historical_r1i1p1f1_gr_19830516-19991216_regridded.nc
2026-07-22 13:40:09,919 - WARNING - [storyline.find_cmip6_ua_historical_file] - Excluding overlapping non-standard historical UA file: ua_Amon_EC-Earth3-CC_historical_r1i1p1f1_gr_20000116-20141216_regridded.nc
2026-07-22 13:40:11,490 - INFO - [storyline.find_cmip6_ua_historical_file] - Selected historical UA member 'r1i1p1f1' for ACCESS-CM2 from available: ['r1i1p1f1']
2026-07-22 13:40:11,490 - WARNING - [storyline.find_cmip6_ua_historical_file] - Excluding overlapping non-standard historical UA file: ua_Amon_ACCESS-CM2_historical_r1i1p1f1_gn_18500116-19280916_regridded.nc
2026-07-22 13:40:11,490 - WARNING - [storyline.find_cmip6_ua_historical_file] - Excluding overlapping non-standard historical UA file: ua_Amon_ACCESS-CM2_historical_r1i1p1f1_gn_19281016-20070616_regridded.nc
2026-07-22 13:40:11,490 - WARNING - [storyline.find_cmip6_ua_historical_file] - Excluding overlapping non-standard historical UA file: ua_Amon_ACCESS-CM2_historical_r1i1p1f1_gn_20070716-20141216_regridded.nc
2026-07-22 13:40:12,307 - INFO - [storyline.find_cmip6_ua_historical_file] - Selected historical UA member 'r1i1p1f1' for CanESM5 from available: ['r1i1p1f1']
2026-07-22 13:40:12,536 - INFO - [storyline.find_cmip6_ua_historical_file] - Selected historical UA member 'r1i1p1f1' for EC-Earth3-Veg-LR from available: ['r1i1p1f1']
2026-07-22 13:40:12,537 - WARNING - [storyline.find_cmip6_ua_historical_file] - Excluding overlapping non-standard historical UA file: ua_Amon_EC-Earth3-Veg-LR_historical_r1i1p1f1_gr_18500116-18920916_regridded.nc
2026-07-22 13:40:12,537 - WARNING - [storyline.find_cmip6_ua_historical_file] - Excluding overlapping non-standard historical UA file: ua_Amon_EC-Earth3-Veg-LR_historical_r1i1p1f1_gr_18921016-19350616_regridded.nc
2026-07-22 13:40:12,537 - WARNING - [storyline.find_cmip6_ua_historical_file] - Excluding overlapping non-standard historical UA file: ua_Amon_EC-Earth3-Veg-LR_historical_r1i1p1f1_gr_19350716-19780316_regridded.nc
2026-07-22 13:40:12,537 - WARNING - [storyline.find_cmip6_ua_historical_file] - Excluding overlapping non-standard historical UA file: ua_Amon_EC-Earth3-Veg-LR_historical_r1i1p1f1_gr_19780416-20141216_regridded.nc
2026-07-22 13:40:14,110 - INFO - [storyline.find_cmip6_ua_historical_file] - Selected historical UA member 'r1i1p1f1' for GFDL-ESM4 from available: ['r1i1p1f1']
2026-07-22 13:40:14,319 - INFO - [storyline.find_cmip6_ua_historical_file] - Selected historical UA member 'r1i1p1f1' for IITM-ESM from available: ['r1i1p1f1']
2026-07-22 13:40:14,697 - INFO - [storyline.find_cmip6_ua_historical_file] - Selected historical UA member 'r1i1p1f2' for MIROC-ES2L from available: ['r1i1p1f2']
2026-07-22 13:40:14,697 - INFO - [storyline.find_cmip6_ua_historical_file] - Including non-standard historical UA file to fill gap: ua_Amon_MIROC-ES2L_historical_r1i1p1f2_gn_18500116-20141216_regridded.nc
2026-07-22 13:40:14,915 - INFO - [storyline.find_cmip6_ua_historical_file] - Selected historical UA member 'r1i1p1f1' for MPI-ESM1-2-LR from available: ['r1i1p1f1']
2026-07-22 13:40:15,225 - INFO - [storyline.find_cmip6_ua_historical_file] - Selected historical UA member 'r1i1p1f1' for MRI-ESM2-0 from available: ['r1i1p1f1']
2026-07-22 13:40:15,225 - INFO - [storyline.find_cmip6_ua_historical_file] - Including non-standard historical UA file to fill gap: ua_Amon_MRI-ESM2-0_historical_r1i1p1f1_gn_18500116-18920916_regridded.nc
2026-07-22 13:40:15,225 - INFO - [storyline.find_cmip6_ua_historical_file] - Including non-standard historical UA file to fill gap: ua_Amon_MRI-ESM2-0_historical_r1i1p1f1_gn_18921016-19350616_regridded.nc
2026-07-22 13:40:15,226 - INFO - [storyline.find_cmip6_ua_historical_file] - Including non-standard historical UA file to fill gap: ua_Amon_MRI-ESM2-0_historical_r1i1p1f1_gn_19350716-19780316_regridded.nc
2026-07-22 13:40:15,226 - INFO - [storyline.find_cmip6_ua_historical_file] - Including non-standard historical UA file to fill gap: ua_Amon_MRI-ESM2-0_historical_r1i1p1f1_gn_19780416-20141216_regridded.nc
2026-07-22 13:40:16,107 - INFO - [main.run_full_analysis] - UA composite plot for GWL 2.0, Summer already exists and data not needed.
2026-07-22 13:40:16,107 - INFO - [storyline.calculate_ua_composites_for_extremes] - Calculating UA composites for event '30Q10_low' at GWL +2.0°C, Season=Summer...
2026-07-22 13:40:16,142 - INFO - [storyline.calculate_ua_composites_for_extremes] -   UA Extreme Models (N=12): ['MPI-ESM1-2-HR_ssp245', 'HadGEM3-GC31-LL_ssp245', 'NorESM2-MM_ssp245', 'ACCESS-ESM1-5_ssp245', 'CESM2_ssp245', 'KACE-1-0-G_ssp245', 'CMCC-CM2-SR5_ssp245', 'INM-CM4-8_ssp245', 'KIOST-ESM_ssp245', 'UKESM1-0-LL_ssp245', 'ACCESS-CM2_ssp245', 'CESM2-WACCM_ssp245']
2026-07-22 13:40:16,143 - INFO - [storyline.calculate_ua_composites_for_extremes] -   UA Non-Extreme Models (N=12): ['INM-CM5-0_ssp245', 'IPSL-CM6A-LR_ssp245', 'MIROC-ES2L_ssp245', 'MIROC6_ssp245', 'CMCC-ESM2_ssp245', 'CanESM5_ssp245', 'EC-Earth3-Veg-LR_ssp245', 'EC-Earth3_ssp245', 'GFDL-ESM4_ssp245', 'IITM-ESM_ssp245', 'MPI-ESM1-2-LR_ssp245', 'MRI-ESM2-0_ssp245']
2026-07-22 13:40:16,144 - INFO - [storyline.find_cmip6_ua_file] - Selected UA file member 'r1i1p1f1' for MPI-ESM1-2-HR (ssp245) from available: ['r1i1p1f1']
2026-07-22 13:40:16,434 - INFO - [storyline.find_cmip6_ua_file] - Selected UA file member 'r1i1p1f3' for HadGEM3-GC31-LL (ssp245) from available: ['r1i1p1f3']
2026-07-22 13:40:16,587 - INFO - [storyline.find_cmip6_ua_file] - Selected UA file member 'r1i1p1f1' for NorESM2-MM (ssp245) from available: ['r1i1p1f1']
2026-07-22 13:40:16,810 - INFO - [storyline.find_cmip6_ua_file] - Selected UA file member 'r1i1p1f1' for ACCESS-ESM1-5 (ssp245) from available: ['r1i1p1f1']
2026-07-22 13:40:16,954 - INFO - [storyline.find_cmip6_ua_file] - Selected UA file member 'r4i1p1f1' for CESM2 (ssp245) from available: ['r4i1p1f1']
2026-07-22 13:40:16,954 - INFO - [storyline.find_cmip6_ua_file] - Including non-standard UA file to fill gap: ua_Amon_CESM2_ssp245_r4i1p1f1_gn_20150115-20540715_regridded.nc
2026-07-22 13:40:16,955 - INFO - [storyline.find_cmip6_ua_file] - Including non-standard UA file to fill gap: ua_Amon_CESM2_ssp245_r4i1p1f1_gn_20540815-20940214_regridded.nc
2026-07-22 13:40:16,955 - INFO - [storyline.find_cmip6_ua_file] - Including non-standard UA file to fill gap: ua_Amon_CESM2_ssp245_r4i1p1f1_gn_20940315-21001215_regridded.nc
2026-07-22 13:40:17,137 - INFO - [storyline.find_cmip6_ua_file] - Selected UA file member 'r1i1p1f1' for KACE-1-0-G (ssp245) from available: ['r1i1p1f1']
2026-07-22 13:40:17,266 - INFO - [storyline.find_cmip6_ua_file] - Selected UA file member 'r1i1p1f1' for CMCC-CM2-SR5 (ssp245) from available: ['r1i1p1f1']
2026-07-22 13:40:17,266 - INFO - [storyline.find_cmip6_ua_file] - Including non-standard UA file to fill gap: ua_Amon_CMCC-CM2-SR5_ssp245_r1i1p1f1_gn_20400116-20641216_regridded.nc
2026-07-22 13:40:17,447 - INFO - [storyline.find_cmip6_ua_file] - Selected UA file member 'r1i1p1f1' for INM-CM4-8 (ssp245) from available: ['r1i1p1f1']
2026-07-22 13:40:17,664 - INFO - [storyline.find_cmip6_ua_file] - Selected UA file member 'r1i1p1f1' for KIOST-ESM (ssp245) from available: ['r1i1p1f1']
2026-07-22 13:40:17,804 - INFO - [storyline.find_cmip6_ua_file] - Selected UA file member 'r1i1p1f2' for UKESM1-0-LL (ssp245) from available: ['r13i1p1f2', 'r1i1p1f2']
2026-07-22 13:40:17,804 - INFO - [storyline.find_cmip6_ua_file] - Including non-standard UA file to fill gap: ua_Amon_UKESM1-0-LL_ssp245_r1i1p1f2_gn_20150116-20930916_regridded.nc
2026-07-22 13:40:17,804 - INFO - [storyline.find_cmip6_ua_file] - Including non-standard UA file to fill gap: ua_Amon_UKESM1-0-LL_ssp245_r1i1p1f2_gn_20931016-21001216_regridded.nc
2026-07-22 13:40:17,971 - INFO - [storyline.find_cmip6_ua_file] - Selected UA file member 'r1i1p1f1' for ACCESS-CM2 (ssp245) from available: ['r1i1p1f1']
2026-07-22 13:40:18,413 - INFO - [storyline.find_cmip6_ua_file] - Selected UA file member 'r1i1p1f1' for CESM2-WACCM (ssp245) from available: ['r1i1p1f1']
2026-07-22 13:40:18,605 - INFO - [storyline.find_cmip6_ua_file] - Selected UA file member 'r1i1p1f1' for INM-CM5-0 (ssp245) from available: ['r1i1p1f1']
2026-07-22 13:40:18,605 - INFO - [storyline.find_cmip6_ua_file] - Including non-standard UA file to fill gap: ua_Amon_INM-CM5-0_ssp245_r1i1p1f1_gr1_20750116-20841216_regridded.nc
2026-07-22 13:40:18,826 - INFO - [storyline.find_cmip6_ua_file] - Selected UA file member 'r1i1p1f1' for IPSL-CM6A-LR (ssp245) from available: ['r1i1p1f1']
2026-07-22 13:40:18,962 - INFO - [storyline.find_cmip6_ua_file] - Selected UA file member 'r1i1p1f2' for MIROC-ES2L (ssp245) from available: ['r1i1p1f2']
2026-07-22 13:40:18,963 - INFO - [storyline.find_cmip6_ua_file] - Including non-standard UA file to fill gap: ua_Amon_MIROC-ES2L_ssp245_r1i1p1f2_gn_20150116-21001216_regridded.nc
2026-07-22 13:40:19,112 - INFO - [storyline.find_cmip6_ua_file] - Selected UA file member 'r1i1p1f1' for MIROC6 (ssp245) from available: ['r1i1p1f1']
2026-07-22 13:40:19,112 - WARNING - [storyline.find_cmip6_ua_file] - Excluding overlapping non-standard UA file: ua_Amon_MIROC6_ssp245_r1i1p1f1_gn_20150116-20741216_regridded.nc
2026-07-22 13:40:19,292 - INFO - [storyline.find_cmip6_ua_file] - Selected UA file member 'r1i1p1f1' for CMCC-ESM2 (ssp245) from available: ['r1i1p1f1']
2026-07-22 13:40:19,454 - INFO - [storyline.find_cmip6_ua_file] - Selected UA file member 'r1i1p1f1' for CanESM5 (ssp245) from available: ['r1i1p1f1']
2026-07-22 13:40:19,583 - INFO - [storyline.find_cmip6_ua_file] - Selected UA file member 'r1i1p1f1' for EC-Earth3-Veg-LR (ssp245) from available: ['r1i1p1f1']
2026-07-22 13:40:19,583 - WARNING - [storyline.find_cmip6_ua_file] - Excluding overlapping non-standard UA file: ua_Amon_EC-Earth3-Veg-LR_ssp245_r1i1p1f1_gr_20150116-20791216_regridded.nc
2026-07-22 13:40:20,354 - INFO - [storyline.find_cmip6_ua_file] - Selected UA file member 'r1i1p1f1' for EC-Earth3 (ssp245) from available: ['r1i1p1f1']
2026-07-22 13:40:21,100 - INFO - [storyline.find_cmip6_ua_file] - Selected UA file member 'r1i1p1f1' for GFDL-ESM4 (ssp245) from available: ['r1i1p1f1']
2026-07-22 13:40:21,224 - INFO - [storyline.find_cmip6_ua_file] - Selected UA file member 'r1i1p1f1' for IITM-ESM (ssp245) from available: ['r1i1p1f1']
2026-07-22 13:40:21,224 - WARNING - [storyline.find_cmip6_ua_file] - Excluding overlapping non-standard UA file: ua_Amon_IITM-ESM_ssp245_r1i1p1f1_gn_20150116-20991216_regridded.nc
2026-07-22 13:40:21,427 - INFO - [storyline.find_cmip6_ua_file] - Selected UA file member 'r1i1p1f1' for MPI-ESM1-2-LR (ssp245) from available: ['r1i1p1f1']
2026-07-22 13:40:21,611 - INFO - [storyline.find_cmip6_ua_file] - Selected UA file member 'r1i1p1f1' for MRI-ESM2-0 (ssp245) from available: ['r1i1p1f1']
2026-07-22 13:40:21,611 - INFO - [storyline.find_cmip6_ua_file] - Including non-standard UA file to fill gap: ua_Amon_MRI-ESM2-0_ssp245_r1i1p1f1_gn_20650116-20991216_regridded.nc
2026-07-22 13:40:21,781 - INFO - [storyline.find_cmip6_ua_historical_file] - Selected historical UA member 'r1i1p1f1' for MPI-ESM1-2-HR from available: ['r1i1p1f1']
2026-07-22 13:40:21,782 - WARNING - [storyline.find_cmip6_ua_historical_file] - Excluding overlapping non-standard historical UA file: ua_Amon_MPI-ESM1-2-HR_historical_r1i1p1f1_gn_18500116-18790816_regridded.nc
2026-07-22 13:40:21,782 - WARNING - [storyline.find_cmip6_ua_historical_file] - Excluding overlapping non-standard historical UA file: ua_Amon_MPI-ESM1-2-HR_historical_r1i1p1f1_gn_18790916-19090416_regridded.nc
2026-07-22 13:40:21,782 - WARNING - [storyline.find_cmip6_ua_historical_file] - Excluding overlapping non-standard historical UA file: ua_Amon_MPI-ESM1-2-HR_historical_r1i1p1f1_gn_19090516-19381216_regridded.nc
2026-07-22 13:40:21,782 - WARNING - [storyline.find_cmip6_ua_historical_file] - Excluding overlapping non-standard historical UA file: ua_Amon_MPI-ESM1-2-HR_historical_r1i1p1f1_gn_19390116-19680816_regridded.nc
2026-07-22 13:40:21,782 - WARNING - [storyline.find_cmip6_ua_historical_file] - Excluding overlapping non-standard historical UA file: ua_Amon_MPI-ESM1-2-HR_historical_r1i1p1f1_gn_19680916-19980416_regridded.nc
2026-07-22 13:40:21,782 - WARNING - [storyline.find_cmip6_ua_historical_file] - Excluding overlapping non-standard historical UA file: ua_Amon_MPI-ESM1-2-HR_historical_r1i1p1f1_gn_19980516-20141216_regridded.nc
2026-07-22 13:40:22,250 - INFO - [storyline.find_cmip6_ua_historical_file] - Selected historical UA member 'r1i1p1f3' for HadGEM3-GC31-LL from available: ['r1i1p1f3']
2026-07-22 13:40:22,251 - INFO - [storyline.find_cmip6_ua_historical_file] - Including non-standard historical UA file to fill gap: ua_Amon_HadGEM3-GC31-LL_historical_r1i1p1f3_gn_18500116-19280916_regridded.nc
2026-07-22 13:40:22,251 - INFO - [storyline.find_cmip6_ua_historical_file] - Including non-standard historical UA file to fill gap: ua_Amon_HadGEM3-GC31-LL_historical_r1i1p1f3_gn_19281016-20070616_regridded.nc
2026-07-22 13:40:22,251 - INFO - [storyline.find_cmip6_ua_historical_file] - Including non-standard historical UA file to fill gap: ua_Amon_HadGEM3-GC31-LL_historical_r1i1p1f3_gn_20070716-20141216_regridded.nc
2026-07-22 13:40:22,507 - INFO - [storyline.find_cmip6_ua_historical_file] - Selected historical UA member 'r1i1p1f1' for NorESM2-MM from available: ['r1i1p1f1']
2026-07-22 13:40:22,507 - WARNING - [storyline.find_cmip6_ua_historical_file] - Excluding overlapping non-standard historical UA file: ua_Amon_NorESM2-MM_historical_r1i1p1f1_gn_19100116-19191216_regridded.nc
2026-07-22 13:40:22,866 - INFO - [storyline.find_cmip6_ua_historical_file] - Selected historical UA member 'r1i1p1f1' for ACCESS-ESM1-5 from available: ['r1i1p1f1']
2026-07-22 13:40:23,090 - INFO - [storyline.find_cmip6_ua_historical_file] - Selected historical UA member 'r1i1p1f1' for CESM2 from available: ['r1i1p1f1']
2026-07-22 13:40:23,570 - INFO - [storyline.find_cmip6_ua_historical_file] - Selected historical UA member 'r1i1p1f1' for KACE-1-0-G from available: ['r1i1p1f1']
2026-07-22 13:40:23,785 - INFO - [storyline.find_cmip6_ua_historical_file] - Selected historical UA member 'r1i1p1f1' for CMCC-CM2-SR5 from available: ['r1i1p1f1']
2026-07-22 13:40:23,786 - WARNING - [storyline.find_cmip6_ua_historical_file] - Excluding overlapping non-standard historical UA file: ua_Amon_CMCC-CM2-SR5_historical_r1i1p1f1_gn_19500116-19741216_regridded.nc
2026-07-22 13:40:24,063 - INFO - [storyline.find_cmip6_ua_historical_file] - Selected historical UA member 'r1i1p1f1' for INM-CM4-8 from available: ['r1i1p1f1']
2026-07-22 13:40:24,425 - INFO - [storyline.find_cmip6_ua_historical_file] - Selected historical UA member 'r1i1p1f1' for KIOST-ESM from available: ['r1i1p1f1']
2026-07-22 13:40:24,637 - INFO - [storyline.find_cmip6_ua_historical_file] - Selected historical UA member 'r1i1p1f2' for UKESM1-0-LL from available: ['r1i1p1f2']
2026-07-22 13:40:24,638 - INFO - [storyline.find_cmip6_ua_historical_file] - Including non-standard historical UA file to fill gap: ua_Amon_UKESM1-0-LL_historical_r1i1p1f2_gn_18500116-19280916_regridded.nc
2026-07-22 13:40:24,638 - INFO - [storyline.find_cmip6_ua_historical_file] - Including non-standard historical UA file to fill gap: ua_Amon_UKESM1-0-LL_historical_r1i1p1f2_gn_19281016-20070616_regridded.nc
2026-07-22 13:40:24,638 - INFO - [storyline.find_cmip6_ua_historical_file] - Including non-standard historical UA file to fill gap: ua_Amon_UKESM1-0-LL_historical_r1i1p1f2_gn_20070716-20141216_regridded.nc
2026-07-22 13:40:24,873 - INFO - [storyline.find_cmip6_ua_historical_file] - Selected historical UA member 'r1i1p1f1' for ACCESS-CM2 from available: ['r1i1p1f1']
2026-07-22 13:40:24,873 - WARNING - [storyline.find_cmip6_ua_historical_file] - Excluding overlapping non-standard historical UA file: ua_Amon_ACCESS-CM2_historical_r1i1p1f1_gn_18500116-19280916_regridded.nc
2026-07-22 13:40:24,873 - WARNING - [storyline.find_cmip6_ua_historical_file] - Excluding overlapping non-standard historical UA file: ua_Amon_ACCESS-CM2_historical_r1i1p1f1_gn_19281016-20070616_regridded.nc
2026-07-22 13:40:24,874 - WARNING - [storyline.find_cmip6_ua_historical_file] - Excluding overlapping non-standard historical UA file: ua_Amon_ACCESS-CM2_historical_r1i1p1f1_gn_20070716-20141216_regridded.nc
2026-07-22 13:40:25,060 - INFO - [storyline.find_cmip6_ua_historical_file] - Selected historical UA member 'r1i1p1f1' for CESM2-WACCM from available: ['r1i1p1f1']
2026-07-22 13:40:25,060 - INFO - [storyline.find_cmip6_ua_historical_file] - Including non-standard historical UA file to fill gap: ua_Amon_CESM2-WACCM_historical_r1i1p1f1_gn_18500115-18890715_regridded.nc
2026-07-22 13:40:25,060 - INFO - [storyline.find_cmip6_ua_historical_file] - Including non-standard historical UA file to fill gap: ua_Amon_CESM2-WACCM_historical_r1i1p1f1_gn_18890815-19290214_regridded.nc
2026-07-22 13:40:25,060 - INFO - [storyline.find_cmip6_ua_historical_file] - Including non-standard historical UA file to fill gap: ua_Amon_CESM2-WACCM_historical_r1i1p1f1_gn_19290315-19680915_regridded.nc
2026-07-22 13:40:25,061 - INFO - [storyline.find_cmip6_ua_historical_file] - Including non-standard historical UA file to fill gap: ua_Amon_CESM2-WACCM_historical_r1i1p1f1_gn_19681015-20080415_regridded.nc
2026-07-22 13:40:25,061 - INFO - [storyline.find_cmip6_ua_historical_file] - Including non-standard historical UA file to fill gap: ua_Amon_CESM2-WACCM_historical_r1i1p1f1_gn_20080515-20141215_regridded.nc
2026-07-22 13:40:25,204 - INFO - [storyline.find_cmip6_ua_historical_file] - Selected historical UA member 'r1i1p1f1' for INM-CM5-0 from available: ['r1i1p1f1']
2026-07-22 13:40:25,204 - WARNING - [storyline.find_cmip6_ua_historical_file] - Excluding overlapping non-standard historical UA file: ua_Amon_INM-CM5-0_historical_r1i1p1f1_gr1_19000116-19491216_regridded.nc
2026-07-22 13:40:25,515 - INFO - [storyline.find_cmip6_ua_historical_file] - Selected historical UA member 'r1i1p1f1' for IPSL-CM6A-LR from available: ['r1i1p1f1']
2026-07-22 13:40:25,720 - INFO - [storyline.find_cmip6_ua_historical_file] - Selected historical UA member 'r1i1p1f2' for MIROC-ES2L from available: ['r1i1p1f2']
2026-07-22 13:40:25,721 - INFO - [storyline.find_cmip6_ua_historical_file] - Including non-standard historical UA file to fill gap: ua_Amon_MIROC-ES2L_historical_r1i1p1f2_gn_18500116-20141216_regridded.nc
2026-07-22 13:40:25,930 - INFO - [storyline.find_cmip6_ua_historical_file] - Selected historical UA member 'r1i1p1f1' for MIROC6 from available: ['r1i1p1f1']
2026-07-22 13:40:26,280 - INFO - [storyline.find_cmip6_ua_historical_file] - Selected historical UA member 'r1i1p1f1' for CMCC-ESM2 from available: ['r1i1p1f1']
2026-07-22 13:40:26,281 - WARNING - [storyline.find_cmip6_ua_historical_file] - Excluding overlapping non-standard historical UA file: ua_Amon_CMCC-ESM2_historical_r1i1p1f1_gn_18500116-18890716_regridded.nc
2026-07-22 13:40:26,281 - WARNING - [storyline.find_cmip6_ua_historical_file] - Excluding overlapping non-standard historical UA file: ua_Amon_CMCC-ESM2_historical_r1i1p1f1_gn_18890816-18991216_regridded.nc
2026-07-22 13:40:26,542 - INFO - [storyline.find_cmip6_ua_historical_file] - Selected historical UA member 'r1i1p1f1' for CanESM5 from available: ['r1i1p1f1']
2026-07-22 13:40:26,758 - INFO - [storyline.find_cmip6_ua_historical_file] - Selected historical UA member 'r1i1p1f1' for EC-Earth3-Veg-LR from available: ['r1i1p1f1']
2026-07-22 13:40:26,758 - WARNING - [storyline.find_cmip6_ua_historical_file] - Excluding overlapping non-standard historical UA file: ua_Amon_EC-Earth3-Veg-LR_historical_r1i1p1f1_gr_18500116-18920916_regridded.nc
2026-07-22 13:40:26,758 - WARNING - [storyline.find_cmip6_ua_historical_file] - Excluding overlapping non-standard historical UA file: ua_Amon_EC-Earth3-Veg-LR_historical_r1i1p1f1_gr_18921016-19350616_regridded.nc
2026-07-22 13:40:26,758 - WARNING - [storyline.find_cmip6_ua_historical_file] - Excluding overlapping non-standard historical UA file: ua_Amon_EC-Earth3-Veg-LR_historical_r1i1p1f1_gr_19350716-19780316_regridded.nc
2026-07-22 13:40:26,759 - WARNING - [storyline.find_cmip6_ua_historical_file] - Excluding overlapping non-standard historical UA file: ua_Amon_EC-Earth3-Veg-LR_historical_r1i1p1f1_gr_19780416-20141216_regridded.nc
2026-07-22 13:40:28,457 - INFO - [storyline.find_cmip6_ua_historical_file] - Selected historical UA member 'r1i1p1f1' for EC-Earth3 from available: ['r1i1p1f1']
2026-07-22 13:40:29,869 - INFO - [storyline.find_cmip6_ua_historical_file] - Selected historical UA member 'r1i1p1f1' for GFDL-ESM4 from available: ['r1i1p1f1']
2026-07-22 13:40:30,090 - INFO - [storyline.find_cmip6_ua_historical_file] - Selected historical UA member 'r1i1p1f1' for IITM-ESM from available: ['r1i1p1f1']
2026-07-22 13:40:30,438 - INFO - [storyline.find_cmip6_ua_historical_file] - Selected historical UA member 'r1i1p1f1' for MPI-ESM1-2-LR from available: ['r1i1p1f1']
2026-07-22 13:40:30,729 - INFO - [storyline.find_cmip6_ua_historical_file] - Selected historical UA member 'r1i1p1f1' for MRI-ESM2-0 from available: ['r1i1p1f1']
2026-07-22 13:40:30,730 - INFO - [storyline.find_cmip6_ua_historical_file] - Including non-standard historical UA file to fill gap: ua_Amon_MRI-ESM2-0_historical_r1i1p1f1_gn_18500116-18920916_regridded.nc
2026-07-22 13:40:30,730 - INFO - [storyline.find_cmip6_ua_historical_file] - Including non-standard historical UA file to fill gap: ua_Amon_MRI-ESM2-0_historical_r1i1p1f1_gn_18921016-19350616_regridded.nc
2026-07-22 13:40:30,730 - INFO - [storyline.find_cmip6_ua_historical_file] - Including non-standard historical UA file to fill gap: ua_Amon_MRI-ESM2-0_historical_r1i1p1f1_gn_19350716-19780316_regridded.nc
2026-07-22 13:40:30,731 - INFO - [storyline.find_cmip6_ua_historical_file] - Including non-standard historical UA file to fill gap: ua_Amon_MRI-ESM2-0_historical_r1i1p1f1_gn_19780416-20141216_regridded.nc
2026-07-22 13:40:31,610 - INFO - [main.run_full_analysis] - UA composite plot for GWL 3.0, Winter already exists and data not needed.
2026-07-22 13:40:31,611 - INFO - [storyline.calculate_ua_composites_for_extremes] - Calculating UA composites for event '30Q10_low' at GWL +3.0°C, Season=Winter...
2026-07-22 13:40:31,639 - INFO - [storyline.calculate_ua_composites_for_extremes] -   UA Extreme Models (N=5): ['KACE-1-0-G_ssp245', 'CESM2_ssp245', 'CESM2-WACCM_ssp245', 'HadGEM3-GC31-LL_ssp245', 'UKESM1-0-LL_ssp245']
2026-07-22 13:40:31,639 - INFO - [storyline.calculate_ua_composites_for_extremes] -   UA Non-Extreme Models (N=5): ['EC-Earth3-CC_ssp245', 'IPSL-CM6A-LR_ssp245', 'CMCC-CM2-SR5_ssp245', 'CMCC-ESM2_ssp245', 'CanESM5_ssp245']
2026-07-22 13:40:31,641 - INFO - [storyline.find_cmip6_ua_file] - Selected UA file member 'r1i1p1f1' for KACE-1-0-G (ssp245) from available: ['r1i1p1f1']
2026-07-22 13:40:31,781 - INFO - [storyline.find_cmip6_ua_file] - Selected UA file member 'r4i1p1f1' for CESM2 (ssp245) from available: ['r4i1p1f1']
2026-07-22 13:40:31,781 - INFO - [storyline.find_cmip6_ua_file] - Including non-standard UA file to fill gap: ua_Amon_CESM2_ssp245_r4i1p1f1_gn_20150115-20540715_regridded.nc
2026-07-22 13:40:31,781 - INFO - [storyline.find_cmip6_ua_file] - Including non-standard UA file to fill gap: ua_Amon_CESM2_ssp245_r4i1p1f1_gn_20540815-20940214_regridded.nc
2026-07-22 13:40:31,781 - INFO - [storyline.find_cmip6_ua_file] - Including non-standard UA file to fill gap: ua_Amon_CESM2_ssp245_r4i1p1f1_gn_20940315-21001215_regridded.nc
2026-07-22 13:40:31,946 - INFO - [storyline.find_cmip6_ua_file] - Selected UA file member 'r1i1p1f1' for CESM2-WACCM (ssp245) from available: ['r1i1p1f1']
2026-07-22 13:40:32,092 - INFO - [storyline.find_cmip6_ua_file] - Selected UA file member 'r1i1p1f3' for HadGEM3-GC31-LL (ssp245) from available: ['r1i1p1f3']
2026-07-22 13:40:32,251 - INFO - [storyline.find_cmip6_ua_file] - Selected UA file member 'r1i1p1f2' for UKESM1-0-LL (ssp245) from available: ['r13i1p1f2', 'r1i1p1f2']
2026-07-22 13:40:32,251 - INFO - [storyline.find_cmip6_ua_file] - Including non-standard UA file to fill gap: ua_Amon_UKESM1-0-LL_ssp245_r1i1p1f2_gn_20150116-20930916_regridded.nc
2026-07-22 13:40:32,251 - INFO - [storyline.find_cmip6_ua_file] - Including non-standard UA file to fill gap: ua_Amon_UKESM1-0-LL_ssp245_r1i1p1f2_gn_20931016-21001216_regridded.nc
2026-07-22 13:40:32,618 - INFO - [storyline.find_cmip6_ua_file] - Selected UA file member 'r1i1p1f1' for EC-Earth3-CC (ssp245) from available: ['r1i1p1f1']
2026-07-22 13:40:32,619 - WARNING - [storyline.find_cmip6_ua_file] - Excluding overlapping non-standard UA file: ua_Amon_EC-Earth3-CC_ssp245_r1i1p1f1_gr_20150116-20310816_regridded.nc
2026-07-22 13:40:32,619 - WARNING - [storyline.find_cmip6_ua_file] - Excluding overlapping non-standard UA file: ua_Amon_EC-Earth3-CC_ssp245_r1i1p1f1_gr_20310916-20480416_regridded.nc
2026-07-22 13:40:32,620 - WARNING - [storyline.find_cmip6_ua_file] - Excluding overlapping non-standard UA file: ua_Amon_EC-Earth3-CC_ssp245_r1i1p1f1_gr_20480516-20641216_regridded.nc
2026-07-22 13:40:32,620 - WARNING - [storyline.find_cmip6_ua_file] - Excluding overlapping non-standard UA file: ua_Amon_EC-Earth3-CC_ssp245_r1i1p1f1_gr_20650116-20810816_regridded.nc
2026-07-22 13:40:32,620 - WARNING - [storyline.find_cmip6_ua_file] - Excluding overlapping non-standard UA file: ua_Amon_EC-Earth3-CC_ssp245_r1i1p1f1_gr_20810916-20980416_regridded.nc
2026-07-22 13:40:32,620 - WARNING - [storyline.find_cmip6_ua_file] - Excluding overlapping non-standard UA file: ua_Amon_EC-Earth3-CC_ssp245_r1i1p1f1_gr_20980516-21001216_regridded.nc
2026-07-22 13:40:33,551 - INFO - [storyline.find_cmip6_ua_file] - Selected UA file member 'r1i1p1f1' for IPSL-CM6A-LR (ssp245) from available: ['r1i1p1f1']
2026-07-22 13:40:33,682 - INFO - [storyline.find_cmip6_ua_file] - Selected UA file member 'r1i1p1f1' for CMCC-CM2-SR5 (ssp245) from available: ['r1i1p1f1']
2026-07-22 13:40:33,682 - INFO - [storyline.find_cmip6_ua_file] - Including non-standard UA file to fill gap: ua_Amon_CMCC-CM2-SR5_ssp245_r1i1p1f1_gn_20400116-20641216_regridded.nc
2026-07-22 13:40:34,147 - INFO - [storyline.find_cmip6_ua_file] - Selected UA file member 'r1i1p1f1' for CMCC-ESM2 (ssp245) from available: ['r1i1p1f1']
2026-07-22 13:40:34,311 - INFO - [storyline.find_cmip6_ua_file] - Selected UA file member 'r1i1p1f1' for CanESM5 (ssp245) from available: ['r1i1p1f1']
2026-07-22 13:40:34,453 - INFO - [storyline.find_cmip6_ua_historical_file] - Selected historical UA member 'r1i1p1f1' for KACE-1-0-G from available: ['r1i1p1f1']
2026-07-22 13:40:34,655 - INFO - [storyline.find_cmip6_ua_historical_file] - Selected historical UA member 'r1i1p1f1' for CESM2 from available: ['r1i1p1f1']
2026-07-22 13:40:34,868 - INFO - [storyline.find_cmip6_ua_historical_file] - Selected historical UA member 'r1i1p1f1' for CESM2-WACCM from available: ['r1i1p1f1']
2026-07-22 13:40:34,869 - INFO - [storyline.find_cmip6_ua_historical_file] - Including non-standard historical UA file to fill gap: ua_Amon_CESM2-WACCM_historical_r1i1p1f1_gn_18500115-18890715_regridded.nc
2026-07-22 13:40:34,869 - INFO - [storyline.find_cmip6_ua_historical_file] - Including non-standard historical UA file to fill gap: ua_Amon_CESM2-WACCM_historical_r1i1p1f1_gn_18890815-19290214_regridded.nc
2026-07-22 13:40:34,869 - INFO - [storyline.find_cmip6_ua_historical_file] - Including non-standard historical UA file to fill gap: ua_Amon_CESM2-WACCM_historical_r1i1p1f1_gn_19290315-19680915_regridded.nc
2026-07-22 13:40:34,869 - INFO - [storyline.find_cmip6_ua_historical_file] - Including non-standard historical UA file to fill gap: ua_Amon_CESM2-WACCM_historical_r1i1p1f1_gn_19681015-20080415_regridded.nc
2026-07-22 13:40:34,869 - INFO - [storyline.find_cmip6_ua_historical_file] - Including non-standard historical UA file to fill gap: ua_Amon_CESM2-WACCM_historical_r1i1p1f1_gn_20080515-20141215_regridded.nc
2026-07-22 13:40:35,023 - INFO - [storyline.find_cmip6_ua_historical_file] - Selected historical UA member 'r1i1p1f3' for HadGEM3-GC31-LL from available: ['r1i1p1f3']
2026-07-22 13:40:35,023 - INFO - [storyline.find_cmip6_ua_historical_file] - Including non-standard historical UA file to fill gap: ua_Amon_HadGEM3-GC31-LL_historical_r1i1p1f3_gn_18500116-19280916_regridded.nc
2026-07-22 13:40:35,023 - INFO - [storyline.find_cmip6_ua_historical_file] - Including non-standard historical UA file to fill gap: ua_Amon_HadGEM3-GC31-LL_historical_r1i1p1f3_gn_19281016-20070616_regridded.nc
2026-07-22 13:40:35,023 - INFO - [storyline.find_cmip6_ua_historical_file] - Including non-standard historical UA file to fill gap: ua_Amon_HadGEM3-GC31-LL_historical_r1i1p1f3_gn_20070716-20141216_regridded.nc
2026-07-22 13:40:35,252 - INFO - [storyline.find_cmip6_ua_historical_file] - Selected historical UA member 'r1i1p1f2' for UKESM1-0-LL from available: ['r1i1p1f2']
2026-07-22 13:40:35,252 - INFO - [storyline.find_cmip6_ua_historical_file] - Including non-standard historical UA file to fill gap: ua_Amon_UKESM1-0-LL_historical_r1i1p1f2_gn_18500116-19280916_regridded.nc
2026-07-22 13:40:35,252 - INFO - [storyline.find_cmip6_ua_historical_file] - Including non-standard historical UA file to fill gap: ua_Amon_UKESM1-0-LL_historical_r1i1p1f2_gn_19281016-20070616_regridded.nc
2026-07-22 13:40:35,253 - INFO - [storyline.find_cmip6_ua_historical_file] - Including non-standard historical UA file to fill gap: ua_Amon_UKESM1-0-LL_historical_r1i1p1f2_gn_20070716-20141216_regridded.nc
2026-07-22 13:40:35,509 - INFO - [storyline.find_cmip6_ua_historical_file] - Selected historical UA member 'r1i1p1f1' for EC-Earth3-CC from available: ['r1i1p1f1']
2026-07-22 13:40:35,510 - WARNING - [storyline.find_cmip6_ua_historical_file] - Excluding overlapping non-standard historical UA file: ua_Amon_EC-Earth3-CC_historical_r1i1p1f1_gr_18500116-18660816_regridded.nc
2026-07-22 13:40:35,510 - WARNING - [storyline.find_cmip6_ua_historical_file] - Excluding overlapping non-standard historical UA file: ua_Amon_EC-Earth3-CC_historical_r1i1p1f1_gr_18660916-18830416_regridded.nc
2026-07-22 13:40:35,510 - WARNING - [storyline.find_cmip6_ua_historical_file] - Excluding overlapping non-standard historical UA file: ua_Amon_EC-Earth3-CC_historical_r1i1p1f1_gr_18830516-18991216_regridded.nc
2026-07-22 13:40:35,510 - WARNING - [storyline.find_cmip6_ua_historical_file] - Excluding overlapping non-standard historical UA file: ua_Amon_EC-Earth3-CC_historical_r1i1p1f1_gr_19000116-19160816_regridded.nc
2026-07-22 13:40:35,510 - WARNING - [storyline.find_cmip6_ua_historical_file] - Excluding overlapping non-standard historical UA file: ua_Amon_EC-Earth3-CC_historical_r1i1p1f1_gr_19160916-19330416_regridded.nc
2026-07-22 13:40:35,510 - WARNING - [storyline.find_cmip6_ua_historical_file] - Excluding overlapping non-standard historical UA file: ua_Amon_EC-Earth3-CC_historical_r1i1p1f1_gr_19330516-19491216_regridded.nc
2026-07-22 13:40:35,510 - WARNING - [storyline.find_cmip6_ua_historical_file] - Excluding overlapping non-standard historical UA file: ua_Amon_EC-Earth3-CC_historical_r1i1p1f1_gr_19500116-19660816_regridded.nc
2026-07-22 13:40:35,510 - WARNING - [storyline.find_cmip6_ua_historical_file] - Excluding overlapping non-standard historical UA file: ua_Amon_EC-Earth3-CC_historical_r1i1p1f1_gr_19660916-19830416_regridded.nc
2026-07-22 13:40:35,510 - WARNING - [storyline.find_cmip6_ua_historical_file] - Excluding overlapping non-standard historical UA file: ua_Amon_EC-Earth3-CC_historical_r1i1p1f1_gr_19830516-19991216_regridded.nc
2026-07-22 13:40:35,510 - WARNING - [storyline.find_cmip6_ua_historical_file] - Excluding overlapping non-standard historical UA file: ua_Amon_EC-Earth3-CC_historical_r1i1p1f1_gr_20000116-20141216_regridded.nc
2026-07-22 13:40:36,968 - INFO - [storyline.find_cmip6_ua_historical_file] - Selected historical UA member 'r1i1p1f1' for IPSL-CM6A-LR from available: ['r1i1p1f1']
2026-07-22 13:40:37,157 - INFO - [storyline.find_cmip6_ua_historical_file] - Selected historical UA member 'r1i1p1f1' for CMCC-CM2-SR5 from available: ['r1i1p1f1']
2026-07-22 13:40:37,158 - WARNING - [storyline.find_cmip6_ua_historical_file] - Excluding overlapping non-standard historical UA file: ua_Amon_CMCC-CM2-SR5_historical_r1i1p1f1_gn_19500116-19741216_regridded.nc
2026-07-22 13:40:37,433 - INFO - [storyline.find_cmip6_ua_historical_file] - Selected historical UA member 'r1i1p1f1' for CMCC-ESM2 from available: ['r1i1p1f1']
2026-07-22 13:40:37,434 - WARNING - [storyline.find_cmip6_ua_historical_file] - Excluding overlapping non-standard historical UA file: ua_Amon_CMCC-ESM2_historical_r1i1p1f1_gn_18500116-18890716_regridded.nc
2026-07-22 13:40:37,434 - WARNING - [storyline.find_cmip6_ua_historical_file] - Excluding overlapping non-standard historical UA file: ua_Amon_CMCC-ESM2_historical_r1i1p1f1_gn_18890816-18991216_regridded.nc
2026-07-22 13:40:37,709 - INFO - [storyline.find_cmip6_ua_historical_file] - Selected historical UA member 'r1i1p1f1' for CanESM5 from available: ['r1i1p1f1']
2026-07-22 13:40:38,311 - INFO - [main.run_full_analysis] - UA composite plot for GWL 3.0, Summer already exists and data not needed.
2026-07-22 13:40:38,311 - INFO - [storyline.calculate_ua_composites_for_extremes] - Calculating UA composites for event '30Q10_low' at GWL +3.0°C, Season=Summer...
2026-07-22 13:40:38,339 - INFO - [storyline.calculate_ua_composites_for_extremes] -   UA Extreme Models (N=5): ['KACE-1-0-G_ssp245', 'CESM2_ssp245', 'HadGEM3-GC31-LL_ssp245', 'UKESM1-0-LL_ssp245', 'IPSL-CM6A-LR_ssp245']
2026-07-22 13:40:38,339 - INFO - [storyline.calculate_ua_composites_for_extremes] -   UA Non-Extreme Models (N=5): ['ACCESS-CM2_ssp245', 'CMCC-CM2-SR5_ssp245', 'CMCC-ESM2_ssp245', 'CanESM5_ssp245', 'EC-Earth3-CC_ssp245']
2026-07-22 13:40:38,341 - INFO - [storyline.find_cmip6_ua_file] - Selected UA file member 'r1i1p1f1' for KACE-1-0-G (ssp245) from available: ['r1i1p1f1']
2026-07-22 13:40:38,466 - INFO - [storyline.find_cmip6_ua_file] - Selected UA file member 'r4i1p1f1' for CESM2 (ssp245) from available: ['r4i1p1f1']
2026-07-22 13:40:38,466 - INFO - [storyline.find_cmip6_ua_file] - Including non-standard UA file to fill gap: ua_Amon_CESM2_ssp245_r4i1p1f1_gn_20150115-20540715_regridded.nc
2026-07-22 13:40:38,466 - INFO - [storyline.find_cmip6_ua_file] - Including non-standard UA file to fill gap: ua_Amon_CESM2_ssp245_r4i1p1f1_gn_20540815-20940214_regridded.nc
2026-07-22 13:40:38,466 - INFO - [storyline.find_cmip6_ua_file] - Including non-standard UA file to fill gap: ua_Amon_CESM2_ssp245_r4i1p1f1_gn_20940315-21001215_regridded.nc
2026-07-22 13:40:38,631 - INFO - [storyline.find_cmip6_ua_file] - Selected UA file member 'r1i1p1f3' for HadGEM3-GC31-LL (ssp245) from available: ['r1i1p1f3']
2026-07-22 13:40:38,793 - INFO - [storyline.find_cmip6_ua_file] - Selected UA file member 'r1i1p1f2' for UKESM1-0-LL (ssp245) from available: ['r13i1p1f2', 'r1i1p1f2']
2026-07-22 13:40:38,793 - INFO - [storyline.find_cmip6_ua_file] - Including non-standard UA file to fill gap: ua_Amon_UKESM1-0-LL_ssp245_r1i1p1f2_gn_20150116-20930916_regridded.nc
2026-07-22 13:40:38,793 - INFO - [storyline.find_cmip6_ua_file] - Including non-standard UA file to fill gap: ua_Amon_UKESM1-0-LL_ssp245_r1i1p1f2_gn_20931016-21001216_regridded.nc
2026-07-22 13:40:39,243 - INFO - [storyline.find_cmip6_ua_file] - Selected UA file member 'r1i1p1f1' for IPSL-CM6A-LR (ssp245) from available: ['r1i1p1f1']
2026-07-22 13:40:39,395 - INFO - [storyline.find_cmip6_ua_file] - Selected UA file member 'r1i1p1f1' for ACCESS-CM2 (ssp245) from available: ['r1i1p1f1']
2026-07-22 13:40:39,541 - INFO - [storyline.find_cmip6_ua_file] - Selected UA file member 'r1i1p1f1' for CMCC-CM2-SR5 (ssp245) from available: ['r1i1p1f1']
2026-07-22 13:40:39,542 - INFO - [storyline.find_cmip6_ua_file] - Including non-standard UA file to fill gap: ua_Amon_CMCC-CM2-SR5_ssp245_r1i1p1f1_gn_20400116-20641216_regridded.nc
2026-07-22 13:40:39,727 - INFO - [storyline.find_cmip6_ua_file] - Selected UA file member 'r1i1p1f1' for CMCC-ESM2 (ssp245) from available: ['r1i1p1f1']
2026-07-22 13:40:39,886 - INFO - [storyline.find_cmip6_ua_file] - Selected UA file member 'r1i1p1f1' for CanESM5 (ssp245) from available: ['r1i1p1f1']
2026-07-22 13:40:40,027 - INFO - [storyline.find_cmip6_ua_file] - Selected UA file member 'r1i1p1f1' for EC-Earth3-CC (ssp245) from available: ['r1i1p1f1']
2026-07-22 13:40:40,027 - WARNING - [storyline.find_cmip6_ua_file] - Excluding overlapping non-standard UA file: ua_Amon_EC-Earth3-CC_ssp245_r1i1p1f1_gr_20150116-20310816_regridded.nc
2026-07-22 13:40:40,028 - WARNING - [storyline.find_cmip6_ua_file] - Excluding overlapping non-standard UA file: ua_Amon_EC-Earth3-CC_ssp245_r1i1p1f1_gr_20310916-20480416_regridded.nc
2026-07-22 13:40:40,028 - WARNING - [storyline.find_cmip6_ua_file] - Excluding overlapping non-standard UA file: ua_Amon_EC-Earth3-CC_ssp245_r1i1p1f1_gr_20480516-20641216_regridded.nc
2026-07-22 13:40:40,028 - WARNING - [storyline.find_cmip6_ua_file] - Excluding overlapping non-standard UA file: ua_Amon_EC-Earth3-CC_ssp245_r1i1p1f1_gr_20650116-20810816_regridded.nc
2026-07-22 13:40:40,028 - WARNING - [storyline.find_cmip6_ua_file] - Excluding overlapping non-standard UA file: ua_Amon_EC-Earth3-CC_ssp245_r1i1p1f1_gr_20810916-20980416_regridded.nc
2026-07-22 13:40:40,028 - WARNING - [storyline.find_cmip6_ua_file] - Excluding overlapping non-standard UA file: ua_Amon_EC-Earth3-CC_ssp245_r1i1p1f1_gr_20980516-21001216_regridded.nc
2026-07-22 13:40:40,803 - INFO - [storyline.find_cmip6_ua_historical_file] - Selected historical UA member 'r1i1p1f1' for KACE-1-0-G from available: ['r1i1p1f1']
2026-07-22 13:40:40,996 - INFO - [storyline.find_cmip6_ua_historical_file] - Selected historical UA member 'r1i1p1f1' for CESM2 from available: ['r1i1p1f1']
2026-07-22 13:40:41,210 - INFO - [storyline.find_cmip6_ua_historical_file] - Selected historical UA member 'r1i1p1f3' for HadGEM3-GC31-LL from available: ['r1i1p1f3']
2026-07-22 13:40:41,210 - INFO - [storyline.find_cmip6_ua_historical_file] - Including non-standard historical UA file to fill gap: ua_Amon_HadGEM3-GC31-LL_historical_r1i1p1f3_gn_18500116-19280916_regridded.nc
2026-07-22 13:40:41,210 - INFO - [storyline.find_cmip6_ua_historical_file] - Including non-standard historical UA file to fill gap: ua_Amon_HadGEM3-GC31-LL_historical_r1i1p1f3_gn_19281016-20070616_regridded.nc
2026-07-22 13:40:41,211 - INFO - [storyline.find_cmip6_ua_historical_file] - Including non-standard historical UA file to fill gap: ua_Amon_HadGEM3-GC31-LL_historical_r1i1p1f3_gn_20070716-20141216_regridded.nc
2026-07-22 13:40:41,478 - INFO - [storyline.find_cmip6_ua_historical_file] - Selected historical UA member 'r1i1p1f2' for UKESM1-0-LL from available: ['r1i1p1f2']
2026-07-22 13:40:41,479 - INFO - [storyline.find_cmip6_ua_historical_file] - Including non-standard historical UA file to fill gap: ua_Amon_UKESM1-0-LL_historical_r1i1p1f2_gn_18500116-19280916_regridded.nc
2026-07-22 13:40:41,479 - INFO - [storyline.find_cmip6_ua_historical_file] - Including non-standard historical UA file to fill gap: ua_Amon_UKESM1-0-LL_historical_r1i1p1f2_gn_19281016-20070616_regridded.nc
2026-07-22 13:40:41,479 - INFO - [storyline.find_cmip6_ua_historical_file] - Including non-standard historical UA file to fill gap: ua_Amon_UKESM1-0-LL_historical_r1i1p1f2_gn_20070716-20141216_regridded.nc
2026-07-22 13:40:41,738 - INFO - [storyline.find_cmip6_ua_historical_file] - Selected historical UA member 'r1i1p1f1' for IPSL-CM6A-LR from available: ['r1i1p1f1']
2026-07-22 13:40:41,965 - INFO - [storyline.find_cmip6_ua_historical_file] - Selected historical UA member 'r1i1p1f1' for ACCESS-CM2 from available: ['r1i1p1f1']
2026-07-22 13:40:41,966 - WARNING - [storyline.find_cmip6_ua_historical_file] - Excluding overlapping non-standard historical UA file: ua_Amon_ACCESS-CM2_historical_r1i1p1f1_gn_18500116-19280916_regridded.nc
2026-07-22 13:40:41,966 - WARNING - [storyline.find_cmip6_ua_historical_file] - Excluding overlapping non-standard historical UA file: ua_Amon_ACCESS-CM2_historical_r1i1p1f1_gn_19281016-20070616_regridded.nc
2026-07-22 13:40:41,966 - WARNING - [storyline.find_cmip6_ua_historical_file] - Excluding overlapping non-standard historical UA file: ua_Amon_ACCESS-CM2_historical_r1i1p1f1_gn_20070716-20141216_regridded.nc
2026-07-22 13:40:42,205 - INFO - [storyline.find_cmip6_ua_historical_file] - Selected historical UA member 'r1i1p1f1' for CMCC-CM2-SR5 from available: ['r1i1p1f1']
2026-07-22 13:40:42,205 - WARNING - [storyline.find_cmip6_ua_historical_file] - Excluding overlapping non-standard historical UA file: ua_Amon_CMCC-CM2-SR5_historical_r1i1p1f1_gn_19500116-19741216_regridded.nc
2026-07-22 13:40:42,487 - INFO - [storyline.find_cmip6_ua_historical_file] - Selected historical UA member 'r1i1p1f1' for CMCC-ESM2 from available: ['r1i1p1f1']
2026-07-22 13:40:42,487 - WARNING - [storyline.find_cmip6_ua_historical_file] - Excluding overlapping non-standard historical UA file: ua_Amon_CMCC-ESM2_historical_r1i1p1f1_gn_18500116-18890716_regridded.nc
2026-07-22 13:40:42,487 - WARNING - [storyline.find_cmip6_ua_historical_file] - Excluding overlapping non-standard historical UA file: ua_Amon_CMCC-ESM2_historical_r1i1p1f1_gn_18890816-18991216_regridded.nc
2026-07-22 13:40:42,768 - INFO - [storyline.find_cmip6_ua_historical_file] - Selected historical UA member 'r1i1p1f1' for CanESM5 from available: ['r1i1p1f1']
2026-07-22 13:40:42,986 - INFO - [storyline.find_cmip6_ua_historical_file] - Selected historical UA member 'r1i1p1f1' for EC-Earth3-CC from available: ['r1i1p1f1']
2026-07-22 13:40:42,987 - WARNING - [storyline.find_cmip6_ua_historical_file] - Excluding overlapping non-standard historical UA file: ua_Amon_EC-Earth3-CC_historical_r1i1p1f1_gr_18500116-18660816_regridded.nc
2026-07-22 13:40:42,987 - WARNING - [storyline.find_cmip6_ua_historical_file] - Excluding overlapping non-standard historical UA file: ua_Amon_EC-Earth3-CC_historical_r1i1p1f1_gr_18660916-18830416_regridded.nc
2026-07-22 13:40:42,987 - WARNING - [storyline.find_cmip6_ua_historical_file] - Excluding overlapping non-standard historical UA file: ua_Amon_EC-Earth3-CC_historical_r1i1p1f1_gr_18830516-18991216_regridded.nc
2026-07-22 13:40:42,987 - WARNING - [storyline.find_cmip6_ua_historical_file] - Excluding overlapping non-standard historical UA file: ua_Amon_EC-Earth3-CC_historical_r1i1p1f1_gr_19000116-19160816_regridded.nc
2026-07-22 13:40:42,987 - WARNING - [storyline.find_cmip6_ua_historical_file] - Excluding overlapping non-standard historical UA file: ua_Amon_EC-Earth3-CC_historical_r1i1p1f1_gr_19160916-19330416_regridded.nc
2026-07-22 13:40:42,988 - WARNING - [storyline.find_cmip6_ua_historical_file] - Excluding overlapping non-standard historical UA file: ua_Amon_EC-Earth3-CC_historical_r1i1p1f1_gr_19330516-19491216_regridded.nc
2026-07-22 13:40:42,988 - WARNING - [storyline.find_cmip6_ua_historical_file] - Excluding overlapping non-standard historical UA file: ua_Amon_EC-Earth3-CC_historical_r1i1p1f1_gr_19500116-19660816_regridded.nc
2026-07-22 13:40:42,988 - WARNING - [storyline.find_cmip6_ua_historical_file] - Excluding overlapping non-standard historical UA file: ua_Amon_EC-Earth3-CC_historical_r1i1p1f1_gr_19660916-19830416_regridded.nc
2026-07-22 13:40:42,988 - WARNING - [storyline.find_cmip6_ua_historical_file] - Excluding overlapping non-standard historical UA file: ua_Amon_EC-Earth3-CC_historical_r1i1p1f1_gr_19830516-19991216_regridded.nc
2026-07-22 13:40:42,988 - WARNING - [storyline.find_cmip6_ua_historical_file] - Excluding overlapping non-standard historical UA file: ua_Amon_EC-Earth3-CC_historical_r1i1p1f1_gr_20000116-20141216_regridded.nc
2026-07-22 13:40:45,098 - INFO - [main.run_full_analysis] - Combined UA diff plot for GWL 2.0 already exists.
2026-07-22 13:40:45,098 - INFO - [main.run_full_analysis] - Final figure 3 for GWL 2.0 already exists.
2026-07-22 13:40:45,098 - INFO - [main.run_full_analysis] - Combined UA diff plot for GWL 3.0 already exists.
2026-07-22 13:40:45,098 - INFO - [main.run_full_analysis] - Final figure 3 for GWL 3.0 already exists.
2026-07-22 13:40:45,098 - INFO - [main.run_full_analysis] - TAS composite plot for GWL 2.0, Winter already exists.
2026-07-22 13:40:45,098 - INFO - [main.run_full_analysis] - TAS composite plot for GWL 2.0, Summer already exists.
2026-07-22 13:40:45,099 - INFO - [main.run_full_analysis] - TAS composite plot for GWL 3.0, Winter already exists.
2026-07-22 13:40:45,099 - INFO - [main.run_full_analysis] - TAS composite plot for GWL 3.0, Summer already exists.
2026-07-22 13:40:45,099 - INFO - [main.run_full_analysis] - Plot '/nas/home/vlw/Desktop/STREAM/paper1-plots/storyline_impacts_summary_4x2_boxplots_ssp245.png' already exists.
2026-07-22 13:40:45,099 - INFO - [main.run_full_analysis] - Plot '/nas/home/vlw/Desktop/STREAM/paper1-plots/storyline_lnwl_monthly_distribution_ssp245.png' already exists. Skipping.
2026-07-22 13:40:45,099 - INFO - [main.run_full_analysis] - Calculating LNWL aggregation data...
2026-07-22 13:40:45,099 - INFO - [storyline.analyze_storyline_lnwl_aggregation_metrics] - Analyzing LNWL Aggregation Metrics (Threshold: 970 m³/s)...
2026-07-22 13:40:45,099 - INFO - [storyline.analyze_storyline_lnwl_aggregation_metrics] - Calculating historical LNWL return periods for all aggregations (Winter, Summer, Full Year)...
2026-07-22 13:40:45,271 - INFO - [storyline.analyze_storyline_lnwl_aggregation_metrics] -   -> Historical LNWL aggregation thresholds stored: {
  "winter": {
    "Q_daily_low": {
      "name": "Daily Minimum < LNWL",
      "threshold_m3s": 970.0,
      "hist_return_period": 1.24,
      "type": "low",
      "metric_key_base": "Q_daily_low"
    },
    "Q_7day_low": {
      "name": "7-Day Minimum < LNWL",
      "threshold_m3s": 970.0,
      "hist_return_period": 1.5121951219512195,
      "type": "low",
      "metric_key_base": "Q_7day_low"
    },
    "Q_30day_low": {
      "name": "30-Day Minimum < LNWL",
      "threshold_m3s": 970.0,
      "hist_return_period": 2.2962962962962963,
      "type": "low",
      "metric_key_base": "Q_30day_low"
    },
    "Q_3month_low": {
      "name": "3-Month Minimum < LNWL",
      "threshold_m3s": 970.0,
      "hist_return_period": 6.2,
      "type": "low",
      "metric_key_base": "Q_3month_low"
    }
  },
  "summer": {
    "Q_daily_low": {
      "name": "Daily Minimum < LNWL",
      "threshold_m3s": 970.0,
      "hist_return_period": 2.3846153846153846,
      "type": "low",
      "metric_key_base": "Q_daily_low"
    },
    "Q_7day_low": {
      "name": "7-Day Minimum < LNWL",
      "threshold_m3s": 970.0,
      "hist_return_period": 3.1,
      "type": "low",
      "metric_key_base": "Q_7day_low"
    },
    "Q_30day_low": {
      "name": "30-Day Minimum < LNWL",
      "threshold_m3s": 970.0,
      "hist_return_period": 4.769230769230769,
      "type": "low",
      "metric_key_base": "Q_30day_low"
    },
    "Q_3month_low": {
      "name": "3-Month Minimum < LNWL",
      "threshold_m3s": 970.0,
      "hist_return_period": 15.5,
      "type": "low",
      "metric_key_base": "Q_3month_low"
    }
  },
  "full_year": {
    "Q_daily_low": {
      "name": "Daily Minimum < LNWL",
      "threshold_m3s": 970.0,
      "hist_return_period": 1.2156862745098038,
      "type": "low",
      "metric_key_base": "Q_daily_low"
    },
    "Q_7day_low": {
      "name": "7-Day Minimum < LNWL",
      "threshold_m3s": 970.0,
      "hist_return_period": 1.5121951219512195,
      "type": "low",
      "metric_key_base": "Q_7day_low"
    },
    "Q_30day_low": {
      "name": "30-Day Minimum < LNWL",
      "threshold_m3s": 970.0,
      "hist_return_period": 2.2142857142857144,
      "type": "low",
      "metric_key_base": "Q_30day_low"
    },
    "Q_3month_low": {
      "name": "3-Month Minimum < LNWL",
      "threshold_m3s": 970.0,
      "hist_return_period": 5.166666666666667,
      "type": "low",
      "metric_key_base": "Q_3month_low"
    }
  }
}
2026-07-22 13:41:30,894 - INFO - [visualization.plot_storyline_lnwl_aggregation_comparison] - Plotting LNWL Aggregation Comparison (3x4 grid, 30-Day) for ssp245...
2026-07-22 13:41:31,617 - INFO - [visualization.plot_storyline_lnwl_aggregation_comparison] - Applying shared column X-limits based on widest 'zoomed' range...
2026-07-22 13:41:34,408 - INFO - [visualization.plot_storyline_lnwl_aggregation_comparison] - Saved LNWL aggregation comparison plot (3x4 grid, 30-Day, FullYear) to /nas/home/vlw/Desktop/STREAM/paper1-plots/storyline_lnwl_aggregation_comparison_ssp245.png
2026-07-22 13:41:34,408 - INFO - [visualization.plot_erl_figure4_lnwl_summary] - Plotting ERL Figure 4 (Summer LNWL Impact) for ssp245...
/nas/home/vlw/Desktop/STREAM/Code/paper1-project/visualization.py:4686: UserWarning: set_ticklabels() should only be used with a fixed number of ticks, i.e. after set_ticks() or using a FixedLocator.
  ax.set_yticklabels(labels, fontsize=10)
2026-07-22 13:41:35,070 - INFO - [visualization.plot_erl_figure4_lnwl_summary] - Saved ERL Figure 4 to /nas/home/vlw/Desktop/STREAM/paper1-plots/Figure4_impact_navigation_lnwl_ssp245.png
2026-07-22 13:41:35,070 - INFO - [main.run_full_analysis] - Figure 5 '/nas/home/vlw/Desktop/STREAM/paper1-plots/Figure5_mechanism_drivers_summary_ssp245.png' already exists.
2026-07-22 13:41:35,071 - INFO - [main.run_full_analysis] - Plot '/nas/home/vlw/Desktop/STREAM/paper1-plots/cmip6_fidelity_vs_future_temporal_slopes_ssp245.png' already exists.
2026-07-22 13:41:35,071 - INFO - [main.run_full_analysis] - Plot '/nas/home/vlw/Desktop/STREAM/paper1-plots/cmip6_scatter_comparison_gwl_2.0_ssp245.png' already exists.
2026-07-22 13:41:35,072 - INFO - [main.run_full_analysis] - Plot '/nas/home/vlw/Desktop/STREAM/paper1-plots/cmip6_scatter_comparison_gwl_3.0_ssp245.png' already exists.
2026-07-22 13:41:35,072 - INFO - [main.run_full_analysis] - 

--- CMIP6 Model 2D Storyline Classification for SSP245 ---
2026-07-22 13:41:35,073 - INFO - [main.run_full_analysis] - Models are classified based on zones relative to MMM.
2026-07-22 13:41:35,073 - INFO - [main.run_full_analysis] - 
GWL +2.0°C:
2026-07-22 13:41:35,073 - INFO - [main.run_full_analysis] -    - Storyline 'Extreme Models' (Winter (DJF)):
2026-07-22 13:41:35,073 - INFO - [main.run_full_analysis] -      - Models (12): ACCESS-ESM1-5_ssp245, CESM2-WACCM_ssp245, CESM2_ssp245, CMCC-ESM2_ssp245, EC-Earth3_ssp245, HadGEM3-GC31-LL_ssp245, INM-CM4-8_ssp245, INM-CM5-0_ssp245, KACE-1-0-G_ssp245, MIROC6_ssp245, MPI-ESM1-2-HR_ssp245, NorESM2-MM_ssp245
2026-07-22 13:41:35,073 - INFO - [main.run_full_analysis] -    - Storyline 'Fast Jet & Northward Shift' (Winter (DJF)):
2026-07-22 13:41:35,073 - INFO - [main.run_full_analysis] -      - Models (4): INM-CM4-8_ssp245, MIROC-ES2L_ssp245, MIROC6_ssp245, UKESM1-0-LL_ssp245
2026-07-22 13:41:35,073 - INFO - [main.run_full_analysis] -    - Storyline 'Fast Jet & Southward Shift' (Winter (DJF)):
2026-07-22 13:41:35,073 - INFO - [main.run_full_analysis] -      - Models (3): ACCESS-ESM1-5_ssp245, CESM2_ssp245, IPSL-CM6A-LR_ssp245
2026-07-22 13:41:35,073 - INFO - [main.run_full_analysis] -    - Storyline 'MMM' (Winter (DJF)):
2026-07-22 13:41:35,073 - INFO - [main.run_full_analysis] -      - Models (25): ACCESS-CM2_ssp245, ACCESS-ESM1-5_ssp245, CESM2-WACCM_ssp245, CESM2_ssp245, CMCC-CM2-SR5_ssp245, CMCC-ESM2_ssp245, CanESM5_ssp245, EC-Earth3-CC_ssp245, EC-Earth3-Veg-LR_ssp245, EC-Earth3_ssp245, GFDL-ESM4_ssp245, HadGEM3-GC31-LL_ssp245, IITM-ESM_ssp245, INM-CM4-8_ssp245, INM-CM5-0_ssp245, IPSL-CM6A-LR_ssp245, KACE-1-0-G_ssp245, KIOST-ESM_ssp245, MIROC-ES2L_ssp245, MIROC6_ssp245, MPI-ESM1-2-HR_ssp245, MPI-ESM1-2-LR_ssp245, MRI-ESM2-0_ssp245, NorESM2-MM_ssp245, UKESM1-0-LL_ssp245
2026-07-22 13:41:35,073 - INFO - [main.run_full_analysis] -    - Storyline 'Non-Extreme Models' (Winter (DJF)):
2026-07-22 13:41:35,073 - INFO - [main.run_full_analysis] -      - Models (12): ACCESS-CM2_ssp245, CMCC-CM2-SR5_ssp245, CanESM5_ssp245, EC-Earth3-CC_ssp245, EC-Earth3-Veg-LR_ssp245, GFDL-ESM4_ssp245, IITM-ESM_ssp245, KIOST-ESM_ssp245, MIROC-ES2L_ssp245, MPI-ESM1-2-LR_ssp245, MRI-ESM2-0_ssp245, UKESM1-0-LL_ssp245
2026-07-22 13:41:35,073 - INFO - [main.run_full_analysis] -    - Storyline 'Slow Jet & Northward Shift' (Winter (DJF)):
2026-07-22 13:41:35,073 - INFO - [main.run_full_analysis] -      - Models (8): CMCC-CM2-SR5_ssp245, CanESM5_ssp245, EC-Earth3-Veg-LR_ssp245, HadGEM3-GC31-LL_ssp245, KACE-1-0-G_ssp245, KIOST-ESM_ssp245, MPI-ESM1-2-HR_ssp245, NorESM2-MM_ssp245
2026-07-22 13:41:35,073 - INFO - [main.run_full_analysis] -    - Storyline 'Slow Jet & Southward Shift' (Winter (DJF)):
2026-07-22 13:41:35,073 - INFO - [main.run_full_analysis] -      - Models (5): CESM2-WACCM_ssp245, EC-Earth3_ssp245, IITM-ESM_ssp245, INM-CM5-0_ssp245, MRI-ESM2-0_ssp245
2026-07-22 13:41:35,073 - INFO - [main.run_full_analysis] -    - Storyline 'Extreme Models' (Summer (JJA)):
2026-07-22 13:41:35,073 - INFO - [main.run_full_analysis] -      - Models (12): ACCESS-CM2_ssp245, ACCESS-ESM1-5_ssp245, CESM2-WACCM_ssp245, CESM2_ssp245, CMCC-CM2-SR5_ssp245, HadGEM3-GC31-LL_ssp245, INM-CM4-8_ssp245, KACE-1-0-G_ssp245, KIOST-ESM_ssp245, MPI-ESM1-2-HR_ssp245, NorESM2-MM_ssp245, UKESM1-0-LL_ssp245
2026-07-22 13:41:35,073 - INFO - [main.run_full_analysis] -    - Storyline 'Fast Jet & Northward Shift' (Summer (JJA)):
2026-07-22 13:41:35,073 - INFO - [main.run_full_analysis] -      - Models (4): ACCESS-CM2_ssp245, IITM-ESM_ssp245, KIOST-ESM_ssp245, MPI-ESM1-2-HR_ssp245
2026-07-22 13:41:35,073 - INFO - [main.run_full_analysis] -    - Storyline 'Fast Jet & Southward Shift' (Summer (JJA)):
2026-07-22 13:41:35,073 - INFO - [main.run_full_analysis] -      - Models (4): ACCESS-ESM1-5_ssp245, CMCC-ESM2_ssp245, EC-Earth3-CC_ssp245, MIROC-ES2L_ssp245
2026-07-22 13:41:35,073 - INFO - [main.run_full_analysis] -    - Storyline 'MMM' (Summer (JJA)):
2026-07-22 13:41:35,073 - INFO - [main.run_full_analysis] -      - Models (25): ACCESS-CM2_ssp245, ACCESS-ESM1-5_ssp245, CESM2-WACCM_ssp245, CESM2_ssp245, CMCC-CM2-SR5_ssp245, CMCC-ESM2_ssp245, CanESM5_ssp245, EC-Earth3-CC_ssp245, EC-Earth3-Veg-LR_ssp245, EC-Earth3_ssp245, GFDL-ESM4_ssp245, HadGEM3-GC31-LL_ssp245, IITM-ESM_ssp245, INM-CM4-8_ssp245, INM-CM5-0_ssp245, IPSL-CM6A-LR_ssp245, KACE-1-0-G_ssp245, KIOST-ESM_ssp245, MIROC-ES2L_ssp245, MIROC6_ssp245, MPI-ESM1-2-HR_ssp245, MPI-ESM1-2-LR_ssp245, MRI-ESM2-0_ssp245, NorESM2-MM_ssp245, UKESM1-0-LL_ssp245
2026-07-22 13:41:35,074 - INFO - [main.run_full_analysis] -    - Storyline 'Non-Extreme Models' (Summer (JJA)):
2026-07-22 13:41:35,074 - INFO - [main.run_full_analysis] -      - Models (12): CMCC-ESM2_ssp245, CanESM5_ssp245, EC-Earth3-Veg-LR_ssp245, EC-Earth3_ssp245, GFDL-ESM4_ssp245, IITM-ESM_ssp245, INM-CM5-0_ssp245, IPSL-CM6A-LR_ssp245, MIROC-ES2L_ssp245, MIROC6_ssp245, MPI-ESM1-2-LR_ssp245, MRI-ESM2-0_ssp245
2026-07-22 13:41:35,074 - INFO - [main.run_full_analysis] -    - Storyline 'Slow Jet & Northward Shift' (Summer (JJA)):
2026-07-22 13:41:35,074 - INFO - [main.run_full_analysis] -      - Models (5): CESM2-WACCM_ssp245, EC-Earth3_ssp245, GFDL-ESM4_ssp245, HadGEM3-GC31-LL_ssp245, MRI-ESM2-0_ssp245
2026-07-22 13:41:35,074 - INFO - [main.run_full_analysis] -    - Storyline 'Slow Jet & Southward Shift' (Summer (JJA)):
2026-07-22 13:41:35,074 - INFO - [main.run_full_analysis] -      - Models (4): CESM2_ssp245, CanESM5_ssp245, EC-Earth3-Veg-LR_ssp245, MPI-ESM1-2-LR_ssp245
2026-07-22 13:41:35,074 - INFO - [main.run_full_analysis] - 
GWL +3.0°C:
2026-07-22 13:41:35,074 - INFO - [main.run_full_analysis] -    - Storyline 'Extreme Models' (Winter (DJF)):
2026-07-22 13:41:35,074 - INFO - [main.run_full_analysis] -      - Models (5): CESM2-WACCM_ssp245, CESM2_ssp245, HadGEM3-GC31-LL_ssp245, KACE-1-0-G_ssp245, UKESM1-0-LL_ssp245
2026-07-22 13:41:35,074 - INFO - [main.run_full_analysis] -    - Storyline 'Fast Jet & Southward Shift' (Winter (DJF)):
2026-07-22 13:41:35,074 - INFO - [main.run_full_analysis] -      - Models (4): CESM2-WACCM_ssp245, CESM2_ssp245, CMCC-ESM2_ssp245, UKESM1-0-LL_ssp245
2026-07-22 13:41:35,074 - INFO - [main.run_full_analysis] -    - Storyline 'MMM' (Winter (DJF)):
2026-07-22 13:41:35,074 - INFO - [main.run_full_analysis] -      - Models (11): ACCESS-CM2_ssp245, CESM2-WACCM_ssp245, CESM2_ssp245, CMCC-CM2-SR5_ssp245, CMCC-ESM2_ssp245, CanESM5_ssp245, EC-Earth3-CC_ssp245, HadGEM3-GC31-LL_ssp245, IPSL-CM6A-LR_ssp245, KACE-1-0-G_ssp245, UKESM1-0-LL_ssp245
2026-07-22 13:41:35,074 - INFO - [main.run_full_analysis] -    - Storyline 'Non-Extreme Models' (Winter (DJF)):
2026-07-22 13:41:35,074 - INFO - [main.run_full_analysis] -      - Models (5): CMCC-CM2-SR5_ssp245, CMCC-ESM2_ssp245, CanESM5_ssp245, EC-Earth3-CC_ssp245, IPSL-CM6A-LR_ssp245
2026-07-22 13:41:35,074 - INFO - [main.run_full_analysis] -    - Storyline 'Slow Jet & Northward Shift' (Winter (DJF)):
2026-07-22 13:41:35,074 - INFO - [main.run_full_analysis] -      - Models (5): ACCESS-CM2_ssp245, CMCC-CM2-SR5_ssp245, EC-Earth3-CC_ssp245, HadGEM3-GC31-LL_ssp245, KACE-1-0-G_ssp245
2026-07-22 13:41:35,074 - INFO - [main.run_full_analysis] -    - Storyline 'Extreme Models' (Summer (JJA)):
2026-07-22 13:41:35,074 - INFO - [main.run_full_analysis] -      - Models (5): CESM2_ssp245, HadGEM3-GC31-LL_ssp245, IPSL-CM6A-LR_ssp245, KACE-1-0-G_ssp245, UKESM1-0-LL_ssp245
2026-07-22 13:41:35,074 - INFO - [main.run_full_analysis] -    - Storyline 'Fast Jet & Northward Shift' (Summer (JJA)):
2026-07-22 13:41:35,074 - INFO - [main.run_full_analysis] -      - Models (2): HadGEM3-GC31-LL_ssp245, IPSL-CM6A-LR_ssp245
2026-07-22 13:41:35,074 - INFO - [main.run_full_analysis] -    - Storyline 'Fast Jet & Southward Shift' (Summer (JJA)):
2026-07-22 13:41:35,074 - INFO - [main.run_full_analysis] -      - Models (2): ACCESS-CM2_ssp245, CMCC-ESM2_ssp245
2026-07-22 13:41:35,074 - INFO - [main.run_full_analysis] -    - Storyline 'MMM' (Summer (JJA)):
2026-07-22 13:41:35,074 - INFO - [main.run_full_analysis] -      - Models (11): ACCESS-CM2_ssp245, CESM2-WACCM_ssp245, CESM2_ssp245, CMCC-CM2-SR5_ssp245, CMCC-ESM2_ssp245, CanESM5_ssp245, EC-Earth3-CC_ssp245, HadGEM3-GC31-LL_ssp245, IPSL-CM6A-LR_ssp245, KACE-1-0-G_ssp245, UKESM1-0-LL_ssp245
2026-07-22 13:41:35,075 - INFO - [main.run_full_analysis] -    - Storyline 'Non-Extreme Models' (Summer (JJA)):
2026-07-22 13:41:35,075 - INFO - [main.run_full_analysis] -      - Models (5): ACCESS-CM2_ssp245, CMCC-CM2-SR5_ssp245, CMCC-ESM2_ssp245, CanESM5_ssp245, EC-Earth3-CC_ssp245
2026-07-22 13:41:35,075 - INFO - [main.run_full_analysis] -    - Storyline 'Slow Jet & Northward Shift' (Summer (JJA)):
2026-07-22 13:41:35,075 - INFO - [main.run_full_analysis] -      - Models (2): CESM2-WACCM_ssp245, CMCC-CM2-SR5_ssp245
2026-07-22 13:41:35,075 - INFO - [main.run_full_analysis] -    - Storyline 'Slow Jet & Southward Shift' (Summer (JJA)):
2026-07-22 13:41:35,075 - INFO - [main.run_full_analysis] -      - Models (2): CESM2_ssp245, CanESM5_ssp245
2026-07-22 13:41:35,075 - INFO - [main.run_full_analysis] - -----------------------------------------------------------------
2026-07-22 13:41:35,075 - INFO - [main.run_full_analysis] - 
========================= FINISHED CMIP6 ANALYSIS FOR SCENARIO: SSP245 =========================

2026-07-22 13:41:35,075 - INFO - [main.run_full_analysis] - Discharge events combined plot not found or requested to recreate. Creating...
2026-07-22 13:41:35,075 - INFO - [visualization.plot_discharge_events_timeseries] - Plotting discharge events timeseries for combined...

================================================================================
CMIP6 INDIVIDUAL MODEL TREND SUMMARY STATISTICS (2015–2100)
Metric: 30-day Minimum Discharge Trend (m³/s per decade)
================================================================================

--- SSP2-4.5 (n = 25) ---
  * Range of individual model trends (min, max): -46.55 to +15.59 m³/s per decade
  * Percentage of models with negative trend (< 0 m³/s/dec): 72.0% (18/25)
  * Percentage of models with sig. negative trend (p < 0.05): 24.0% (6/25)
  * Multi-model mean (MMM) trend: -10.24 m³/s per decade (p < 0.001)

--- SSP5-8.5 (n = 31) ---
  * Range of individual model trends (min, max): -67.30 to +5.14 m³/s per decade
  * Percentage of models with negative trend (< 0 m³/s/dec): 93.5% (29/31)
  * Percentage of models with sig. negative trend (p < 0.05): 67.7% (21/31)
  * Multi-model mean (MMM) trend: -28.54 m³/s per decade (p < 0.001)
================================================================================

2026-07-22 13:41:35,156 - INFO - [visualization.plot_discharge_events_timeseries] - 
================================================================================
CMIP6 INDIVIDUAL MODEL TREND SUMMARY STATISTICS (2015–2100)
Metric: 30-day Minimum Discharge Trend (m³/s per decade)
================================================================================

--- SSP2-4.5 (n = 25) ---
  * Range of individual model trends (min, max): -46.55 to +15.59 m³/s per decade
  * Percentage of models with negative trend (< 0 m³/s/dec): 72.0% (18/25)
  * Percentage of models with sig. negative trend (p < 0.05): 24.0% (6/25)
  * Multi-model mean (MMM) trend: -10.24 m³/s per decade (p < 0.001)

--- SSP5-8.5 (n = 31) ---
  * Range of individual model trends (min, max): -67.30 to +5.14 m³/s per decade
  * Percentage of models with negative trend (< 0 m³/s/dec): 93.5% (29/31)
  * Percentage of models with sig. negative trend (p < 0.05): 67.7% (21/31)
  * Multi-model mean (MMM) trend: -28.54 m³/s per decade (p < 0.001)
================================================================================

2026-07-22 13:41:42,024 - INFO - [visualization.plot_discharge_events_timeseries] - Saved discharge events timeseries plot to /nas/home/vlw/Desktop/STREAM/paper1-plots/final_figure_1_storyline_discharge_events_combined.png and /nas/home/vlw/Desktop/STREAM/paper1-plots/final_figure_1_storyline_discharge_events_combined.pdf
2026-07-22 13:41:42,029 - INFO - [main.run_full_analysis] - 

=====================================================
2026-07-22 13:41:42,029 - INFO - [main.run_full_analysis] - === FULL ANALYSIS COMPLETED ===
2026-07-22 13:41:42,029 - INFO - [main.run_full_analysis] - All plots saved to: /nas/home/vlw/Desktop/STREAM/paper1-plots
2026-07-22 13:41:42,029 - INFO - [main.run_full_analysis] - Log file saved to: paper1_log.log
2026-07-22 13:41:42,029 - INFO - [main.run_full_analysis] - =====================================================

